0.00015000 0.00000000
0.00025000 0.00000000
0.00035000 0.00000000
0.00045000 0.00000000
0.00055000 0.00000000
0.00065000 0.00000000
0.00075000 0.00000000
0.00085000 0.00000000
0.00095000 0.00000000
0.00105000 0.00000000
0.00115000 0.00000000
0.00125000 0.00000000
0.00135000 0.00000000
0.00145000 0.00000000
0.00155000 0.00000000
0.00165000 0.00000000
0.00175000 0.00000000
0.00185000 0.00000000
0.00195000 0.00000000
0.00205000 0.00000000
0.00215000 0.00000000
0.00225000 0.00000000
0.00235000 0.00000000
0.00245000 0.00000000
0.00255000 0.00000000
0.00265000 0.00000000
0.00275000 0.00000000
0.00285000 0.00000000
0.00295000 0.00000000
0.00305000 0.00000000
0.00315000 0.00000000
0.00325000 0.00000000
0.00335000 0.00000000
0.00345000 0.00000000
0.00355000 0.00000000
0.00365000 0.00000000
0.00375000 0.00000000
0.00385000 0.00000000
0.00395000 0.00000000
0.00405000 0.00000000
0.00415000 0.00000000
0.00425000 0.00000000
0.00435000 0.00000000
0.00445000 0.00000000
0.00455000 0.00000000
0.00465000 0.00000000
0.00475000 0.00000000
0.00485000 0.00000000
0.00495000 0.00000000
0.00505000 0.00000000
0.00515000 0.00000000
0.00525000 0.00000000
0.00535000 0.00000000
0.00545000 0.00000000
0.00555000 0.00000000
0.00565000 0.00000000
0.00575000 0.00000000
0.00585000 0.00000000
0.00595000 0.00000000
0.00605000 0.00000000
0.00615000 0.00000000
0.00625000 0.00000000
0.00635000 0.00000000
0.00645000 0.00000000
0.00655000 0.00000000
0.00665000 0.00000000
0.00675000 0.00000000
0.00685000 0.00000000
0.00695000 0.00000000
0.00705000 0.00000000
0.00715000 0.00000001
0.00725000 0.00000001
0.00735000 0.00000001
0.00745000 0.00000001
0.00755000 0.00000001
0.00765000 0.00000001
0.00775000 0.00000001
0.00785000 0.00000001
0.00795000 0.00000002
0.00805000 0.00000002
0.00815000 0.00000002
0.00825000 0.00000003
0.00835000 0.00000003
0.00845000 0.00000003
0.00855000 0.00000004
0.00865000 0.00000004
0.00875000 0.00000005
0.00885000 0.00000005
0.00895000 0.00000006
0.00905000 0.00000007
0.00915000 0.00000007
0.00925000 0.00000008
0.00935000 0.00000009
0.00945000 0.00000010
0.00955000 0.00000012
0.00965000 0.00000013
0.00975000 0.00000014
0.00985000 0.00000016
0.00995000 0.00000017
0.01005000 0.00000019
0.01015000 0.00000021
0.01025000 0.00000023
0.01035000 0.00000025
0.01045000 0.00000028
0.01055000 0.00000030
0.01065000 0.00000033
0.01075000 0.00000036
0.01085000 0.00000040
0.01095000 0.00000043
0.01105000 0.00000047
0.01115000 0.00000051
0.01125000 0.00000056
0.01135000 0.00000060
0.01145000 0.00000065
0.01155000 0.00000071
0.01165000 0.00000077
0.01175000 0.00000083
0.01185000 0.00000089
0.01195000 0.00000096
0.01205000 0.00000104
0.01215000 0.00000112
0.01225000 0.00000120
0.01235000 0.00000129
0.01245000 0.00000139
0.01255000 0.00000149
0.01265000 0.00000159
0.01275000 0.00000171
0.01285000 0.00000183
0.01295000 0.00000195
0.01305000 0.00000209
0.01315000 0.00000223
0.01325000 0.00000238
0.01335000 0.00000253
0.01345000 0.00000270
0.01355000 0.00000287
0.01365000 0.00000306
0.01375000 0.00000325
0.01385000 0.00000345
0.01395000 0.00000367
0.01405000 0.00000389
0.01415000 0.00000413
0.01425000 0.00000437
0.01435000 0.00000463
0.01445000 0.00000490
0.01455000 0.00000519
0.01465000 0.00000548
0.01475000 0.00000579
0.01485000 0.00000612
0.01495000 0.00000646
0.01505000 0.00000681
0.01515000 0.00000718
0.01525000 0.00000757
0.01535000 0.00000797
0.01545000 0.00000840
0.01555000 0.00000883
0.01565000 0.00000929
0.01575000 0.00000977
0.01585000 0.00001026
0.01595000 0.00001078
0.01605000 0.00001132
0.01615000 0.00001188
0.01625000 0.00001246
0.01635000 0.00001306
0.01645000 0.00001369
0.01655000 0.00001434
0.01665000 0.00001501
0.01675000 0.00001571
0.01685000 0.00001644
0.01695000 0.00001719
0.01705000 0.00001797
0.01715000 0.00001878
0.01725000 0.00001962
0.01735000 0.00002049
0.01745000 0.00002139
0.01755000 0.00002232
0.01765000 0.00002328
0.01775000 0.00002427
0.01785000 0.00002530
0.01795000 0.00002636
0.01805000 0.00002746
0.01815000 0.00002860
0.01825000 0.00002977
0.01835000 0.00003098
0.01845000 0.00003222
0.01855000 0.00003351
0.01865000 0.00003484
0.01875000 0.00003621
0.01885000 0.00003762
0.01895000 0.00003908
0.01905000 0.00004058
0.01915000 0.00004212
0.01925000 0.00004371
0.01935000 0.00004535
0.01945000 0.00004704
0.01955000 0.00004878
0.01965000 0.00005056
0.01975000 0.00005240
0.01985000 0.00005429
0.01995000 0.00005623
0.02005000 0.00005823
0.02015000 0.00006028
0.02025000 0.00006239
0.02035000 0.00006456
0.02045000 0.00006678
0.02055000 0.00006907
0.02065000 0.00007142
0.02075000 0.00007382
0.02085000 0.00007629
0.02095000 0.00007883
0.02105000 0.00008143
0.02115000 0.00008410
0.02125000 0.00008684
0.02135000 0.00008964
0.02145000 0.00009252
0.02155000 0.00009546
0.02165000 0.00009848
0.02175000 0.00010158
0.02185000 0.00010474
0.02195000 0.00010799
0.02205000 0.00011131
0.02215000 0.00011471
0.02225000 0.00011819
0.02235000 0.00012176
0.02245000 0.00012540
0.02255000 0.00012913
0.02265000 0.00013295
0.02275000 0.00013685
0.02285000 0.00014084
0.02295000 0.00014492
0.02305000 0.00014909
0.02315000 0.00015335
0.02325000 0.00015771
0.02335000 0.00016216
0.02345000 0.00016671
0.02355000 0.00017135
0.02365000 0.00017609
0.02375000 0.00018094
0.02385000 0.00018588
0.02395000 0.00019093
0.02405000 0.00019609
0.02415000 0.00020135
0.02425000 0.00020672
0.02435000 0.00021219
0.02445000 0.00021778
0.02455000 0.00022348
0.02465000 0.00022929
0.02475000 0.00023522
0.02485000 0.00024127
0.02495000 0.00024743
0.02505000 0.00025371
0.02515000 0.00026012
0.02525000 0.00026664
0.02535000 0.00027329
0.02545000 0.00028007
0.02555000 0.00028697
0.02565000 0.00029400
0.02575000 0.00030116
0.02585000 0.00030846
0.02595000 0.00031589
0.02605000 0.00032345
0.02615000 0.00033115
0.02625000 0.00033899
0.02635000 0.00034696
0.02645000 0.00035508
0.02655000 0.00036334
0.02665000 0.00037175
0.02675000 0.00038030
0.02685000 0.00038901
0.02695000 0.00039786
0.02705000 0.00040686
0.02715000 0.00041601
0.02725000 0.00042532
0.02735000 0.00043479
0.02745000 0.00044441
0.02755000 0.00045419
0.02765000 0.00046414
0.02775000 0.00047424
0.02785000 0.00048452
0.02795000 0.00049495
0.02805000 0.00050556
0.02815000 0.00051634
0.02825000 0.00052728
0.02835000 0.00053840
0.02845000 0.00054970
0.02855000 0.00056117
0.02865000 0.00057282
0.02875000 0.00058465
0.02885000 0.00059666
0.02895000 0.00060885
0.02905000 0.00062123
0.02915000 0.00063380
0.02925000 0.00064656
0.02935000 0.00065950
0.02945000 0.00067264
0.02955000 0.00068597
0.02965000 0.00069950
0.02975000 0.00071323
0.02985000 0.00072715
0.02995000 0.00074128
0.03005000 0.00075561
0.03015000 0.00077014
0.03025000 0.00078488
0.03035000 0.00079983
0.03045000 0.00081499
0.03055000 0.00083036
0.03065000 0.00084594
0.03075000 0.00086174
0.03085000 0.00087775
0.03095000 0.00089399
0.03105000 0.00091045
0.03115000 0.00092712
0.03125000 0.00094403
0.03135000 0.00096116
0.03145000 0.00097851
0.03155000 0.00099610
0.03165000 0.00101392
0.03175000 0.00103197
0.03185000 0.00105026
0.03195000 0.00106878
0.03205000 0.00108755
0.03215000 0.00110655
0.03225000 0.00112580
0.03235000 0.00114529
0.03245000 0.00116503
0.03255000 0.00118502
0.03265000 0.00120525
0.03275000 0.00122574
0.03285000 0.00124649
0.03295000 0.00126748
0.03305000 0.00128874
0.03315000 0.00131025
0.03325000 0.00133203
0.03335000 0.00135407
0.03345000 0.00137637
0.03355000 0.00139895
0.03365000 0.00142178
0.03375000 0.00144489
0.03385000 0.00146828
0.03395000 0.00149193
0.03405000 0.00151587
0.03415000 0.00154008
0.03425000 0.00156457
0.03435000 0.00158934
0.03445000 0.00161439
0.03455000 0.00163973
0.03465000 0.00166536
0.03475000 0.00169128
0.03485000 0.00171749
0.03495000 0.00174399
0.03505000 0.00177078
0.03515000 0.00179788
0.03525000 0.00182527
0.03535000 0.00185296
0.03545000 0.00188095
0.03555000 0.00190925
0.03565000 0.00193785
0.03575000 0.00196676
0.03585000 0.00199598
0.03595000 0.00202551
0.03605000 0.00205536
0.03615000 0.00208552
0.03625000 0.00211599
0.03635000 0.00214679
0.03645000 0.00217791
0.03655000 0.00220935
0.03665000 0.00224111
0.03675000 0.00227320
0.03685000 0.00230562
0.03695000 0.00233837
0.03705000 0.00237145
0.03715000 0.00240487
0.03725000 0.00243862
0.03735000 0.00247271
0.03745000 0.00250714
0.03755000 0.00254190
0.03765000 0.00257702
0.03775000 0.00261247
0.03785000 0.00264828
0.03795000 0.00268443
0.03805000 0.00272094
0.03815000 0.00275779
0.03825000 0.00279500
0.03835000 0.00283257
0.03845000 0.00287049
0.03855000 0.00290878
0.03865000 0.00294742
0.03875000 0.00298643
0.03885000 0.00302581
0.03895000 0.00306555
0.03905000 0.00310566
0.03915000 0.00314614
0.03925000 0.00318699
0.03935000 0.00322822
0.03945000 0.00326983
0.03955000 0.00331181
0.03965000 0.00335417
0.03975000 0.00339692
0.03985000 0.00344005
0.03995000 0.00348356
0.04005000 0.00352746
0.04015000 0.00357176
0.04025000 0.00361644
0.04035000 0.00366151
0.04045000 0.00370698
0.04055000 0.00375285
0.04065000 0.00379911
0.04075000 0.00384577
0.04085000 0.00389284
0.04095000 0.00394031
0.04105000 0.00398818
0.04115000 0.00403646
0.04125000 0.00408516
0.04135000 0.00413426
0.04145000 0.00418377
0.04155000 0.00423370
0.04165000 0.00428404
0.04175000 0.00433481
0.04185000 0.00438599
0.04195000 0.00443759
0.04205000 0.00448962
0.04215000 0.00454207
0.04225000 0.00459495
0.04235000 0.00464826
0.04245000 0.00470200
0.04255000 0.00475617
0.04265000 0.00481077
0.04275000 0.00486582
0.04285000 0.00492129
0.04295000 0.00497721
0.04305000 0.00503357
0.04315000 0.00509037
0.04325000 0.00514761
0.04335000 0.00520530
0.04345000 0.00526344
0.04355000 0.00532203
0.04365000 0.00538107
0.04375000 0.00544056
0.04385000 0.00550051
0.04395000 0.00556092
0.04405000 0.00562178
0.04415000 0.00568310
0.04425000 0.00574489
0.04435000 0.00580714
0.04445000 0.00586985
0.04455000 0.00593303
0.04465000 0.00599668
0.04475000 0.00606080
0.04485000 0.00612539
0.04495000 0.00619046
0.04505000 0.00625600
0.04515000 0.00632201
0.04525000 0.00638851
0.04535000 0.00645549
0.04545000 0.00652295
0.04555000 0.00659089
0.04565000 0.00665932
0.04575000 0.00672823
0.04585000 0.00679764
0.04595000 0.00686753
0.04605000 0.00693792
0.04615000 0.00700880
0.04625000 0.00708018
0.04635000 0.00473639
0.04645000 0.00479127
0.04655000 0.00484659
0.04665000 0.00490235
0.04675000 0.00495855
0.04685000 0.00501520
0.04695000 0.00507231
0.04705000 0.00512986
0.04715000 0.00518786
0.04725000 0.00524632
0.04735000 0.00530524
0.04745000 0.00536461
0.04755000 0.00542444
0.04765000 0.00548474
0.04775000 0.00554549
0.04785000 0.00560672
0.04795000 0.00566841
0.04805000 0.00573056
0.04815000 0.00579319
0.04825000 0.00585629
0.04835000 0.00591986
0.04845000 0.00598391
0.04855000 0.00604844
0.04865000 0.00611344
0.04875000 0.00617893
0.04885000 0.00624489
0.04895000 0.00631134
0.04905000 0.00637828
0.04915000 0.00644571
0.04925000 0.00651362
0.04935000 0.00658203
0.04945000 0.00665092
0.04955000 0.00672031
0.04965000 0.00679020
0.04975000 0.00686059
0.04985000 0.00693147
0.04995000 0.00700286
0.05005000 0.00707475
0.05015000 0.00714714
0.05025000 0.00722004
0.05035000 0.00729345
0.05045000 0.00736737
0.05055000 0.00744180
0.05065000 0.00751674
0.05075000 0.00759220
0.05085000 0.00766817
0.05095000 0.00774466
0.05105000 0.00782167
0.05115000 0.00789920
0.05125000 0.00797726
0.05135000 0.00805584
0.05145000 0.00813494
0.05155000 0.00821458
0.05165000 0.00829474
0.05175000 0.00837543
0.05185000 0.00845666
0.05195000 0.00853842
0.05205000 0.00862071
0.05215000 0.00870355
0.05225000 0.00878692
0.05235000 0.00887084
0.05245000 0.00895529
0.05255000 0.00904029
0.05265000 0.00912584
0.05275000 0.00921193
0.05285000 0.00929857
0.05295000 0.00938576
0.05305000 0.00947351
0.05315000 0.00956181
0.05325000 0.00965066
0.05335000 0.00974007
0.05345000 0.00983004
0.05355000 0.00992056
0.05365000 0.01001165
0.05375000 0.01010330
0.05385000 0.01019552
0.05395000 0.01028830
0.05405000 0.01038165
0.05415000 0.01047557
0.05425000 0.01057006
0.05435000 0.01066512
0.05445000 0.01076076
0.05455000 0.01085697
0.05465000 0.01095375
0.05475000 0.01105112
0.05485000 0.01114907
0.05495000 0.01124759
0.05505000 0.01134670
0.05515000 0.01144639
0.05525000 0.01154667
0.05535000 0.01164754
0.05545000 0.01174899
0.05555000 0.01185104
0.05565000 0.01195368
0.05575000 0.01205691
0.05585000 0.01216073
0.05595000 0.01226515
0.05605000 0.01237017
0.05615000 0.01247579
0.05625000 0.01258201
0.05635000 0.01268883
0.05645000 0.01279625
0.05655000 0.01290428
0.05665000 0.01301291
0.05675000 0.01312216
0.05685000 0.01323201
0.05695000 0.01334247
0.05705000 0.01345355
0.05715000 0.01356523
0.05725000 0.01367754
0.05735000 0.01379046
0.05745000 0.01390399
0.05755000 0.01401815
0.05765000 0.01413292
0.05775000 0.01424832
0.05785000 0.01436434
0.05795000 0.01448099
0.05805000 0.01459826
0.05815000 0.01471616
0.05825000 0.01483469
0.05835000 0.01495385
0.05845000 0.01507364
0.05855000 0.01519406
0.05865000 0.01531512
0.05875000 0.01543682
0.05885000 0.01555914
0.05895000 0.01568211
0.05905000 0.01580572
0.05915000 0.01592997
0.05925000 0.01605486
0.05935000 0.01618040
0.05945000 0.01630658
0.05955000 0.01643340
0.05965000 0.01656088
0.05975000 0.01668900
0.05985000 0.01681778
0.05995000 0.01694720
0.06005000 0.01707728
0.06015000 0.01720801
0.06025000 0.01733940
0.06035000 0.01747145
0.06045000 0.01760415
0.06055000 0.01773751
0.06065000 0.01787154
0.06075000 0.01800622
0.06085000 0.01814157
0.06095000 0.01827758
0.06105000 0.01841426
0.06115000 0.01855161
0.06125000 0.01868962
0.06135000 0.01882830
0.06145000 0.01896766
0.06155000 0.01910768
0.06165000 0.01924838
0.06175000 0.01938976
0.06185000 0.01953181
0.06195000 0.01967453
0.06205000 0.01981794
0.06215000 0.01996202
0.06225000 0.02010679
0.06235000 0.02025223
0.06245000 0.02039836
0.06255000 0.02054518
0.06265000 0.02069268
0.06275000 0.02084086
0.06285000 0.02098974
0.06295000 0.02113930
0.06305000 0.02128955
0.06315000 0.02144050
0.06325000 0.02159214
0.06335000 0.02174447
0.06345000 0.02189749
0.06355000 0.02205121
0.06365000 0.02220563
0.06375000 0.02236075
0.06385000 0.02251657
0.06395000 0.02267309
0.06405000 0.02283030
0.06415000 0.02298823
0.06425000 0.02314685
0.06435000 0.02330619
0.06445000 0.02346622
0.06455000 0.02362697
0.06465000 0.02378843
0.06475000 0.02395059
0.06485000 0.02411347
0.06495000 0.02427705
0.06505000 0.02444135
0.06515000 0.02460637
0.06525000 0.02477210
0.06535000 0.02493854
0.06545000 0.02510571
0.06555000 0.02527359
0.06565000 0.02544219
0.06575000 0.02561151
0.06585000 0.02578156
0.06595000 0.02595233
0.06605000 0.02612382
0.06615000 0.02629603
0.06625000 0.02646898
0.06635000 0.02664265
0.06645000 0.02681704
0.06655000 0.02699217
0.06665000 0.02716803
0.06675000 0.02734462
0.06685000 0.02752194
0.06695000 0.02769999
0.06705000 0.02787878
0.06715000 0.02805830
0.06725000 0.02823856
0.06735000 0.02841956
0.06745000 0.02860130
0.06755000 0.02878378
0.06765000 0.02896699
0.06775000 0.02915095
0.06785000 0.02933565
0.06795000 0.02952109
0.06805000 0.02970728
0.06815000 0.02989422
0.06825000 0.03008190
0.06835000 0.03027033
0.06845000 0.03045950
0.06855000 0.03064943
0.06865000 0.03084010
0.06875000 0.03103153
0.06885000 0.03122371
0.06895000 0.03141665
0.06905000 0.03161033
0.06915000 0.03180477
0.06925000 0.03199997
0.06935000 0.03219593
0.06945000 0.03239264
0.06955000 0.03259012
0.06965000 0.03278835
0.06975000 0.03298734
0.06985000 0.03318710
0.06995000 0.03338762
0.07005000 0.03358890
0.07015000 0.03379094
0.07025000 0.03399376
0.07035000 0.03419733
0.07045000 0.03440168
0.07055000 0.03460679
0.07065000 0.03481267
0.07075000 0.03501933
0.07085000 0.03522675
0.07095000 0.03543494
0.07105000 0.03564391
0.07115000 0.03585365
0.07125000 0.03606417
0.07135000 0.03627546
0.07145000 0.03648752
0.07155000 0.03670037
0.07165000 0.03691399
0.07175000 0.03712839
0.07185000 0.03734357
0.07195000 0.03755953
0.07205000 0.03777626
0.07215000 0.03799379
0.07225000 0.03821209
0.07235000 0.03843118
0.07245000 0.03865106
0.07255000 0.03887172
0.07265000 0.03909316
0.07275000 0.03931539
0.07285000 0.03953842
0.07295000 0.03976223
0.07305000 0.03998682
0.07315000 0.04021221
0.07325000 0.04043839
0.07335000 0.04066536
0.07345000 0.04089313
0.07355000 0.04112169
0.07365000 0.04135104
0.07375000 0.04158119
0.07385000 0.04181213
0.07395000 0.04204387
0.07405000 0.04227641
0.07415000 0.04250975
0.07425000 0.04274388
0.07435000 0.04297882
0.07445000 0.04321455
0.07455000 0.04345109
0.07465000 0.04368843
0.07475000 0.04392657
0.07485000 0.04416552
0.07495000 0.04440526
0.07505000 0.04464582
0.07515000 0.04488718
0.07525000 0.04512935
0.07535000 0.04537232
0.07545000 0.04561610
0.07555000 0.04586070
0.07565000 0.04610610
0.07575000 0.04635231
0.07585000 0.04659933
0.07595000 0.04684716
0.07605000 0.04709581
0.07615000 0.04734527
0.07625000 0.04759554
0.07635000 0.04784663
0.07645000 0.04809853
0.07655000 0.04835125
0.07665000 0.04860478
0.07675000 0.04885913
0.07685000 0.04911430
0.07695000 0.04937029
0.07705000 0.04962710
0.07715000 0.04988473
0.07725000 0.05014318
0.07735000 0.05040245
0.07745000 0.05066254
0.07755000 0.05092346
0.07765000 0.05118519
0.07775000 0.05144776
0.07785000 0.05171114
0.07795000 0.05197536
0.07805000 0.05224039
0.07815000 0.05250626
0.07825000 0.05277295
0.07835000 0.05304047
0.07845000 0.05330882
0.07855000 0.05357800
0.07865000 0.05384801
0.07875000 0.05411885
0.07885000 0.05439051
0.07895000 0.05466302
0.07905000 0.05493635
0.07915000 0.05521052
0.07925000 0.05548552
0.07935000 0.05576135
0.07945000 0.05603802
0.07955000 0.05631553
0.07965000 0.05659387
0.07975000 0.05687304
0.07985000 0.05715306
0.07995000 0.05743391
0.08005000 0.05771560
0.08015000 0.05799813
0.08025000 0.04863021
0.08035000 0.04888641
0.08045000 0.04914344
0.08055000 0.04940131
0.08065000 0.04966000
0.08075000 0.04991952
0.08085000 0.05017988
0.08095000 0.05044107
0.08105000 0.05070309
0.08115000 0.05096594
0.08125000 0.05122963
0.08135000 0.05149415
0.08145000 0.05175951
0.08155000 0.05202571
0.08165000 0.05229274
0.08175000 0.05256061
0.08185000 0.05282932
0.08195000 0.05309886
0.08205000 0.05336925
0.08215000 0.05364048
0.08225000 0.05391254
0.08235000 0.05418545
0.08245000 0.05445920
0.08255000 0.05473379
0.08265000 0.05500923
0.08275000 0.05528552
0.08285000 0.05556263
0.08295000 0.05584061
0.08305000 0.05611942
0.08315000 0.05639908
0.08325000 0.05667959
0.08335000 0.05696095
0.08345000 0.05724316
0.08355000 0.05752621
0.08365000 0.05781011
0.08375000 0.05809487
0.08385000 0.05838047
0.08395000 0.05866692
0.08405000 0.05895423
0.08415000 0.05924240
0.08425000 0.05953140
0.08435000 0.05982127
0.08445000 0.06011199
0.08455000 0.06040356
0.08465000 0.06069600
0.08475000 0.06098928
0.08485000 0.06128342
0.08495000 0.06157842
0.08505000 0.06187427
0.08515000 0.06217099
0.08525000 0.06246857
0.08535000 0.06276699
0.08545000 0.06306629
0.08555000 0.06336644
0.08565000 0.06366745
0.08575000 0.06396933
0.08585000 0.06427206
0.08595000 0.06457566
0.08605000 0.06488012
0.08615000 0.06518544
0.08625000 0.06549164
0.08635000 0.06579868
0.08645000 0.06610660
0.08655000 0.06641539
0.08665000 0.06672504
0.08675000 0.06703555
0.08685000 0.06734693
0.08695000 0.06765918
0.08705000 0.06797230
0.08715000 0.06828629
0.08725000 0.06860114
0.08735000 0.06891687
0.08745000 0.06923347
0.08755000 0.06955092
0.08765000 0.06986927
0.08775000 0.07018847
0.08785000 0.07050855
0.08795000 0.07082950
0.08805000 0.07115133
0.08815000 0.07147403
0.08825000 0.07179760
0.08835000 0.07212204
0.08845000 0.07244736
0.08855000 0.07277356
0.08865000 0.07310063
0.08875000 0.07342858
0.08885000 0.07375741
0.08895000 0.07408710
0.08905000 0.07441768
0.08915000 0.07474914
0.08925000 0.07508147
0.08935000 0.07541469
0.08945000 0.07574878
0.08955000 0.07608375
0.08965000 0.07641960
0.08975000 0.07675633
0.08985000 0.07709395
0.08995000 0.07743244
0.09005000 0.07777182
0.09015000 0.07811208
0.09025000 0.07845322
0.09035000 0.07879524
0.09045000 0.07913815
0.09055000 0.07948194
0.09065000 0.07982662
0.09075000 0.08017217
0.09085000 0.08051862
0.09095000 0.08086595
0.09105000 0.08121417
0.09115000 0.08156327
0.09125000 0.08191326
0.09135000 0.08226413
0.09145000 0.08261590
0.09155000 0.08296854
0.09165000 0.08332209
0.09175000 0.08367651
0.09185000 0.08403183
0.09195000 0.08438804
0.09205000 0.08474513
0.09215000 0.08510311
0.09225000 0.08546199
0.09235000 0.08582176
0.09245000 0.08618241
0.09255000 0.08654396
0.09265000 0.08690640
0.09275000 0.08726974
0.09285000 0.08763395
0.09295000 0.08799908
0.09305000 0.08836509
0.09315000 0.08873199
0.09325000 0.08909979
0.09335000 0.08946848
0.09345000 0.08983807
0.09355000 0.09020855
0.09365000 0.09057992
0.09375000 0.09095220
0.09385000 0.09132537
0.09395000 0.09169943
0.09405000 0.09207439
0.09415000 0.09245026
0.09425000 0.09282700
0.09435000 0.09320466
0.09445000 0.09358321
0.09455000 0.09396265
0.09465000 0.09434301
0.09475000 0.09472424
0.09485000 0.09510640
0.09495000 0.09548943
0.09505000 0.09587338
0.09515000 0.09625823
0.09525000 0.09664396
0.09535000 0.09703061
0.09545000 0.09741816
0.09555000 0.09780660
0.09565000 0.09819595
0.09575000 0.09858619
0.09585000 0.09897735
0.09595000 0.09936940
0.09605000 0.09976236
0.09615000 0.10015621
0.09625000 0.10055098
0.09635000 0.10094664
0.09645000 0.10134321
0.09655000 0.10174068
0.09665000 0.10213906
0.09675000 0.10253834
0.09685000 0.10293853
0.09695000 0.10333961
0.09705000 0.10374161
0.09715000 0.10414451
0.09725000 0.10454832
0.09735000 0.10495303
0.09745000 0.10535865
0.09755000 0.10576518
0.09765000 0.10617261
0.09775000 0.10658095
0.09785000 0.10699019
0.09795000 0.10740035
0.09805000 0.10781140
0.09815000 0.10822338
0.09825000 0.10863626
0.09835000 0.10905004
0.09845000 0.10946473
0.09855000 0.10988034
0.09865000 0.11029685
0.09875000 0.11071427
0.09885000 0.11113261
0.09895000 0.11155184
0.09905000 0.11197199
0.09915000 0.11239306
0.09925000 0.11281502
0.09935000 0.11323791
0.09945000 0.11366170
0.09955000 0.11408641
0.09965000 0.11451202
0.09975000 0.11493854
0.09985000 0.11536598
0.09995000 0.11579434
0.10005000 0.11622359
0.10015000 0.11665377
0.10025000 0.11708485
0.10035000 0.11751685
0.10045000 0.11794977
0.10055000 0.11838358
0.10065000 0.11881833
0.10075000 0.11925398
0.10085000 0.11969054
0.10095000 0.12012802
0.10105000 0.12056641
0.10115000 0.12100572
0.10125000 0.12144594
0.10135000 0.12188707
0.10145000 0.12232912
0.10155000 0.12277209
0.10165000 0.12321597
0.10175000 0.12366076
0.10185000 0.12410647
0.10195000 0.12455309
0.10205000 0.12500064
0.10215000 0.12544909
0.10225000 0.12589847
0.10235000 0.12634875
0.10245000 0.12679995
0.10255000 0.12725208
0.10265000 0.12770512
0.10275000 0.12815907
0.10285000 0.12861394
0.10295000 0.12906973
0.10305000 0.12952643
0.10315000 0.12998406
0.10325000 0.13044259
0.10335000 0.13090205
0.10345000 0.13136243
0.10355000 0.13182372
0.10365000 0.11691903
0.10375000 0.11735343
0.10385000 0.11778875
0.10395000 0.11822499
0.10405000 0.11866215
0.10415000 0.11910024
0.10425000 0.11953926
0.10435000 0.11997919
0.10445000 0.12042006
0.10455000 0.12086184
0.10465000 0.12130456
0.10475000 0.12174819
0.10485000 0.12219275
0.10495000 0.12263824
0.10505000 0.12308465
0.10515000 0.12353199
0.10525000 0.12398026
0.10535000 0.12442944
0.10545000 0.12487955
0.10555000 0.12533060
0.10565000 0.12578257
0.10575000 0.12623546
0.10585000 0.12668928
0.10595000 0.12714403
0.10605000 0.12759970
0.10615000 0.12805631
0.10625000 0.12851383
0.10635000 0.12897230
0.10645000 0.12943167
0.10655000 0.12989199
0.10665000 0.13035322
0.10675000 0.13081540
0.10685000 0.13127849
0.10695000 0.13174251
0.10705000 0.13220747
0.10715000 0.13267335
0.10725000 0.13314015
0.10735000 0.13360789
0.10745000 0.13407657
0.10755000 0.13454615
0.10765000 0.13501668
0.10775000 0.13548814
0.10785000 0.13596052
0.10795000 0.13643383
0.10805000 0.13690807
0.10815000 0.13738325
0.10825000 0.13785934
0.10835000 0.13833638
0.10845000 0.13881434
0.10855000 0.13929324
0.10865000 0.13977305
0.10875000 0.14025381
0.10885000 0.14073549
0.10895000 0.14121810
0.10905000 0.14170164
0.10915000 0.14218612
0.10925000 0.14267153
0.10935000 0.14315786
0.10945000 0.14364513
0.10955000 0.14413333
0.10965000 0.14462245
0.10975000 0.14511252
0.10985000 0.14560351
0.10995000 0.14609543
0.11005000 0.14658828
0.11015000 0.14708207
0.11025000 0.14757679
0.11035000 0.14807244
0.11045000 0.14856902
0.11055000 0.14906653
0.11065000 0.14956498
0.11075000 0.15006435
0.11085000 0.15056467
0.11095000 0.15106590
0.11105000 0.15156808
0.11115000 0.15207118
0.11125000 0.15257522
0.11135000 0.15308019
0.11145000 0.15358610
0.11155000 0.15409292
0.11165000 0.15460070
0.11175000 0.15510939
0.11185000 0.15561903
0.11195000 0.15612960
0.11205000 0.15664109
0.11215000 0.15715352
0.11225000 0.15766689
0.11235000 0.15818118
0.11245000 0.15869641
0.11255000 0.15921258
0.11265000 0.15972967
0.11275000 0.16024770
0.11285000 0.16076666
0.11295000 0.16128655
0.11305000 0.16180739
0.11315000 0.16232914
0.11325000 0.16285184
0.11335000 0.16337547
0.11345000 0.16390002
0.11355000 0.16442552
0.11365000 0.16495195
0.11375000 0.16547931
0.11385000 0.16600761
0.11395000 0.16653683
0.11405000 0.16706699
0.11415000 0.16759808
0.11425000 0.16813012
0.11435000 0.16866307
0.11445000 0.16919697
0.11455000 0.16973180
0.11465000 0.17026756
0.11475000 0.17080426
0.11485000 0.17134188
0.11495000 0.17188045
0.11505000 0.17241994
0.11515000 0.17296038
0.11525000 0.17350173
0.11535000 0.17404403
0.11545000 0.17458726
0.11555000 0.17513143
0.11565000 0.17567652
0.11575000 0.17622256
0.11585000 0.17676952
0.11595000 0.17731741
0.11605000 0.17786625
0.11615000 0.17841601
0.11625000 0.17896671
0.11635000 0.17951835
0.11645000 0.18007090
0.11655000 0.18062441
0.11665000 0.18117884
0.11675000 0.18173421
0.11685000 0.18229050
0.11695000 0.18284774
0.11705000 0.18340590
0.11715000 0.18396501
0.11725000 0.18452503
0.11735000 0.18508601
0.11745000 0.18564790
0.11755000 0.18621073
0.11765000 0.18677451
0.11775000 0.18733920
0.11785000 0.18790483
0.11795000 0.18847140
0.11805000 0.18903890
0.11815000 0.18960732
0.11825000 0.19017670
0.11835000 0.19074699
0.11845000 0.19131822
0.11855000 0.19189039
0.11865000 0.19246349
0.11875000 0.19303751
0.11885000 0.19361248
0.11895000 0.19418837
0.11905000 0.19476520
0.11915000 0.19534296
0.11925000 0.19592165
0.11935000 0.19650128
0.11945000 0.19708184
0.11955000 0.19766333
0.11965000 0.19824576
0.11975000 0.19882911
0.11985000 0.19941340
0.11995000 0.19999862
0.12005000 0.20058477
0.12015000 0.20117186
0.12025000 0.20175987
0.12035000 0.20234882
0.12045000 0.20293871
0.12055000 0.20352952
0.12065000 0.20412126
0.12075000 0.20471394
0.12085000 0.20530755
0.12095000 0.20590209
0.12105000 0.20649756
0.12115000 0.20709397
0.12125000 0.20769130
0.12135000 0.20828957
0.12145000 0.20888876
0.12155000 0.20948890
0.12165000 0.21008995
0.12175000 0.21069195
0.12185000 0.21129487
0.12195000 0.21189872
0.12205000 0.21250351
0.12215000 0.21310922
0.12225000 0.21371587
0.12235000 0.21432344
0.12245000 0.21493195
0.12255000 0.21554139
0.12265000 0.19635214
0.12275000 0.19693588
0.12285000 0.19752058
0.12295000 0.19810621
0.12305000 0.19869279
0.12315000 0.19928031
0.12325000 0.19986878
0.12335000 0.20045818
0.12345000 0.20104852
0.12355000 0.20163982
0.12365000 0.20223204
0.12375000 0.20282521
0.12385000 0.20341933
0.12395000 0.20401438
0.12405000 0.20461037
0.12415000 0.20520732
0.12425000 0.20580519
0.12435000 0.20640401
0.12445000 0.20700377
0.12455000 0.20760447
0.12465000 0.20820612
0.12475000 0.20880870
0.12485000 0.20941222
0.12495000 0.21001669
0.12505000 0.21062210
0.12515000 0.21122844
0.12525000 0.21183573
0.12535000 0.21244396
0.12545000 0.21305313
0.12555000 0.21366323
0.12565000 0.21427428
0.12575000 0.21488627
0.12585000 0.21549920
0.12595000 0.21611307
0.12605000 0.21672787
0.12615000 0.21734362
0.12625000 0.21796031
0.12635000 0.21857794
0.12645000 0.21919650
0.12655000 0.21981601
0.12665000 0.22043645
0.12675000 0.22105784
0.12685000 0.22168016
0.12695000 0.22230342
0.12705000 0.22292763
0.12715000 0.22355276
0.12725000 0.22417884
0.12735000 0.22480585
0.12745000 0.22543382
0.12755000 0.22606270
0.12765000 0.22669254
0.12775000 0.22732330
0.12785000 0.22795501
0.12795000 0.22858766
0.12805000 0.22922124
0.12815000 0.22985576
0.12825000 0.23049122
0.12835000 0.23112761
0.12845000 0.23176495
0.12855000 0.23240322
0.12865000 0.23304242
0.12875000 0.23368257
0.12885000 0.23432364
0.12895000 0.23496567
0.12905000 0.23560861
0.12915000 0.23625251
0.12925000 0.23689734
0.12935000 0.23754309
0.12945000 0.23818980
0.12955000 0.23883743
0.12965000 0.23948600
0.12975000 0.24013550
0.12985000 0.24078595
0.12995000 0.24143732
0.13005000 0.24208964
0.13015000 0.24274288
0.13025000 0.24339707
0.13035000 0.24405218
0.13045000 0.24470823
0.13055000 0.24536522
0.13065000 0.24602314
0.13075000 0.24668200
0.13085000 0.24734178
0.13095000 0.24800251
0.13105000 0.24866416
0.13115000 0.24932676
0.13125000 0.24999028
0.13135000 0.25065473
0.13145000 0.25132013
0.13155000 0.25198646
0.13165000 0.25265371
0.13175000 0.25332190
0.13185000 0.25399102
0.13195000 0.25466108
0.13205000 0.25533206
0.13215000 0.25600399
0.13225000 0.25667684
0.13235000 0.25735062
0.13245000 0.25802534
0.13255000 0.25870098
0.13265000 0.25937757
0.13275000 0.26005507
0.13285000 0.26073352
0.13295000 0.26141289
0.13305000 0.26209319
0.13315000 0.26277443
0.13325000 0.26345659
0.13335000 0.26413968
0.13345000 0.26482372
0.13355000 0.26550866
0.13365000 0.26619456
0.13375000 0.26688136
0.13385000 0.26756911
0.13395000 0.26825779
0.13405000 0.26894739
0.13415000 0.26963792
0.13425000 0.27032938
0.13435000 0.27102177
0.13445000 0.27171509
0.13455000 0.27240934
0.13465000 0.27310451
0.13475000 0.27380061
0.13485000 0.27449765
0.13495000 0.27519560
0.13505000 0.27589449
0.13515000 0.27659431
0.13525000 0.27729504
0.13535000 0.27799671
0.13545000 0.27869931
0.13555000 0.27940282
0.13565000 0.28010728
0.13575000 0.28081264
0.13585000 0.28151895
0.13595000 0.28222617
0.13605000 0.28293432
0.13615000 0.28364341
0.13625000 0.28435340
0.13635000 0.28506433
0.13645000 0.28577618
0.13655000 0.28648896
0.13665000 0.28720266
0.13675000 0.28791729
0.13685000 0.28863284
0.13695000 0.28934931
0.13705000 0.29006671
0.13715000 0.29078503
0.13725000 0.29150428
0.13735000 0.29222445
0.13745000 0.29294554
0.13755000 0.29366755
0.13765000 0.29439049
0.13775000 0.29511435
0.13785000 0.29583913
0.13795000 0.29656484
0.13805000 0.29729146
0.13815000 0.29801902
0.13825000 0.29874748
0.13835000 0.29947687
0.13845000 0.30020718
0.13855000 0.30093842
0.13865000 0.30167057
0.13875000 0.30240364
0.13885000 0.30313760
0.13895000 0.30387260
0.13905000 0.28126960
0.13915000 0.28198030
0.13925000 0.28269220
0.13935000 0.28340480
0.13945000 0.28411850
0.13955000 0.28483300
0.13965000 0.28554850
0.13975000 0.28626500
0.13985000 0.28698230
0.13995000 0.28770060
0.14005000 0.28841980
0.14015000 0.28914000
0.14025000 0.28986110
0.14035000 0.29058310
0.14045000 0.29130600
0.14055000 0.29203000
0.14065000 0.29275480
0.14075000 0.29348050
0.14085000 0.29420720
0.14095000 0.29493480
0.14105000 0.29566340
0.14115000 0.29639290
0.14125000 0.29712320
0.14135000 0.29785460
0.14145000 0.29858690
0.14155000 0.29932000
0.14165000 0.30005420
0.14175000 0.30078930
0.14185000 0.30152520
0.14195000 0.30226220
0.14205000 0.30299990
0.14215000 0.30373880
0.14225000 0.30447850
0.14235000 0.30521910
0.14245000 0.30596060
0.14255000 0.30670320
0.14265000 0.30744650
0.14275000 0.30819090
0.14285000 0.30893620
0.14295000 0.30968230
0.14305000 0.31042950
0.14315000 0.31117750
0.14325000 0.31192650
0.14335000 0.31267640
0.14345000 0.31342720
0.14355000 0.31417900
0.14365000 0.31493160
0.14375000 0.31568530
0.14385000 0.31643980
0.14395000 0.31719520
0.14405000 0.31795160
0.14415000 0.31870890
0.14425000 0.31946710
0.14435000 0.32022630
0.14445000 0.32098640
0.14455000 0.32174730
0.14465000 0.32250930
0.14475000 0.32327210
0.14485000 0.32403580
0.14495000 0.32480060
0.14505000 0.32556610
0.14515000 0.32633270
0.14525000 0.32710020
0.14535000 0.32786850
0.14545000 0.32863780
0.14555000 0.32940800
0.14565000 0.33017920
0.14575000 0.33095120
0.14585000 0.33172420
0.14595000 0.33249810
0.14605000 0.33327300
0.14615000 0.33404860
0.14625000 0.33482530
0.14635000 0.33560290
0.14645000 0.33638140
0.14655000 0.33716080
0.14665000 0.33794110
0.14675000 0.33872240
0.14685000 0.33950460
0.14695000 0.34028760
0.14705000 0.34107160
0.14715000 0.34185660
0.14725000 0.34264240
0.14735000 0.34342910
0.14745000 0.34421690
0.14755000 0.34500540
0.14765000 0.34579490
0.14775000 0.34658530
0.14785000 0.34737670
0.14795000 0.34816890
0.14805000 0.34896210
0.14815000 0.34975610
0.14825000 0.35055120
0.14835000 0.35134710
0.14845000 0.35214390
0.14855000 0.35294160
0.14865000 0.35374030
0.14875000 0.35453980
0.14885000 0.35534030
0.14895000 0.35614170
0.14905000 0.35694400
0.14915000 0.35774720
0.14925000 0.35855140
0.14935000 0.35935640
0.14945000 0.36016230
0.14955000 0.36096920
0.14965000 0.36177690
0.14975000 0.36258570
0.14985000 0.36339520
0.14995000 0.36420580
0.15005000 0.36501710
0.15015000 0.36582950
0.15025000 0.36664270
0.15035000 0.36745680
0.15045000 0.36827190
0.15055000 0.36908790
0.15065000 0.36990470
0.15075000 0.37072250
0.15085000 0.37154120
0.15095000 0.37236080
0.15105000 0.37318120
0.15115000 0.37400270
0.15125000 0.37482500
0.15135000 0.37564820
0.15145000 0.37647240
0.15155000 0.37729730
0.15165000 0.37812330
0.15175000 0.37895020
0.15185000 0.37977780
0.15195000 0.38060660
0.15205000 0.38143610
0.15215000 0.38226650
0.15225000 0.38309800
0.15235000 0.38393020
0.15245000 0.38476330
0.15255000 0.38559750
0.15265000 0.38643240
0.15275000 0.38726830
0.15285000 0.38810510
0.15295000 0.38894280
0.15305000 0.38978140
0.15315000 0.39062080
0.15325000 0.39146130
0.15335000 0.39230250
0.15345000 0.39314480
0.15355000 0.39398780
0.15365000 0.36860000
0.15375000 0.36942050
0.15385000 0.37024210
0.15395000 0.37106450
0.15405000 0.37188790
0.15415000 0.37271220
0.15425000 0.37353730
0.15435000 0.37436350
0.15445000 0.37519050
0.15455000 0.37601830
0.15465000 0.37684730
0.15475000 0.37767700
0.15485000 0.37850760
0.15495000 0.37933930
0.15505000 0.38017170
0.15515000 0.38100520
0.15525000 0.38183950
0.15535000 0.38267470
0.15545000 0.38351090
0.15555000 0.38434790
0.15565000 0.38518590
0.15575000 0.38602470
0.15585000 0.38686460
0.15595000 0.38770520
0.15605000 0.38854690
0.15615000 0.38938940
0.15625000 0.39023280
0.15635000 0.39107710
0.15645000 0.39192240
0.15655000 0.39276860
0.15665000 0.39361560
0.15675000 0.39446360
0.15685000 0.39531250
0.15695000 0.39616220
0.15705000 0.39701300
0.15715000 0.39786450
0.15725000 0.39871710
0.15735000 0.39957050
0.15745000 0.40042480
0.15755000 0.40128000
0.15765000 0.40213620
0.15775000 0.40299320
0.15785000 0.40385110
0.15795000 0.40471000
0.15805000 0.40556970
0.15815000 0.40643040
0.15825000 0.40729200
0.15835000 0.40815440
0.15845000 0.40901780
0.15855000 0.40988200
0.15865000 0.41074720
0.15875000 0.41161330
0.15885000 0.41248030
0.15895000 0.41334810
0.15905000 0.41421700
0.15915000 0.41508660
0.15925000 0.41595720
0.15935000 0.41682860
0.15945000 0.41770110
0.15955000 0.41857430
0.15965000 0.41944850
0.15975000 0.42032360
0.15985000 0.42119960
0.15995000 0.42207640
0.16005000 0.42295420
0.16015000 0.42383290
0.16025000 0.42471250
0.16035000 0.42559290
0.16045000 0.42647430
0.16055000 0.42735660
0.16065000 0.42823980
0.16075000 0.42912370
0.16085000 0.43000880
0.16095000 0.43089460
0.16105000 0.43178130
0.16115000 0.43266900
0.16125000 0.43355750
0.16135000 0.43444700
0.16145000 0.43533720
0.16155000 0.43622850
0.16165000 0.43712060
0.16175000 0.43801360
0.16185000 0.43890750
0.16195000 0.43980230
0.16205000 0.44069790
0.16215000 0.44159460
0.16225000 0.44249200
0.16235000 0.44339040
0.16245000 0.44428960
0.16255000 0.44518970
0.16265000 0.44609080
0.16275000 0.44699270
0.16285000 0.44789560
0.16295000 0.44879920
0.16305000 0.44970380
0.16315000 0.45060930
0.16325000 0.45151560
0.16335000 0.45242300
0.16345000 0.45333100
0.16355000 0.45424010
0.16365000 0.45515000
0.16375000 0.45606080
0.16385000 0.45697250
0.16395000 0.45788510
0.16405000 0.45879860
0.16415000 0.45971290
0.16425000 0.46062820
0.16435000 0.46154420
0.16445000 0.46246130
0.16455000 0.46337920
0.16465000 0.46429800
0.16475000 0.46521760
0.16485000 0.46613810
0.16495000 0.46705960
0.16505000 0.46798190
0.16515000 0.46890510
0.16525000 0.46982920
0.16535000 0.47075410
0.16545000 0.47168000
0.16555000 0.47260670
0.16565000 0.47353430
0.16575000 0.47446280
0.16585000 0.47539220
0.16595000 0.47632240
0.16605000 0.47725350
0.16615000 0.47818560
0.16625000 0.47911840
0.16635000 0.48005220
0.16645000 0.48098680
0.16655000 0.48192230
0.16665000 0.48285880
0.16675000 0.48379600
0.16685000 0.48473420
0.16695000 0.48567320
0.16705000 0.45793710
0.16715000 0.45885520
0.16725000 0.45977410
0.16735000 0.46069400
0.16745000 0.46161470
0.16755000 0.46253640
0.16765000 0.46345890
0.16775000 0.46438230
0.16785000 0.46530670
0.16795000 0.46623180
0.16805000 0.46715800
0.16815000 0.46808490
0.16825000 0.46901280
0.16835000 0.46994160
0.16845000 0.47087120
0.16855000 0.47180180
0.16865000 0.47273320
0.16875000 0.47366550
0.16885000 0.47459880
0.16895000 0.47553280
0.16905000 0.47646780
0.16915000 0.47740370
0.16925000 0.47834040
0.16935000 0.47927810
0.16945000 0.48021660
0.16955000 0.48115600
0.16965000 0.48209630
0.16975000 0.48303750
0.16985000 0.48397950
0.16995000 0.48492250
0.17005000 0.48586640
0.17015000 0.48681100
0.17025000 0.48775670
0.17035000 0.48870320
0.17045000 0.48965050
0.17055000 0.49059870
0.17065000 0.49154790
0.17075000 0.49249790
0.17085000 0.49344880
0.17095000 0.49440060
0.17105000 0.49535320
0.17115000 0.49630680
0.17125000 0.49726120
0.17135000 0.49821640
0.17145000 0.49917270
0.17155000 0.50012970
0.17165000 0.50108760
0.17175000 0.50204640
0.17185000 0.50300620
0.17195000 0.50396670
0.17205000 0.50492810
0.17215000 0.50589040
0.17225000 0.50685370
0.17235000 0.50781770
0.17245000 0.50878270
0.17255000 0.50974850
0.17265000 0.51071510
0.17275000 0.51168280
0.17285000 0.51265120
0.17295000 0.51362050
0.17305000 0.51459070
0.17315000 0.51556180
0.17325000 0.51653380
0.17335000 0.51750650
0.17345000 0.51848020
0.17355000 0.51945480
0.17365000 0.52043030
0.17375000 0.52140650
0.17385000 0.52238370
0.17395000 0.52336170
0.17405000 0.52434070
0.17415000 0.52532040
0.17425000 0.52630110
0.17435000 0.52728260
0.17445000 0.52826510
0.17455000 0.52924820
0.17465000 0.53023240
0.17475000 0.53121750
0.17485000 0.53220320
0.17495000 0.53319000
0.17505000 0.53417760
0.17515000 0.53516610
0.17525000 0.53615540
0.17535000 0.53714560
0.17545000 0.53813670
0.17555000 0.53912860
0.17565000 0.54012140
0.17575000 0.54111510
0.17585000 0.54210960
0.17595000 0.54310490
0.17605000 0.54410130
0.17615000 0.54509830
0.17625000 0.54609630
0.17635000 0.54709520
0.17645000 0.54809480
0.17655000 0.54909550
0.17665000 0.55009680
0.17675000 0.55109920
0.17685000 0.55210230
0.17695000 0.55310630
0.17705000 0.55411110
0.17715000 0.55511690
0.17725000 0.55612350
0.17735000 0.55713100
0.17745000 0.55813920
0.17755000 0.55914840
0.17765000 0.56015850
0.17775000 0.56116930
0.17785000 0.56218100
0.17795000 0.56319370
0.17805000 0.56420710
0.17815000 0.56522140
0.17825000 0.56623660
0.17835000 0.56725260
0.17845000 0.56826950
0.17855000 0.56928720
0.17865000 0.57030570
0.17875000 0.57132530
0.17885000 0.57234550
0.17895000 0.57336670
0.17905000 0.57438860
0.17915000 0.57541160
0.17925000 0.57643520
0.17935000 0.57745980
0.17945000 0.54772690
0.17955000 0.54873200
0.17965000 0.54973780
0.17975000 0.55074460
0.17985000 0.55175210
0.17995000 0.55276070
0.18005000 0.55376990
0.18015000 0.55478020
0.18025000 0.55579130
0.18035000 0.55680320
0.18045000 0.55781590
0.18055000 0.55882970
0.18065000 0.55984420
0.18075000 0.56085960
0.18085000 0.56187580
0.18095000 0.56289300
0.18105000 0.56391090
0.18115000 0.56492980
0.18125000 0.56594950
0.18135000 0.56697010
0.18145000 0.56799150
0.18155000 0.56901380
0.18165000 0.57003700
0.18175000 0.57106090
0.18185000 0.57208590
0.18195000 0.57311160
0.18205000 0.57413810
0.18215000 0.57516570
0.18225000 0.57619390
0.18235000 0.57722310
0.18245000 0.57825320
0.18255000 0.57928400
0.18265000 0.58031580
0.18275000 0.58134840
0.18285000 0.58238180
0.18295000 0.58341620
0.18305000 0.58445130
0.18315000 0.58548730
0.18325000 0.58652420
0.18335000 0.58756200
0.18345000 0.58860050
0.18355000 0.58964000
0.18365000 0.59068030
0.18375000 0.59172140
0.18385000 0.59276350
0.18395000 0.59380630
0.18405000 0.59485000
0.18415000 0.59589450
0.18425000 0.59694000
0.18435000 0.59798620
0.18445000 0.59903340
0.18455000 0.60008130
0.18465000 0.60113010
0.18475000 0.60217980
0.18485000 0.60323030
0.18495000 0.60428160
0.18505000 0.60533390
0.18515000 0.60638690
0.18525000 0.60744090
0.18535000 0.60849560
0.18545000 0.60955120
0.18555000 0.61060760
0.18565000 0.61166490
0.18575000 0.61272310
0.18585000 0.61378200
0.18595000 0.61484190
0.18605000 0.61590260
0.18615000 0.61696410
0.18625000 0.61802640
0.18635000 0.61908970
0.18645000 0.62015370
0.18655000 0.62121860
0.18665000 0.62228430
0.18675000 0.62335090
0.18685000 0.62441840
0.18695000 0.62548660
0.18705000 0.62655570
0.18715000 0.62762560
0.18725000 0.62869650
0.18735000 0.62976810
0.18745000 0.63084050
0.18755000 0.63191380
0.18765000 0.63298800
0.18775000 0.63406300
0.18785000 0.63513880
0.18795000 0.63621550
0.18805000 0.63729290
0.18815000 0.63837130
0.18825000 0.63945050
0.18835000 0.64053050
0.18845000 0.64161130
0.18855000 0.64269300
0.18865000 0.64377550
0.18875000 0.64485890
0.18885000 0.64594300
0.18895000 0.64702810
0.18905000 0.64811400
0.18915000 0.64920060
0.18925000 0.65028810
0.18935000 0.65137650
0.18945000 0.65246570
0.18955000 0.65355570
0.18965000 0.65464660
0.18975000 0.65573820
0.18985000 0.65683080
0.18995000 0.65792410
0.19005000 0.65901820
0.19015000 0.66011330
0.19025000 0.66120910
0.19035000 0.66230580
0.19045000 0.66340330
0.19055000 0.66450160
0.19065000 0.66560070
0.19075000 0.66670070
0.19085000 0.66780150
0.19095000 0.66890320
0.19105000 0.63744910
0.19115000 0.63853250
0.19125000 0.63961670
0.19135000 0.64070170
0.19145000 0.64178760
0.19155000 0.64287440
0.19165000 0.64396190
0.19175000 0.64505030
0.19185000 0.64613960
0.19195000 0.64722970
0.19205000 0.64832060
0.19215000 0.64941230
0.19225000 0.65050500
0.19235000 0.65159840
0.19245000 0.65269270
0.19255000 0.65378780
0.19265000 0.65488380
0.19275000 0.65598060
0.19285000 0.65707820
0.19295000 0.65817670
0.19305000 0.65927600
0.19315000 0.66037610
0.19325000 0.66147710
0.19335000 0.66257890
0.19345000 0.66368160
0.19355000 0.66478500
0.19365000 0.66588930
0.19375000 0.66699450
0.19385000 0.66810040
0.19395000 0.66920730
0.19405000 0.67031490
0.19415000 0.67142340
0.19425000 0.67253270
0.19435000 0.67364280
0.19445000 0.67475380
0.19455000 0.67586550
0.19465000 0.67697820
0.19475000 0.67809170
0.19485000 0.67920590
0.19495000 0.68032100
0.19505000 0.68143700
0.19515000 0.68255380
0.19525000 0.68367130
0.19535000 0.68478980
0.19545000 0.68590900
0.19555000 0.68702910
0.19565000 0.68814990
0.19575000 0.68927170
0.19585000 0.69039430
0.19595000 0.69151760
0.19605000 0.69264190
0.19615000 0.69376680
0.19625000 0.69489270
0.19635000 0.69601940
0.19645000 0.69714690
0.19655000 0.69827520
0.19665000 0.69940430
0.19675000 0.70053430
0.19685000 0.70166500
0.19695000 0.70279670
0.19705000 0.70392910
0.19715000 0.70506230
0.19725000 0.70619640
0.19735000 0.70733130
0.19745000 0.70846690
0.19755000 0.70960350
0.19765000 0.71074090
0.19775000 0.71187890
0.19785000 0.71301800
0.19795000 0.71415780
0.19805000 0.71529830
0.19815000 0.71643980
0.19825000 0.71758200
0.19835000 0.71872510
0.19845000 0.71986890
0.19855000 0.72101370
0.19865000 0.72215910
0.19875000 0.72330540
0.19885000 0.72445260
0.19895000 0.72560050
0.19905000 0.72674930
0.19915000 0.72789880
0.19925000 0.72904920
0.19935000 0.73020040
0.19945000 0.73135240
0.19955000 0.73250530
0.19965000 0.73365880
0.19975000 0.73481330
0.19985000 0.73596850
0.19995000 0.73712460
0.20005000 0.73828140
0.20015000 0.73943910
0.20025000 0.74059760
0.20035000 0.74175680
0.20045000 0.74291700
0.20055000 0.74407790
0.20065000 0.74523960
0.20075000 0.74640210
0.20085000 0.74756540
0.20095000 0.74872950
0.20105000 0.74989450
0.20115000 0.75106020
0.20125000 0.75222680
0.20135000 0.75339410
0.20145000 0.75456220
0.20155000 0.75573120
0.20165000 0.75690100
0.20175000 0.75807150
0.20185000 0.75924290
0.20195000 0.72629610
0.20205000 0.72745040
0.20215000 0.72860550
0.20225000 0.72976130
0.20235000 0.73091810
0.20245000 0.73207560
0.20255000 0.73323390
0.20265000 0.73439310
0.20275000 0.73555300
0.20285000 0.73671390
0.20295000 0.73787540
0.20305000 0.73903790
0.20315000 0.74020110
0.20325000 0.74136510
0.20335000 0.74253000
0.20345000 0.74369560
0.20355000 0.74486220
0.20365000 0.74602940
0.20375000 0.74719750
0.20385000 0.74836640
0.20395000 0.74953620
0.20405000 0.75070670
0.20415000 0.75187800
0.20425000 0.75305020
0.20435000 0.75422310
0.20445000 0.75539690
0.20455000 0.75657150
0.20465000 0.75774690
0.20475000 0.75892300
0.20485000 0.76010010
0.20495000 0.76127780
0.20505000 0.76245650
0.20515000 0.76363590
0.20525000 0.76481610
0.20535000 0.76599710
0.20545000 0.76717900
0.20555000 0.76836160
0.20565000 0.76954500
0.20575000 0.77072930
0.20585000 0.77191430
0.20595000 0.77310020
0.20605000 0.77428680
0.20615000 0.77547430
0.20625000 0.77666250
0.20635000 0.77785160
0.20645000 0.77904140
0.20655000 0.78023210
0.20665000 0.78142350
0.20675000 0.78261580
0.20685000 0.78380890
0.20695000 0.78500270
0.20705000 0.78619730
0.20715000 0.78739280
0.20725000 0.78858910
0.20735000 0.78978600
0.20745000 0.79098390
0.20755000 0.79218260
0.20765000 0.79338200
0.20775000 0.79458220
0.20785000 0.79578320
0.20795000 0.79698510
0.20805000 0.79818760
0.20815000 0.79939110
0.20825000 0.80059520
0.20835000 0.80180030
0.20845000 0.80300600
0.20855000 0.80421260
0.20865000 0.80542000
0.20875000 0.80662810
0.20885000 0.80783710
0.20895000 0.80904690
0.20905000 0.81025730
0.20915000 0.81146870
0.20925000 0.81268080
0.20935000 0.81389370
0.20945000 0.81510740
0.20955000 0.81632180
0.20965000 0.81753720
0.20975000 0.81875320
0.20985000 0.81997000
0.20995000 0.82118760
0.21005000 0.82240610
0.21015000 0.82362530
0.21025000 0.82484520
0.21035000 0.82606610
0.21045000 0.82728750
0.21055000 0.82851000
0.21065000 0.82973300
0.21075000 0.83095700
0.21085000 0.83218160
0.21095000 0.83340720
0.21105000 0.83463330
0.21115000 0.83586050
0.21125000 0.83708820
0.21135000 0.83831690
0.21145000 0.83954620
0.21155000 0.84077640
0.21165000 0.84200740
0.21175000 0.84323900
0.21185000 0.84447160
0.21195000 0.84570490
0.21205000 0.84693890
0.21215000 0.84817380
0.21225000 0.84940930
0.21235000 0.81514060
0.21245000 0.81636020
0.21255000 0.81758060
0.21265000 0.81880180
0.21275000 0.82002370
0.21285000 0.82124650
0.21295000 0.82247000
0.21305000 0.82369440
0.21315000 0.82491950
0.21325000 0.82614540
0.21335000 0.82737210
0.21345000 0.82859960
0.21355000 0.82982800
0.21365000 0.83105690
0.21375000 0.83228690
0.21385000 0.83351750
0.21395000 0.83474890
0.21405000 0.83598120
0.21415000 0.83721420
0.21425000 0.83844800
0.21435000 0.83968250
0.21445000 0.84091800
0.21455000 0.84215400
0.21465000 0.84339100
0.21475000 0.84462880
0.21485000 0.84586720
0.21495000 0.84710650
0.21505000 0.84834660
0.21515000 0.84958750
0.21525000 0.85082900
0.21535000 0.85207150
0.21545000 0.85331470
0.21555000 0.85455870
0.21565000 0.85580340
0.21575000 0.85704890
0.21585000 0.85829530
0.21595000 0.85954230
0.21605000 0.86079020
0.21615000 0.86203890
0.21625000 0.86328830
0.21635000 0.86453850
0.21645000 0.86578950
0.21655000 0.86704130
0.21665000 0.86829380
0.21675000 0.86954710
0.21685000 0.87080120
0.21695000 0.87205600
0.21705000 0.87331170
0.21715000 0.87456810
0.21725000 0.87582530
0.21735000 0.87708320
0.21745000 0.87834200
0.21755000 0.87960150
0.21765000 0.88086170
0.21775000 0.88212280
0.21785000 0.88338460
0.21795000 0.88464720
0.21805000 0.88591060
0.21815000 0.88717470
0.21825000 0.88843960
0.21835000 0.88970520
0.21845000 0.89097170
0.21855000 0.89223890
0.21865000 0.89350690
0.21875000 0.89477570
0.21885000 0.89604510
0.21895000 0.89731540
0.21905000 0.89858650
0.21915000 0.89985830
0.21925000 0.90113080
0.21935000 0.90240420
0.21945000 0.90367830
0.21955000 0.90495320
0.21965000 0.90622880
0.21975000 0.90750520
0.21985000 0.90878240
0.21995000 0.91006030
0.22005000 0.91133900
0.22015000 0.91261850
0.22025000 0.91389860
0.22035000 0.91517960
0.22045000 0.91646140
0.22055000 0.91774390
0.22065000 0.91902710
0.22075000 0.92031110
0.22085000 0.92159600
0.22095000 0.92288140
0.22105000 0.92416780
0.22115000 0.92545480
0.22125000 0.92674260
0.22135000 0.92803110
0.22145000 0.92932050
0.22155000 0.93061060
0.22165000 0.93190150
0.22175000 0.93319300
0.22185000 0.93448530
0.22195000 0.93577850
0.22205000 0.93707230
0.22215000 0.93836700
0.22225000 0.90293060
0.22235000 0.90421020
0.22245000 0.90549050
0.22255000 0.90677160
0.22265000 0.90805350
0.22275000 0.90933610
0.22285000 0.91061950
0.22295000 0.91190380
0.22305000 0.91318860
0.22315000 0.91447440
0.22325000 0.91576080
0.22335000 0.91704810
0.22345000 0.91833600
0.22355000 0.91962480
0.22365000 0.92091440
0.22375000 0.92220470
0.22385000 0.92349570
0.22395000 0.92478750
0.22405000 0.92608010
0.22415000 0.92737340
0.22425000 0.92866750
0.22435000 0.92996240
0.22445000 0.93125810
0.22455000 0.93255440
0.22465000 0.93385150
0.22475000 0.93514950
0.22485000 0.93644810
0.22495000 0.93774750
0.22505000 0.93904770
0.22515000 0.94034870
0.22525000 0.94165030
0.22535000 0.94295280
0.22545000 0.94425600
0.22555000 0.94555990
0.22565000 0.94686470
0.22575000 0.94817010
0.22585000 0.94947640
0.22595000 0.95078330
0.22605000 0.95209110
0.22615000 0.95339960
0.22625000 0.95470880
0.22635000 0.95601880
0.22645000 0.95732950
0.22655000 0.95864110
0.22665000 0.95995330
0.22675000 0.96126630
0.22685000 0.96258000
0.22695000 0.96389460
0.22705000 0.96520980
0.22715000 0.96652580
0.22725000 0.96784250
0.22735000 0.96916010
0.22745000 0.97047830
0.22755000 0.97179730
0.22765000 0.97311700
0.22775000 0.97443760
0.22785000 0.97575870
0.22795000 0.97708080
0.22805000 0.97840350
0.22815000 0.97972690
0.22825000 0.98105120
0.22835000 0.98237610
0.22845000 0.98370190
0.22855000 0.98502830
0.22865000 0.98635550
0.22875000 0.98768340
0.22885000 0.98901220
0.22895000 0.99034150
0.22905000 0.99167170
0.22915000 0.99300260
0.22925000 0.99433430
0.22935000 0.99566670
0.22945000 0.99699970
0.22955000 0.99833370
0.22965000 0.99966830
0.22975000 1.00100360
0.22985000 1.00233970
0.22995000 1.00367650
0.23005000 1.00501410
0.23015000 1.00635240
0.23025000 1.00769140
0.23035000 1.00903120
0.23045000 1.01037170
0.23055000 1.01171290
0.23065000 1.01305500
0.23075000 1.01439760
0.23085000 1.01574110
0.23095000 1.01708530
0.23105000 1.01843020
0.23115000 1.01977590
0.23125000 1.02112220
0.23135000 1.02246940
0.23145000 1.02381720
0.23155000 1.02516580
0.23165000 1.02651510
0.23175000 0.99003560
0.23185000 0.99137090
0.23195000 0.99270670
0.23205000 0.99404340
0.23215000 0.99538080
0.23225000 0.99671900
0.23235000 0.99805790
0.23245000 0.99939750
0.23255000 1.00073780
0.23265000 1.00207900
0.23275000 1.00342090
0.23285000 1.00476350
0.23295000 1.00610680
0.23305000 1.00745100
0.23315000 1.00879570
0.23325000 1.01014130
0.23335000 1.01148770
0.23345000 1.01283460
0.23355000 1.01418250
0.23365000 1.01553100
0.23375000 1.01688030
0.23385000 1.01823020
0.23395000 1.01958100
0.23405000 1.02093250
0.23415000 1.02228470
0.23425000 1.02363760
0.23435000 1.02499130
0.23445000 1.02634570
0.23455000 1.02770090
0.23465000 1.02905670
0.23475000 1.03041340
0.23485000 1.03177070
0.23495000 1.03312890
0.23505000 1.03448760
0.23515000 1.03584720
0.23525000 1.03720740
0.23535000 1.03856850
0.23545000 1.03993020
0.23555000 1.04129270
0.23565000 1.04265590
0.23575000 1.04401980
0.23585000 1.04538450
0.23595000 1.04674990
0.23605000 1.04811600
0.23615000 1.04948290
0.23625000 1.05085040
0.23635000 1.05221870
0.23645000 1.05358780
0.23655000 1.05495750
0.23665000 1.05632800
0.23675000 1.05769920
0.23685000 1.05907120
0.23695000 1.06044380
0.23705000 1.06181720
0.23715000 1.06319130
0.23725000 1.06456610
0.23735000 1.06594170
0.23745000 1.06731790
0.23755000 1.06869500
0.23765000 1.07007270
0.23775000 1.07145110
0.23785000 1.07283030
0.23795000 1.07421010
0.23805000 1.07559080
0.23815000 1.07697210
0.23825000 1.07835410
0.23835000 1.07973690
0.23845000 1.08112040
0.23855000 1.08250460
0.23865000 1.08388950
0.23875000 1.08527510
0.23885000 1.08666150
0.23895000 1.08804860
0.23905000 1.08943630
0.23915000 1.09082480
0.23925000 1.09221410
0.23935000 1.09360400
0.23945000 1.09499460
0.23955000 1.09638600
0.23965000 1.09777810
0.23975000 1.09917090
0.23985000 1.10056430
0.23995000 1.10195860
0.24005000 1.10335350
0.24015000 1.10474920
0.24025000 1.10614550
0.24035000 1.10754250
0.24045000 1.10894040
0.24055000 1.11033880
0.24065000 1.11173800
0.24075000 1.07434250
0.24085000 1.07572840
0.24095000 1.07711490
0.24105000 1.07850230
0.24115000 1.07989030
0.24125000 1.08127910
0.24135000 1.08266860
0.24145000 1.08405870
0.24155000 1.08544970
0.24165000 1.08684140
0.24175000 1.08823360
0.24185000 1.08962680
0.24195000 1.09102060
0.24205000 1.09241510
0.24215000 1.09381030
0.24225000 1.09520630
0.24235000 1.09660300
0.24245000 1.09800030
0.24255000 1.09939850
0.24265000 1.10079730
0.24275000 1.10219680
0.24285000 1.10359710
0.24295000 1.10499800
0.24305000 1.10639980
0.24315000 1.10780210
0.24325000 1.10920520
0.24335000 1.11060910
0.24345000 1.11201360
0.24355000 1.11341890
0.24365000 1.11482480
0.24375000 1.11623150
0.24385000 1.11763880
0.24395000 1.11904700
0.24405000 1.12045580
0.24415000 1.12186530
0.24425000 1.12327550
0.24435000 1.12468650
0.24445000 1.12609800
0.24455000 1.12751050
0.24465000 1.12892350
0.24475000 1.13033730
0.24485000 1.13175170
0.24495000 1.13316700
0.24505000 1.13458280
0.24515000 1.13599940
0.24525000 1.13741670
0.24535000 1.13883480
0.24545000 1.14025340
0.24555000 1.14167290
0.24565000 1.14309290
0.24575000 1.14451380
0.24585000 1.14593530
0.24595000 1.14735760
0.24605000 1.14878040
0.24615000 1.15020410
0.24625000 1.15162850
0.24635000 1.15305340
0.24645000 1.15447920
0.24655000 1.15590570
0.24665000 1.15733270
0.24675000 1.15876060
0.24685000 1.16018920
0.24695000 1.16161830
0.24705000 1.16304830
0.24715000 1.16447900
0.24725000 1.16591020
0.24735000 1.16734230
0.24745000 1.16877500
0.24755000 1.17020840
0.24765000 1.17164250
0.24775000 1.17307730
0.24785000 1.17451280
0.24795000 1.17594910
0.24805000 1.17738590
0.24815000 1.17882350
0.24825000 1.18026170
0.24835000 1.18170080
0.24845000 1.18314040
0.24855000 1.18458070
0.24865000 1.18602180
0.24875000 1.18746360
0.24885000 1.18890590
0.24895000 1.19034910
0.24905000 1.19179290
0.24915000 1.19323740
0.24925000 1.19468260
0.24935000 1.19612850
0.24945000 1.19757500
0.24955000 1.15933800
0.24965000 1.16077200
0.24975000 1.16220670
0.24985000 1.16364210
0.24995000 1.16507820
0.25005000 1.16651510
0.25015000 1.16795260
0.25025000 1.16939080
0.25035000 1.17082970
0.25045000 1.17226930
0.25055000 1.17370970
0.25065000 1.17515060
0.25075000 1.17659240
0.25085000 1.17803470
0.25095000 1.17947790
0.25105000 1.18092170
0.25115000 1.18236610
0.25125000 1.18381140
0.25135000 1.18525720
0.25145000 1.18670380
0.25155000 1.18815110
0.25165000 1.18959900
0.25175000 1.19104770
0.25185000 1.19249710
0.25195000 1.19394710
0.25205000 1.19539780
0.25215000 1.19684920
0.25225000 1.19830140
0.25235000 1.19975420
0.25245000 1.20120760
0.25255000 1.20266190
0.25265000 1.20411670
0.25275000 1.20557230
0.25285000 1.20702860
0.25295000 1.20848550
0.25305000 1.20994310
0.25315000 1.21140150
0.25325000 1.21286050
0.25335000 1.21432010
0.25345000 1.21578050
0.25355000 1.21724160
0.25365000 1.21870340
0.25375000 1.22016570
0.25385000 1.22162890
0.25395000 1.22309270
0.25405000 1.22455720
0.25415000 1.22602240
0.25425000 1.22748820
0.25435000 1.22895470
0.25445000 1.23042200
0.25455000 1.23188980
0.25465000 1.23335840
0.25475000 1.23482770
0.25485000 1.23629770
0.25495000 1.23776820
0.25505000 1.23923960
0.25515000 1.24071150
0.25525000 1.24218420
0.25535000 1.24365760
0.25545000 1.24513150
0.25555000 1.24660630
0.25565000 1.24808160
0.25575000 1.24955770
0.25585000 1.25103440
0.25595000 1.25251180
0.25605000 1.25398980
0.25615000 1.25546860
0.25625000 1.25694810
0.25635000 1.25842810
0.25645000 1.25990890
0.25655000 1.26139040
0.25665000 1.26287250
0.25675000 1.26435530
0.25685000 1.26583870
0.25695000 1.26732290
0.25705000 1.26880770
0.25715000 1.27029310
0.25725000 1.27177930
0.25735000 1.27326620
0.25745000 1.27475360
0.25755000 1.27624180
0.25765000 1.27773060
0.25775000 1.27922010
0.25785000 1.28071030
0.25795000 1.28220110
0.25805000 1.24320450
0.25815000 1.24468340
0.25825000 1.24616310
0.25835000 1.24764340
0.25845000 1.24912450
0.25855000 1.25060630
0.25865000 1.25208860
0.25875000 1.25357170
0.25885000 1.25505540
0.25895000 1.25653990
0.25905000 1.25802500
0.25915000 1.25951080
0.25925000 1.26099720
0.25935000 1.26248440
0.25945000 1.26397220
0.25955000 1.26546060
0.25965000 1.26694990
0.25975000 1.26843960
0.25985000 1.26993020
0.25995000 1.27142180
0.26005000 1.27291300
0.26015000 1.27440600
0.26025000 1.27589800
0.26035000 1.27739300
0.26045000 1.27888800
0.26055000 1.28038200
0.26065000 1.28187900
0.26075000 1.28337500
0.26085000 1.28487200
0.26095000 1.28637000
0.26105000 1.28786900
0.26115000 1.28936800
0.26125000 1.29086800
0.26135000 1.29236800
0.26145000 1.29387000
0.26155000 1.29537100
0.26165000 1.29687400
0.26175000 1.29837800
0.26185000 1.29988100
0.26195000 1.30138600
0.26205000 1.30289100
0.26215000 1.30439700
0.26225000 1.30590300
0.26235000 1.30741100
0.26245000 1.30891800
0.26255000 1.31042700
0.26265000 1.31193700
0.26275000 1.31344600
0.26285000 1.31495700
0.26295000 1.31646800
0.26305000 1.31797900
0.26315000 1.31949300
0.26325000 1.32100500
0.26335000 1.32252000
0.26345000 1.32403300
0.26355000 1.32554900
0.26365000 1.32706500
0.26375000 1.32858100
0.26385000 1.33009900
0.26395000 1.33161600
0.26405000 1.33313400
0.26415000 1.33465400
0.26425000 1.33617300
0.26435000 1.33769400
0.26445000 1.33921500
0.26455000 1.34073700
0.26465000 1.34225900
0.26475000 1.34378200
0.26485000 1.34530500
0.26495000 1.34683000
0.26505000 1.34835500
0.26515000 1.34988100
0.26525000 1.35140700
0.26535000 1.35293400
0.26545000 1.35446100
0.26555000 1.35599000
0.26565000 1.35751800
0.26575000 1.35904800
0.26585000 1.36057900
0.26595000 1.36210900
0.26605000 1.36364000
0.26615000 1.36517300
0.26625000 1.32549100
0.26635000 1.32701300
0.26645000 1.32853400
0.26655000 1.33005600
0.26665000 1.33157900
0.26675000 1.33310300
0.26685000 1.33462700
0.26695000 1.33615100
0.26705000 1.33767800
0.26715000 1.33920400
0.26725000 1.34073000
0.26735000 1.34225800
0.26745000 1.34378700
0.26755000 1.34531500
0.26765000 1.34684500
0.26775000 1.34837500
0.26785000 1.34990500
0.26795000 1.35143700
0.26805000 1.35297000
0.26815000 1.35450200
0.26825000 1.35603500
0.26835000 1.35757000
0.26845000 1.35910400
0.26855000 1.36064000
0.26865000 1.36217600
0.26875000 1.36371200
0.26885000 1.36525000
0.26895000 1.36678800
0.26905000 1.36832600
0.26915000 1.36986600
0.26925000 1.37140500
0.26935000 1.37294700
0.26945000 1.37448700
0.26955000 1.37603000
0.26965000 1.37757100
0.26975000 1.37911500
0.26985000 1.38065900
0.26995000 1.38220400
0.27005000 1.38374800
0.27015000 1.38529400
0.27025000 1.38684100
0.27035000 1.38838800
0.27045000 1.38993500
0.27055000 1.39148400
0.27065000 1.39303200
0.27075000 1.39458300
0.27085000 1.39613200
0.27095000 1.39768400
0.27105000 1.39923500
0.27115000 1.40078700
0.27125000 1.40234000
0.27135000 1.40389300
0.27145000 1.40544800
0.27155000 1.40700200
0.27165000 1.40855800
0.27175000 1.41011400
0.27185000 1.41167000
0.27195000 1.41322800
0.27205000 1.41478500
0.27215000 1.41634500
0.27225000 1.41790300
0.27235000 1.41946300
0.27245000 1.42102400
0.27255000 1.42258500
0.27265000 1.42414600
0.27275000 1.42570900
0.27285000 1.42727200
0.27295000 1.42883600
0.27305000 1.43040000
0.27315000 1.43196500
0.27325000 1.43353000
0.27335000 1.43509700
0.27345000 1.43666300
0.27355000 1.43823100
0.27365000 1.43979900
0.27375000 1.44136800
0.27385000 1.44293700
0.27395000 1.44450700
0.27405000 1.44607700
0.27415000 1.40578000
0.27425000 1.40734000
0.27435000 1.40890100
0.27445000 1.41046200
0.27455000 1.41202400
0.27465000 1.41358700
0.27475000 1.41514900
0.27485000 1.41671400
0.27495000 1.41827800
0.27505000 1.41984400
0.27515000 1.42140900
0.27525000 1.42297500
0.27535000 1.42454300
0.27545000 1.42611000
0.27555000 1.42767900
0.27565000 1.42924700
0.27575000 1.43081800
0.27585000 1.43238700
0.27595000 1.43395800
0.27605000 1.43553000
0.27615000 1.43710200
0.27625000 1.43867500
0.27635000 1.44024800
0.27645000 1.44182200
0.27655000 1.44339700
0.27665000 1.44497200
0.27675000 1.44654900
0.27685000 1.44812400
0.27695000 1.44970200
0.27705000 1.45128000
0.27715000 1.45285800
0.27725000 1.45443700
0.27735000 1.45601700
0.27745000 1.45759700
0.27755000 1.45917900
0.27765000 1.46076000
0.27775000 1.46234200
0.27785000 1.46392500
0.27795000 1.46550800
0.27805000 1.46709200
0.27815000 1.46867800
0.27825000 1.47026200
0.27835000 1.47184900
0.27845000 1.47343500
0.27855000 1.47502200
0.27865000 1.47661000
0.27875000 1.47819900
0.27885000 1.47978800
0.27895000 1.48137700
0.27905000 1.48296800
0.27915000 1.48455900
0.27925000 1.48615000
0.27935000 1.48774300
0.27945000 1.48933500
0.27955000 1.49092900
0.27965000 1.49252300
0.27975000 1.49411700
0.27985000 1.49571300
0.27995000 1.49730900
0.28005000 1.49890500
0.28015000 1.50050300
0.28025000 1.50210000
0.28035000 1.50369800
0.28045000 1.50529800
0.28055000 1.50689700
0.28065000 1.50849700
0.28075000 1.51009900
0.28085000 1.51169900
0.28095000 1.51330200
0.28105000 1.51490500
0.28115000 1.51650700
0.28125000 1.51811200
0.28135000 1.51971600
0.28145000 1.52132100
0.28155000 1.52292700
0.28165000 1.52453400
0.28175000 1.52614000
0.28185000 1.48527900
0.28195000 1.48687600
0.28205000 1.48847300
0.28215000 1.49007100
0.28225000 1.49167100
0.28235000 1.49327000
0.28245000 1.49487000
0.28255000 1.49647000
0.28265000 1.49807200
0.28275000 1.49967400
0.28285000 1.50127600
0.28295000 1.50288000
0.28305000 1.50448400
0.28315000 1.50608700
0.28325000 1.50769300
0.28335000 1.50929900
0.28345000 1.51090500
0.28355000 1.51251100
0.28365000 1.51412000
0.28375000 1.51572700
0.28385000 1.51733600
0.28395000 1.51894500
0.28405000 1.52055600
0.28415000 1.52216600
0.28425000 1.52377700
0.28435000 1.52538900
0.28445000 1.52700100
0.28455000 1.52861400
0.28465000 1.53022800
0.28475000 1.53184300
0.28485000 1.53345700
0.28495000 1.53507200
0.28505000 1.53668900
0.28515000 1.53830500
0.28525000 1.53992300
0.28535000 1.54154000
0.28545000 1.54315900
0.28555000 1.54477900
0.28565000 1.54639700
0.28575000 1.54801900
0.28585000 1.54963900
0.28595000 1.55126000
0.28605000 1.55288300
0.28615000 1.55450600
0.28625000 1.55612900
0.28635000 1.55775300
0.28645000 1.55937700
0.28655000 1.56100300
0.28665000 1.56262900
0.28675000 1.56425400
0.28685000 1.56588200
0.28695000 1.56751000
0.28705000 1.56913700
0.28715000 1.57076700
0.28725000 1.57239600
0.28735000 1.57402500
0.28745000 1.57565700
0.28755000 1.57728700
0.28765000 1.57892000
0.28775000 1.58055200
0.28785000 1.58218400
0.28795000 1.58381900
0.28805000 1.58545200
0.28815000 1.58708800
0.28825000 1.58872200
0.28835000 1.59035900
0.28845000 1.59199500
0.28855000 1.59363300
0.28865000 1.59527000
0.28875000 1.59690800
0.28885000 1.59854800
0.28895000 1.60018700
0.28905000 1.60182700
0.28915000 1.60346800
0.28925000 1.60510900
0.28935000 1.56373200
0.28945000 1.56536400
0.28955000 1.56699600
0.28965000 1.56862900
0.28975000 1.57026300
0.28985000 1.57189700
0.28995000 1.57353200
0.29005000 1.57516700
0.29015000 1.57680400
0.29025000 1.57844000
0.29035000 1.58007800
0.29045000 1.58171500
0.29055000 1.58335400
0.29065000 1.58499300
0.29075000 1.58663300
0.29085000 1.58827300
0.29095000 1.58991400
0.29105000 1.59155600
0.29115000 1.59319700
0.29125000 1.59484000
0.29135000 1.59648400
0.29145000 1.59812700
0.29155000 1.59977200
0.29165000 1.60141700
0.29175000 1.60306300
0.29185000 1.60470900
0.29195000 1.60635500
0.29205000 1.60800400
0.29215000 1.60965100
0.29225000 1.61130000
0.29235000 1.61294900
0.29245000 1.61459900
0.29255000 1.61624900
0.29265000 1.61790100
0.29275000 1.61955200
0.29285000 1.62120400
0.29295000 1.62285700
0.29305000 1.62451000
0.29315000 1.62616400
0.29325000 1.62781900
0.29335000 1.62947400
0.29345000 1.63112900
0.29355000 1.63278600
0.29365000 1.63444300
0.29375000 1.63610100
0.29385000 1.63775800
0.29395000 1.63941700
0.29405000 1.64107600
0.29415000 1.64273600
0.29425000 1.64439700
0.29435000 1.64605700
0.29445000 1.64772000
0.29455000 1.64938100
0.29465000 1.65104400
0.29475000 1.65270700
0.29485000 1.65437100
0.29495000 1.65603600
0.29505000 1.65770100
0.29515000 1.65936700
0.29525000 1.66103200
0.29535000 1.66270000
0.29545000 1.66436700
0.29555000 1.66603500
0.29565000 1.66770300
0.29575000 1.66937300
0.29585000 1.67104200
0.29595000 1.67271300
0.29605000 1.67438300
0.29615000 1.67605500
0.29625000 1.67772700
0.29635000 1.67940000
0.29645000 1.68107300
0.29655000 1.68274600
0.29665000 1.68442100
0.29675000 1.64256300
0.29685000 1.64422800
0.29695000 1.64589400
0.29705000 1.64756000
0.29715000 1.64922800
0.29725000 1.65089500
0.29735000 1.65256400
0.29745000 1.65423300
0.29755000 1.65590200
0.29765000 1.65757200
0.29775000 1.65924300
0.29785000 1.66091400
0.29795000 1.66258600
0.29805000 1.66425800
0.29815000 1.66593100
0.29825000 1.66760500
0.29835000 1.66927900
0.29845000 1.67095400
0.29855000 1.67262900
0.29865000 1.67430500
0.29875000 1.67598100
0.29885000 1.67765800
0.29895000 1.67933700
0.29905000 1.68101400
0.29915000 1.68269300
0.29925000 1.68437200
0.29935000 1.68605200
0.29945000 1.68773300
0.29955000 1.68941400
0.29965000 1.69109500
0.29975000 1.69277800
0.29985000 1.69446100
0.29995000 1.69614400
0.30005000 1.69782700
0.30015000 1.69951300
0.30025000 1.70119700
0.30035000 1.70288300
0.30045000 1.70457000
0.30055000 1.70625600
0.30065000 1.70794400
0.30075000 1.70963100
0.30085000 1.71132000
0.30095000 1.71300900
0.30105000 1.71469900
0.30115000 1.71638900
0.30125000 1.71808000
0.30135000 1.71977100
0.30145000 1.72146300
0.30155000 1.72315600
0.30165000 1.72484900
0.30175000 1.72654200
0.30185000 1.72823600
0.30195000 1.72993200
0.30205000 1.73162600
0.30215000 1.73332300
0.30225000 1.73501900
0.30235000 1.73671600
0.30245000 1.73841400
0.30255000 1.74011200
0.30265000 1.74181000
0.30275000 1.74351000
0.30285000 1.74521000
0.30295000 1.74691000
0.30305000 1.74861100
0.30315000 1.75031200
0.30325000 1.75201500
0.30335000 1.75371700
0.30345000 1.75542100
0.30355000 1.75712400
0.30365000 1.75882800
0.30375000 1.76053400
0.30385000 1.71824600
0.30395000 1.71994200
0.30405000 1.72163900
0.30415000 1.72333700
0.30425000 1.72503500
0.30435000 1.72673300
0.30445000 1.72843300
0.30455000 1.73013300
0.30465000 1.73183300
0.30475000 1.73353400
0.30485000 1.73523600
0.30495000 1.73693800
0.30505000 1.73864000
0.30515000 1.74034300
0.30525000 1.74204800
0.30535000 1.74375200
0.30545000 1.74545600
0.30555000 1.74716200
0.30565000 1.74886900
0.30575000 1.75057400
0.30585000 1.75228200
0.30595000 1.75399000
0.30605000 1.75569800
0.30615000 1.75740700
0.30625000 1.75911600
0.30635000 1.76082600
0.30645000 1.76253700
0.30655000 1.76424800
0.30665000 1.76595900
0.30675000 1.76767200
0.30685000 1.76938500
0.30695000 1.77109700
0.30705000 1.77281200
0.30715000 1.77452600
0.30725000 1.77624100
0.30735000 1.77795700
0.30745000 1.77967300
0.30755000 1.78138900
0.30765000 1.78310700
0.30775000 1.78482400
0.30785000 1.78654300
0.30795000 1.78826200
0.30805000 1.78998100
0.30815000 1.79170100
0.30825000 1.79342100
0.30835000 1.79514300
0.30845000 1.79686400
0.30855000 1.79858700
0.30865000 1.80030900
0.30875000 1.80203200
0.30885000 1.80375700
0.30895000 1.80548000
0.30905000 1.80720600
0.30915000 1.80893100
0.30925000 1.81065700
0.30935000 1.81238400
0.30945000 1.81411100
0.30955000 1.81583800
0.30965000 1.81756700
0.30975000 1.81929600
0.30985000 1.82102500
0.30995000 1.82275400
0.31005000 1.82448600
0.31015000 1.82621600
0.31025000 1.82794700
0.31035000 1.82968000
0.31045000 1.83141200
0.31055000 1.83314600
0.31065000 1.83487900
0.31075000 1.83661300
0.31085000 1.79392600
0.31095000 1.79565200
0.31105000 1.79737800
0.31115000 1.79910600
0.31125000 1.80083400
0.31135000 1.80256300
0.31145000 1.80429100
0.31155000 1.80602100
0.31165000 1.80775100
0.31175000 1.80948100
0.31185000 1.81121300
0.31195000 1.81294400
0.31205000 1.81467700
0.31215000 1.81640900
0.31225000 1.81814300
0.31235000 1.81987700
0.31245000 1.82161100
0.31255000 1.82334600
0.31265000 1.82508100
0.31275000 1.82681800
0.31285000 1.82855400
0.31295000 1.83029200
0.31305000 1.83202900
0.31315000 1.83376800
0.31325000 1.83550600
0.31335000 1.83724600
0.31345000 1.83898500
0.31355000 1.84072600
0.31365000 1.84246700
0.31375000 1.84420900
0.31385000 1.84595000
0.31395000 1.84769300
0.31405000 1.84943600
0.31415000 1.85118000
0.31425000 1.85292500
0.31435000 1.85466900
0.31445000 1.85641400
0.31455000 1.85816000
0.31465000 1.85990600
0.31475000 1.86165400
0.31485000 1.86340000
0.31495000 1.86514900
0.31505000 1.86689700
0.31515000 1.86864700
0.31525000 1.87039600
0.31535000 1.87214600
0.31545000 1.87389700
0.31555000 1.87564800
0.31565000 1.87739900
0.31575000 1.87915200
0.31585000 1.88090500
0.31595000 1.88265800
0.31605000 1.88441200
0.31615000 1.88616600
0.31625000 1.88792200
0.31635000 1.88967600
0.31645000 1.89143300
0.31655000 1.89318900
0.31665000 1.89494700
0.31675000 1.89670400
0.31685000 1.89846200
0.31695000 1.90022000
0.31705000 1.90198000
0.31715000 1.90374000
0.31725000 1.90549900
0.31735000 1.90726100
0.31745000 1.90902200
0.31755000 1.91078300
0.31765000 1.86773300
0.31775000 1.86948700
0.31785000 1.87124100
0.31795000 1.87299700
0.31805000 1.87475300
0.31815000 1.87650900
0.31825000 1.87826600
0.31835000 1.88002400
0.31845000 1.88178100
0.31855000 1.88354000
0.31865000 1.88529900
0.31875000 1.88705800
0.31885000 1.88881900
0.31895000 1.89057900
0.31905000 1.89234100
0.31915000 1.89410200
0.31925000 1.89586400
0.31935000 1.89762700
0.31945000 1.89939000
0.31955000 1.90115400
0.31965000 1.90291900
0.31975000 1.90468300
0.31985000 1.90644900
0.31995000 1.90821500
0.32005000 1.90998100
0.32015000 1.91174800
0.32025000 1.91351600
0.32035000 1.91528300
0.32045000 1.91705200
0.32055000 1.91882200
0.32065000 1.92059100
0.32075000 1.92236100
0.32085000 1.92413100
0.32095000 1.92590300
0.32105000 1.92767500
0.32115000 1.92944700
0.32125000 1.93121900
0.32135000 1.93299300
0.32145000 1.93476700
0.32155000 1.93654100
0.32165000 1.93831600
0.32175000 1.94009100
0.32185000 1.94186700
0.32195000 1.94364300
0.32205000 1.94542100
0.32215000 1.94719800
0.32225000 1.94897600
0.32235000 1.95075400
0.32245000 1.95253300
0.32255000 1.95431300
0.32265000 1.95609300
0.32275000 1.95787300
0.32285000 1.95965500
0.32295000 1.96143600
0.32305000 1.96321800
0.32315000 1.96500100
0.32325000 1.96678400
0.32335000 1.96856700
0.32345000 1.97035200
0.32355000 1.97213600
0.32365000 1.97392200
0.32375000 1.97570700
0.32385000 1.97749400
0.32395000 1.97928000
0.32405000 1.98106800
0.32415000 1.98285500
0.32425000 1.98464300
0.32435000 1.94125500
0.32445000 1.94303600
0.32455000 1.94481700
0.32465000 1.94660000
0.32475000 1.94838200
0.32485000 1.95016500
0.32495000 1.95195000
0.32505000 1.95373300
0.32515000 1.95551800
0.32525000 1.95730300
0.32535000 1.95908900
0.32545000 1.96087500
0.32555000 1.96266200
0.32565000 1.96444900
0.32575000 1.96623700
0.32585000 1.96802600
0.32595000 1.96981400
0.32605000 1.97160300
0.32615000 1.97339400
0.32625000 1.97518400
0.32635000 1.97697500
0.32645000 1.97876600
0.32655000 1.98055800
0.32665000 1.98235000
0.32675000 1.98414400
0.32685000 1.98593700
0.32695000 1.98773100
0.32705000 1.98952500
0.32715000 1.99132100
0.32725000 1.99311500
0.32735000 1.99491200
0.32745000 1.99670900
0.32755000 1.99850500
0.32765000 2.00030300
0.32775000 2.00210100
0.32785000 2.00390000
0.32795000 2.00569900
0.32805000 2.00749800
0.32815000 2.00929800
0.32825000 2.01109900
0.32835000 2.01290000
0.32845000 2.01470200
0.32855000 2.01650300
0.32865000 2.01830700
0.32875000 2.02010900
0.32885000 2.02191300
0.32895000 2.02371700
0.32905000 2.02552200
0.32915000 2.02732700
0.32925000 2.02913200
0.32935000 2.03093900
0.32945000 2.03274500
0.32955000 2.03455300
0.32965000 2.03636000
0.32975000 2.03816800
0.32985000 2.03997700
0.32995000 2.04178600
0.33005000 2.04359500
0.33015000 2.04540600
0.33025000 2.04721600
0.33035000 2.04902700
0.33045000 2.05083900
0.33055000 2.05265100
0.33065000 2.05446400
0.33075000 2.05627700
0.33085000 2.05809100
0.33095000 2.01438800
0.33105000 2.01619500
0.33115000 2.01800200
0.33125000 2.01981000
0.33135000 2.02161900
0.33145000 2.02342700
0.33155000 2.02523700
0.33165000 2.02704700
0.33175000 2.02885600
0.33185000 2.03066800
0.33195000 2.03247900
0.33205000 2.03429100
0.33215000 2.03610300
0.33225000 2.03791600
0.33235000 2.03973000
0.33245000 2.04154300
0.33255000 2.04335700
0.33265000 2.04517300
0.33275000 2.04698800
0.33285000 2.04880300
0.33295000 2.05062000
0.33305000 2.05243700
0.33315000 2.05425400
0.33325000 2.05607200
0.33335000 2.05789000
0.33345000 2.05970900
0.33355000 2.06152900
0.33365000 2.06334800
0.33375000 2.06516800
0.33385000 2.06699000
0.33395000 2.06881000
0.33405000 2.07063300
0.33415000 2.07245400
0.33425000 2.07427800
0.33435000 2.07610100
0.33445000 2.07792400
0.33455000 2.07974900
0.33465000 2.08157300
0.33475000 2.08339900
0.33485000 2.08522500
0.33495000 2.08705000
0.33505000 2.08887800
0.33515000 2.09070400
0.33525000 2.09253200
0.33535000 2.09436100
0.33545000 2.09618900
0.33555000 2.09801800
0.33565000 2.09984800
0.33575000 2.10167800
0.33585000 2.10350900
0.33595000 2.10534000
0.33605000 2.10717100
0.33615000 2.10900300
0.33625000 2.11083600
0.33635000 2.11266900
0.33645000 2.11450300
0.33655000 2.11633600
0.33665000 2.11817100
0.33675000 2.12000600
0.33685000 2.12184200
0.33695000 2.12367700
0.33705000 2.12551400
0.33715000 2.12735100
0.33725000 2.12918800
0.33735000 2.08520200
0.33745000 2.08703400
0.33755000 2.08886500
0.33765000 2.09069600
0.33775000 2.09252900
0.33785000 2.09436300
0.33795000 2.09619500
0.33805000 2.09802900
0.33815000 2.09986400
0.33825000 2.10169900
0.33835000 2.10353400
0.33845000 2.10536900
0.33855000 2.10720600
0.33865000 2.10904300
0.33875000 2.11088100
0.33885000 2.11271800
0.33895000 2.11455600
0.33905000 2.11639500
0.33915000 2.11823400
0.33925000 2.12007400
0.33935000 2.12191400
0.33945000 2.12375500
0.33955000 2.12559600
0.33965000 2.12743800
0.33975000 2.12927900
0.33985000 2.13112300
0.33995000 2.13296500
0.34005000 2.13480900
0.34015000 2.13665300
0.34025000 2.13849800
0.34035000 2.14034300
0.34045000 2.14218800
0.34055000 2.14403400
0.34065000 2.14588100
0.34075000 2.14772700
0.34085000 2.14957500
0.34095000 2.15142300
0.34105000 2.15327100
0.34115000 2.15512000
0.34125000 2.15696900
0.34135000 2.15881900
0.34145000 2.16067000
0.34155000 2.16252000
0.34165000 2.16437100
0.34175000 2.16622300
0.34185000 2.16807500
0.34195000 2.16992800
0.34205000 2.17178100
0.34215000 2.17363400
0.34225000 2.17548900
0.34235000 2.17734300
0.34245000 2.17919800
0.34255000 2.18105300
0.34265000 2.18291000
0.34275000 2.18476500
0.34285000 2.18662300
0.34295000 2.18848000
0.34305000 2.19033800
0.34315000 2.19219600
0.34325000 2.19405500
0.34335000 2.19591400
0.34345000 2.19777400
0.34355000 2.19963400
0.34365000 2.15538600
0.34375000 2.15723900
0.34385000 2.15909500
0.34395000 2.16094900
0.34405000 2.16280500
0.34415000 2.16466000
0.34425000 2.16651800
0.34435000 2.16837400
0.34445000 2.17023100
0.34455000 2.17208900
0.34465000 2.17394800
0.34475000 2.17580700
0.34485000 2.17766500
0.34495000 2.17952600
0.34505000 2.18138500
0.34515000 2.18324700
0.34525000 2.18510700
0.34535000 2.18696900
0.34545000 2.18883200
0.34555000 2.19069300
0.34565000 2.19255700
0.34575000 2.19442100
0.34585000 2.19628400
0.34595000 2.19814900
0.34605000 2.20001300
0.34615000 2.20187900
0.34625000 2.20374500
0.34635000 2.20561200
0.34645000 2.20747800
0.34655000 2.20934500
0.34665000 2.21121300
0.34675000 2.21308100
0.34685000 2.21494900
0.34695000 2.21681900
0.34705000 2.21868900
0.34715000 2.22055800
0.34725000 2.22242900
0.34735000 2.22430000
0.34745000 2.22617100
0.34755000 2.22804300
0.34765000 2.22991600
0.34775000 2.23178800
0.34785000 2.23366100
0.34795000 2.23553600
0.34805000 2.23740900
0.34815000 2.23928400
0.34825000 2.24115900
0.34835000 2.24303500
0.34845000 2.24491100
0.34855000 2.24678700
0.34865000 2.24866400
0.34875000 2.25054100
0.34885000 2.25242000
0.34895000 2.25429700
0.34905000 2.25617700
0.34915000 2.25805500
0.34925000 2.25993500
0.34935000 2.26181600
0.34945000 2.26369600
0.34955000 2.26557700
0.34965000 2.26745800
0.34975000 2.26934000
0.34985000 2.22485000
0.34995000 2.22672500
0.35005000 2.22860200
0.35015000 2.23047900
0.35025000 2.23235700
0.35035000 2.23423500
0.35045000 2.23611300
0.35055000 2.23799200
0.35065000 2.23987200
0.35075000 2.24175100
0.35085000 2.24363200
0.35095000 2.24551200
0.35105000 2.24739400
0.35115000 2.24927600
0.35125000 2.25115700
0.35135000 2.25304000
0.35145000 2.25492300
0.35155000 2.25680700
0.35165000 2.25869100
0.35175000 2.26057500
0.35185000 2.26246000
0.35195000 2.26434500
0.35205000 2.26623100
0.35215000 2.26811700
0.35225000 2.27000400
0.35235000 2.27189100
0.35245000 2.27377900
0.35255000 2.27566700
0.35265000 2.27755500
0.35275000 2.27944400
0.35285000 2.28133400
0.35295000 2.28322300
0.35305000 2.28511400
0.35315000 2.28700500
0.35325000 2.28889500
0.35335000 2.29078800
0.35345000 2.29267900
0.35355000 2.29457200
0.35365000 2.29646500
0.35375000 2.29835900
0.35385000 2.30025200
0.35395000 2.30214700
0.35405000 2.30404100
0.35415000 2.30593700
0.35425000 2.30783200
0.35435000 2.30972900
0.35445000 2.31162500
0.35455000 2.31352200
0.35465000 2.31541900
0.35475000 2.31731800
0.35485000 2.31921600
0.35495000 2.32111400
0.35505000 2.32301400
0.35515000 2.32491300
0.35525000 2.32681400
0.35535000 2.32871400
0.35545000 2.33061500
0.35555000 2.33251700
0.35565000 2.33441800
0.35575000 2.33632100
0.35585000 2.33822300
0.35595000 2.29350900
0.35605000 2.29540500
0.35615000 2.29730400
0.35625000 2.29920100
0.35635000 2.30110100
0.35645000 2.30299900
0.35655000 2.30489900
0.35665000 2.30679900
0.35675000 2.30869900
0.35685000 2.31060000
0.35695000 2.31250200
0.35705000 2.31440300
0.35715000 2.31630500
0.35725000 2.31820900
0.35735000 2.32011100
0.35745000 2.32201500
0.35755000 2.32391800
0.35765000 2.32582300
0.35775000 2.32772800
0.35785000 2.32963400
0.35795000 2.33153900
0.35805000 2.33344500
0.35815000 2.33535200
0.35825000 2.33725900
0.35835000 2.33916600
0.35845000 2.34107500
0.35855000 2.34298300
0.35865000 2.34489100
0.35875000 2.34680100
0.35885000 2.34871100
0.35895000 2.35062000
0.35905000 2.35253200
0.35915000 2.35444200
0.35925000 2.35635400
0.35935000 2.35826500
0.35945000 2.36017800
0.35955000 2.36209100
0.35965000 2.36400400
0.35975000 2.36591800
0.35985000 2.36783100
0.35995000 2.36974600
0.36005000 2.37166100
0.36015000 2.37357700
0.36025000 2.37549200
0.36035000 2.37740800
0.36045000 2.37932500
0.36055000 2.38124200
0.36065000 2.38316000
0.36075000 2.38507700
0.36085000 2.38699600
0.36095000 2.38891500
0.36105000 2.39083400
0.36115000 2.39275300
0.36125000 2.39467400
0.36135000 2.39659400
0.36145000 2.39851500
0.36155000 2.40043700
0.36165000 2.40235800
0.36175000 2.40428100
0.36185000 2.40620300
0.36195000 2.36128200
0.36205000 2.36319900
0.36215000 2.36511700
0.36225000 2.36703500
0.36235000 2.36895400
0.36245000 2.37087400
0.36255000 2.37279300
0.36265000 2.37471300
0.36275000 2.37663400
0.36285000 2.37855400
0.36295000 2.38047600
0.36305000 2.38239800
0.36315000 2.38432000
0.36325000 2.38624300
0.36335000 2.38816600
0.36345000 2.39009000
0.36355000 2.39201300
0.36365000 2.39393800
0.36375000 2.39586300
0.36385000 2.39778800
0.36395000 2.39971300
0.36405000 2.40164000
0.36415000 2.40356700
0.36425000 2.40549300
0.36435000 2.40742100
0.36445000 2.40934800
0.36455000 2.41127700
0.36465000 2.41320500
0.36475000 2.41513500
0.36485000 2.41706400
0.36495000 2.41899400
0.36505000 2.42092400
0.36515000 2.42285500
0.36525000 2.42478700
0.36535000 2.42671800
0.36545000 2.42865000
0.36555000 2.43058200
0.36565000 2.43251500
0.36575000 2.43444900
0.36585000 2.43638300
0.36595000 2.43831600
0.36605000 2.44025200
0.36615000 2.44218600
0.36625000 2.44412100
0.36635000 2.44605800
0.36645000 2.44799400
0.36655000 2.44993000
0.36665000 2.45186700
0.36675000 2.45380500
0.36685000 2.45574300
0.36695000 2.45768200
0.36705000 2.45962000
0.36715000 2.46155900
0.36725000 2.46349900
0.36735000 2.46543800
0.36745000 2.46738000
0.36755000 2.46932000
0.36765000 2.47126100
0.36775000 2.47320300
0.36785000 2.42809100
0.36795000 2.43002800
0.36805000 2.43196600
0.36815000 2.43390300
0.36825000 2.43584100
0.36835000 2.43777900
0.36845000 2.43971800
0.36855000 2.44165800
0.36865000 2.44359800
0.36875000 2.44553700
0.36885000 2.44747800
0.36895000 2.44941900
0.36905000 2.45136100
0.36915000 2.45330200
0.36925000 2.45524500
0.36935000 2.45718700
0.36945000 2.45913000
0.36955000 2.46107400
0.36965000 2.46301800
0.36975000 2.46496200
0.36985000 2.46690700
0.36995000 2.46885100
0.37005000 2.47079800
0.37015000 2.47274300
0.37025000 2.47469000
0.37035000 2.47663700
0.37045000 2.47858300
0.37055000 2.48053200
0.37065000 2.48247900
0.37075000 2.48442800
0.37085000 2.48637700
0.37095000 2.48832600
0.37105000 2.49027500
0.37115000 2.49222600
0.37125000 2.49417600
0.37135000 2.49612700
0.37145000 2.49807900
0.37155000 2.50003000
0.37165000 2.50198200
0.37175000 2.50393500
0.37185000 2.50588800
0.37195000 2.50784100
0.37205000 2.50979400
0.37215000 2.51174900
0.37225000 2.51370400
0.37235000 2.51565800
0.37245000 2.51761400
0.37255000 2.51957000
0.37265000 2.52152600
0.37275000 2.52348200
0.37285000 2.52543900
0.37295000 2.52739700
0.37305000 2.52935500
0.37315000 2.53131200
0.37325000 2.53327200
0.37335000 2.53523000
0.37345000 2.53719000
0.37355000 2.53914900
0.37365000 2.49386400
0.37375000 2.49581900
0.37385000 2.49777400
0.37395000 2.49973100
0.37405000 2.50168600
0.37415000 2.50364400
0.37425000 2.50560100
0.37435000 2.50755900
0.37445000 2.50951600
0.37455000 2.51147500
0.37465000 2.51343400
0.37475000 2.51539400
0.37485000 2.51735300
0.37495000 2.51931300
0.37505000 2.52127300
0.37515000 2.52323400
0.37525000 2.52519600
0.37535000 2.52715700
0.37545000 2.52912000
0.37555000 2.53108200
0.37565000 2.53304400
0.37575000 2.53500900
0.37585000 2.53697100
0.37595000 2.53893600
0.37605000 2.54090100
0.37615000 2.54286500
0.37625000 2.54483100
0.37635000 2.54679600
0.37645000 2.54876200
0.37655000 2.55072900
0.37665000 2.55269600
0.37675000 2.55466300
0.37685000 2.55663100
0.37695000 2.55859800
0.37705000 2.56056800
0.37715000 2.56253600
0.37725000 2.56450500
0.37735000 2.56647500
0.37745000 2.56844600
0.37755000 2.57041500
0.37765000 2.57238700
0.37775000 2.57435700
0.37785000 2.57633000
0.37795000 2.57830100
0.37805000 2.58027400
0.37815000 2.58224700
0.37825000 2.58421900
0.37835000 2.58619400
0.37845000 2.58816700
0.37855000 2.59014200
0.37865000 2.59211700
0.37875000 2.59409100
0.37885000 2.59606800
0.37895000 2.59804300
0.37905000 2.60001900
0.37915000 2.60199700
0.37925000 2.60397300
0.37935000 2.55852800
0.37945000 2.56050000
0.37955000 2.56247400
0.37965000 2.56444700
0.37975000 2.56642100
0.37985000 2.56839600
0.37995000 2.57037000
0.38005000 2.57234600
0.38015000 2.57432100
0.38025000 2.57629700
0.38035000 2.57827300
0.38045000 2.58025000
0.38055000 2.58222700
0.38065000 2.58420400
0.38075000 2.58618300
0.38085000 2.58816000
0.38095000 2.59014000
0.38105000 2.59211800
0.38115000 2.59409800
0.38125000 2.59607800
0.38135000 2.59805800
0.38145000 2.60003800
0.38155000 2.60202000
0.38165000 2.60400100
0.38175000 2.60598200
0.38185000 2.60796500
0.38195000 2.60994800
0.38205000 2.61193000
0.38215000 2.61391400
0.38225000 2.61589700
0.38235000 2.61788200
0.38245000 2.61986600
0.38255000 2.62185100
0.38265000 2.62383600
0.38275000 2.62582100
0.38285000 2.62780800
0.38295000 2.62979400
0.38305000 2.63178100
0.38315000 2.63376800
0.38325000 2.63575600
0.38335000 2.63774300
0.38345000 2.63973200
0.38355000 2.64172100
0.38365000 2.64370900
0.38375000 2.64569900
0.38385000 2.64768900
0.38395000 2.64968000
0.38405000 2.65166900
0.38415000 2.65366100
0.38425000 2.65565200
0.38435000 2.65764400
0.38445000 2.65963600
0.38455000 2.66162800
0.38465000 2.66362100
0.38475000 2.66561400
0.38485000 2.66760800
0.38495000 2.62201700
0.38505000 2.62400600
0.38515000 2.62599600
0.38525000 2.62798600
0.38535000 2.62997700
0.38545000 2.63196800
0.38555000 2.63396000
0.38565000 2.63595100
0.38575000 2.63794300
0.38585000 2.63993600
0.38595000 2.64192900
0.38605000 2.64392300
0.38615000 2.64591600
0.38625000 2.64791000
0.38635000 2.64990500
0.38645000 2.65189900
0.38655000 2.65389500
0.38665000 2.65589000
0.38675000 2.65788600
0.38685000 2.65988300
0.38695000 2.66188000
0.38705000 2.66387600
0.38715000 2.66587400
0.38725000 2.66787200
0.38735000 2.66987000
0.38745000 2.67186900
0.38755000 2.67386800
0.38765000 2.67586700
0.38775000 2.67786700
0.38785000 2.67986700
0.38795000 2.68186800
0.38805000 2.68386800
0.38815000 2.68587000
0.38825000 2.68787100
0.38835000 2.68987300
0.38845000 2.69187600
0.38855000 2.69387800
0.38865000 2.69588200
0.38875000 2.69788400
0.38885000 2.69988900
0.38895000 2.70189300
0.38905000 2.70389800
0.38915000 2.70590200
0.38925000 2.70790800
0.38935000 2.70991300
0.38945000 2.71192000
0.38955000 2.71392600
0.38965000 2.71593200
0.38975000 2.71794000
0.38985000 2.71994700
0.38995000 2.72195600
0.39005000 2.72396300
0.39015000 2.72597200
0.39025000 2.72798100
0.39035000 2.72999100
0.39045000 2.68426600
0.39055000 2.68627100
0.39065000 2.68827700
0.39075000 2.69028400
0.39085000 2.69229000
0.39095000 2.69429700
0.39105000 2.69630500
0.39115000 2.69831200
0.39125000 2.70032000
0.39135000 2.70232900
0.39145000 2.70433700
0.39155000 2.70634700
0.39165000 2.70835600
0.39175000 2.71036700
0.39185000 2.71237600
0.39195000 2.71438700
0.39205000 2.71639800
0.39215000 2.71841000
0.39225000 2.72042100
0.39235000 2.72243400
0.39245000 2.72444600
0.39255000 2.72645900
0.39265000 2.72847200
0.39275000 2.73048500
0.39285000 2.73250000
0.39295000 2.73451400
0.39305000 2.73652800
0.39315000 2.73854400
0.39325000 2.74055900
0.39335000 2.74257400
0.39345000 2.74459100
0.39355000 2.74660800
0.39365000 2.74862400
0.39375000 2.75064100
0.39385000 2.75265900
0.39395000 2.75467700
0.39405000 2.75669500
0.39415000 2.75871400
0.39425000 2.76073200
0.39435000 2.76275200
0.39445000 2.76477200
0.39455000 2.76679200
0.39465000 2.76881200
0.39475000 2.77083300
0.39485000 2.77285400
0.39495000 2.77487600
0.39505000 2.77689800
0.39515000 2.77891900
0.39525000 2.78094300
0.39535000 2.78296500
0.39545000 2.78498800
0.39555000 2.78701300
0.39565000 2.78903600
0.39575000 2.79106000
0.39585000 2.79308500
0.39595000 2.74723600
0.39605000 2.74925700
0.39615000 2.75127800
0.39625000 2.75330000
0.39635000 2.75532300
0.39645000 2.75734400
0.39655000 2.75936800
0.39665000 2.76139100
0.39675000 2.76341400
0.39685000 2.76543900
0.39695000 2.76746200
0.39705000 2.76948700
0.39715000 2.77151300
0.39725000 2.77353700
0.39735000 2.77556400
0.39745000 2.77758900
0.39755000 2.77961600
0.39765000 2.78164300
0.39775000 2.78366900
0.39785000 2.78569700
0.39795000 2.78772600
0.39805000 2.78975300
0.39815000 2.79178200
0.39825000 2.79381000
0.39835000 2.79584000
0.39845000 2.79787000
0.39855000 2.79989900
0.39865000 2.80193000
0.39875000 2.80396000
0.39885000 2.80599200
0.39895000 2.80802200
0.39905000 2.81005500
0.39915000 2.81208600
0.39925000 2.81411900
0.39935000 2.81615100
0.39945000 2.81818500
0.39955000 2.82021800
0.39965000 2.82225200
0.39975000 2.82428600
0.39985000 2.82632100
0.39995000 2.82835500
0.40005000 2.83039000
0.40015000 2.83242600
0.40025000 2.83446200
0.40035000 2.83649800
0.40045000 2.83853500
0.40055000 2.84057100
0.40065000 2.84260900
0.40075000 2.84464600
0.40085000 2.84668400
0.40095000 2.84872300
0.40105000 2.85076100
0.40115000 2.85280000
0.40125000 2.85483900
0.40135000 2.80887700
0.40145000 2.81091300
0.40155000 2.81294900
0.40165000 2.81498600
0.40175000 2.81702300
0.40185000 2.81905900
0.40195000 2.82109800
0.40205000 2.82313600
0.40215000 2.82517400
0.40225000 2.82721200
0.40235000 2.82925200
0.40245000 2.83129100
0.40255000 2.83333000
0.40265000 2.83537100
0.40275000 2.83741100
0.40285000 2.83945200
0.40295000 2.84149200
0.40305000 2.84353500
0.40315000 2.84557600
0.40325000 2.84761800
0.40335000 2.84966000
0.40345000 2.85170400
0.40355000 2.85374600
0.40365000 2.85579000
0.40375000 2.85783300
0.40385000 2.85987800
0.40395000 2.86192300
0.40405000 2.86396700
0.40415000 2.86601200
0.40425000 2.86805800
0.40435000 2.87010300
0.40445000 2.87215000
0.40455000 2.87419600
0.40465000 2.87624300
0.40475000 2.87829100
0.40485000 2.88033800
0.40495000 2.88238500
0.40505000 2.88443400
0.40515000 2.88648200
0.40525000 2.88853200
0.40535000 2.89058000
0.40545000 2.89263000
0.40555000 2.89468000
0.40565000 2.89673000
0.40575000 2.89878000
0.40585000 2.90083200
0.40595000 2.90288200
0.40605000 2.90493400
0.40615000 2.90698600
0.40625000 2.90903800
0.40635000 2.91109100
0.40645000 2.91314300
0.40655000 2.91519700
0.40665000 2.86913300
0.40675000 2.87118200
0.40685000 2.87323300
0.40695000 2.87528400
0.40705000 2.87733400
0.40715000 2.87938600
0.40725000 2.88143800
0.40735000 2.88348900
0.40745000 2.88554200
0.40755000 2.88759500
0.40765000 2.88964800
0.40775000 2.89170000
0.40785000 2.89375500
0.40795000 2.89580900
0.40805000 2.89786300
0.40815000 2.89991700
0.40825000 2.90197300
0.40835000 2.90402800
0.40845000 2.90608400
0.40855000 2.90813900
0.40865000 2.91019600
0.40875000 2.91225300
0.40885000 2.91431000
0.40895000 2.91636700
0.40905000 2.91842400
0.40915000 2.92048300
0.40925000 2.92254100
0.40935000 2.92459900
0.40945000 2.92665900
0.40955000 2.92871700
0.40965000 2.93077800
0.40975000 2.93283700
0.40985000 2.93489800
0.40995000 2.93695800
0.41005000 2.93901900
0.41015000 2.94108000
0.41025000 2.94314200
0.41035000 2.94520400
0.41045000 2.94726600
0.41055000 2.94932800
0.41065000 2.95139100
0.41075000 2.95345500
0.41085000 2.95551800
0.41095000 2.95758200
0.41105000 2.95964600
0.41115000 2.96171000
0.41125000 2.96377500
0.41135000 2.96584100
0.41145000 2.96790600
0.41155000 2.96997100
0.41165000 2.97203800
0.41175000 2.97410400
0.41185000 2.92794800
0.41195000 2.93001200
0.41205000 2.93207500
0.41215000 2.93414000
0.41225000 2.93620400
0.41235000 2.93826900
0.41245000 2.94033300
0.41255000 2.94240000
0.41265000 2.94446400
0.41275000 2.94653100
0.41285000 2.94859700
0.41295000 2.95066400
0.41305000 2.95273100
0.41315000 2.95479800
0.41325000 2.95686500
0.41335000 2.95893400
0.41345000 2.96100200
0.41355000 2.96307000
0.41365000 2.96513900
0.41375000 2.96720900
0.41385000 2.96927800
0.41395000 2.97134800
0.41405000 2.97341800
0.41415000 2.97548800
0.41425000 2.97756000
0.41435000 2.97963000
0.41445000 2.98170200
0.41455000 2.98377400
0.41465000 2.98584500
0.41475000 2.98791900
0.41485000 2.98999000
0.41495000 2.99206400
0.41505000 2.99413700
0.41515000 2.99621100
0.41525000 2.99828500
0.41535000 3.00035900
0.41545000 3.00243400
0.41555000 3.00450800
0.41565000 3.00658400
0.41575000 3.00866000
0.41585000 3.01073500
0.41595000 3.01281100
0.41605000 3.01488800
0.41615000 3.01696500
0.41625000 3.01904100
0.41635000 3.02111900
0.41645000 3.02319700
0.41655000 3.02527500
0.41665000 3.02735300
0.41675000 3.02943200
0.41685000 3.03151100
0.41695000 3.03359000
0.41705000 2.98734900
0.41715000 2.98942600
0.41725000 2.99150300
0.41735000 2.99358000
0.41745000 2.99565700
0.41755000 2.99773500
0.41765000 2.99981300
0.41775000 3.00189100
0.41785000 3.00397100
0.41795000 3.00604900
0.41805000 3.00812800
0.41815000 3.01020800
0.41825000 3.01228800
0.41835000 3.01436800
0.41845000 3.01644900
0.41855000 3.01852900
0.41865000 3.02061100
0.41875000 3.02269200
0.41885000 3.02477400
0.41895000 3.02685600
0.41905000 3.02893800
0.41915000 3.03102100
0.41925000 3.03310400
0.41935000 3.03518800
0.41945000 3.03727100
0.41955000 3.03935500
0.41965000 3.04143900
0.41975000 3.04352300
0.41985000 3.04560900
0.41995000 3.04769400
0.42005000 3.04977900
0.42015000 3.05186500
0.42025000 3.05395100
0.42035000 3.05603700
0.42045000 3.05812400
0.42055000 3.06021100
0.42065000 3.06229800
0.42075000 3.06438600
0.42085000 3.06647400
0.42095000 3.06856200
0.42105000 3.07065000
0.42115000 3.07274000
0.42125000 3.07482800
0.42135000 3.07691700
0.42145000 3.07900800
0.42155000 3.08109700
0.42165000 3.08318800
0.42175000 3.08527800
0.42185000 3.08736900
0.42195000 3.08946000
0.42205000 3.09155200
0.42215000 3.04523600
0.42225000 3.04732400
0.42235000 3.04941400
0.42245000 3.05150400
0.42255000 3.05359300
0.42265000 3.05568300
0.42275000 3.05777400
0.42285000 3.05986400
0.42295000 3.06195500
0.42305000 3.06404700
0.42315000 3.06613800
0.42325000 3.06823000
0.42335000 3.07032300
0.42345000 3.07241500
0.42355000 3.07450700
0.42365000 3.07660100
0.42375000 3.07869500
0.42385000 3.08078700
0.42395000 3.08288200
0.42405000 3.08497700
0.42415000 3.08707100
0.42425000 3.08916500
0.42435000 3.09126100
0.42445000 3.09335700
0.42455000 3.09545200
0.42465000 3.09754800
0.42475000 3.09964500
0.42485000 3.10174100
0.42495000 3.10383900
0.42505000 3.10593500
0.42515000 3.10803300
0.42525000 3.11013100
0.42535000 3.11222900
0.42545000 3.11432800
0.42555000 3.11642600
0.42565000 3.11852600
0.42575000 3.12062400
0.42585000 3.12272500
0.42595000 3.12482400
0.42605000 3.12692400
0.42615000 3.12902500
0.42625000 3.13112600
0.42635000 3.13322600
0.42645000 3.13532800
0.42655000 3.13743000
0.42665000 3.13953200
0.42675000 3.14163300
0.42685000 3.14373700
0.42695000 3.14583900
0.42705000 3.14794200
0.42715000 3.15004500
0.42725000 3.10366100
0.42735000 3.10576100
0.42745000 3.10786200
0.42755000 3.10996400
0.42765000 3.11206600
0.42775000 3.11416800
0.42785000 3.11627100
0.42795000 3.11837300
0.42805000 3.12047600
0.42815000 3.12257900
0.42825000 3.12468300
0.42835000 3.12678700
0.42845000 3.12889100
0.42855000 3.13099600
0.42865000 3.13310000
0.42875000 3.13520500
0.42885000 3.13731100
0.42895000 3.13941600
0.42905000 3.14152200
0.42915000 3.14362900
0.42925000 3.14573400
0.42935000 3.14784200
0.42945000 3.14994900
0.42955000 3.15205600
0.42965000 3.15416300
0.42975000 3.15627200
0.42985000 3.15837900
0.42995000 3.16048800
0.43005000 3.16259700
0.43015000 3.16470600
0.43025000 3.16681600
0.43035000 3.16892400
0.43045000 3.17103500
0.43055000 3.17314500
0.43065000 3.17525600
0.43075000 3.17736600
0.43085000 3.17947700
0.43095000 3.18158800
0.43105000 3.18370000
0.43115000 3.18581200
0.43125000 3.18792400
0.43135000 3.19003700
0.43145000 3.19214900
0.43155000 3.19426200
0.43165000 3.19637600
0.43175000 3.19848900
0.43185000 3.20060200
0.43195000 3.20271700
0.43205000 3.20483200
0.43215000 3.20694500
0.43225000 3.16050000
0.43235000 3.16261200
0.43245000 3.16472500
0.43255000 3.16683800
0.43265000 3.16895100
0.43275000 3.17106500
0.43285000 3.17317800
0.43295000 3.17529300
0.43305000 3.17740700
0.43315000 3.17952200
0.43325000 3.18163600
0.43335000 3.18375200
0.43345000 3.18586800
0.43355000 3.18798300
0.43365000 3.19009900
0.43375000 3.19221600
0.43385000 3.19433200
0.43395000 3.19644900
0.43405000 3.19856600
0.43415000 3.20068400
0.43425000 3.20280200
0.43435000 3.20491900
0.43445000 3.20703800
0.43455000 3.20915600
0.43465000 3.21127500
0.43475000 3.21339500
0.43485000 3.21551300
0.43495000 3.21763400
0.43505000 3.21975300
0.43515000 3.22187400
0.43525000 3.22399400
0.43535000 3.22611400
0.43545000 3.22823600
0.43555000 3.23035700
0.43565000 3.23247900
0.43575000 3.23460000
0.43585000 3.23672300
0.43595000 3.23884500
0.43605000 3.24096800
0.43615000 3.24309000
0.43625000 3.24521400
0.43635000 3.24733700
0.43645000 3.24946100
0.43655000 3.25158500
0.43665000 3.25371000
0.43675000 3.25583300
0.43685000 3.25795900
0.43695000 3.26008400
0.43705000 3.26220900
0.43715000 3.21571000
0.43725000 3.21783300
0.43735000 3.21995700
0.43745000 3.22208100
0.43755000 3.22420500
0.43765000 3.22632900
0.43775000 3.22845400
0.43785000 3.23057800
0.43795000 3.23270400
0.43805000 3.23483000
0.43815000 3.23695500
0.43825000 3.23908100
0.43835000 3.24120700
0.43845000 3.24333400
0.43855000 3.24546100
0.43865000 3.24758800
0.43875000 3.24971500
0.43885000 3.25184300
0.43895000 3.25397000
0.43905000 3.25609900
0.43915000 3.25822700
0.43925000 3.26035600
0.43935000 3.26248500
0.43945000 3.26461400
0.43955000 3.26674300
0.43965000 3.26887300
0.43975000 3.27100400
0.43985000 3.27313300
0.43995000 3.27526400
0.44005000 3.27739500
0.44015000 3.27952600
0.44025000 3.28165700
0.44035000 3.28378900
0.44045000 3.28592000
0.44055000 3.28805300
0.44065000 3.29018500
0.44075000 3.29231800
0.44085000 3.29445000
0.44095000 3.29658400
0.44105000 3.29871700
0.44115000 3.30085100
0.44125000 3.30298500
0.44135000 3.30511900
0.44145000 3.30725300
0.44155000 3.30938800
0.44165000 3.31152300
0.44175000 3.31365800
0.44185000 3.31579400
0.44195000 3.31793000
0.44205000 3.27138200
0.44215000 3.27351700
0.44225000 3.27565100
0.44235000 3.27778500
0.44245000 3.27992000
0.44255000 3.28205500
0.44265000 3.28419000
0.44275000 3.28632500
0.44285000 3.28846100
0.44295000 3.29059700
0.44305000 3.29273300
0.44315000 3.29487000
0.44325000 3.29700600
0.44335000 3.29914300
0.44345000 3.30128100
0.44355000 3.30341700
0.44365000 3.30555600
0.44375000 3.30769400
0.44385000 3.30983200
0.44395000 3.31197000
0.44405000 3.31411000
0.44415000 3.31624800
0.44425000 3.31838800
0.44435000 3.32052700
0.44445000 3.32266700
0.44455000 3.32480700
0.44465000 3.32694700
0.44475000 3.32908800
0.44485000 3.33122900
0.44495000 3.33337000
0.44505000 3.33551100
0.44515000 3.33765200
0.44525000 3.33979500
0.44535000 3.34193700
0.44545000 3.34407900
0.44555000 3.34622100
0.44565000 3.34836500
0.44575000 3.35050700
0.44585000 3.35265100
0.44595000 3.35479400
0.44605000 3.35693800
0.44615000 3.35908300
0.44625000 3.36122600
0.44635000 3.36337200
0.44645000 3.36551600
0.44655000 3.36766100
0.44665000 3.36980600
0.44675000 3.37195300
0.44685000 3.32536500
0.44695000 3.32750800
0.44705000 3.32965300
0.44715000 3.33179800
0.44725000 3.33394200
0.44735000 3.33608700
0.44745000 3.33823100
0.44755000 3.34037800
0.44765000 3.34252300
0.44775000 3.34466800
0.44785000 3.34681500
0.44795000 3.34896100
0.44805000 3.35110800
0.44815000 3.35325500
0.44825000 3.35540200
0.44835000 3.35754900
0.44845000 3.35969700
0.44855000 3.36184400
0.44865000 3.36399300
0.44875000 3.36614100
0.44885000 3.36828900
0.44895000 3.37043900
0.44905000 3.37258800
0.44915000 3.37473600
0.44925000 3.37688700
0.44935000 3.37903600
0.44945000 3.38118700
0.44955000 3.38333600
0.44965000 3.38548700
0.44975000 3.38763800
0.44985000 3.38979000
0.44995000 3.39194000
0.45005000 3.39409200
0.45015000 3.39624400
0.45025000 3.39839500
0.45035000 3.40054800
0.45045000 3.40270100
0.45055000 3.40485300
0.45065000 3.40700600
0.45075000 3.40915900
0.45085000 3.41131300
0.45095000 3.41346700
0.45105000 3.41562000
0.45115000 3.41777500
0.45125000 3.41992900
0.45135000 3.42208400
0.45145000 3.42423900
0.45155000 3.42639300
0.45165000 3.37977100
0.45175000 3.38192500
0.45185000 3.38407900
0.45195000 3.38623200
0.45205000 3.38838700
0.45215000 3.39054100
0.45225000 3.39269700
0.45235000 3.39485100
0.45245000 3.39700600
0.45255000 3.39916200
0.45265000 3.40131800
0.45275000 3.40347300
0.45285000 3.40563000
0.45295000 3.40778600
0.45305000 3.40994300
0.45315000 3.41210000
0.45325000 3.41425700
0.45335000 3.41641500
0.45345000 3.41857200
0.45355000 3.42073000
0.45365000 3.42288800
0.45375000 3.42504600
0.45385000 3.42720500
0.45395000 3.42936400
0.45405000 3.43152300
0.45415000 3.43368300
0.45425000 3.43584100
0.45435000 3.43800200
0.45445000 3.44016200
0.45455000 3.44232100
0.45465000 3.44448300
0.45475000 3.44664300
0.45485000 3.44880400
0.45495000 3.45096500
0.45505000 3.45312600
0.45515000 3.45528800
0.45525000 3.45745000
0.45535000 3.45961200
0.45545000 3.46177500
0.45555000 3.46393700
0.45565000 3.46610000
0.45575000 3.46826300
0.45585000 3.47042600
0.45595000 3.47258900
0.45605000 3.47475400
0.45615000 3.47691700
0.45625000 3.47908100
0.45635000 3.48124600
0.45645000 3.43459300
0.45655000 3.43675500
0.45665000 3.43891800
0.45675000 3.44108200
0.45685000 3.44324600
0.45695000 3.44541000
0.45705000 3.44757300
0.45715000 3.44973900
0.45725000 3.45190200
0.45735000 3.45406800
0.45745000 3.45623200
0.45755000 3.45839800
0.45765000 3.46056400
0.45775000 3.46272900
0.45785000 3.46489500
0.45795000 3.46706100
0.45805000 3.46922800
0.45815000 3.47139500
0.45825000 3.47356100
0.45835000 3.47572900
0.45845000 3.47789500
0.45855000 3.48006400
0.45865000 3.48223100
0.45875000 3.48439900
0.45885000 3.48656800
0.45895000 3.48873600
0.45905000 3.49090500
0.45915000 3.49307300
0.45925000 3.49524300
0.45935000 3.49741200
0.45945000 3.49958200
0.45955000 3.50175200
0.45965000 3.50392100
0.45975000 3.50609200
0.45985000 3.50826300
0.45995000 3.51043300
0.46005000 3.51260400
0.46015000 3.51477600
0.46025000 3.51694600
0.46035000 3.51911900
0.46045000 3.52129000
0.46055000 3.52346200
0.46065000 3.52563500
0.46075000 3.52780700
0.46085000 3.52997900
0.46095000 3.53215300
0.46105000 3.48547600
0.46115000 3.48764800
0.46125000 3.48982000
0.46135000 3.49199200
0.46145000 3.49416400
0.46155000 3.49633700
0.46165000 3.49850900
0.46175000 3.50068200
0.46185000 3.50285600
0.46195000 3.50502900
0.46205000 3.50720300
0.46215000 3.50937700
0.46225000 3.51155000
0.46235000 3.51372500
0.46245000 3.51590000
0.46255000 3.51807400
0.46265000 3.52025000
0.46275000 3.52242400
0.46285000 3.52460000
0.46295000 3.52677600
0.46305000 3.52895100
0.46315000 3.53112800
0.46325000 3.53330300
0.46335000 3.53548100
0.46345000 3.53765700
0.46355000 3.53983400
0.46365000 3.54201100
0.46375000 3.54418800
0.46385000 3.54636600
0.46395000 3.54854400
0.46405000 3.55072200
0.46415000 3.55290000
0.46425000 3.55507900
0.46435000 3.55725700
0.46445000 3.55943600
0.46455000 3.56161600
0.46465000 3.56379400
0.46475000 3.56597400
0.46485000 3.56815400
0.46495000 3.57033400
0.46505000 3.57251400
0.46515000 3.57469400
0.46525000 3.57687500
0.46535000 3.57905500
0.46545000 3.58123700
0.46555000 3.58341800
0.46565000 3.58559900
0.46575000 3.53890200
0.46585000 3.54108300
0.46595000 3.54326400
0.46605000 3.54544400
0.46615000 3.54762500
0.46625000 3.54980600
0.46635000 3.55198700
0.46645000 3.55416900
0.46655000 3.55635100
0.46665000 3.55853300
0.46675000 3.56071500
0.46685000 3.56289700
0.46695000 3.56508000
0.46705000 3.56726300
0.46715000 3.56944600
0.46725000 3.57162900
0.46735000 3.57381200
0.46745000 3.57599700
0.46755000 3.57818000
0.46765000 3.58036400
0.46775000 3.58254900
0.46785000 3.58473300
0.46795000 3.58691800
0.46805000 3.58910200
0.46815000 3.59128800
0.46825000 3.59347300
0.46835000 3.59565900
0.46845000 3.59784500
0.46855000 3.60003000
0.46865000 3.60221700
0.46875000 3.60440300
0.46885000 3.60658900
0.46895000 3.60877700
0.46905000 3.61096300
0.46915000 3.61315100
0.46925000 3.61533800
0.46935000 3.61752500
0.46945000 3.61971400
0.46955000 3.62190100
0.46965000 3.62409000
0.46975000 3.62627800
0.46985000 3.62846700
0.46995000 3.63065500
0.47005000 3.63284500
0.47015000 3.63503300
0.47025000 3.63722400
0.47035000 3.59051100
0.47045000 3.59270100
0.47055000 3.59488900
0.47065000 3.59707700
0.47075000 3.59926700
0.47085000 3.60145600
0.47095000 3.60364500
0.47105000 3.60583600
0.47115000 3.60802400
0.47125000 3.61021500
0.47135000 3.61240600
0.47145000 3.61459500
0.47155000 3.61678700
0.47165000 3.61897700
0.47175000 3.62116800
0.47185000 3.62336000
0.47195000 3.62555100
0.47205000 3.62774300
0.47215000 3.62993400
0.47225000 3.63212700
0.47235000 3.63431900
0.47245000 3.63651100
0.47255000 3.63870400
0.47265000 3.64089700
0.47275000 3.64309000
0.47285000 3.64528400
0.47295000 3.64747700
0.47305000 3.64967000
0.47315000 3.65186400
0.47325000 3.65405900
0.47335000 3.65625200
0.47345000 3.65844700
0.47355000 3.66064200
0.47365000 3.66283700
0.47375000 3.66503100
0.47385000 3.66722700
0.47395000 3.66942200
0.47405000 3.67161800
0.47415000 3.67381400
0.47425000 3.67601000
0.47435000 3.67820600
0.47445000 3.68040200
0.47455000 3.68259900
0.47465000 3.68479500
0.47475000 3.68699300
0.47485000 3.64027200
0.47495000 3.64246800
0.47505000 3.64466400
0.47515000 3.64686100
0.47525000 3.64905700
0.47535000 3.65125500
0.47545000 3.65345100
0.47555000 3.65564900
0.47565000 3.65784600
0.47575000 3.66004300
0.47585000 3.66224200
0.47595000 3.66444000
0.47605000 3.66663800
0.47615000 3.66883600
0.47625000 3.67103500
0.47635000 3.67323400
0.47645000 3.67543300
0.47655000 3.67763200
0.47665000 3.67983100
0.47675000 3.68203200
0.47685000 3.68423000
0.47695000 3.68643100
0.47705000 3.68863100
0.47715000 3.69083200
0.47725000 3.69303200
0.47735000 3.69523200
0.47745000 3.69743400
0.47755000 3.69963500
0.47765000 3.70183600
0.47775000 3.70403700
0.47785000 3.70623900
0.47795000 3.70844100
0.47805000 3.71064400
0.47815000 3.71284500
0.47825000 3.71504800
0.47835000 3.71725000
0.47845000 3.71945300
0.47855000 3.72165700
0.47865000 3.72385900
0.47875000 3.72606300
0.47885000 3.72826600
0.47895000 3.73047000
0.47905000 3.73267400
0.47915000 3.73487800
0.47925000 3.73708200
0.47935000 3.69035600
0.47945000 3.69255900
0.47955000 3.69476300
0.47965000 3.69696700
0.47975000 3.69917100
0.47985000 3.70137500
0.47995000 3.70358000
0.48005000 3.70578400
0.48015000 3.70799000
0.48025000 3.71019400
0.48035000 3.71239900
0.48045000 3.71460500
0.48055000 3.71681100
0.48065000 3.71901600
0.48075000 3.72122200
0.48085000 3.72342800
0.48095000 3.72563500
0.48105000 3.72784100
0.48115000 3.73004800
0.48125000 3.73225400
0.48135000 3.73446200
0.48145000 3.73666900
0.48155000 3.73887600
0.48165000 3.74108400
0.48175000 3.74329200
0.48185000 3.74550000
0.48195000 3.74770800
0.48205000 3.74991600
0.48215000 3.75212400
0.48225000 3.75433400
0.48235000 3.75654200
0.48245000 3.75875100
0.48255000 3.76096100
0.48265000 3.76317000
0.48275000 3.76537900
0.48285000 3.76758900
0.48295000 3.76979900
0.48305000 3.77200900
0.48315000 3.77422000
0.48325000 3.77643000
0.48335000 3.77864000
0.48345000 3.78085200
0.48355000 3.78306200
0.48365000 3.78527400
0.48375000 3.78748500
0.48385000 3.74075600
0.48395000 3.74296700
0.48405000 3.74517800
0.48415000 3.74738900
0.48425000 3.74960000
0.48435000 3.75181100
0.48445000 3.75402400
0.48455000 3.75623500
0.48465000 3.75844700
0.48475000 3.76065900
0.48485000 3.76287100
0.48495000 3.76508400
0.48505000 3.76729600
0.48515000 3.76951000
0.48525000 3.77172200
0.48535000 3.77393600
0.48545000 3.77614900
0.48555000 3.77836200
0.48565000 3.78057700
0.48575000 3.78279000
0.48585000 3.78500400
0.48595000 3.78721800
0.48605000 3.78943300
0.48615000 3.79164800
0.48625000 3.79386200
0.48635000 3.79607700
0.48645000 3.79829200
0.48655000 3.80050800
0.48665000 3.80272300
0.48675000 3.80493800
0.48685000 3.80715500
0.48695000 3.80937000
0.48705000 3.81158600
0.48715000 3.81380300
0.48725000 3.81601900
0.48735000 3.81823600
0.48745000 3.82045200
0.48755000 3.82267000
0.48765000 3.82488700
0.48775000 3.82710400
0.48785000 3.82932100
0.48795000 3.83153900
0.48805000 3.83375700
0.48815000 3.83597500
0.48825000 3.78924900
0.48835000 3.79146600
0.48845000 3.79368400
0.48855000 3.79590100
0.48865000 3.79812000
0.48875000 3.80033800
0.48885000 3.80255600
0.48895000 3.80477400
0.48905000 3.80699300
0.48915000 3.80921200
0.48925000 3.81143100
0.48935000 3.81365100
0.48945000 3.81586900
0.48955000 3.81808900
0.48965000 3.82030900
0.48975000 3.82252800
0.48985000 3.82474900
0.48995000 3.82696800
0.49005000 3.82918900
0.49015000 3.83141000
0.49025000 3.83363000
0.49035000 3.83585100
0.49045000 3.83807200
0.49055000 3.84029300
0.49065000 3.84251400
0.49075000 3.84473600
0.49085000 3.84695800
0.49095000 3.84917900
0.49105000 3.85140100
0.49115000 3.85362400
0.49125000 3.85584500
0.49135000 3.85806900
0.49145000 3.86029100
0.49155000 3.86251300
0.49165000 3.86473700
0.49175000 3.86695900
0.49185000 3.86918300
0.49195000 3.87140600
0.49205000 3.87363000
0.49215000 3.87585400
0.49225000 3.87807800
0.49235000 3.88030100
0.49245000 3.88252600
0.49255000 3.88475000
0.49265000 3.83803000
0.49275000 3.84025400
0.49285000 3.84247800
0.49295000 3.84470200
0.49305000 3.84692600
0.49315000 3.84915200
0.49325000 3.85137600
0.49335000 3.85360100
0.49345000 3.85582600
0.49355000 3.85805200
0.49365000 3.86027700
0.49375000 3.86250200
0.49385000 3.86472800
0.49395000 3.86695400
0.49405000 3.86918100
0.49415000 3.87140600
0.49425000 3.87363300
0.49435000 3.87585900
0.49445000 3.87808700
0.49455000 3.88031300
0.49465000 3.88254000
0.49475000 3.88476700
0.49485000 3.88699400
0.49495000 3.88922200
0.49505000 3.89145000
0.49515000 3.89367700
0.49525000 3.89590600
0.49535000 3.89813300
0.49545000 3.90036200
0.49555000 3.90259000
0.49565000 3.90481900
0.49575000 3.90704700
0.49585000 3.90927600
0.49595000 3.91150600
0.49605000 3.91373400
0.49615000 3.91596400
0.49625000 3.91819300
0.49635000 3.92042300
0.49645000 3.92265300
0.49655000 3.92488300
0.49665000 3.92711300
0.49675000 3.92934300
0.49685000 3.93157300
0.49695000 3.88486300
0.49705000 3.88709200
0.49715000 3.88932400
0.49725000 3.89155300
0.49735000 3.89378400
0.49745000 3.89601500
0.49755000 3.89824500
0.49765000 3.90047700
0.49775000 3.90270800
0.49785000 3.90493900
0.49795000 3.90717100
0.49805000 3.90940200
0.49815000 3.91163400
0.49825000 3.91386600
0.49835000 3.91609800
0.49845000 3.91833100
0.49855000 3.92056200
0.49865000 3.92279600
0.49875000 3.92502800
0.49885000 3.92726000
0.49895000 3.92949400
0.49905000 3.93172700
0.49915000 3.93396000
0.49925000 3.93619400
0.49935000 3.93842700
0.49945000 3.94066100
0.49955000 3.94289500
0.49965000 3.94512900
0.49975000 3.94736300
0.49985000 3.94959700
0.49995000 3.95183200
0.50005000 3.95406700
0.50015000 3.95630100
0.50025000 3.95853600
0.50035000 3.96077100
0.50045000 3.96300600
0.50055000 3.96524200
0.50065000 3.96747700
0.50075000 3.96971200
0.50085000 3.97194900
0.50095000 3.97418400
0.50105000 3.97642000
0.50115000 3.97865700
0.50125000 3.93195900
0.50135000 3.93419400
0.50145000 3.93643100
0.50155000 3.93866700
0.50165000 3.94090300
0.50175000 3.94314000
0.50185000 3.94537700
0.50195000 3.94761400
0.50205000 3.94985100
0.50215000 3.95208800
0.50225000 3.95432500
0.50235000 3.95656200
0.50245000 3.95880100
0.50255000 3.96103800
0.50265000 3.96327600
0.50275000 3.96551400
0.50285000 3.96775200
0.50295000 3.96999000
0.50305000 3.97222900
0.50315000 3.97446700
0.50325000 3.97670700
0.50335000 3.97894500
0.50345000 3.98118400
0.50355000 3.98342300
0.50365000 3.98566300
0.50375000 3.98790200
0.50385000 3.99014100
0.50395000 3.99238100
0.50405000 3.99462100
0.50415000 3.99686100
0.50425000 3.99910200
0.50435000 4.00134100
0.50445000 4.00358200
0.50455000 4.00582200
0.50465000 4.00806300
0.50475000 4.01030400
0.50485000 4.01254500
0.50495000 4.01478600
0.50505000 4.01702700
0.50515000 4.01926800
0.50525000 4.02151000
0.50535000 4.02375200
0.50545000 4.02599300
0.50555000 3.97931100
0.50565000 3.98155300
0.50575000 3.98379500
0.50585000 3.98603600
0.50595000 3.98827900
0.50605000 3.99052100
0.50615000 3.99276400
0.50625000 3.99500600
0.50635000 3.99724800
0.50645000 3.99949100
0.50655000 4.00173500
0.50665000 4.00397700
0.50675000 4.00622000
0.50685000 4.00846400
0.50695000 4.01070800
0.50705000 4.01295000
0.50715000 4.01519500
0.50725000 4.01743800
0.50735000 4.01968300
0.50745000 4.02192600
0.50755000 4.02417100
0.50765000 4.02641500
0.50775000 4.02866000
0.50785000 4.03090500
0.50795000 4.03314900
0.50805000 4.03539400
0.50815000 4.03763900
0.50825000 4.03988400
0.50835000 4.04213000
0.50845000 4.04437500
0.50855000 4.04662000
0.50865000 4.04886600
0.50875000 4.05111300
0.50885000 4.05335800
0.50895000 4.05560400
0.50905000 4.05785000
0.50915000 4.06009600
0.50925000 4.06234400
0.50935000 4.06458900
0.50945000 4.06683700
0.50955000 4.06908300
0.50965000 4.07133000
0.50975000 4.02466700
0.50985000 4.02691400
0.50995000 4.02916200
0.51005000 4.03140800
0.51015000 4.03365600
0.51025000 4.03590400
0.51035000 4.03815100
0.51045000 4.04039900
0.51055000 4.04264700
0.51065000 4.04489500
0.51075000 4.04714300
0.51085000 4.04939200
0.51095000 4.05163900
0.51105000 4.05388900
0.51115000 4.05613700
0.51125000 4.05838600
0.51135000 4.06063400
0.51145000 4.06288400
0.51155000 4.06513300
0.51165000 4.06738200
0.51175000 4.06963200
0.51185000 4.07188100
0.51195000 4.07413100
0.51205000 4.07638100
0.51215000 4.07863100
0.51225000 4.08088000
0.51235000 4.08313100
0.51245000 4.08538100
0.51255000 4.08763200
0.51265000 4.08988200
0.51275000 4.09213300
0.51285000 4.09438300
0.51295000 4.09663400
0.51305000 4.09888600
0.51315000 4.10113600
0.51325000 4.10338800
0.51335000 4.10563900
0.51345000 4.10789100
0.51355000 4.11014200
0.51365000 4.11239400
0.51375000 4.11464600
0.51385000 4.11689800
0.51395000 4.07025600
0.51405000 4.07250900
0.51415000 4.07476200
0.51425000 4.07701300
0.51435000 4.07926600
0.51445000 4.08151900
0.51455000 4.08377100
0.51465000 4.08602400
0.51475000 4.08827700
0.51485000 4.09053100
0.51495000 4.09278300
0.51505000 4.09503700
0.51515000 4.09729000
0.51525000 4.09954400
0.51535000 4.10179700
0.51545000 4.10405100
0.51555000 4.10630600
0.51565000 4.10855900
0.51575000 4.11081300
0.51585000 4.11306800
0.51595000 4.11532100
0.51605000 4.11757700
0.51615000 4.11983100
0.51625000 4.12208600
0.51635000 4.12434000
0.51645000 4.12659600
0.51655000 4.12885000
0.51665000 4.13110600
0.51675000 4.13336100
0.51685000 4.13561700
0.51695000 4.13787200
0.51705000 4.14012800
0.51715000 4.14238300
0.51725000 4.14464000
0.51735000 4.14689500
0.51745000 4.14915100
0.51755000 4.15140800
0.51765000 4.15366400
0.51775000 4.15592000
0.51785000 4.15817700
0.51795000 4.16043300
0.51805000 4.16269100
0.51815000 4.11607400
0.51825000 4.11833100
0.51835000 4.12058800
0.51845000 4.12284600
0.51855000 4.12510300
0.51865000 4.12736000
0.51875000 4.12961800
0.51885000 4.13187600
0.51895000 4.13413300
0.51905000 4.13639100
0.51915000 4.13865000
0.51925000 4.14090700
0.51935000 4.14316600
0.51945000 4.14542400
0.51955000 4.14768200
0.51965000 4.14994100
0.51975000 4.15220000
0.51985000 4.15445900
0.51995000 4.15671700
0.52005000 4.15897700
0.52015000 4.16123500
0.52025000 4.16349500
0.52035000 4.16575400
0.52045000 4.16801400
0.52055000 4.17027300
0.52065000 4.17253300
0.52075000 4.17479200
0.52085000 4.17705300
0.52095000 4.17931200
0.52105000 4.18157300
0.52115000 4.18383300
0.52125000 4.18609300
0.52135000 4.18835300
0.52145000 4.19061400
0.52155000 4.19287500
0.52165000 4.19513500
0.52175000 4.19739600
0.52185000 4.19965700
0.52195000 4.20191800
0.52205000 4.20417900
0.52215000 4.20644100
0.52225000 4.15985100
0.52235000 4.16211400
0.52245000 4.16437400
0.52255000 4.16663700
0.52265000 4.16889900
0.52275000 4.17116000
0.52285000 4.17342300
0.52295000 4.17568500
0.52305000 4.17794700
0.52315000 4.18021000
0.52325000 4.18247200
0.52335000 4.18473500
0.52345000 4.18699800
0.52355000 4.18926000
0.52365000 4.19152300
0.52375000 4.19378700
0.52385000 4.19604900
0.52395000 4.19831300
0.52405000 4.20057600
0.52415000 4.20284000
0.52425000 4.20510300
0.52435000 4.20736700
0.52445000 4.20963000
0.52455000 4.21189400
0.52465000 4.21415900
0.52475000 4.21642200
0.52485000 4.21868700
0.52495000 4.22095000
0.52505000 4.22321500
0.52515000 4.22548000
0.52525000 4.22774400
0.52535000 4.23000900
0.52545000 4.23227300
0.52555000 4.23453900
0.52565000 4.23680300
0.52575000 4.23906800
0.52585000 4.24133300
0.52595000 4.24359900
0.52605000 4.24586400
0.52615000 4.24812900
0.52625000 4.25039500
0.52635000 4.20383600
0.52645000 4.20610200
0.52655000 4.20836800
0.52665000 4.21063500
0.52675000 4.21290000
0.52685000 4.21516700
0.52695000 4.21743300
0.52705000 4.21970000
0.52715000 4.22196700
0.52725000 4.22423300
0.52735000 4.22650000
0.52745000 4.22876700
0.52755000 4.23103400
0.52765000 4.23330100
0.52775000 4.23556800
0.52785000 4.23783600
0.52795000 4.24010300
0.52805000 4.24237000
0.52815000 4.24463800
0.52825000 4.24690600
0.52835000 4.24917400
0.52845000 4.25144100
0.52855000 4.25370900
0.52865000 4.25597800
0.52875000 4.25824500
0.52885000 4.26051400
0.52895000 4.26278200
0.52905000 4.26505100
0.52915000 4.26731900
0.52925000 4.26958700
0.52935000 4.27185700
0.52945000 4.27412500
0.52955000 4.27639400
0.52965000 4.27866300
0.52975000 4.28093200
0.52985000 4.28320100
0.52995000 4.28547000
0.53005000 4.28774000
0.53015000 4.29000900
0.53025000 4.29227900
0.53035000 4.24575200
0.53045000 4.24802200
0.53055000 4.25029200
0.53065000 4.25256200
0.53075000 4.25483300
0.53085000 4.25710300
0.53095000 4.25937400
0.53105000 4.26164400
0.53115000 4.26391500
0.53125000 4.26618500
0.53135000 4.26845700
0.53145000 4.27072700
0.53155000 4.27299800
0.53165000 4.27527000
0.53175000 4.27754000
0.53185000 4.27981200
0.53195000 4.28208300
0.53205000 4.28435500
0.53215000 4.28662600
0.53225000 4.28889800
0.53235000 4.29117000
0.53245000 4.29344100
0.53255000 4.29571300
0.53265000 4.29798600
0.53275000 4.30025700
0.53285000 4.30252900
0.53295000 4.30480200
0.53305000 4.30707400
0.53315000 4.30934600
0.53325000 4.31161900
0.53335000 4.31389100
0.53345000 4.31616400
0.53355000 4.31843700
0.53365000 4.32071000
0.53375000 4.32298200
0.53385000 4.32525500
0.53395000 4.32752900
0.53405000 4.32980100
0.53415000 4.33207500
0.53425000 4.33434800
0.53435000 4.33662200
0.53445000 4.29013000
0.53455000 4.29240400
0.53465000 4.29467800
0.53475000 4.29695200
0.53485000 4.29922700
0.53495000 4.30150100
0.53505000 4.30377500
0.53515000 4.30604900
0.53525000 4.30832500
0.53535000 4.31059900
0.53545000 4.31287300
0.53555000 4.31514900
0.53565000 4.31742300
0.53575000 4.31969900
0.53585000 4.32197300
0.53595000 4.32424900
0.53605000 4.32652400
0.53615000 4.32879900
0.53625000 4.33107400
0.53635000 4.33335000
0.53645000 4.33562600
0.53655000 4.33790100
0.53665000 4.34017700
0.53675000 4.34245200
0.53685000 4.34472900
0.53695000 4.34700400
0.53705000 4.34928100
0.53715000 4.35155600
0.53725000 4.35383300
0.53735000 4.35610900
0.53745000 4.35838500
0.53755000 4.36066100
0.53765000 4.36293800
0.53775000 4.36521500
0.53785000 4.36749100
0.53795000 4.36976800
0.53805000 4.37204500
0.53815000 4.37432100
0.53825000 4.37659800
0.53835000 4.37887600
0.53845000 4.33242100
0.53855000 4.33469800
0.53865000 4.33697700
0.53875000 4.33925400
0.53885000 4.34153200
0.53895000 4.34381000
0.53905000 4.34608800
0.53915000 4.34836600
0.53925000 4.35064500
0.53935000 4.35292300
0.53945000 4.35520100
0.53955000 4.35747900
0.53965000 4.35975900
0.53975000 4.36203600
0.53985000 4.36431600
0.53995000 4.36659400
0.54005000 4.36887200
0.54015000 4.37115200
0.54025000 4.37343100
0.54035000 4.37571000
0.54045000 4.37798900
0.54055000 4.38026800
0.54065000 4.38254700
0.54075000 4.38482600
0.54085000 4.38710600
0.54095000 4.38938600
0.54105000 4.39166400
0.54115000 4.39394500
0.54125000 4.39622400
0.54135000 4.39850400
0.54145000 4.40078300
0.54155000 4.40306400
0.54165000 4.40534300
0.54175000 4.40762400
0.54185000 4.40990300
0.54195000 4.41218400
0.54205000 4.41446400
0.54215000 4.41674400
0.54225000 4.41902400
0.54235000 4.42130500
0.54245000 4.37489000
0.54255000 4.37717000
0.54265000 4.37945300
0.54275000 4.38173300
0.54285000 4.38401500
0.54295000 4.38629600
0.54305000 4.38857800
0.54315000 4.39085900
0.54325000 4.39314100
0.54335000 4.39542300
0.54345000 4.39770500
0.54355000 4.39998600
0.54365000 4.40226900
0.54375000 4.40455000
0.54385000 4.40683300
0.54395000 4.40911400
0.54405000 4.41139700
0.54415000 4.41367900
0.54425000 4.41596200
0.54435000 4.41824300
0.54445000 4.42052700
0.54455000 4.42280800
0.54465000 4.42509200
0.54475000 4.42737400
0.54485000 4.42965600
0.54495000 4.43194000
0.54505000 4.43422200
0.54515000 4.43650500
0.54525000 4.43878900
0.54535000 4.44107100
0.54545000 4.44335400
0.54555000 4.44563700
0.54565000 4.44792100
0.54575000 4.45020400
0.54585000 4.45248700
0.54595000 4.45477100
0.54605000 4.45705400
0.54615000 4.45933700
0.54625000 4.46162100
0.54635000 4.41524700
0.54645000 4.41753200
0.54655000 4.41981500
0.54665000 4.42210100
0.54675000 4.42438500
0.54685000 4.42666900
0.54695000 4.42895500
0.54705000 4.43123900
0.54715000 4.43352400
0.54725000 4.43580900
0.54735000 4.43809400
0.54745000 4.44037900
0.54755000 4.44266400
0.54765000 4.44494900
0.54775000 4.44723500
0.54785000 4.44951900
0.54795000 4.45180500
0.54805000 4.45409100
0.54815000 4.45637600
0.54825000 4.45866100
0.54835000 4.46094700
0.54845000 4.46323300
0.54855000 4.46551800
0.54865000 4.46780500
0.54875000 4.47008900
0.54885000 4.47237600
0.54895000 4.47466200
0.54905000 4.47694700
0.54915000 4.47923400
0.54925000 4.48152000
0.54935000 4.48380600
0.54945000 4.48609200
0.54955000 4.48837800
0.54965000 4.49066400
0.54975000 4.49295100
0.54985000 4.49523800
0.54995000 4.49752300
0.55005000 4.49981100
0.55015000 4.50209600
0.55025000 4.45576600
0.55035000 4.45805300
0.55045000 4.46034000
0.55055000 4.46262900
0.55065000 4.46491600
0.55075000 4.46720300
0.55085000 4.46949100
0.55095000 4.47178000
0.55105000 4.47406700
0.55115000 4.47635500
0.55125000 4.47864300
0.55135000 4.48093100
0.55145000 4.48321900
0.55155000 4.48550700
0.55165000 4.48779600
0.55175000 4.49008300
0.55185000 4.49237200
0.55195000 4.49466100
0.55205000 4.49694900
0.55215000 4.49923700
0.55225000 4.50152600
0.55235000 4.50381400
0.55245000 4.50610300
0.55255000 4.50839200
0.55265000 4.51068000
0.55275000 4.51296900
0.55285000 4.51525800
0.55295000 4.51754600
0.55305000 4.51983600
0.55315000 4.52212500
0.55325000 4.52441300
0.55335000 4.52670300
0.55345000 4.52899100
0.55355000 4.53128100
0.55365000 4.53357000
0.55375000 4.53586000
0.55385000 4.53814800
0.55395000 4.54043800
0.55405000 4.54272700
0.55415000 4.49644100
0.55425000 4.49873200
0.55435000 4.50102100
0.55445000 4.50331300
0.55455000 4.50560300
0.55465000 4.50789300
0.55475000 4.51018400
0.55485000 4.51247500
0.55495000 4.51476600
0.55505000 4.51705600
0.55515000 4.51934700
0.55525000 4.52163800
0.55535000 4.52392900
0.55545000 4.52622000
0.55555000 4.52851100
0.55565000 4.53080200
0.55575000 4.53309300
0.55585000 4.53538400
0.55595000 4.53767500
0.55605000 4.53996700
0.55615000 4.54225700
0.55625000 4.54455000
0.55635000 4.54684000
0.55645000 4.54913200
0.55655000 4.55142300
0.55665000 4.55371500
0.55675000 4.55600600
0.55685000 4.55829800
0.55695000 4.56058900
0.55705000 4.56288200
0.55715000 4.56517200
0.55725000 4.56746500
0.55735000 4.56975600
0.55745000 4.57204800
0.55755000 4.57434000
0.55765000 4.57663200
0.55775000 4.57892400
0.55785000 4.58121500
0.55795000 4.58350800
0.55805000 4.53726900
0.55815000 4.53956200
0.55825000 4.54185500
0.55835000 4.54414800
0.55845000 4.54644100
0.55855000 4.54873500
0.55865000 4.55102800
0.55875000 4.55332200
0.55885000 4.55561400
0.55895000 4.55790800
0.55905000 4.56020200
0.55915000 4.56249500
0.55925000 4.56478900
0.55935000 4.56708200
0.55945000 4.56937600
0.55955000 4.57167000
0.55965000 4.57396300
0.55975000 4.57625700
0.55985000 4.57855100
0.55995000 4.58084400
0.56005000 4.58313900
0.56015000 4.58543200
0.56025000 4.58772600
0.56035000 4.59002000
0.56045000 4.59231500
0.56055000 4.59460800
0.56065000 4.59690200
0.56075000 4.59919600
0.56085000 4.60149100
0.56095000 4.60378400
0.56105000 4.60607900
0.56115000 4.60837300
0.56125000 4.61066800
0.56135000 4.61296100
0.56145000 4.61525600
0.56155000 4.61755000
0.56165000 4.61984500
0.56175000 4.62213900
0.56185000 4.57594900
0.56195000 4.57824400
0.56205000 4.58053900
0.56215000 4.58283500
0.56225000 4.58513100
0.56235000 4.58742700
0.56245000 4.58972300
0.56255000 4.59201800
0.56265000 4.59431400
0.56275000 4.59661000
0.56285000 4.59890600
0.56295000 4.60120200
0.56305000 4.60349800
0.56315000 4.60579400
0.56325000 4.60808900
0.56335000 4.61038600
0.56345000 4.61268200
0.56355000 4.61497800
0.56365000 4.61727500
0.56375000 4.61957000
0.56385000 4.62186700
0.56395000 4.62416300
0.56405000 4.62645900
0.56415000 4.62875500
0.56425000 4.63105200
0.56435000 4.63334800
0.56445000 4.63564500
0.56455000 4.63793800
0.56465000 4.64024000
0.56475000 4.64253000
0.56485000 4.64483000
0.56495000 4.64713000
0.56505000 4.64942000
0.56515000 4.65173000
0.56525000 4.65401000
0.56535000 4.65631000
0.56545000 4.65861000
0.56555000 4.66091000
0.56565000 4.61477000
0.56575000 4.61706000
0.56585000 4.61936000
0.56595000 4.62166000
0.56605000 4.62396000
0.56615000 4.62626000
0.56625000 4.62855000
0.56635000 4.63085000
0.56645000 4.63315000
0.56655000 4.63545000
0.56665000 4.63775000
0.56675000 4.64004000
0.56685000 4.64235000
0.56695000 4.64464000
0.56705000 4.64694000
0.56715000 4.64923000
0.56725000 4.65154000
0.56735000 4.65383000
0.56745000 4.65614000
0.56755000 4.65843000
0.56765000 4.66073000
0.56775000 4.66303000
0.56785000 4.66532000
0.56795000 4.66763000
0.56805000 4.66992000
0.56815000 4.67222000
0.56825000 4.67452000
0.56835000 4.67682000
0.56845000 4.67912000
0.56855000 4.68142000
0.56865000 4.68371000
0.56875000 4.68602000
0.56885000 4.68831000
0.56895000 4.69061000
0.56905000 4.69291000
0.56915000 4.69521000
0.56925000 4.69750000
0.56935000 4.69981000
0.56945000 4.65372000
0.56955000 4.65602000
0.56965000 4.65831000
0.56975000 4.66062000
0.56985000 4.66292000
0.56995000 4.66522000
0.57005000 4.66751000
0.57015000 4.66982000
0.57025000 4.67212000
0.57035000 4.67442000
0.57045000 4.67672000
0.57055000 4.67902000
0.57065000 4.68132000
0.57075000 4.68362000
0.57085000 4.68592000
0.57095000 4.68822000
0.57105000 4.69052000
0.57115000 4.69282000
0.57125000 4.69513000
0.57135000 4.69742000
0.57145000 4.69972000
0.57155000 4.70202000
0.57165000 4.70433000
0.57175000 4.70662000
0.57185000 4.70893000
0.57195000 4.71122000
0.57205000 4.71353000
0.57215000 4.71583000
0.57225000 4.71812000
0.57235000 4.72043000
0.57245000 4.72273000
0.57255000 4.72503000
0.57265000 4.72733000
0.57275000 4.72963000
0.57285000 4.73193000
0.57295000 4.73423000
0.57305000 4.73653000
0.57315000 4.73883000
0.57325000 4.69280000
0.57335000 4.69510000
0.57345000 4.69740000
0.57355000 4.69971000
0.57365000 4.70201000
0.57375000 4.70430000
0.57385000 4.70662000
0.57395000 4.70891000
0.57405000 4.71121000
0.57415000 4.71352000
0.57425000 4.71582000
0.57435000 4.71812000
0.57445000 4.72043000
0.57455000 4.72272000
0.57465000 4.72503000
0.57475000 4.72733000
0.57485000 4.72964000
0.57495000 4.73193000
0.57505000 4.73424000
0.57515000 4.73654000
0.57525000 4.73884000
0.57535000 4.74115000
0.57545000 4.74344000
0.57555000 4.74575000
0.57565000 4.74805000
0.57575000 4.75036000
0.57585000 4.75265000
0.57595000 4.75496000
0.57605000 4.75726000
0.57615000 4.75957000
0.57625000 4.76186000
0.57635000 4.76417000
0.57645000 4.76647000
0.57655000 4.76878000
0.57665000 4.77107000
0.57675000 4.77338000
0.57685000 4.77568000
0.57695000 4.72970000
0.57705000 4.73200000
0.57715000 4.73431000
0.57725000 4.73661000
0.57735000 4.73892000
0.57745000 4.74122000
0.57755000 4.74352000
0.57765000 4.74583000
0.57775000 4.74813000
0.57785000 4.75044000
0.57795000 4.75274000
0.57805000 4.75504000
0.57815000 4.75735000
0.57825000 4.75965000
0.57835000 4.76195000
0.57845000 4.76426000
0.57855000 4.76657000
0.57865000 4.76886000
0.57875000 4.77118000
0.57885000 4.77347000
0.57895000 4.77578000
0.57905000 4.77808000
0.57915000 4.78039000
0.57925000 4.78269000
0.57935000 4.78500000
0.57945000 4.78730000
0.57955000 4.78960000
0.57965000 4.79191000
0.57975000 4.79421000
0.57985000 4.79651000
0.57995000 4.79882000
0.58005000 4.80113000
0.58015000 4.80343000
0.58025000 4.80573000
0.58035000 4.80803000
0.58045000 4.81034000
0.58055000 4.81265000
0.58065000 4.76672000
0.58075000 4.76902000
0.58085000 4.77133000
0.58095000 4.77364000
0.58105000 4.77594000
0.58115000 4.77825000
0.58125000 4.78055000
0.58135000 4.78286000
0.58145000 4.78516000
0.58155000 4.78747000
0.58165000 4.78978000
0.58175000 4.79208000
0.58185000 4.79438000
0.58195000 4.79670000
0.58205000 4.79899000
0.58215000 4.80131000
0.58225000 4.80360000
0.58235000 4.80592000
0.58245000 4.80822000
0.58255000 4.81052000
0.58265000 4.81283000
0.58275000 4.81514000
0.58285000 4.81744000
0.58295000 4.81975000
0.58305000 4.82205000
0.58315000 4.82436000
0.58325000 4.82666000
0.58335000 4.82897000
0.58345000 4.83128000
0.58355000 4.83358000
0.58365000 4.83588000
0.58375000 4.83820000
0.58385000 4.84049000
0.58395000 4.84280000
0.58405000 4.84511000
0.58415000 4.84742000
0.58425000 4.84971000
0.58435000 4.80386000
0.58445000 4.80616000
0.58455000 4.80846000
0.58465000 4.81078000
0.58475000 4.81308000
0.58485000 4.81538000
0.58495000 4.81770000
0.58505000 4.82000000
0.58515000 4.82231000
0.58525000 4.82461000
0.58535000 4.82693000
0.58545000 4.82923000
0.58555000 4.83153000
0.58565000 4.83385000
0.58575000 4.83615000
0.58585000 4.83846000
0.58595000 4.84076000
0.58605000 4.84307000
0.58615000 4.84538000
0.58625000 4.84768000
0.58635000 4.85000000
0.58645000 4.85230000
0.58655000 4.85460000
0.58665000 4.85692000
0.58675000 4.85922000
0.58685000 4.86152000
0.58695000 4.86384000
0.58705000 4.86614000
0.58715000 4.86844000
0.58725000 4.87076000
0.58735000 4.87306000
0.58745000 4.87537000
0.58755000 4.87767000
0.58765000 4.87998000
0.58775000 4.88229000
0.58785000 4.88459000
0.58795000 4.88691000
0.58805000 4.84109000
0.58815000 4.84340000
0.58825000 4.84571000
0.58835000 4.84802000
0.58845000 4.85033000
0.58855000 4.85264000
0.58865000 4.85494000
0.58875000 4.85726000
0.58885000 4.85956000
0.58895000 4.86187000
0.58905000 4.86418000
0.58915000 4.86648000
0.58925000 4.86880000
0.58935000 4.87110000
0.58945000 4.87341000
0.58955000 4.87572000
0.58965000 4.87803000
0.58975000 4.88033000
0.58985000 4.88265000
0.58995000 4.88495000
0.59005000 4.88726000
0.59015000 4.88957000
0.59025000 4.89187000
0.59035000 4.89419000
0.59045000 4.89649000
0.59055000 4.89880000
0.59065000 4.90111000
0.59075000 4.90342000
0.59085000 4.90572000
0.59095000 4.90803000
0.59105000 4.91035000
0.59115000 4.91264000
0.59125000 4.91496000
0.59135000 4.91727000
0.59145000 4.91957000
0.59155000 4.92188000
0.59165000 4.87613000
0.59175000 4.87844000
0.59185000 4.88076000
0.59195000 4.88306000
0.59205000 4.88537000
0.59215000 4.88768000
0.59225000 4.88999000
0.59235000 4.89230000
0.59245000 4.89461000
0.59255000 4.89692000
0.59265000 4.89922000
0.59275000 4.90154000
0.59285000 4.90385000
0.59295000 4.90615000
0.59305000 4.90847000
0.59315000 4.91077000
0.59325000 4.91309000
0.59335000 4.91539000
0.59345000 4.91770000
0.59355000 4.92002000
0.59365000 4.92232000
0.59375000 4.92463000
0.59385000 4.92694000
0.59395000 4.92925000
0.59405000 4.93155000
0.59415000 4.93387000
0.59425000 4.93618000
0.59435000 4.93848000
0.59445000 4.94080000
0.59455000 4.94310000
0.59465000 4.94541000
0.59475000 4.94772000
0.59485000 4.95003000
0.59495000 4.95234000
0.59505000 4.95465000
0.59515000 4.95696000
0.59525000 4.91127000
0.59535000 4.91358000
0.59545000 4.91589000
0.59555000 4.91820000
0.59565000 4.92052000
0.59575000 4.92282000
0.59585000 4.92513000
0.59595000 4.92745000
0.59605000 4.92975000
0.59615000 4.93207000
0.59625000 4.93437000
0.59635000 4.93669000
0.59645000 4.93900000
0.59655000 4.94130000
0.59665000 4.94362000
0.59675000 4.94593000
0.59685000 4.94824000
0.59695000 4.95054000
0.59705000 4.95286000
0.59715000 4.95517000
0.59725000 4.95748000
0.59735000 4.95979000
0.59745000 4.96210000
0.59755000 4.96441000
0.59765000 4.96671000
0.59775000 4.96903000
0.59785000 4.97134000
0.59795000 4.97365000
0.59805000 4.97596000
0.59815000 4.97827000
0.59825000 4.98058000
0.59835000 4.98289000
0.59845000 4.98520000
0.59855000 4.98750000
0.59865000 4.98982000
0.59875000 4.99213000
0.59885000 4.94650000
0.59895000 4.94882000
0.59905000 4.95113000
0.59915000 4.95343000
0.59925000 4.95575000
0.59935000 4.95806000
0.59945000 4.96038000
0.59955000 4.96268000
0.59965000 4.96500000
0.59975000 4.96730000
0.59985000 4.96962000
0.59995000 4.97193000
0.60005000 4.97424000
0.60015000 4.97655000
0.60025000 4.97887000
0.60035000 4.98117000
0.60045000 4.98348000
0.60055000 4.98580000
0.60065000 4.98811000
0.60075000 4.99042000
0.60085000 4.99272000
0.60095000 4.99504000
0.60105000 4.99736000
0.60115000 4.99966000
0.60125000 5.00197000
0.60135000 5.00428000
0.60145000 5.00660000
0.60155000 5.00890000
0.60165000 5.01122000
0.60175000 5.01352000
0.60185000 5.01584000
0.60195000 5.01815000
0.60205000 5.02045000
0.60215000 5.02277000
0.60225000 5.02508000
0.60235000 5.02739000
0.60245000 4.98183000
0.60255000 4.98414000
0.60265000 4.98646000
0.60275000 4.98876000
0.60285000 4.99108000
0.60295000 4.99339000
0.60305000 4.99570000
0.60315000 4.99802000
0.60325000 5.00032000
0.60335000 5.00264000
0.60345000 5.00495000
0.60355000 5.00727000
0.60365000 5.00957000
0.60375000 5.01189000
0.60385000 5.01420000
0.60395000 5.01651000
0.60405000 5.01882000
0.60415000 5.02113000
0.60425000 5.02345000
0.60435000 5.02575000
0.60445000 5.02807000
0.60455000 5.03038000
0.60465000 5.03270000
0.60475000 5.03500000
0.60485000 5.03731000
0.60495000 5.03963000
0.60505000 5.04194000
0.60515000 5.04424000
0.60525000 5.04656000
0.60535000 5.04888000
0.60545000 5.05118000
0.60555000 5.05349000
0.60565000 5.05581000
0.60575000 5.05811000
0.60585000 5.06043000
0.60595000 5.01493000
0.60605000 5.01724000
0.60615000 5.01956000
0.60625000 5.02187000
0.60635000 5.02418000
0.60645000 5.02650000
0.60655000 5.02880000
0.60665000 5.03112000
0.60675000 5.03344000
0.60685000 5.03574000
0.60695000 5.03806000
0.60705000 5.04037000
0.60715000 5.04268000
0.60725000 5.04500000
0.60735000 5.04731000
0.60745000 5.04962000
0.60755000 5.05193000
0.60765000 5.05425000
0.60775000 5.05655000
0.60785000 5.05887000
0.60795000 5.06118000
0.60805000 5.06350000
0.60815000 5.06580000
0.60825000 5.06812000
0.60835000 5.07043000
0.60845000 5.07274000
0.60855000 5.07506000
0.60865000 5.07736000
0.60875000 5.07968000
0.60885000 5.08199000
0.60895000 5.08430000
0.60905000 5.08661000
0.60915000 5.08892000
0.60925000 5.09124000
0.60935000 5.09355000
0.60945000 5.09585000
0.60955000 5.05043000
0.60965000 5.05275000
0.60975000 5.05505000
0.60985000 5.05737000
0.60995000 5.05968000
0.61005000 5.06200000
0.61015000 5.06431000
0.61025000 5.06662000
0.61035000 5.06893000
0.61045000 5.07125000
0.61055000 5.07356000
0.61065000 5.07588000
0.61075000 5.07818000
0.61085000 5.08050000
0.61095000 5.08282000
0.61105000 5.08512000
0.61115000 5.08744000
0.61125000 5.08975000
0.61135000 5.09206000
0.61145000 5.09438000
0.61155000 5.09669000
0.61165000 5.09900000
0.61175000 5.10131000
0.61185000 5.10363000
0.61195000 5.10594000
0.61205000 5.10825000
0.61215000 5.11056000
0.61225000 5.11287000
0.61235000 5.11519000
0.61245000 5.11750000
0.61255000 5.11981000
0.61265000 5.12212000
0.61275000 5.12443000
0.61285000 5.12675000
0.61295000 5.12906000
0.61305000 5.08369000
0.61315000 5.08601000
0.61325000 5.08832000
0.61335000 5.09064000
0.61345000 5.09295000
0.61355000 5.09526000
0.61365000 5.09758000
0.61375000 5.09989000
0.61385000 5.10220000
0.61395000 5.10452000
0.61405000 5.10683000
0.61415000 5.10915000
0.61425000 5.11145000
0.61435000 5.11377000
0.61445000 5.11609000
0.61455000 5.11839000
0.61465000 5.12071000
0.61475000 5.12302000
0.61485000 5.12534000
0.61495000 5.12765000
0.61505000 5.12996000
0.61515000 5.13227000
0.61525000 5.13459000
0.61535000 5.13690000
0.61545000 5.13921000
0.61555000 5.14152000
0.61565000 5.14384000
0.61575000 5.14615000
0.61585000 5.14846000
0.61595000 5.15077000
0.61605000 5.15308000
0.61615000 5.15540000
0.61625000 5.15771000
0.61635000 5.16002000
0.61645000 5.16233000
0.61655000 5.11704000
0.61665000 5.11936000
0.61675000 5.12166000
0.61685000 5.12398000
0.61695000 5.12630000
0.61705000 5.12860000
0.61715000 5.13092000
0.61725000 5.13324000
0.61735000 5.13555000
0.61745000 5.13786000
0.61755000 5.14018000
0.61765000 5.14249000
0.61775000 5.14480000
0.61785000 5.14711000
0.61795000 5.14943000
0.61805000 5.15175000
0.61815000 5.15405000
0.61825000 5.15637000
0.61835000 5.15868000
0.61845000 5.16100000
0.61855000 5.16330000
0.61865000 5.16562000
0.61875000 5.16794000
0.61885000 5.17024000
0.61895000 5.17256000
0.61905000 5.17487000
0.61915000 5.17719000
0.61925000 5.17949000
0.61935000 5.18181000
0.61945000 5.18412000
0.61955000 5.18643000
0.61965000 5.18875000
0.61975000 5.19106000
0.61985000 5.19337000
0.61995000 5.14814000
0.62005000 5.15045000
0.62015000 5.15277000
0.62025000 5.15508000
0.62035000 5.15740000
0.62045000 5.15971000
0.62055000 5.16203000
0.62065000 5.16434000
0.62075000 5.16665000
0.62085000 5.16897000
0.62095000 5.17128000
0.62105000 5.17359000
0.62115000 5.17591000
0.62125000 5.17822000
0.62135000 5.18053000
0.62145000 5.18285000
0.62155000 5.18516000
0.62165000 5.18747000
0.62175000 5.18979000
0.62185000 5.19210000
0.62195000 5.19441000
0.62205000 5.19673000
0.62215000 5.19904000
0.62225000 5.20135000
0.62235000 5.20366000
0.62245000 5.20598000
0.62255000 5.20829000
0.62265000 5.21060000
0.62275000 5.21291000
0.62285000 5.21523000
0.62295000 5.21754000
0.62305000 5.21985000
0.62315000 5.22216000
0.62325000 5.22447000
0.62335000 5.22679000
0.62345000 5.18163000
0.62355000 5.18394000
0.62365000 5.18626000
0.62375000 5.18857000
0.62385000 5.19088000
0.62395000 5.19320000
0.62405000 5.19552000
0.62415000 5.19782000
0.62425000 5.20014000
0.62435000 5.20246000
0.62445000 5.20476000
0.62455000 5.20708000
0.62465000 5.20940000
0.62475000 5.21171000
0.62485000 5.21402000
0.62495000 5.21633000
0.62505000 5.21865000
0.62515000 5.22096000
0.62525000 5.22327000
0.62535000 5.22559000
0.62545000 5.22789000
0.62555000 5.23022000
0.62565000 5.23252000
0.62575000 5.23484000
0.62585000 5.23714000
0.62595000 5.23947000
0.62605000 5.24177000
0.62615000 5.24409000
0.62625000 5.24639000
0.62635000 5.24871000
0.62645000 5.25103000
0.62655000 5.25333000
0.62665000 5.25565000
0.62675000 5.25796000
0.62685000 5.21287000
0.62695000 5.21518000
0.62705000 5.21750000
0.62715000 5.21981000
0.62725000 5.22212000
0.62735000 5.22444000
0.62745000 5.22676000
0.62755000 5.22906000
0.62765000 5.23138000
0.62775000 5.23370000
0.62785000 5.23600000
0.62795000 5.23832000
0.62805000 5.24064000
0.62815000 5.24295000
0.62825000 5.24525000
0.62835000 5.24758000
0.62845000 5.24988000
0.62855000 5.25220000
0.62865000 5.25451000
0.62875000 5.25683000
0.62885000 5.25913000
0.62895000 5.26145000
0.62905000 5.26376000
0.62915000 5.26608000
0.62925000 5.26838000
0.62935000 5.27070000
0.62945000 5.27301000
0.62955000 5.27533000
0.62965000 5.27763000
0.62975000 5.27995000
0.62985000 5.28225000
0.62995000 5.28457000
0.63005000 5.28688000
0.63015000 5.28920000
0.63025000 5.29150000
0.63035000 5.24649000
0.63045000 5.24880000
0.63055000 5.25112000
0.63065000 5.25343000
0.63075000 5.25574000
0.63085000 5.25806000
0.63095000 5.26037000
0.63105000 5.26269000
0.63115000 5.26499000
0.63125000 5.26731000
0.63135000 5.26963000
0.63145000 5.27193000
0.63155000 5.27425000
0.63165000 5.27656000
0.63175000 5.27888000
0.63185000 5.28118000
0.63195000 5.28350000
0.63205000 5.28582000
0.63215000 5.28812000
0.63225000 5.29044000
0.63235000 5.29275000
0.63245000 5.29506000
0.63255000 5.29737000
0.63265000 5.29968000
0.63275000 5.30200000
0.63285000 5.30431000
0.63295000 5.30662000
0.63305000 5.30893000
0.63315000 5.31124000
0.63325000 5.31356000
0.63335000 5.31586000
0.63345000 5.31818000
0.63355000 5.32049000
0.63365000 5.32280000
0.63375000 5.27785000
0.63385000 5.28017000
0.63395000 5.28249000
0.63405000 5.28479000
0.63415000 5.28711000
0.63425000 5.28942000
0.63435000 5.29174000
0.63445000 5.29405000
0.63455000 5.29636000
0.63465000 5.29867000
0.63475000 5.30099000
0.63485000 5.30329000
0.63495000 5.30561000
0.63505000 5.30793000
0.63515000 5.31023000
0.63525000 5.31255000
0.63535000 5.31486000
0.63545000 5.31717000
0.63555000 5.31949000
0.63565000 5.32179000
0.63575000 5.32411000
0.63585000 5.32642000
0.63595000 5.32873000
0.63605000 5.33104000
0.63615000 5.33335000
0.63625000 5.33567000
0.63635000 5.33797000
0.63645000 5.34029000
0.63655000 5.34260000
0.63665000 5.34491000
0.63675000 5.34722000
0.63685000 5.34953000
0.63695000 5.35184000
0.63705000 5.30696000
0.63715000 5.30929000
0.63725000 5.31159000
0.63735000 5.31391000
0.63745000 5.31622000
0.63755000 5.31853000
0.63765000 5.32084000
0.63775000 5.32316000
0.63785000 5.32547000
0.63795000 5.32778000
0.63805000 5.33010000
0.63815000 5.33240000
0.63825000 5.33472000
0.63835000 5.33703000
0.63845000 5.33934000
0.63855000 5.34165000
0.63865000 5.34397000
0.63875000 5.34628000
0.63885000 5.34858000
0.63895000 5.35090000
0.63905000 5.35321000
0.63915000 5.35552000
0.63925000 5.35784000
0.63935000 5.36014000
0.63945000 5.36246000
0.63955000 5.36476000
0.63965000 5.36708000
0.63975000 5.36938000
0.63985000 5.37170000
0.63995000 5.37401000
0.64005000 5.37631000
0.64015000 5.37863000
0.64025000 5.38094000
0.64035000 5.38325000
0.64045000 5.33845000
0.64055000 5.34076000
0.64065000 5.34307000
0.64075000 5.34539000
0.64085000 5.34770000
0.64095000 5.35001000
0.64105000 5.35232000
0.64115000 5.35463000
0.64125000 5.35695000
0.64135000 5.35925000
0.64145000 5.36157000
0.64155000 5.36388000
0.64165000 5.36620000
0.64175000 5.36850000
0.64185000 5.37081000
0.64195000 5.37313000
0.64205000 5.37543000
0.64215000 5.37775000
0.64225000 5.38006000
0.64235000 5.38236000
0.64245000 5.38468000
0.64255000 5.38699000
0.64265000 5.38930000
0.64275000 5.39161000
0.64285000 5.39392000
0.64295000 5.39623000
0.64305000 5.39854000
0.64315000 5.40085000
0.64325000 5.40316000
0.64335000 5.40546000
0.64345000 5.40778000
0.64355000 5.41009000
0.64365000 5.41239000
0.64375000 5.36768000
0.64385000 5.36998000
0.64395000 5.37229000
0.64405000 5.37461000
0.64415000 5.37692000
0.64425000 5.37923000
0.64435000 5.38154000
0.64445000 5.38385000
0.64455000 5.38616000
0.64465000 5.38847000
0.64475000 5.39079000
0.64485000 5.39309000
0.64495000 5.39541000
0.64505000 5.39771000
0.64515000 5.40003000
0.64525000 5.40234000
0.64535000 5.40464000
0.64545000 5.40696000
0.64555000 5.40927000
0.64565000 5.41157000
0.64575000 5.41389000
0.64585000 5.41620000
0.64595000 5.41850000
0.64605000 5.42082000
0.64615000 5.42312000
0.64625000 5.42543000
0.64635000 5.42775000
0.64645000 5.43005000
0.64655000 5.43236000
0.64665000 5.43467000
0.64675000 5.43698000
0.64685000 5.43929000
0.64695000 5.44159000
0.64705000 5.44390000
0.64715000 5.39926000
0.64725000 5.40157000
0.64735000 5.40387000
0.64745000 5.40619000
0.64755000 5.40850000
0.64765000 5.41081000
0.64775000 5.41312000
0.64785000 5.41542000
0.64795000 5.41774000
0.64805000 5.42005000
0.64815000 5.42236000
0.64825000 5.42467000
0.64835000 5.42698000
0.64845000 5.42929000
0.64855000 5.43159000
0.64865000 5.43391000
0.64875000 5.43622000
0.64885000 5.43852000
0.64895000 5.44084000
0.64905000 5.44314000
0.64915000 5.44545000
0.64925000 5.44776000
0.64935000 5.45007000
0.64945000 5.45238000
0.64955000 5.45469000
0.64965000 5.45699000
0.64975000 5.45931000
0.64985000 5.46161000
0.64995000 5.46391000
0.65005000 5.46623000
0.65015000 5.46854000
0.65025000 5.47084000
0.65035000 5.47315000
0.65045000 5.42857000
0.65055000 5.43089000
0.65065000 5.43319000
0.65075000 5.43551000
0.65085000 5.43781000
0.65095000 5.44013000
0.65105000 5.44243000
0.65115000 5.44474000
0.65125000 5.44706000
0.65135000 5.44936000
0.65145000 5.45167000
0.65155000 5.45398000
0.65165000 5.45629000
0.65175000 5.45859000
0.65185000 5.46091000
0.65195000 5.46321000
0.65205000 5.46552000
0.65215000 5.46783000
0.65225000 5.47014000
0.65235000 5.47245000
0.65245000 5.47475000
0.65255000 5.47706000
0.65265000 5.47937000
0.65275000 5.48168000
0.65285000 5.48398000
0.65295000 5.48630000
0.65305000 5.48859000
0.65315000 5.49091000
0.65325000 5.49321000
0.65335000 5.49552000
0.65345000 5.49783000
0.65355000 5.50013000
0.65365000 5.50244000
0.65375000 5.45794000
0.65385000 5.46025000
0.65395000 5.46256000
0.65405000 5.46487000
0.65415000 5.46717000
0.65425000 5.46949000
0.65435000 5.47179000
0.65445000 5.47411000
0.65455000 5.47641000
0.65465000 5.47871000
0.65475000 5.48103000
0.65485000 5.48333000
0.65495000 5.48565000
0.65505000 5.48794000
0.65515000 5.49026000
0.65525000 5.49257000
0.65535000 5.49487000
0.65545000 5.49718000
0.65555000 5.49948000
0.65565000 5.50179000
0.65575000 5.50410000
0.65585000 5.50641000
0.65595000 5.50871000
0.65605000 5.51102000
0.65615000 5.51332000
0.65625000 5.51563000
0.65635000 5.51794000
0.65645000 5.52024000
0.65655000 5.52255000
0.65665000 5.52486000
0.65675000 5.52716000
0.65685000 5.52946000
0.65695000 5.48504000
0.65705000 5.48735000
0.65715000 5.48966000
0.65725000 5.49197000
0.65735000 5.49427000
0.65745000 5.49658000
0.65755000 5.49889000
0.65765000 5.50120000
0.65775000 5.50350000
0.65785000 5.50581000
0.65795000 5.50812000
0.65805000 5.51042000
0.65815000 5.51273000
0.65825000 5.51504000
0.65835000 5.51734000
0.65845000 5.51965000
0.65855000 5.52195000
0.65865000 5.52427000
0.65875000 5.52656000
0.65885000 5.52888000
0.65895000 5.53118000
0.65905000 5.53348000
0.65915000 5.53579000
0.65925000 5.53810000
0.65935000 5.54040000
0.65945000 5.54270000
0.65955000 5.54501000
0.65965000 5.54732000
0.65975000 5.54962000
0.65985000 5.55192000
0.65995000 5.55423000
0.66005000 5.55653000
0.66015000 5.55884000
0.66025000 5.51449000
0.66035000 5.51680000
0.66045000 5.51910000
0.66055000 5.52142000
0.66065000 5.52371000
0.66075000 5.52603000
0.66085000 5.52833000
0.66095000 5.53064000
0.66105000 5.53294000
0.66115000 5.53525000
0.66125000 5.53755000
0.66135000 5.53986000
0.66145000 5.54217000
0.66155000 5.54447000
0.66165000 5.54677000
0.66175000 5.54908000
0.66185000 5.55139000
0.66195000 5.55369000
0.66205000 5.55599000
0.66215000 5.55830000
0.66225000 5.56061000
0.66235000 5.56290000
0.66245000 5.56522000
0.66255000 5.56751000
0.66265000 5.56982000
0.66275000 5.57212000
0.66285000 5.57443000
0.66295000 5.57673000
0.66305000 5.57903000
0.66315000 5.58134000
0.66325000 5.58364000
0.66335000 5.58594000
0.66345000 5.58825000
0.66355000 5.54398000
0.66365000 5.54628000
0.66375000 5.54859000
0.66385000 5.55090000
0.66395000 5.55320000
0.66405000 5.55550000
0.66415000 5.55781000
0.66425000 5.56012000
0.66435000 5.56242000
0.66445000 5.56472000
0.66455000 5.56703000
0.66465000 5.56933000
0.66475000 5.57164000
0.66485000 5.57394000
0.66495000 5.57624000
0.66505000 5.57855000
0.66515000 5.58085000
0.66525000 5.58315000
0.66535000 5.58546000
0.66545000 5.58776000
0.66555000 5.59006000
0.66565000 5.59237000
0.66575000 5.59467000
0.66585000 5.59697000
0.66595000 5.59927000
0.66605000 5.60157000
0.66615000 5.60388000
0.66625000 5.60618000
0.66635000 5.60848000
0.66645000 5.61079000
0.66655000 5.61308000
0.66665000 5.61539000
0.66675000 5.57119000
0.66685000 5.57350000
0.66695000 5.57581000
0.66705000 5.57811000
0.66715000 5.58041000
0.66725000 5.58272000
0.66735000 5.58502000
0.66745000 5.58732000
0.66755000 5.58963000
0.66765000 5.59193000
0.66775000 5.59423000
0.66785000 5.59653000
0.66795000 5.59884000
0.66805000 5.60114000
0.66815000 5.60345000
0.66825000 5.60574000
0.66835000 5.60805000
0.66845000 5.61034000
0.66855000 5.61266000
0.66865000 5.61495000
0.66875000 5.61725000
0.66885000 5.61956000
0.66895000 5.62185000
0.66905000 5.62416000
0.66915000 5.62646000
0.66925000 5.62875000
0.66935000 5.63106000
0.66945000 5.63336000
0.66955000 5.63566000
0.66965000 5.63796000
0.66975000 5.64026000
0.66985000 5.64256000
0.66995000 5.59845000
0.67005000 5.60076000
0.67015000 5.60305000
0.67025000 5.60536000
0.67035000 5.60766000
0.67045000 5.60996000
0.67055000 5.61227000
0.67065000 5.61456000
0.67075000 5.61687000
0.67085000 5.61917000
0.67095000 5.62147000
0.67105000 5.62377000
0.67115000 5.62608000
0.67125000 5.62837000
0.67135000 5.63067000
0.67145000 5.63298000
0.67155000 5.63528000
0.67165000 5.63757000
0.67175000 5.63988000
0.67185000 5.64217000
0.67195000 5.64448000
0.67205000 5.64678000
0.67215000 5.64907000
0.67225000 5.65138000
0.67235000 5.65367000
0.67245000 5.65598000
0.67255000 5.65827000
0.67265000 5.66057000
0.67275000 5.66287000
0.67285000 5.66517000
0.67295000 5.66747000
0.67305000 5.66977000
0.67315000 5.62573000
0.67325000 5.62804000
0.67335000 5.63034000
0.67345000 5.63264000
0.67355000 5.63493000
0.67365000 5.63724000
0.67375000 5.63954000
0.67385000 5.64184000
0.67395000 5.64415000
0.67405000 5.64644000
0.67415000 5.64874000
0.67425000 5.65104000
0.67435000 5.65334000
0.67445000 5.65563000
0.67455000 5.65794000
0.67465000 5.66024000
0.67475000 5.66253000
0.67485000 5.66484000
0.67495000 5.66713000
0.67505000 5.66943000
0.67515000 5.67173000
0.67525000 5.67403000
0.67535000 5.67633000
0.67545000 5.67862000
0.67555000 5.68092000
0.67565000 5.68322000
0.67575000 5.68552000
0.67585000 5.68781000
0.67595000 5.69012000
0.67605000 5.69240000
0.67615000 5.69471000
0.67625000 5.69700000
0.67635000 5.65305000
0.67645000 5.65535000
0.67655000 5.65765000
0.67665000 5.65995000
0.67675000 5.66225000
0.67685000 5.66454000
0.67695000 5.66685000
0.67705000 5.66914000
0.67715000 5.67144000
0.67725000 5.67375000
0.67735000 5.67603000
0.67745000 5.67834000
0.67755000 5.68064000
0.67765000 5.68293000
0.67775000 5.68523000
0.67785000 5.68752000
0.67795000 5.68983000
0.67805000 5.69212000
0.67815000 5.69442000
0.67825000 5.69671000
0.67835000 5.69901000
0.67845000 5.70131000
0.67855000 5.70361000
0.67865000 5.70590000
0.67875000 5.70819000
0.67885000 5.71049000
0.67895000 5.71279000
0.67905000 5.71508000
0.67915000 5.71738000
0.67925000 5.71967000
0.67935000 5.72197000
0.67945000 5.67810000
0.67955000 5.68039000
0.67965000 5.68269000
0.67975000 5.68499000
0.67985000 5.68729000
0.67995000 5.68958000
0.68005000 5.69188000
0.68015000 5.69418000
0.68025000 5.69647000
0.68035000 5.69878000
0.68045000 5.70106000
0.68055000 5.70337000
0.68065000 5.70566000
0.68075000 5.70795000
0.68085000 5.71025000
0.68095000 5.71255000
0.68105000 5.71484000
0.68115000 5.71714000
0.68125000 5.71944000
0.68135000 5.72172000
0.68145000 5.72403000
0.68155000 5.72632000
0.68165000 5.72861000
0.68175000 5.73090000
0.68185000 5.73321000
0.68195000 5.73549000
0.68205000 5.73779000
0.68215000 5.74008000
0.68225000 5.74238000
0.68235000 5.74467000
0.68245000 5.74696000
0.68255000 5.74926000
0.68265000 5.70546000
0.68275000 5.70776000
0.68285000 5.71006000
0.68295000 5.71235000
0.68305000 5.71465000
0.68315000 5.71695000
0.68325000 5.71924000
0.68335000 5.72153000
0.68345000 5.72383000
0.68355000 5.72612000
0.68365000 5.72842000
0.68375000 5.73071000
0.68385000 5.73301000
0.68395000 5.73530000
0.68405000 5.73760000
0.68415000 5.73989000
0.68425000 5.74218000
0.68435000 5.74447000
0.68445000 5.74677000
0.68455000 5.74906000
0.68465000 5.75136000
0.68475000 5.75365000
0.68485000 5.75594000
0.68495000 5.75823000
0.68505000 5.76052000
0.68515000 5.76282000
0.68525000 5.76511000
0.68535000 5.76740000
0.68545000 5.76969000
0.68555000 5.77198000
0.68565000 5.77428000
0.68575000 5.73056000
0.68585000 5.73286000
0.68595000 5.73515000
0.68605000 5.73745000
0.68615000 5.73974000
0.68625000 5.74203000
0.68635000 5.74433000
0.68645000 5.74662000
0.68655000 5.74891000
0.68665000 5.75120000
0.68675000 5.75350000
0.68685000 5.75579000
0.68695000 5.75809000
0.68705000 5.76037000
0.68715000 5.76267000
0.68725000 5.76496000
0.68735000 5.76725000
0.68745000 5.76954000
0.68755000 5.77183000
0.68765000 5.77413000
0.68775000 5.77642000
0.68785000 5.77870000
0.68795000 5.78100000
0.68805000 5.78329000
0.68815000 5.78558000
0.68825000 5.78786000
0.68835000 5.79016000
0.68845000 5.79245000
0.68855000 5.79474000
0.68865000 5.79702000
0.68875000 5.79932000
0.68885000 5.80161000
0.68895000 5.75797000
0.68905000 5.76028000
0.68915000 5.76256000
0.68925000 5.76485000
0.68935000 5.76715000
0.68945000 5.76944000
0.68955000 5.77172000
0.68965000 5.77402000
0.68975000 5.77631000
0.68985000 5.77861000
0.68995000 5.78089000
0.69005000 5.78318000
0.69015000 5.78547000
0.69025000 5.78776000
0.69035000 5.79006000
0.69045000 5.79234000
0.69055000 5.79463000
0.69065000 5.79692000
0.69075000 5.79921000
0.69085000 5.80150000
0.69095000 5.80379000
0.69105000 5.80608000
0.69115000 5.80836000
0.69125000 5.81065000
0.69135000 5.81295000
0.69145000 5.81523000
0.69155000 5.81751000
0.69165000 5.81981000
0.69175000 5.82209000
0.69185000 5.82438000
0.69195000 5.82667000
0.69205000 5.78312000
0.69215000 5.78541000
0.69225000 5.78770000
0.69235000 5.78999000
0.69245000 5.79228000
0.69255000 5.79457000
0.69265000 5.79686000
0.69275000 5.79915000
0.69285000 5.80143000
0.69295000 5.80373000
0.69305000 5.80601000
0.69315000 5.80830000
0.69325000 5.81059000
0.69335000 5.81288000
0.69345000 5.81517000
0.69355000 5.81745000
0.69365000 5.81974000
0.69375000 5.82203000
0.69385000 5.82432000
0.69395000 5.82660000
0.69405000 5.82889000
0.69415000 5.83117000
0.69425000 5.83347000
0.69435000 5.83575000
0.69445000 5.83803000
0.69455000 5.84032000
0.69465000 5.84261000
0.69475000 5.84489000
0.69485000 5.84717000
0.69495000 5.84946000
0.69505000 5.85175000
0.69515000 5.80828000
0.69525000 5.81057000
0.69535000 5.81286000
0.69545000 5.81515000
0.69555000 5.81743000
0.69565000 5.81972000
0.69575000 5.82201000
0.69585000 5.82430000
0.69595000 5.82658000
0.69605000 5.82887000
0.69615000 5.83115000
0.69625000 5.83344000
0.69635000 5.83573000
0.69645000 5.83801000
0.69655000 5.84030000
0.69665000 5.84259000
0.69675000 5.84486000
0.69685000 5.84716000
0.69695000 5.84944000
0.69705000 5.85172000
0.69715000 5.85401000
0.69725000 5.85629000
0.69735000 5.85858000
0.69745000 5.86086000
0.69755000 5.86314000
0.69765000 5.86543000
0.69775000 5.86771000
0.69785000 5.87000000
0.69795000 5.87227000
0.69805000 5.87456000
0.69815000 5.83118000
0.69825000 5.83346000
0.69835000 5.83575000
0.69845000 5.83804000
0.69855000 5.84031000
0.69865000 5.84261000
0.69875000 5.84489000
0.69885000 5.84717000
0.69895000 5.84946000
0.69905000 5.85175000
0.69915000 5.85402000
0.69925000 5.85632000
0.69935000 5.85859000
0.69945000 5.86088000
0.69955000 5.86316000
0.69965000 5.86545000
0.69975000 5.86773000
0.69985000 5.87001000
0.69995000 5.87230000
0.70005000 5.87458000
0.70015000 5.87686000
0.70025000 5.87914000
0.70035000 5.88142000
0.70045000 5.88371000
0.70055000 5.88599000
0.70065000 5.88827000
0.70075000 5.89055000
0.70085000 5.89283000
0.70095000 5.89511000
0.70105000 5.89739000
0.70115000 5.89968000
0.70125000 5.85637000
0.70135000 5.85866000
0.70145000 5.86094000
0.70155000 5.86323000
0.70165000 5.86550000
0.70175000 5.86779000
0.70185000 5.87008000
0.70195000 5.87235000
0.70205000 5.87464000
0.70215000 5.87692000
0.70225000 5.87920000
0.70235000 5.88148000
0.70245000 5.88377000
0.70255000 5.88605000
0.70265000 5.88832000
0.70275000 5.89061000
0.70285000 5.89289000
0.70295000 5.89517000
0.70305000 5.89745000
0.70315000 5.89973000
0.70325000 5.90201000
0.70335000 5.90429000
0.70345000 5.90657000
0.70355000 5.90885000
0.70365000 5.91113000
0.70375000 5.91341000
0.70385000 5.91568000
0.70395000 5.91797000
0.70405000 5.92024000
0.70415000 5.92252000
0.70425000 5.92480000
0.70435000 5.88159000
0.70445000 5.88386000
0.70455000 5.88615000
0.70465000 5.88842000
0.70475000 5.89071000
0.70485000 5.89299000
0.70495000 5.89527000
0.70505000 5.89755000
0.70515000 5.89983000
0.70525000 5.90211000
0.70535000 5.90438000
0.70545000 5.90667000
0.70555000 5.90895000
0.70565000 5.91122000
0.70575000 5.91351000
0.70585000 5.91578000
0.70595000 5.91806000
0.70605000 5.92034000
0.70615000 5.92261000
0.70625000 5.92490000
0.70635000 5.92717000
0.70645000 5.92945000
0.70655000 5.93172000
0.70665000 5.93401000
0.70675000 5.93628000
0.70685000 5.93855000
0.70695000 5.94083000
0.70705000 5.94311000
0.70715000 5.94539000
0.70725000 5.94766000
0.70735000 5.90452000
0.70745000 5.90681000
0.70755000 5.90908000
0.70765000 5.91137000
0.70775000 5.91364000
0.70785000 5.91592000
0.70795000 5.91819000
0.70805000 5.92048000
0.70815000 5.92275000
0.70825000 5.92503000
0.70835000 5.92731000
0.70845000 5.92958000
0.70855000 5.93186000
0.70865000 5.93414000
0.70875000 5.93641000
0.70885000 5.93869000
0.70895000 5.94097000
0.70905000 5.94324000
0.70915000 5.94551000
0.70925000 5.94780000
0.70935000 5.95006000
0.70945000 5.95234000
0.70955000 5.95462000
0.70965000 5.95689000
0.70975000 5.95917000
0.70985000 5.96144000
0.70995000 5.96371000
0.71005000 5.96599000
0.71015000 5.96826000
0.71025000 5.97053000
0.71035000 5.92748000
0.71045000 5.92976000
0.71055000 5.93204000
0.71065000 5.93431000
0.71075000 5.93659000
0.71085000 5.93886000
0.71095000 5.94114000
0.71105000 5.94341000
0.71115000 5.94569000
0.71125000 5.94797000
0.71135000 5.95024000
0.71145000 5.95251000
0.71155000 5.95479000
0.71165000 5.95706000
0.71175000 5.95933000
0.71185000 5.96161000
0.71195000 5.96388000
0.71205000 5.96616000
0.71215000 5.96843000
0.71225000 5.97070000
0.71235000 5.97297000
0.71245000 5.97525000
0.71255000 5.97752000
0.71265000 5.97979000
0.71275000 5.98206000
0.71285000 5.98434000
0.71295000 5.98660000
0.71305000 5.98888000
0.71315000 5.99114000
0.71325000 5.99342000
0.71335000 5.99569000
0.71345000 5.95273000
0.71355000 5.95499000
0.71365000 5.95728000
0.71375000 5.95954000
0.71385000 5.96182000
0.71395000 5.96409000
0.71405000 5.96637000
0.71415000 5.96863000
0.71425000 5.97091000
0.71435000 5.97319000
0.71445000 5.97545000
0.71455000 5.97772000
0.71465000 5.98000000
0.71475000 5.98227000
0.71485000 5.98454000
0.71495000 5.98681000
0.71505000 5.98908000
0.71515000 5.99135000
0.71525000 5.99362000
0.71535000 5.99589000
0.71545000 5.99816000
0.71555000 6.00043000
0.71565000 6.00270000
0.71575000 6.00497000
0.71585000 6.00724000
0.71595000 6.00950000
0.71605000 6.01178000
0.71615000 6.01404000
0.71625000 6.01631000
0.71635000 6.01858000
0.71645000 5.97570000
0.71655000 5.97798000
0.71665000 5.98024000
0.71675000 5.98251000
0.71685000 5.98478000
0.71695000 5.98706000
0.71705000 5.98932000
0.71715000 5.99160000
0.71725000 5.99386000
0.71735000 5.99613000
0.71745000 5.99841000
0.71755000 6.00067000
0.71765000 6.00294000
0.71775000 6.00521000
0.71785000 6.00747000
0.71795000 6.00975000
0.71805000 6.01201000
0.71815000 6.01428000
0.71825000 6.01655000
0.71835000 6.01882000
0.71845000 6.02108000
0.71855000 6.02335000
0.71865000 6.02562000
0.71875000 6.02788000
0.71885000 6.03015000
0.71895000 6.03242000
0.71905000 6.03468000
0.71915000 6.03695000
0.71925000 6.03921000
0.71935000 6.04148000
0.71945000 5.99868000
0.71955000 6.00095000
0.71965000 6.00322000
0.71975000 6.00549000
0.71985000 6.00775000
0.71995000 6.01003000
0.72005000 6.01229000
0.72015000 6.01456000
0.72025000 6.01682000
0.72035000 6.01909000
0.72045000 6.02136000
0.72055000 6.02363000
0.72065000 6.02589000
0.72075000 6.02815000
0.72085000 6.03042000
0.72095000 6.03269000
0.72105000 6.03495000
0.72115000 6.03722000
0.72125000 6.03949000
0.72135000 6.04174000
0.72145000 6.04401000
0.72155000 6.04628000
0.72165000 6.04854000
0.72175000 6.05080000
0.72185000 6.05307000
0.72195000 6.05533000
0.72205000 6.05759000
0.72215000 6.05986000
0.72225000 6.06212000
0.72235000 6.01940000
0.72245000 6.02167000
0.72255000 6.02394000
0.72265000 6.02620000
0.72275000 6.02847000
0.72285000 6.03074000
0.72295000 6.03299000
0.72305000 6.03527000
0.72315000 6.03752000
0.72325000 6.03980000
0.72335000 6.04205000
0.72345000 6.04432000
0.72355000 6.04658000
0.72365000 6.04885000
0.72375000 6.05111000
0.72385000 6.05337000
0.72395000 6.05563000
0.72405000 6.05790000
0.72415000 6.06016000
0.72425000 6.06242000
0.72435000 6.06468000
0.72445000 6.06694000
0.72455000 6.06921000
0.72465000 6.07146000
0.72475000 6.07373000
0.72485000 6.07599000
0.72495000 6.07825000
0.72505000 6.08050000
0.72515000 6.08277000
0.72525000 6.08503000
0.72535000 6.04240000
0.72545000 6.04467000
0.72555000 6.04692000
0.72565000 6.04919000
0.72575000 6.05146000
0.72585000 6.05371000
0.72595000 6.05598000
0.72605000 6.05823000
0.72615000 6.06050000
0.72625000 6.06276000
0.72635000 6.06503000
0.72645000 6.06728000
0.72655000 6.06954000
0.72665000 6.07180000
0.72675000 6.07407000
0.72685000 6.07632000
0.72695000 6.07858000
0.72705000 6.08085000
0.72715000 6.08310000
0.72725000 6.08536000
0.72735000 6.08762000
0.72745000 6.08988000
0.72755000 6.09213000
0.72765000 6.09440000
0.72775000 6.09665000
0.72785000 6.09891000
0.72795000 6.10117000
0.72805000 6.10342000
0.72815000 6.10568000
0.72825000 6.10794000
0.72835000 6.06540000
0.72845000 6.06766000
0.72855000 6.06992000
0.72865000 6.07217000
0.72875000 6.07444000
0.72885000 6.07670000
0.72895000 6.07896000
0.72905000 6.08121000
0.72915000 6.08347000
0.72925000 6.08573000
0.72935000 6.08799000
0.72945000 6.09025000
0.72955000 6.09250000
0.72965000 6.09477000
0.72975000 6.09702000
0.72985000 6.09927000
0.72995000 6.10153000
0.73005000 6.10379000
0.73015000 6.10605000
0.73025000 6.10830000
0.73035000 6.11056000
0.73045000 6.11281000
0.73055000 6.11506000
0.73065000 6.11733000
0.73075000 6.11957000
0.73085000 6.12184000
0.73095000 6.12408000
0.73105000 6.12634000
0.73115000 6.12860000
0.73125000 6.08614000
0.73135000 6.08839000
0.73145000 6.09065000
0.73155000 6.09291000
0.73165000 6.09517000
0.73175000 6.09742000
0.73185000 6.09968000
0.73195000 6.10194000
0.73205000 6.10419000
0.73215000 6.10644000
0.73225000 6.10870000
0.73235000 6.11096000
0.73245000 6.11321000
0.73255000 6.11546000
0.73265000 6.11772000
0.73275000 6.11998000
0.73285000 6.12222000
0.73295000 6.12448000
0.73305000 6.12674000
0.73315000 6.12898000
0.73325000 6.13124000
0.73335000 6.13350000
0.73345000 6.13574000
0.73355000 6.13800000
0.73365000 6.14024000
0.73375000 6.14250000
0.73385000 6.14476000
0.73395000 6.14700000
0.73405000 6.14925000
0.73415000 6.10688000
0.73425000 6.10914000
0.73435000 6.11139000
0.73445000 6.11365000
0.73455000 6.11590000
0.73465000 6.11815000
0.73475000 6.12040000
0.73485000 6.12266000
0.73495000 6.12491000
0.73505000 6.12717000
0.73515000 6.12941000
0.73525000 6.13167000
0.73535000 6.13392000
0.73545000 6.13617000
0.73555000 6.13842000
0.73565000 6.14067000
0.73575000 6.14293000
0.73585000 6.14517000
0.73595000 6.14743000
0.73605000 6.14967000
0.73615000 6.15193000
0.73625000 6.15417000
0.73635000 6.15642000
0.73645000 6.15868000
0.73655000 6.16092000
0.73665000 6.16317000
0.73675000 6.16542000
0.73685000 6.16766000
0.73695000 6.16992000
0.73705000 6.12763000
0.73715000 6.12988000
0.73725000 6.13213000
0.73735000 6.13438000
0.73745000 6.13663000
0.73755000 6.13889000
0.73765000 6.14113000
0.73775000 6.14338000
0.73785000 6.14564000
0.73795000 6.14788000
0.73805000 6.15013000
0.73815000 6.15238000
0.73825000 6.15463000
0.73835000 6.15688000
0.73845000 6.15912000
0.73855000 6.16138000
0.73865000 6.16362000
0.73875000 6.16587000
0.73885000 6.16812000
0.73895000 6.17036000
0.73905000 6.17261000
0.73915000 6.17486000
0.73925000 6.17710000
0.73935000 6.17935000
0.73945000 6.18159000
0.73955000 6.18384000
0.73965000 6.18609000
0.73975000 6.18833000
0.73985000 6.19058000
0.73995000 6.19282000
0.74005000 6.15062000
0.74015000 6.15287000
0.74025000 6.15512000
0.74035000 6.15737000
0.74045000 6.15961000
0.74055000 6.16187000
0.74065000 6.16410000
0.74075000 6.16636000
0.74085000 6.16860000
0.74095000 6.17085000
0.74105000 6.17309000
0.74115000 6.17534000
0.74125000 6.17758000
0.74135000 6.17983000
0.74145000 6.18208000
0.74155000 6.18432000
0.74165000 6.18656000
0.74175000 6.18881000
0.74185000 6.19105000
0.74195000 6.19329000
0.74205000 6.19554000
0.74215000 6.19778000
0.74225000 6.20003000
0.74235000 6.20226000
0.74245000 6.20451000
0.74255000 6.20675000
0.74265000 6.20900000
0.74275000 6.21123000
0.74285000 6.21348000
0.74295000 6.17136000
0.74305000 6.17361000
0.74315000 6.17586000
0.74325000 6.17810000
0.74335000 6.18034000
0.74345000 6.18259000
0.74355000 6.18483000
0.74365000 6.18708000
0.74375000 6.18932000
0.74385000 6.19156000
0.74395000 6.19380000
0.74405000 6.19605000
0.74415000 6.19829000
0.74425000 6.20053000
0.74435000 6.20277000
0.74445000 6.20501000
0.74455000 6.20726000
0.74465000 6.20949000
0.74475000 6.21174000
0.74485000 6.21398000
0.74495000 6.21621000
0.74505000 6.21846000
0.74515000 6.22069000
0.74525000 6.22294000
0.74535000 6.22517000
0.74545000 6.22742000
0.74555000 6.22965000
0.74565000 6.23189000
0.74575000 6.18986000
0.74585000 6.19211000
0.74595000 6.19435000
0.74605000 6.19658000
0.74615000 6.19883000
0.74625000 6.20107000
0.74635000 6.20332000
0.74645000 6.20555000
0.74655000 6.20779000
0.74665000 6.21003000
0.74675000 6.21227000
0.74685000 6.21451000
0.74695000 6.21675000
0.74705000 6.21899000
0.74715000 6.22123000
0.74725000 6.22346000
0.74735000 6.22571000
0.74745000 6.22794000
0.74755000 6.23018000
0.74765000 6.23241000
0.74775000 6.23466000
0.74785000 6.23689000
0.74795000 6.23912000
0.74805000 6.24137000
0.74815000 6.24359000
0.74825000 6.24584000
0.74835000 6.24807000
0.74845000 6.25031000
0.74855000 6.25254000
0.74865000 6.21060000
0.74875000 6.21284000
0.74885000 6.21508000
0.74895000 6.21731000
0.74905000 6.21956000
0.74915000 6.22179000
0.74925000 6.22403000
0.74935000 6.22626000
0.74945000 6.22851000
0.74955000 6.23074000
0.74965000 6.23297000
0.74975000 6.23521000
0.74985000 6.23745000
0.74995000 6.23968000
0.75005000 6.24192000
0.75015000 6.24415000
0.75025000 6.24639000
0.75035000 6.24862000
0.75045000 6.25086000
0.75055000 6.25309000
0.75065000 6.25532000
0.75075000 6.25756000
0.75085000 6.25979000
0.75095000 6.26202000
0.75105000 6.26426000
0.75115000 6.26649000
0.75125000 6.26872000
0.75135000 6.27095000
0.75145000 6.27318000
0.75155000 6.23134000
0.75165000 6.23356000
0.75175000 6.23581000
0.75185000 6.23803000
0.75195000 6.24028000
0.75205000 6.24250000
0.75215000 6.24474000
0.75225000 6.24698000
0.75235000 6.24920000
0.75245000 6.25144000
0.75255000 6.25368000
0.75265000 6.25590000
0.75275000 6.25814000
0.75285000 6.26037000
0.75295000 6.26260000
0.75305000 6.26483000
0.75315000 6.26706000
0.75325000 6.26930000
0.75335000 6.27153000
0.75345000 6.27375000
0.75355000 6.27599000
0.75365000 6.27821000
0.75375000 6.28045000
0.75385000 6.28267000
0.75395000 6.28491000
0.75405000 6.28713000
0.75415000 6.28936000
0.75425000 6.29159000
0.75435000 6.24983000
0.75445000 6.25205000
0.75455000 6.25429000
0.75465000 6.25652000
0.75475000 6.25875000
0.75485000 6.26098000
0.75495000 6.26321000
0.75505000 6.26544000
0.75515000 6.26768000
0.75525000 6.26990000
0.75535000 6.27213000
0.75545000 6.27436000
0.75555000 6.27659000
0.75565000 6.27882000
0.75575000 6.28104000
0.75585000 6.28328000
0.75595000 6.28550000
0.75605000 6.28773000
0.75615000 6.28996000
0.75625000 6.29219000
0.75635000 6.29441000
0.75645000 6.29664000
0.75655000 6.29886000
0.75665000 6.30109000
0.75675000 6.30332000
0.75685000 6.30554000
0.75695000 6.30777000
0.75705000 6.30999000
0.75715000 6.31222000
0.75725000 6.27054000
0.75735000 6.27277000
0.75745000 6.27500000
0.75755000 6.27722000
0.75765000 6.27945000
0.75775000 6.28168000
0.75785000 6.28391000
0.75795000 6.28613000
0.75805000 6.28836000
0.75815000 6.29059000
0.75825000 6.29281000
0.75835000 6.29504000
0.75845000 6.29726000
0.75855000 6.29949000
0.75865000 6.30171000
0.75875000 6.30394000
0.75885000 6.30616000
0.75895000 6.30839000
0.75905000 6.31061000
0.75915000 6.31283000
0.75925000 6.31506000
0.75935000 6.31728000
0.75945000 6.31950000
0.75955000 6.32172000
0.75965000 6.32395000
0.75975000 6.32617000
0.75985000 6.32839000
0.75995000 6.33061000
0.76005000 6.28902000
0.76015000 6.29125000
0.76025000 6.29347000
0.76035000 6.29569000
0.76045000 6.29792000
0.76055000 6.30014000
0.76065000 6.30237000
0.76075000 6.30459000
0.76085000 6.30681000
0.76095000 6.30904000
0.76105000 6.31125000
0.76115000 6.31348000
0.76125000 6.31571000
0.76135000 6.31792000
0.76145000 6.32015000
0.76155000 6.32236000
0.76165000 6.32459000
0.76175000 6.32681000
0.76185000 6.32903000
0.76195000 6.33124000
0.76205000 6.33347000
0.76215000 6.33569000
0.76225000 6.33791000
0.76235000 6.34012000
0.76245000 6.34235000
0.76255000 6.34456000
0.76265000 6.34678000
0.76275000 6.34900000
0.76285000 6.30749000
0.76295000 6.30972000
0.76305000 6.31193000
0.76315000 6.31416000
0.76325000 6.31638000
0.76335000 6.31860000
0.76345000 6.32082000
0.76355000 6.32304000
0.76365000 6.32526000
0.76375000 6.32748000
0.76385000 6.32969000
0.76395000 6.33192000
0.76405000 6.33413000
0.76415000 6.33635000
0.76425000 6.33857000
0.76435000 6.34079000
0.76445000 6.34301000
0.76455000 6.34522000
0.76465000 6.34744000
0.76475000 6.34965000
0.76485000 6.35188000
0.76495000 6.35408000
0.76505000 6.35631000
0.76515000 6.35852000
0.76525000 6.36073000
0.76535000 6.36295000
0.76545000 6.36516000
0.76555000 6.36738000
0.76565000 6.32596000
0.76575000 6.32818000
0.76585000 6.33039000
0.76595000 6.33262000
0.76605000 6.33483000
0.76615000 6.33704000
0.76625000 6.33927000
0.76635000 6.34148000
0.76645000 6.34369000
0.76655000 6.34592000
0.76665000 6.34812000
0.76675000 6.35035000
0.76685000 6.35255000
0.76695000 6.35478000
0.76705000 6.35698000
0.76715000 6.35920000
0.76725000 6.36142000
0.76735000 6.36362000
0.76745000 6.36584000
0.76755000 6.36806000
0.76765000 6.37026000
0.76775000 6.37248000
0.76785000 6.37469000
0.76795000 6.37690000
0.76805000 6.37912000
0.76815000 6.38132000
0.76825000 6.38354000
0.76835000 6.38575000
0.76845000 6.34441000
0.76855000 6.34663000
0.76865000 6.34885000
0.76875000 6.35106000
0.76885000 6.35327000
0.76895000 6.35549000
0.76905000 6.35770000
0.76915000 6.35991000
0.76925000 6.36212000
0.76935000 6.36434000
0.76945000 6.36654000
0.76955000 6.36876000
0.76965000 6.37097000
0.76975000 6.37319000
0.76985000 6.37539000
0.76995000 6.37760000
0.77005000 6.37981000
0.77015000 6.38202000
0.77025000 6.38423000
0.77035000 6.38645000
0.77045000 6.38865000
0.77055000 6.39085000
0.77065000 6.39307000
0.77075000 6.39528000
0.77085000 6.39748000
0.77095000 6.39969000
0.77105000 6.40190000
0.77115000 6.40410000
0.77125000 6.36286000
0.77135000 6.36508000
0.77145000 6.36728000
0.77155000 6.36949000
0.77165000 6.37171000
0.77175000 6.37391000
0.77185000 6.37612000
0.77195000 6.37833000
0.77205000 6.38054000
0.77215000 6.38275000
0.77225000 6.38496000
0.77235000 6.38716000
0.77245000 6.38937000
0.77255000 6.39158000
0.77265000 6.39379000
0.77275000 6.39599000
0.77285000 6.39820000
0.77295000 6.40040000
0.77305000 6.40261000
0.77315000 6.40482000
0.77325000 6.40702000
0.77335000 6.40922000
0.77345000 6.41143000
0.77355000 6.41364000
0.77365000 6.41584000
0.77375000 6.41804000
0.77385000 6.42025000
0.77395000 6.42245000
0.77405000 6.38129000
0.77415000 6.38350000
0.77425000 6.38571000
0.77435000 6.38792000
0.77445000 6.39012000
0.77455000 6.39233000
0.77465000 6.39453000
0.77475000 6.39674000
0.77485000 6.39894000
0.77495000 6.40115000
0.77505000 6.40335000
0.77515000 6.40556000
0.77525000 6.40776000
0.77535000 6.40996000
0.77545000 6.41216000
0.77555000 6.41437000
0.77565000 6.41657000
0.77575000 6.41878000
0.77585000 6.42097000
0.77595000 6.42318000
0.77605000 6.42538000
0.77615000 6.42758000
0.77625000 6.42978000
0.77635000 6.43198000
0.77645000 6.43418000
0.77655000 6.43638000
0.77665000 6.43858000
0.77675000 6.44078000
0.77685000 6.39971000
0.77695000 6.40192000
0.77705000 6.40412000
0.77715000 6.40633000
0.77725000 6.40852000
0.77735000 6.41073000
0.77745000 6.41293000
0.77755000 6.41513000
0.77765000 6.41733000
0.77775000 6.41953000
0.77785000 6.42173000
0.77795000 6.42394000
0.77805000 6.42613000
0.77815000 6.42833000
0.77825000 6.43053000
0.77835000 6.43273000
0.77845000 6.43493000
0.77855000 6.43713000
0.77865000 6.43932000
0.77875000 6.44152000
0.77885000 6.44372000
0.77895000 6.44592000
0.77905000 6.44811000
0.77915000 6.45031000
0.77925000 6.45251000
0.77935000 6.45470000
0.77945000 6.45690000
0.77955000 6.41592000
0.77965000 6.41812000
0.77975000 6.42032000
0.77985000 6.42252000
0.77995000 6.42471000
0.78005000 6.42691000
0.78015000 6.42912000
0.78025000 6.43131000
0.78035000 6.43350000
0.78045000 6.43571000
0.78055000 6.43790000
0.78065000 6.44009000
0.78075000 6.44230000
0.78085000 6.44448000
0.78095000 6.44669000
0.78105000 6.44888000
0.78115000 6.45107000
0.78125000 6.45327000
0.78135000 6.45547000
0.78145000 6.45765000
0.78155000 6.45985000
0.78165000 6.46205000
0.78175000 6.46424000
0.78185000 6.46643000
0.78195000 6.46862000
0.78205000 6.47082000
0.78215000 6.47300000
0.78225000 6.47520000
0.78235000 6.43431000
0.78245000 6.43651000
0.78255000 6.43870000
0.78265000 6.44089000
0.78275000 6.44309000
0.78285000 6.44529000
0.78295000 6.44748000
0.78305000 6.44967000
0.78315000 6.45186000
0.78325000 6.45406000
0.78335000 6.45625000
0.78345000 6.45845000
0.78355000 6.46063000
0.78365000 6.46283000
0.78375000 6.46502000
0.78385000 6.46721000
0.78395000 6.46940000
0.78405000 6.47159000
0.78415000 6.47378000
0.78425000 6.47597000
0.78435000 6.47817000
0.78445000 6.48035000
0.78455000 6.48254000
0.78465000 6.48472000
0.78475000 6.48692000
0.78485000 6.48911000
0.78495000 6.49129000
0.78505000 6.45049000
0.78515000 6.45268000
0.78525000 6.45488000
0.78535000 6.45706000
0.78545000 6.45926000
0.78555000 6.46144000
0.78565000 6.46364000
0.78575000 6.46583000
0.78585000 6.46801000
0.78595000 6.47021000
0.78605000 6.47239000
0.78615000 6.47458000
0.78625000 6.47677000
0.78635000 6.47896000
0.78645000 6.48115000
0.78655000 6.48333000
0.78665000 6.48552000
0.78675000 6.48771000
0.78685000 6.48989000
0.78695000 6.49208000
0.78705000 6.49427000
0.78715000 6.49645000
0.78725000 6.49864000
0.78735000 6.50082000
0.78745000 6.50301000
0.78755000 6.50519000
0.78765000 6.50737000
0.78775000 6.46666000
0.78785000 6.46885000
0.78795000 6.47103000
0.78805000 6.47322000
0.78815000 6.47541000
0.78825000 6.47760000
0.78835000 6.47978000
0.78845000 6.48197000
0.78855000 6.48415000
0.78865000 6.48634000
0.78875000 6.48852000
0.78885000 6.49071000
0.78895000 6.49289000
0.78905000 6.49508000
0.78915000 6.49726000
0.78925000 6.49945000
0.78935000 6.50162000
0.78945000 6.50381000
0.78955000 6.50600000
0.78965000 6.50817000
0.78975000 6.51036000
0.78985000 6.51254000
0.78995000 6.51472000
0.79005000 6.51690000
0.79015000 6.51908000
0.79025000 6.52126000
0.79035000 6.52344000
0.79045000 6.52563000
0.79055000 6.48499000
0.79065000 6.48719000
0.79075000 6.48936000
0.79085000 6.49155000
0.79095000 6.49373000
0.79105000 6.49591000
0.79115000 6.49810000
0.79125000 6.50027000
0.79135000 6.50246000
0.79145000 6.50464000
0.79155000 6.50682000
0.79165000 6.50900000
0.79175000 6.51118000
0.79185000 6.51336000
0.79195000 6.51554000
0.79205000 6.51772000
0.79215000 6.51990000
0.79225000 6.52208000
0.79235000 6.52425000
0.79245000 6.52644000
0.79255000 6.52861000
0.79265000 6.53079000
0.79275000 6.53296000
0.79285000 6.53514000
0.79295000 6.53732000
0.79305000 6.53950000
0.79315000 6.54167000
0.79325000 6.50113000
0.79335000 6.50331000
0.79345000 6.50550000
0.79355000 6.50767000
0.79365000 6.50985000
0.79375000 6.51203000
0.79385000 6.51421000
0.79395000 6.51638000
0.79405000 6.51856000
0.79415000 6.52074000
0.79425000 6.52292000
0.79435000 6.52509000
0.79445000 6.52727000
0.79455000 6.52945000
0.79465000 6.53162000
0.79475000 6.53379000
0.79485000 6.53597000
0.79495000 6.53815000
0.79505000 6.54032000
0.79515000 6.54249000
0.79525000 6.54467000
0.79535000 6.54684000
0.79545000 6.54901000
0.79555000 6.55119000
0.79565000 6.55336000
0.79575000 6.55553000
0.79585000 6.55770000
0.79595000 6.51725000
0.79605000 6.51943000
0.79615000 6.52161000
0.79625000 6.52378000
0.79635000 6.52595000
0.79645000 6.52813000
0.79655000 6.53030000
0.79665000 6.53248000
0.79675000 6.53465000
0.79685000 6.53682000
0.79695000 6.53900000
0.79705000 6.54117000
0.79715000 6.54334000
0.79725000 6.54551000
0.79735000 6.54768000
0.79745000 6.54986000
0.79755000 6.55202000
0.79765000 6.55420000
0.79775000 6.55636000
0.79785000 6.55854000
0.79795000 6.56070000
0.79805000 6.56288000
0.79815000 6.56504000
0.79825000 6.56721000
0.79835000 6.56938000
0.79845000 6.57155000
0.79855000 6.57372000
0.79865000 6.53335000
0.79875000 6.53553000
0.79885000 6.53770000
0.79895000 6.53987000
0.79905000 6.54204000
0.79915000 6.54421000
0.79925000 6.54638000
0.79935000 6.54855000
0.79945000 6.55072000
0.79955000 6.55289000
0.79965000 6.55505000
0.79975000 6.55723000
0.79985000 6.55939000
0.79995000 6.56156000
0.80005000 6.56373000
0.80015000 6.56590000
0.80025000 6.56806000
0.80035000 6.57022000
0.80045000 6.57240000
0.80055000 6.57456000
0.80065000 6.57672000
0.80075000 6.57889000
0.80085000 6.58106000
0.80095000 6.58321000
0.80105000 6.58539000
0.80115000 6.58754000
0.80125000 6.58971000
0.80135000 6.54944000
0.80145000 6.55161000
0.80155000 6.55377000
0.80165000 6.55595000
0.80175000 6.55810000
0.80185000 6.56027000
0.80195000 6.56244000
0.80205000 6.56461000
0.80215000 6.56677000
0.80225000 6.56893000
0.80235000 6.57110000
0.80245000 6.57326000
0.80255000 6.57543000
0.80265000 6.57758000
0.80275000 6.57976000
0.80285000 6.58191000
0.80295000 6.58408000
0.80305000 6.58624000
0.80315000 6.58840000
0.80325000 6.59056000
0.80335000 6.59273000
0.80345000 6.59488000
0.80355000 6.59705000
0.80365000 6.59920000
0.80375000 6.60137000
0.80385000 6.60352000
0.80395000 6.56334000
0.80405000 6.56550000
0.80415000 6.56767000
0.80425000 6.56983000
0.80435000 6.57199000
0.80445000 6.57415000
0.80455000 6.57632000
0.80465000 6.57847000
0.80475000 6.58064000
0.80485000 6.58280000
0.80495000 6.58495000
0.80505000 6.58712000
0.80515000 6.58928000
0.80525000 6.59144000
0.80535000 6.59360000
0.80545000 6.59575000
0.80555000 6.59792000
0.80565000 6.60007000
0.80575000 6.60223000
0.80585000 6.60438000
0.80595000 6.60655000
0.80605000 6.60870000
0.80615000 6.61086000
0.80625000 6.61301000
0.80635000 6.61517000
0.80645000 6.61733000
0.80655000 6.61948000
0.80665000 6.57938000
0.80675000 6.58155000
0.80685000 6.58370000
0.80695000 6.58586000
0.80705000 6.58802000
0.80715000 6.59018000
0.80725000 6.59233000
0.80735000 6.59449000
0.80745000 6.59665000
0.80755000 6.59880000
0.80765000 6.60097000
0.80775000 6.60311000
0.80785000 6.60527000
0.80795000 6.60743000
0.80805000 6.60958000
0.80815000 6.61174000
0.80825000 6.61389000
0.80835000 6.61604000
0.80845000 6.61820000
0.80855000 6.62035000
0.80865000 6.62250000
0.80875000 6.62466000
0.80885000 6.62681000
0.80895000 6.62896000
0.80905000 6.63111000
0.80915000 6.63326000
0.80925000 6.63541000
0.80935000 6.59541000
0.80945000 6.59756000
0.80955000 6.59972000
0.80965000 6.60187000
0.80975000 6.60402000
0.80985000 6.60618000
0.80995000 6.60833000
0.81005000 6.61049000
0.81015000 6.61263000
0.81025000 6.61479000
0.81035000 6.61694000
0.81045000 6.61909000
0.81055000 6.62124000
0.81065000 6.62340000
0.81075000 6.62554000
0.81085000 6.62769000
0.81095000 6.62984000
0.81105000 6.63200000
0.81115000 6.63414000
0.81125000 6.63629000
0.81135000 6.63843000
0.81145000 6.64059000
0.81155000 6.64273000
0.81165000 6.64488000
0.81175000 6.64703000
0.81185000 6.64918000
0.81195000 6.60925000
0.81205000 6.61141000
0.81215000 6.61355000
0.81225000 6.61571000
0.81235000 6.61786000
0.81245000 6.62000000
0.81255000 6.62215000
0.81265000 6.62431000
0.81275000 6.62645000
0.81285000 6.62860000
0.81295000 6.63074000
0.81305000 6.63290000
0.81315000 6.63504000
0.81325000 6.63718000
0.81335000 6.63934000
0.81345000 6.64147000
0.81355000 6.64363000
0.81365000 6.64577000
0.81375000 6.64791000
0.81385000 6.65006000
0.81395000 6.65220000
0.81405000 6.65435000
0.81415000 6.65649000
0.81425000 6.65863000
0.81435000 6.66078000
0.81445000 6.66292000
0.81455000 6.62308000
0.81465000 6.62524000
0.81475000 6.62738000
0.81485000 6.62952000
0.81495000 6.63167000
0.81505000 6.63382000
0.81515000 6.63596000
0.81525000 6.63810000
0.81535000 6.64025000
0.81545000 6.64239000
0.81555000 6.64454000
0.81565000 6.64667000
0.81575000 6.64882000
0.81585000 6.65097000
0.81595000 6.65310000
0.81605000 6.65525000
0.81615000 6.65739000
0.81625000 6.65953000
0.81635000 6.66167000
0.81645000 6.66381000
0.81655000 6.66595000
0.81665000 6.66808000
0.81675000 6.67023000
0.81685000 6.67237000
0.81695000 6.67451000
0.81705000 6.67664000
0.81715000 6.67878000
0.81725000 6.63904000
0.81735000 6.64119000
0.81745000 6.64332000
0.81755000 6.64547000
0.81765000 6.64760000
0.81775000 6.64975000
0.81785000 6.65189000
0.81795000 6.65403000
0.81805000 6.65616000
0.81815000 6.65831000
0.81825000 6.66044000
0.81835000 6.66258000
0.81845000 6.66472000
0.81855000 6.66686000
0.81865000 6.66900000
0.81875000 6.67113000
0.81885000 6.67327000
0.81895000 6.67541000
0.81905000 6.67754000
0.81915000 6.67967000
0.81925000 6.68182000
0.81935000 6.68394000
0.81945000 6.68609000
0.81955000 6.68821000
0.81965000 6.69035000
0.81975000 6.69249000
0.81985000 6.65283000
0.81995000 6.65497000
0.82005000 6.65710000
0.82015000 6.65924000
0.82025000 6.66138000
0.82035000 6.66352000
0.82045000 6.66565000
0.82055000 6.66778000
0.82065000 6.66992000
0.82075000 6.67206000
0.82085000 6.67419000
0.82095000 6.67632000
0.82105000 6.67846000
0.82115000 6.68059000
0.82125000 6.68273000
0.82135000 6.68485000
0.82145000 6.68699000
0.82155000 6.68912000
0.82165000 6.69126000
0.82175000 6.69338000
0.82185000 6.69552000
0.82195000 6.69764000
0.82205000 6.69978000
0.82215000 6.70190000
0.82225000 6.70404000
0.82235000 6.70616000
0.82245000 6.66660000
0.82255000 6.66874000
0.82265000 6.67086000
0.82275000 6.67300000
0.82285000 6.67513000
0.82295000 6.67726000
0.82305000 6.67939000
0.82315000 6.68153000
0.82325000 6.68365000
0.82335000 6.68579000
0.82345000 6.68791000
0.82355000 6.69005000
0.82365000 6.69217000
0.82375000 6.69430000
0.82385000 6.69643000
0.82395000 6.69856000
0.82405000 6.70069000
0.82415000 6.70282000
0.82425000 6.70494000
0.82435000 6.70707000
0.82445000 6.70920000
0.82455000 6.71132000
0.82465000 6.71345000
0.82475000 6.71557000
0.82485000 6.71770000
0.82495000 6.71982000
0.82505000 6.68035000
0.82515000 6.68247000
0.82525000 6.68460000
0.82535000 6.68674000
0.82545000 6.68885000
0.82555000 6.69099000
0.82565000 6.69311000
0.82575000 6.69524000
0.82585000 6.69737000
0.82595000 6.69949000
0.82605000 6.70162000
0.82615000 6.70374000
0.82625000 6.70587000
0.82635000 6.70799000
0.82645000 6.71012000
0.82655000 6.71224000
0.82665000 6.71436000
0.82675000 6.71649000
0.82685000 6.71861000
0.82695000 6.72073000
0.82705000 6.72285000
0.82715000 6.72498000
0.82725000 6.72710000
0.82735000 6.72922000
0.82745000 6.73133000
0.82755000 6.73346000
0.82765000 6.69407000
0.82775000 6.69620000
0.82785000 6.69831000
0.82795000 6.70045000
0.82805000 6.70256000
0.82815000 6.70469000
0.82825000 6.70681000
0.82835000 6.70893000
0.82845000 6.71106000
0.82855000 6.71317000
0.82865000 6.71530000
0.82875000 6.71742000
0.82885000 6.71953000
0.82895000 6.72166000
0.82905000 6.72378000
0.82915000 6.72590000
0.82925000 6.72801000
0.82935000 6.73014000
0.82945000 6.73225000
0.82955000 6.73437000
0.82965000 6.73649000
0.82975000 6.73860000
0.82985000 6.74072000
0.82995000 6.74284000
0.83005000 6.74495000
0.83015000 6.74707000
0.83025000 6.70777000
0.83035000 6.70989000
0.83045000 6.71201000
0.83055000 6.71413000
0.83065000 6.71625000
0.83075000 6.71836000
0.83085000 6.72049000
0.83095000 6.72260000
0.83105000 6.72471000
0.83115000 6.72684000
0.83125000 6.72895000
0.83135000 6.73107000
0.83145000 6.73318000
0.83155000 6.73530000
0.83165000 6.73741000
0.83175000 6.73953000
0.83185000 6.74164000
0.83195000 6.74376000
0.83205000 6.74587000
0.83215000 6.74798000
0.83225000 6.75010000
0.83235000 6.75221000
0.83245000 6.75432000
0.83255000 6.75643000
0.83265000 6.75855000
0.83275000 6.76065000
0.83285000 6.72145000
0.83295000 6.72356000
0.83305000 6.72567000
0.83315000 6.72779000
0.83325000 6.72990000
0.83335000 6.73202000
0.83345000 6.73413000
0.83355000 6.73624000
0.83365000 6.73836000
0.83375000 6.74047000
0.83385000 6.74258000
0.83395000 6.74469000
0.83405000 6.74680000
0.83415000 6.74891000
0.83425000 6.75103000
0.83435000 6.75313000
0.83445000 6.75524000
0.83455000 6.75736000
0.83465000 6.75946000
0.83475000 6.76157000
0.83485000 6.76368000
0.83495000 6.76578000
0.83505000 6.76790000
0.83515000 6.77000000
0.83525000 6.77210000
0.83535000 6.77422000
0.83545000 6.73509000
0.83555000 6.73720000
0.83565000 6.73932000
0.83575000 6.74142000
0.83585000 6.74353000
0.83595000 6.74565000
0.83605000 6.74775000
0.83615000 6.74986000
0.83625000 6.75196000
0.83635000 6.75408000
0.83645000 6.75618000
0.83655000 6.75829000
0.83665000 6.76039000
0.83675000 6.76250000
0.83685000 6.76461000
0.83695000 6.76671000
0.83705000 6.76882000
0.83715000 6.77092000
0.83725000 6.77302000
0.83735000 6.77513000
0.83745000 6.77723000
0.83755000 6.77934000
0.83765000 6.78144000
0.83775000 6.78354000
0.83785000 6.78564000
0.83795000 6.74661000
0.83805000 6.74872000
0.83815000 6.75082000
0.83825000 6.75292000
0.83835000 6.75503000
0.83845000 6.75713000
0.83855000 6.75924000
0.83865000 6.76135000
0.83875000 6.76344000
0.83885000 6.76555000
0.83895000 6.76765000
0.83905000 6.76976000
0.83915000 6.77186000
0.83925000 6.77395000
0.83935000 6.77606000
0.83945000 6.77816000
0.83955000 6.78027000
0.83965000 6.78236000
0.83975000 6.78446000
0.83985000 6.78656000
0.83995000 6.78866000
0.84005000 6.79076000
0.84015000 6.79285000
0.84025000 6.79496000
0.84035000 6.79705000
0.84045000 6.79915000
0.84055000 6.76021000
0.84065000 6.76230000
0.84075000 6.76441000
0.84085000 6.76651000
0.84095000 6.76860000
0.84105000 6.77071000
0.84115000 6.77281000
0.84125000 6.77491000
0.84135000 6.77700000
0.84145000 6.77910000
0.84155000 6.78120000
0.84165000 6.78330000
0.84175000 6.78540000
0.84185000 6.78749000
0.84195000 6.78959000
0.84205000 6.79169000
0.84215000 6.79378000
0.84225000 6.79587000
0.84235000 6.79798000
0.84245000 6.80006000
0.84255000 6.80216000
0.84265000 6.80426000
0.84275000 6.80634000
0.84285000 6.80845000
0.84295000 6.81053000
0.84305000 6.77167000
0.84315000 6.77378000
0.84325000 6.77586000
0.84335000 6.77797000
0.84345000 6.78006000
0.84355000 6.78215000
0.84365000 6.78425000
0.84375000 6.78635000
0.84385000 6.78844000
0.84395000 6.79053000
0.84405000 6.79263000
0.84415000 6.79472000
0.84425000 6.79681000
0.84435000 6.79890000
0.84445000 6.80100000
0.84455000 6.80309000
0.84465000 6.80518000
0.84475000 6.80727000
0.84485000 6.80936000
0.84495000 6.81145000
0.84505000 6.81354000
0.84515000 6.81563000
0.84525000 6.81772000
0.84535000 6.81981000
0.84545000 6.82189000
0.84555000 6.82398000
0.84565000 6.78522000
0.84575000 6.78731000
0.84585000 6.78940000
0.84595000 6.79149000
0.84605000 6.79358000
0.84615000 6.79567000
0.84625000 6.79776000
0.84635000 6.79985000
0.84645000 6.80194000
0.84655000 6.80403000
0.84665000 6.80612000
0.84675000 6.80821000
0.84685000 6.81029000
0.84695000 6.81238000
0.84705000 6.81447000
0.84715000 6.81656000
0.84725000 6.81864000
0.84735000 6.82072000
0.84745000 6.82282000
0.84755000 6.82490000
0.84765000 6.82698000
0.84775000 6.82907000
0.84785000 6.83115000
0.84795000 6.83323000
0.84805000 6.83532000
0.84815000 6.79664000
0.84825000 6.79872000
0.84835000 6.80081000
0.84845000 6.80290000
0.84855000 6.80498000
0.84865000 6.80707000
0.84875000 6.80916000
0.84885000 6.81124000
0.84895000 6.81332000
0.84905000 6.81541000
0.84915000 6.81750000
0.84925000 6.81957000
0.84935000 6.82166000
0.84945000 6.82375000
0.84955000 6.82582000
0.84965000 6.82791000
0.84975000 6.82999000
0.84985000 6.83207000
0.84995000 6.83415000
0.85005000 6.83623000
0.85015000 6.83831000
0.85025000 6.84040000
0.85035000 6.84247000
0.85045000 6.84455000
0.85055000 6.84663000
0.85065000 6.84870000
0.85075000 6.81012000
0.85085000 6.81220000
0.85095000 6.81428000
0.85105000 6.81636000
0.85115000 6.81845000
0.85125000 6.82052000
0.85135000 6.82261000
0.85145000 6.82468000
0.85155000 6.82677000
0.85165000 6.82884000
0.85175000 6.83093000
0.85185000 6.83300000
0.85195000 6.83508000
0.85205000 6.83716000
0.85215000 6.83923000
0.85225000 6.84131000
0.85235000 6.84339000
0.85245000 6.84547000
0.85255000 6.84754000
0.85265000 6.84962000
0.85275000 6.85169000
0.85285000 6.85376000
0.85295000 6.85584000
0.85305000 6.85792000
0.85315000 6.85998000
0.85325000 6.82149000
0.85335000 6.82356000
0.85345000 6.82564000
0.85355000 6.82772000
0.85365000 6.82979000
0.85375000 6.83187000
0.85385000 6.83395000
0.85395000 6.83602000
0.85405000 6.83810000
0.85415000 6.84017000
0.85425000 6.84224000
0.85435000 6.84432000
0.85445000 6.84639000
0.85455000 6.84847000
0.85465000 6.85053000
0.85475000 6.85261000
0.85485000 6.85468000
0.85495000 6.85676000
0.85505000 6.85882000
0.85515000 6.86090000
0.85525000 6.86296000
0.85535000 6.86504000
0.85545000 6.86710000
0.85555000 6.86917000
0.85565000 6.87125000
0.85575000 6.83283000
0.85585000 6.83490000
0.85595000 6.83697000
0.85605000 6.83904000
0.85615000 6.84112000
0.85625000 6.84319000
0.85635000 6.84526000
0.85645000 6.84733000
0.85655000 6.84940000
0.85665000 6.85147000
0.85675000 6.85354000
0.85685000 6.85561000
0.85695000 6.85767000
0.85705000 6.85975000
0.85715000 6.86181000
0.85725000 6.86388000
0.85735000 6.86595000
0.85745000 6.86802000
0.85755000 6.87008000
0.85765000 6.87214000
0.85775000 6.87421000
0.85785000 6.87628000
0.85795000 6.87834000
0.85805000 6.88041000
0.85815000 6.88247000
0.85825000 6.84414000
0.85835000 6.84622000
0.85845000 6.84828000
0.85855000 6.85034000
0.85865000 6.85242000
0.85875000 6.85448000
0.85885000 6.85654000
0.85895000 6.85861000
0.85905000 6.86068000
0.85915000 6.86274000
0.85925000 6.86481000
0.85935000 6.86687000
0.85945000 6.86894000
0.85955000 6.87099000
0.85965000 6.87307000
0.85975000 6.87512000
0.85985000 6.87719000
0.85995000 6.87924000
0.86005000 6.88131000
0.86015000 6.88337000
0.86025000 6.88544000
0.86035000 6.88749000
0.86045000 6.88955000
0.86055000 6.89161000
0.86065000 6.89367000
0.86075000 6.85543000
0.86085000 6.85750000
0.86095000 6.85955000
0.86105000 6.86162000
0.86115000 6.86368000
0.86125000 6.86575000
0.86135000 6.86780000
0.86145000 6.86987000
0.86155000 6.87193000
0.86165000 6.87398000
0.86175000 6.87605000
0.86185000 6.87810000
0.86195000 6.88017000
0.86205000 6.88222000
0.86215000 6.88428000
0.86225000 6.88634000
0.86235000 6.88840000
0.86245000 6.89045000
0.86255000 6.89251000
0.86265000 6.89457000
0.86275000 6.89662000
0.86285000 6.89867000
0.86295000 6.90074000
0.86305000 6.90278000
0.86315000 6.90484000
0.86325000 6.86669000
0.86335000 6.86875000
0.86345000 6.87081000
0.86355000 6.87286000
0.86365000 6.87493000
0.86375000 6.87697000
0.86385000 6.87904000
0.86395000 6.88109000
0.86405000 6.88314000
0.86415000 6.88521000
0.86425000 6.88725000
0.86435000 6.88931000
0.86445000 6.89137000
0.86455000 6.89342000
0.86465000 6.89547000
0.86475000 6.89752000
0.86485000 6.89958000
0.86495000 6.90163000
0.86505000 6.90368000
0.86515000 6.90573000
0.86525000 6.90778000
0.86535000 6.90983000
0.86545000 6.91188000
0.86555000 6.91394000
0.86565000 6.91598000
0.86575000 6.87792000
0.86585000 6.87997000
0.86595000 6.88203000
0.86605000 6.88407000
0.86615000 6.88614000
0.86625000 6.88818000
0.86635000 6.89023000
0.86645000 6.89229000
0.86655000 6.89433000
0.86665000 6.89639000
0.86675000 6.89843000
0.86685000 6.90049000
0.86695000 6.90253000
0.86705000 6.90459000
0.86715000 6.90663000
0.86725000 6.90868000
0.86735000 6.91072000
0.86745000 6.91277000
0.86755000 6.91482000
0.86765000 6.91687000
0.86775000 6.91891000
0.86785000 6.92096000
0.86795000 6.92300000
0.86805000 6.92505000
0.86815000 6.88707000
0.86825000 6.88912000
0.86835000 6.89116000
0.86845000 6.89322000
0.86855000 6.89526000
0.86865000 6.89731000
0.86875000 6.89935000
0.86885000 6.90141000
0.86895000 6.90345000
0.86905000 6.90549000
0.86915000 6.90754000
0.86925000 6.90958000
0.86935000 6.91163000
0.86945000 6.91367000
0.86955000 6.91572000
0.86965000 6.91776000
0.86975000 6.91980000
0.86985000 6.92184000
0.86995000 6.92389000
0.87005000 6.92593000
0.87015000 6.92797000
0.87025000 6.93000000
0.87035000 6.93205000
0.87045000 6.93409000
0.87055000 6.93613000
0.87065000 6.89824000
0.87075000 6.90029000
0.87085000 6.90233000
0.87095000 6.90437000
0.87105000 6.90641000
0.87115000 6.90846000
0.87125000 6.91050000
0.87135000 6.91254000
0.87145000 6.91458000
0.87155000 6.91662000
0.87165000 6.91866000
0.87175000 6.92070000
0.87185000 6.92273000
0.87195000 6.92478000
0.87205000 6.92682000
0.87215000 6.92885000
0.87225000 6.93090000
0.87235000 6.93292000
0.87245000 6.93497000
0.87255000 6.93700000
0.87265000 6.93904000
0.87275000 6.94108000
0.87285000 6.94311000
0.87295000 6.94514000
0.87305000 6.94718000
0.87315000 6.90938000
0.87325000 6.91142000
0.87335000 6.91345000
0.87345000 6.91550000
0.87355000 6.91753000
0.87365000 6.91957000
0.87375000 6.92161000
0.87385000 6.92364000
0.87395000 6.92568000
0.87405000 6.92771000
0.87415000 6.92975000
0.87425000 6.93178000
0.87435000 6.93382000
0.87445000 6.93585000
0.87455000 6.93788000
0.87465000 6.93992000
0.87475000 6.94195000
0.87485000 6.94398000
0.87495000 6.94601000
0.87505000 6.94804000
0.87515000 6.95008000
0.87525000 6.95210000
0.87535000 6.95414000
0.87545000 6.95616000
0.87555000 6.91845000
0.87565000 6.92049000
0.87575000 6.92252000
0.87585000 6.92455000
0.87595000 6.92659000
0.87605000 6.92861000
0.87615000 6.93065000
0.87625000 6.93268000
0.87635000 6.93471000
0.87645000 6.93674000
0.87655000 6.93878000
0.87665000 6.94080000
0.87675000 6.94283000
0.87685000 6.94486000
0.87695000 6.94689000
0.87705000 6.94891000
0.87715000 6.95095000
0.87725000 6.95297000
0.87735000 6.95499000
0.87745000 6.95703000
0.87755000 6.95905000
0.87765000 6.96107000
0.87775000 6.96311000
0.87785000 6.96512000
0.87795000 6.96715000
0.87805000 6.92953000
0.87815000 6.93156000
0.87825000 6.93358000
0.87835000 6.93561000
0.87845000 6.93764000
0.87855000 6.93967000
0.87865000 6.94169000
0.87875000 6.94372000
0.87885000 6.94575000
0.87895000 6.94777000
0.87905000 6.94979000
0.87915000 6.95182000
0.87925000 6.95384000
0.87935000 6.95587000
0.87945000 6.95789000
0.87955000 6.95991000
0.87965000 6.96194000
0.87975000 6.96396000
0.87985000 6.96598000
0.87995000 6.96800000
0.88005000 6.97002000
0.88015000 6.97204000
0.88025000 6.97406000
0.88035000 6.97608000
0.88045000 6.93855000
0.88055000 6.94056000
0.88065000 6.94259000
0.88075000 6.94462000
0.88085000 6.94663000
0.88095000 6.94866000
0.88105000 6.95068000
0.88115000 6.95270000
0.88125000 6.95473000
0.88135000 6.95674000
0.88145000 6.95876000
0.88155000 6.96078000
0.88165000 6.96280000
0.88175000 6.96482000
0.88185000 6.96684000
0.88195000 6.96886000
0.88205000 6.97087000
0.88215000 6.97289000
0.88225000 6.97491000
0.88235000 6.97693000
0.88245000 6.97893000
0.88255000 6.98096000
0.88265000 6.98297000
0.88275000 6.98498000
0.88285000 6.98700000
0.88295000 6.94956000
0.88305000 6.95157000
0.88315000 6.95359000
0.88325000 6.95560000
0.88335000 6.95763000
0.88345000 6.95964000
0.88355000 6.96165000
0.88365000 6.96367000
0.88375000 6.96569000
0.88385000 6.96771000
0.88395000 6.96971000
0.88405000 6.97174000
0.88415000 6.97374000
0.88425000 6.97576000
0.88435000 6.97777000
0.88445000 6.97979000
0.88455000 6.98179000
0.88465000 6.98381000
0.88475000 6.98582000
0.88485000 6.98783000
0.88495000 6.98984000
0.88505000 6.99185000
0.88515000 6.99387000
0.88525000 6.99586000
0.88535000 6.95851000
0.88545000 6.96053000
0.88555000 6.96253000
0.88565000 6.96455000
0.88575000 6.96656000
0.88585000 6.96858000
0.88595000 6.97058000
0.88605000 6.97260000
0.88615000 6.97460000
0.88625000 6.97662000
0.88635000 6.97862000
0.88645000 6.98064000
0.88655000 6.98264000
0.88665000 6.98465000
0.88675000 6.98666000
0.88685000 6.98867000
0.88695000 6.99068000
0.88705000 6.99268000
0.88715000 6.99468000
0.88725000 6.99670000
0.88735000 6.99870000
0.88745000 7.00070000
0.88755000 7.00271000
0.88765000 7.00471000
0.88775000 6.96744000
0.88785000 6.96945000
0.88795000 6.97145000
0.88805000 6.97347000
0.88815000 6.97547000
0.88825000 6.97747000
0.88835000 6.97949000
0.88845000 6.98149000
0.88855000 6.98349000
0.88865000 6.98550000
0.88875000 6.98751000
0.88885000 6.98950000
0.88895000 6.99152000
0.88905000 6.99351000
0.88915000 6.99552000
0.88925000 6.99752000
0.88935000 6.99952000
0.88945000 7.00153000
0.88955000 7.00353000
0.88965000 7.00552000
0.88975000 7.00753000
0.88985000 7.00953000
0.88995000 7.01152000
0.89005000 7.01353000
0.89015000 6.97634000
0.89025000 6.97834000
0.89035000 6.98035000
0.89045000 6.98234000
0.89055000 6.98435000
0.89065000 6.98636000
0.89075000 6.98835000
0.89085000 6.99035000
0.89095000 6.99236000
0.89105000 6.99435000
0.89115000 6.99636000
0.89125000 6.99835000
0.89135000 7.00035000
0.89145000 7.00235000
0.89155000 7.00435000
0.89165000 7.00634000
0.89175000 7.00834000
0.89185000 7.01034000
0.89195000 7.01234000
0.89205000 7.01433000
0.89215000 7.01632000
0.89225000 7.01832000
0.89235000 7.02032000
0.89245000 7.02231000
0.89255000 6.98521000
0.89265000 6.98720000
0.89275000 6.98921000
0.89285000 6.99120000
0.89295000 6.99320000
0.89305000 6.99520000
0.89315000 6.99719000
0.89325000 6.99919000
0.89335000 7.00118000
0.89345000 7.00318000
0.89355000 7.00517000
0.89365000 7.00717000
0.89375000 7.00916000
0.89385000 7.01115000
0.89395000 7.01315000
0.89405000 7.01514000
0.89415000 7.01713000
0.89425000 7.01912000
0.89435000 7.02111000
0.89445000 7.02310000
0.89455000 7.02510000
0.89465000 7.02708000
0.89475000 7.02907000
0.89485000 7.03106000
0.89495000 6.99405000
0.89505000 6.99604000
0.89515000 6.99804000
0.89525000 7.00002000
0.89535000 7.00202000
0.89545000 7.00401000
0.89555000 7.00600000
0.89565000 7.00799000
0.89575000 7.00999000
0.89585000 7.01197000
0.89595000 7.01396000
0.89605000 7.01595000
0.89615000 7.01793000
0.89625000 7.01993000
0.89635000 7.02191000
0.89645000 7.02390000
0.89655000 7.02589000
0.89665000 7.02787000
0.89675000 7.02986000
0.89685000 7.03184000
0.89695000 7.03383000
0.89705000 7.03582000
0.89715000 7.03779000
0.89725000 7.03978000
0.89735000 7.00286000
0.89745000 7.00484000
0.89755000 7.00684000
0.89765000 7.00881000
0.89775000 7.01081000
0.89785000 7.01279000
0.89795000 7.01478000
0.89805000 7.01676000
0.89815000 7.01875000
0.89825000 7.02073000
0.89835000 7.02271000
0.89845000 7.02470000
0.89855000 7.02668000
0.89865000 7.02867000
0.89875000 7.03065000
0.89885000 7.03263000
0.89895000 7.03461000
0.89905000 7.03659000
0.89915000 7.03857000
0.89925000 7.04055000
0.89935000 7.04253000
0.89945000 7.04452000
0.89955000 7.04649000
0.89965000 7.04846000
0.89975000 7.01164000
0.89985000 7.01361000
0.89995000 7.01559000
0.90005000 7.01758000
0.90015000 7.01956000
0.90025000 7.02154000
0.90035000 7.02352000
0.90045000 7.02550000
0.90055000 7.02748000
0.90065000 7.02946000
0.90075000 7.03144000
0.90085000 7.03342000
0.90095000 7.03539000
0.90105000 7.03737000
0.90115000 7.03935000
0.90125000 7.04132000
0.90135000 7.04331000
0.90145000 7.04527000
0.90155000 7.04726000
0.90165000 7.04922000
0.90175000 7.05120000
0.90185000 7.05318000
0.90195000 7.05515000
0.90205000 7.05712000
0.90215000 7.02037000
0.90225000 7.02235000
0.90235000 7.02433000
0.90245000 7.02630000
0.90255000 7.02828000
0.90265000 7.03026000
0.90275000 7.03223000
0.90285000 7.03420000
0.90295000 7.03618000
0.90305000 7.03815000
0.90315000 7.04013000
0.90325000 7.04210000
0.90335000 7.04407000
0.90345000 7.04605000
0.90355000 7.04801000
0.90365000 7.04999000
0.90375000 7.05196000
0.90385000 7.05392000
0.90395000 7.05590000
0.90405000 7.05787000
0.90415000 7.05984000
0.90425000 7.06180000
0.90435000 7.06378000
0.90445000 7.06574000
0.90455000 7.02908000
0.90465000 7.03105000
0.90475000 7.03302000
0.90485000 7.03500000
0.90495000 7.03696000
0.90505000 7.03894000
0.90515000 7.04090000
0.90525000 7.04288000
0.90535000 7.04484000
0.90545000 7.04681000
0.90555000 7.04878000
0.90565000 7.05075000
0.90575000 7.05272000
0.90585000 7.05468000
0.90595000 7.05665000
0.90605000 7.05861000
0.90615000 7.06058000
0.90625000 7.06254000
0.90635000 7.06451000
0.90645000 7.06647000
0.90655000 7.06844000
0.90665000 7.07040000
0.90675000 7.07236000
0.90685000 7.07433000
0.90695000 7.03775000
0.90705000 7.03972000
0.90715000 7.04168000
0.90725000 7.04365000
0.90735000 7.04562000
0.90745000 7.04758000
0.90755000 7.04955000
0.90765000 7.05150000
0.90775000 7.05348000
0.90785000 7.05543000
0.90795000 7.05740000
0.90805000 7.05936000
0.90815000 7.06132000
0.90825000 7.06329000
0.90835000 7.06524000
0.90845000 7.06721000
0.90855000 7.06916000
0.90865000 7.07113000
0.90875000 7.07308000
0.90885000 7.07504000
0.90895000 7.07700000
0.90905000 7.07896000
0.90915000 7.08092000
0.90925000 7.04442000
0.90935000 7.04639000
0.90945000 7.04835000
0.90955000 7.05031000
0.90965000 7.05227000
0.90975000 7.05423000
0.90985000 7.05619000
0.90995000 7.05815000
0.91005000 7.06011000
0.91015000 7.06206000
0.91025000 7.06402000
0.91035000 7.06598000
0.91045000 7.06794000
0.91055000 7.06989000
0.91065000 7.07185000
0.91075000 7.07381000
0.91085000 7.07576000
0.91095000 7.07771000
0.91105000 7.07967000
0.91115000 7.08162000
0.91125000 7.08358000
0.91135000 7.08552000
0.91145000 7.08748000
0.91155000 7.08943000
0.91165000 7.05304000
0.91175000 7.05498000
0.91185000 7.05695000
0.91195000 7.05889000
0.91205000 7.06086000
0.91215000 7.06280000
0.91225000 7.06477000
0.91235000 7.06671000
0.91245000 7.06867000
0.91255000 7.07062000
0.91265000 7.07257000
0.91275000 7.07453000
0.91285000 7.07647000
0.91295000 7.07843000
0.91305000 7.08038000
0.91315000 7.08232000
0.91325000 7.08428000
0.91335000 7.08622000
0.91345000 7.08818000
0.91355000 7.09012000
0.91365000 7.09207000
0.91375000 7.09402000
0.91385000 7.09596000
0.91395000 7.05965000
0.91405000 7.06159000
0.91415000 7.06355000
0.91425000 7.06550000
0.91435000 7.06745000
0.91445000 7.06940000
0.91455000 7.07135000
0.91465000 7.07329000
0.91475000 7.07524000
0.91485000 7.07719000
0.91495000 7.07914000
0.91505000 7.08109000
0.91515000 7.08303000
0.91525000 7.08497000
0.91535000 7.08693000
0.91545000 7.08886000
0.91555000 7.09081000
0.91565000 7.09276000
0.91575000 7.09470000
0.91585000 7.09664000
0.91595000 7.09858000
0.91605000 7.10053000
0.91615000 7.10246000
0.91625000 7.10441000
0.91635000 7.06818000
0.91645000 7.07013000
0.91655000 7.07207000
0.91665000 7.07402000
0.91675000 7.07596000
0.91685000 7.07790000
0.91695000 7.07985000
0.91705000 7.08179000
0.91715000 7.08373000
0.91725000 7.08568000
0.91735000 7.08761000
0.91745000 7.08956000
0.91755000 7.09150000
0.91765000 7.09344000
0.91775000 7.09537000
0.91785000 7.09732000
0.91795000 7.09926000
0.91805000 7.10119000
0.91815000 7.10313000
0.91825000 7.10507000
0.91835000 7.10701000
0.91845000 7.10894000
0.91855000 7.11088000
0.91865000 7.07473000
0.91875000 7.07668000
0.91885000 7.07862000
0.91895000 7.08055000
0.91905000 7.08250000
0.91915000 7.08443000
0.91925000 7.08637000
0.91935000 7.08831000
0.91945000 7.09024000
0.91955000 7.09219000
0.91965000 7.09412000
0.91975000 7.09605000
0.91985000 7.09799000
0.91995000 7.09993000
0.92005000 7.10186000
0.92015000 7.10379000
0.92025000 7.10573000
0.92035000 7.10766000
0.92045000 7.10959000
0.92055000 7.11152000
0.92065000 7.11346000
0.92075000 7.11539000
0.92085000 7.11732000
0.92095000 7.11925000
0.92105000 7.08319000
0.92115000 7.08513000
0.92125000 7.08707000
0.92135000 7.08900000
0.92145000 7.09093000
0.92155000 7.09287000
0.92165000 7.09479000
0.92175000 7.09673000
0.92185000 7.09866000
0.92195000 7.10060000
0.92205000 7.10252000
0.92215000 7.10445000
0.92225000 7.10638000
0.92235000 7.10831000
0.92245000 7.11024000
0.92255000 7.11217000
0.92265000 7.11410000
0.92275000 7.11602000
0.92285000 7.11796000
0.92295000 7.11987000
0.92305000 7.12181000
0.92315000 7.12373000
0.92325000 7.12565000
0.92335000 7.08969000
0.92345000 7.09161000
0.92355000 7.09355000
0.92365000 7.09547000
0.92375000 7.09740000
0.92385000 7.09933000
0.92395000 7.10125000
0.92405000 7.10319000
0.92415000 7.10510000
0.92425000 7.10704000
0.92435000 7.10896000
0.92445000 7.11088000
0.92455000 7.11281000
0.92465000 7.11474000
0.92475000 7.11665000
0.92485000 7.11858000
0.92495000 7.12050000
0.92505000 7.12243000
0.92515000 7.12435000
0.92525000 7.12626000
0.92535000 7.12819000
0.92545000 7.13011000
0.92555000 7.13203000
0.92565000 7.09614000
0.92575000 7.09807000
0.92585000 7.09999000
0.92595000 7.10192000
0.92605000 7.10384000
0.92615000 7.10576000
0.92625000 7.10768000
0.92635000 7.10961000
0.92645000 7.11152000
0.92655000 7.11345000
0.92665000 7.11537000
0.92675000 7.11728000
0.92685000 7.11921000
0.92695000 7.12112000
0.92705000 7.12304000
0.92715000 7.12496000
0.92725000 7.12688000
0.92735000 7.12879000
0.92745000 7.13071000
0.92755000 7.13262000
0.92765000 7.13455000
0.92775000 7.13645000
0.92785000 7.13837000
0.92795000 7.10257000
0.92805000 7.10450000
0.92815000 7.10641000
0.92825000 7.10832000
0.92835000 7.11025000
0.92845000 7.11216000
0.92855000 7.11408000
0.92865000 7.11599000
0.92875000 7.11791000
0.92885000 7.11983000
0.92895000 7.12174000
0.92905000 7.12365000
0.92915000 7.12557000
0.92925000 7.12748000
0.92935000 7.12940000
0.92945000 7.13130000
0.92955000 7.13322000
0.92965000 7.13513000
0.92975000 7.13704000
0.92985000 7.13895000
0.92995000 7.14087000
0.93005000 7.14277000
0.93015000 7.14468000
0.93025000 7.10897000
0.93035000 7.11088000
0.93045000 7.11279000
0.93055000 7.11471000
0.93065000 7.11662000
0.93075000 7.11853000
0.93085000 7.12044000
0.93095000 7.12235000
0.93105000 7.12426000
0.93115000 7.12618000
0.93125000 7.12808000
0.93135000 7.12999000
0.93145000 7.13190000
0.93155000 7.13380000
0.93165000 7.13572000
0.93175000 7.13762000
0.93185000 7.13953000
0.93195000 7.14143000
0.93205000 7.14334000
0.93215000 7.14524000
0.93225000 7.14715000
0.93235000 7.14906000
0.93245000 7.15095000
0.93255000 7.11533000
0.93265000 7.11724000
0.93275000 7.11915000
0.93285000 7.12105000
0.93295000 7.12296000
0.93305000 7.12487000
0.93315000 7.12677000
0.93325000 7.12867000
0.93335000 7.13059000
0.93345000 7.13248000
0.93355000 7.13439000
0.93365000 7.13629000
0.93375000 7.13820000
0.93385000 7.14010000
0.93395000 7.14200000
0.93405000 7.14390000
0.93415000 7.14580000
0.93425000 7.14771000
0.93435000 7.14960000
0.93445000 7.15151000
0.93455000 7.15340000
0.93465000 7.15530000
0.93475000 7.15720000
0.93485000 7.12166000
0.93495000 7.12356000
0.93505000 7.12546000
0.93515000 7.12737000
0.93525000 7.12926000
0.93535000 7.13117000
0.93545000 7.13307000
0.93555000 7.13497000
0.93565000 7.13686000
0.93575000 7.13877000
0.93585000 7.14066000
0.93595000 7.14256000
0.93605000 7.14446000
0.93615000 7.14636000
0.93625000 7.14825000
0.93635000 7.15015000
0.93645000 7.15205000
0.93655000 7.15393000
0.93665000 7.15584000
0.93675000 7.15773000
0.93685000 7.15962000
0.93695000 7.16151000
0.93705000 7.16341000
0.93715000 7.12795000
0.93725000 7.12986000
0.93735000 7.13174000
0.93745000 7.13364000
0.93755000 7.13554000
0.93765000 7.13744000
0.93775000 7.13933000
0.93785000 7.14122000
0.93795000 7.14312000
0.93805000 7.14501000
0.93815000 7.14690000
0.93825000 7.14879000
0.93835000 7.15069000
0.93845000 7.15258000
0.93855000 7.15447000
0.93865000 7.15636000
0.93875000 7.15825000
0.93885000 7.16014000
0.93895000 7.16203000
0.93905000 7.16392000
0.93915000 7.16580000
0.93925000 7.16770000
0.93935000 7.16958000
0.93945000 7.13421000
0.93955000 7.13610000
0.93965000 7.13800000
0.93975000 7.13988000
0.93985000 7.14178000
0.93995000 7.14367000
0.94005000 7.14555000
0.94015000 7.14744000
0.94025000 7.14933000
0.94035000 7.15122000
0.94045000 7.15311000
0.94055000 7.15499000
0.94065000 7.15688000
0.94075000 7.15877000
0.94085000 7.16065000
0.94095000 7.16254000
0.94105000 7.16442000
0.94115000 7.16630000
0.94125000 7.16819000
0.94135000 7.17007000
0.94145000 7.17196000
0.94155000 7.17383000
0.94165000 7.17572000
0.94175000 7.14044000
0.94185000 7.14232000
0.94195000 7.14420000
0.94205000 7.14610000
0.94215000 7.14797000
0.94225000 7.14986000
0.94235000 7.15175000
0.94245000 7.15363000
0.94255000 7.15551000
0.94265000 7.15739000
0.94275000 7.15927000
0.94285000 7.16116000
0.94295000 7.16303000
0.94305000 7.16492000
0.94315000 7.16680000
0.94325000 7.16867000
0.94335000 7.17056000
0.94345000 7.17243000
0.94355000 7.17431000
0.94365000 7.17619000
0.94375000 7.17806000
0.94385000 7.17995000
0.94395000 7.18181000
0.94405000 7.14663000
0.94415000 7.14850000
0.94425000 7.15038000
0.94435000 7.15226000
0.94445000 7.15414000
0.94455000 7.15602000
0.94465000 7.15790000
0.94475000 7.15978000
0.94485000 7.16165000
0.94495000 7.16353000
0.94505000 7.16540000
0.94515000 7.16728000
0.94525000 7.16916000
0.94535000 7.17103000
0.94545000 7.17290000
0.94555000 7.17478000
0.94565000 7.17665000
0.94575000 7.17852000
0.94585000 7.18040000
0.94595000 7.18227000
0.94605000 7.18414000
0.94615000 7.18601000
0.94625000 7.18788000
0.94635000 7.15277000
0.94645000 7.15465000
0.94655000 7.15652000
0.94665000 7.15839000
0.94675000 7.16027000
0.94685000 7.16214000
0.94695000 7.16401000
0.94705000 7.16589000
0.94715000 7.16775000
0.94725000 7.16963000
0.94735000 7.17150000
0.94745000 7.17336000
0.94755000 7.17524000
0.94765000 7.17711000
0.94775000 7.17897000
0.94785000 7.18084000
0.94795000 7.18271000
0.94805000 7.18458000
0.94815000 7.18644000
0.94825000 7.18831000
0.94835000 7.19018000
0.94845000 7.19204000
0.94855000 7.15701000
0.94865000 7.15888000
0.94875000 7.16076000
0.94885000 7.16262000
0.94895000 7.16449000
0.94905000 7.16635000
0.94915000 7.16822000
0.94925000 7.17009000
0.94935000 7.17196000
0.94945000 7.17382000
0.94955000 7.17569000
0.94965000 7.17755000
0.94975000 7.17942000
0.94985000 7.18128000
0.94995000 7.18314000
0.95005000 7.18501000
0.95015000 7.18686000
0.95025000 7.18873000
0.95035000 7.19060000
0.95045000 7.19245000
0.95055000 7.19431000
0.95065000 7.19617000
0.95075000 7.19803000
0.95085000 7.16310000
0.95095000 7.16495000
0.95105000 7.16682000
0.95115000 7.16868000
0.95125000 7.17055000
0.95135000 7.17240000
0.95145000 7.17427000
0.95155000 7.17613000
0.95165000 7.17799000
0.95175000 7.17984000
0.95185000 7.18171000
0.95195000 7.18357000
0.95205000 7.18543000
0.95215000 7.18728000
0.95225000 7.18914000
0.95235000 7.19100000
0.95245000 7.19285000
0.95255000 7.19471000
0.95265000 7.19657000
0.95275000 7.19842000
0.95285000 7.20028000
0.95295000 7.20213000
0.95305000 7.16727000
0.95315000 7.16913000
0.95325000 7.17099000
0.95335000 7.17284000
0.95345000 7.17471000
0.95355000 7.17656000
0.95365000 7.17841000
0.95375000 7.18028000
0.95385000 7.18212000
0.95395000 7.18398000
0.95405000 7.18584000
0.95415000 7.18769000
0.95425000 7.18954000
0.95435000 7.19140000
0.95445000 7.19324000
0.95455000 7.19510000
0.95465000 7.19695000
0.95475000 7.19880000
0.95485000 7.20066000
0.95495000 7.20250000
0.95505000 7.20435000
0.95515000 7.20620000
0.95525000 7.20804000
0.95535000 7.17328000
0.95545000 7.17513000
0.95555000 7.17698000
0.95565000 7.17884000
0.95575000 7.18068000
0.95585000 7.18254000
0.95595000 7.18438000
0.95605000 7.18624000
0.95615000 7.18808000
0.95625000 7.18994000
0.95635000 7.19178000
0.95645000 7.19363000
0.95655000 7.19548000
0.95665000 7.19732000
0.95675000 7.19917000
0.95685000 7.20102000
0.95695000 7.20286000
0.95705000 7.20470000
0.95715000 7.20656000
0.95725000 7.20839000
0.95735000 7.21024000
0.95745000 7.21208000
0.95755000 7.17739000
0.95765000 7.17925000
0.95775000 7.18108000
0.95785000 7.18294000
0.95795000 7.18478000
0.95805000 7.18662000
0.95815000 7.18847000
0.95825000 7.19032000
0.95835000 7.19216000
0.95845000 7.19400000
0.95855000 7.19584000
0.95865000 7.19769000
0.95875000 7.19953000
0.95885000 7.20137000
0.95895000 7.20321000
0.95905000 7.20506000
0.95915000 7.20689000
0.95925000 7.20873000
0.95935000 7.21057000
0.95945000 7.21241000
0.95955000 7.21425000
0.95965000 7.21608000
0.95975000 7.21792000
0.95985000 7.18333000
0.95995000 7.18516000
0.96005000 7.18700000
0.96015000 7.18885000
0.96025000 7.19068000
0.96035000 7.19253000
0.96045000 7.19436000
0.96055000 7.19620000
0.96065000 7.19804000
0.96075000 7.19988000
0.96085000 7.20171000
0.96095000 7.20356000
0.96105000 7.20538000
0.96115000 7.20722000
0.96125000 7.20906000
0.96135000 7.21089000
0.96145000 7.21273000
0.96155000 7.21456000
0.96165000 7.21639000
0.96175000 7.21823000
0.96185000 7.22006000
0.96195000 7.22189000
0.96205000 7.18737000
0.96215000 7.18921000
0.96225000 7.19104000
0.96235000 7.19288000
0.96245000 7.19471000
0.96255000 7.19655000
0.96265000 7.19838000
0.96275000 7.20021000
0.96285000 7.20205000
0.96295000 7.20388000
0.96305000 7.20571000
0.96315000 7.20754000
0.96325000 7.20937000
0.96335000 7.21120000
0.96345000 7.21303000
0.96355000 7.21486000
0.96365000 7.21669000
0.96375000 7.21852000
0.96385000 7.22035000
0.96395000 7.22217000
0.96405000 7.22400000
0.96415000 7.22582000
0.96425000 7.19139000
0.96435000 7.19322000
0.96445000 7.19506000
0.96455000 7.19688000
0.96465000 7.19871000
0.96475000 7.20053000
0.96485000 7.20237000
0.96495000 7.20420000
0.96505000 7.20602000
0.96515000 7.20784000
0.96525000 7.20968000
0.96535000 7.21150000
0.96545000 7.21332000
0.96555000 7.21515000
0.96565000 7.21698000
0.96575000 7.21879000
0.96585000 7.22062000
0.96595000 7.22245000
0.96605000 7.22426000
0.96615000 7.22609000
0.96625000 7.22790000
0.96635000 7.22973000
0.96645000 7.23155000
0.96655000 7.19720000
0.96665000 7.19903000
0.96675000 7.20085000
0.96685000 7.20268000
0.96695000 7.20449000
0.96705000 7.20632000
0.96715000 7.20815000
0.96725000 7.20996000
0.96735000 7.21178000
0.96745000 7.21361000
0.96755000 7.21543000
0.96765000 7.21724000
0.96775000 7.21906000
0.96785000 7.22089000
0.96795000 7.22270000
0.96805000 7.22452000
0.96815000 7.22633000
0.96825000 7.22815000
0.96835000 7.22997000
0.96845000 7.23179000
0.96855000 7.23360000
0.96865000 7.23541000
0.96875000 7.20115000
0.96885000 7.20297000
0.96895000 7.20479000
0.96905000 7.20660000
0.96915000 7.20843000
0.96925000 7.21024000
0.96935000 7.21206000
0.96945000 7.21387000
0.96955000 7.21569000
0.96965000 7.21750000
0.96975000 7.21932000
0.96985000 7.22113000
0.96995000 7.22295000
0.97005000 7.22476000
0.97015000 7.22657000
0.97025000 7.22838000
0.97035000 7.23020000
0.97045000 7.23201000
0.97055000 7.23381000
0.97065000 7.23563000
0.97075000 7.23743000
0.97085000 7.23925000
0.97095000 7.20507000
0.97105000 7.20688000
0.97115000 7.20869000
0.97125000 7.21050000
0.97135000 7.21232000
0.97145000 7.21413000
0.97155000 7.21594000
0.97165000 7.21775000
0.97175000 7.21955000
0.97185000 7.22137000
0.97195000 7.22318000
0.97205000 7.22499000
0.97215000 7.22679000
0.97225000 7.22860000
0.97235000 7.23041000
0.97245000 7.23222000
0.97255000 7.23402000
0.97265000 7.23582000
0.97275000 7.23763000
0.97285000 7.23944000
0.97295000 7.24124000
0.97305000 7.24304000
0.97315000 7.20895000
0.97325000 7.21075000
0.97335000 7.21257000
0.97345000 7.21437000
0.97355000 7.21617000
0.97365000 7.21798000
0.97375000 7.21979000
0.97385000 7.22159000
0.97395000 7.22340000
0.97405000 7.22520000
0.97415000 7.22700000
0.97425000 7.22880000
0.97435000 7.23061000
0.97445000 7.23241000
0.97455000 7.23421000
0.97465000 7.23601000
0.97475000 7.23782000
0.97485000 7.23961000
0.97495000 7.24141000
0.97505000 7.24321000
0.97515000 7.24501000
0.97525000 7.24680000
0.97535000 7.21280000
0.97545000 7.21459000
0.97555000 7.21640000
0.97565000 7.21820000
0.97575000 7.22000000
0.97585000 7.22180000
0.97595000 7.22360000
0.97605000 7.22540000
0.97615000 7.22720000
0.97625000 7.22899000
0.97635000 7.23079000
0.97645000 7.23259000
0.97655000 7.23439000
0.97665000 7.23618000
0.97675000 7.23798000
0.97685000 7.23978000
0.97695000 7.24156000
0.97705000 7.24337000
0.97715000 7.24515000
0.97725000 7.24695000
0.97735000 7.24874000
0.97745000 7.25054000
0.97755000 7.21660000
0.97765000 7.21841000
0.97775000 7.22019000
0.97785000 7.22200000
0.97795000 7.22379000
0.97805000 7.22558000
0.97815000 7.22738000
0.97825000 7.22917000
0.97835000 7.23096000
0.97845000 7.23276000
0.97855000 7.23454000
0.97865000 7.23634000
0.97875000 7.23813000
0.97885000 7.23992000
0.97895000 7.24171000
0.97905000 7.24350000
0.97915000 7.24529000
0.97925000 7.24708000
0.97935000 7.24887000
0.97945000 7.25065000
0.97955000 7.25244000
0.97965000 7.25422000
0.97975000 7.22039000
0.97985000 7.22217000
0.97995000 7.22396000
0.98005000 7.22575000
0.98015000 7.22754000
0.98025000 7.22933000
0.98035000 7.23112000
0.98045000 7.23291000
0.98055000 7.23469000
0.98065000 7.23648000
0.98075000 7.23827000
0.98085000 7.24005000
0.98095000 7.24184000
0.98105000 7.24362000
0.98115000 7.24541000
0.98125000 7.24719000
0.98135000 7.24897000
0.98145000 7.25076000
0.98155000 7.25254000
0.98165000 7.25432000
0.98175000 7.25610000
0.98185000 7.25788000
0.98195000 7.22412000
0.98205000 7.22591000
0.98215000 7.22769000
0.98225000 7.22947000
0.98235000 7.23126000
0.98245000 7.23304000
0.98255000 7.23483000
0.98265000 7.23660000
0.98275000 7.23839000
0.98285000 7.24017000
0.98295000 7.24195000
0.98305000 7.24373000
0.98315000 7.24550000
0.98325000 7.24729000
0.98335000 7.24907000
0.98345000 7.25084000
0.98355000 7.25262000
0.98365000 7.25440000
0.98375000 7.25617000
0.98385000 7.25795000
0.98395000 7.25973000
0.98405000 7.26150000
0.98415000 7.22782000
0.98425000 7.22961000
0.98435000 7.23138000
0.98445000 7.23316000
0.98455000 7.23494000
0.98465000 7.23671000
0.98475000 7.23849000
0.98485000 7.24027000
0.98495000 7.24205000
0.98505000 7.24382000
0.98515000 7.24559000
0.98525000 7.24737000
0.98535000 7.24914000
0.98545000 7.25091000
0.98555000 7.25269000
0.98565000 7.25446000
0.98575000 7.25623000
0.98585000 7.25800000
0.98595000 7.25978000
0.98605000 7.26154000
0.98615000 7.26331000
0.98625000 7.26508000
0.98635000 7.23149000
0.98645000 7.23327000
0.98655000 7.23503000
0.98665000 7.23681000
0.98675000 7.23858000
0.98685000 7.24035000
0.98695000 7.24212000
0.98705000 7.24390000
0.98715000 7.24566000
0.98725000 7.24743000
0.98735000 7.24920000
0.98745000 7.25097000
0.98755000 7.25274000
0.98765000 7.25450000
0.98775000 7.25628000
0.98785000 7.25803000
0.98795000 7.25981000
0.98805000 7.26156000
0.98815000 7.26334000
0.98825000 7.26509000
0.98835000 7.26687000
0.98845000 7.23334000
0.98855000 7.23512000
0.98865000 7.23689000
0.98875000 7.23865000
0.98885000 7.24042000
0.98895000 7.24218000
0.98905000 7.24395000
0.98915000 7.24572000
0.98925000 7.24747000
0.98935000 7.24925000
0.98945000 7.25100000
0.98955000 7.25277000
0.98965000 7.25454000
0.98975000 7.25629000
0.98985000 7.25806000
0.98995000 7.25981000
0.99005000 7.26158000
0.99015000 7.26334000
0.99025000 7.26509000
0.99035000 7.26686000
0.99045000 7.26861000
0.99055000 7.27037000
0.99065000 7.23695000
0.99075000 7.23870000
0.99085000 7.24047000
0.99095000 7.24223000
0.99105000 7.24399000
0.99115000 7.24575000
0.99125000 7.24751000
0.99135000 7.24926000
0.99145000 7.25103000
0.99155000 7.25279000
0.99165000 7.25454000
0.99175000 7.25630000
0.99185000 7.25805000
0.99195000 7.25982000
0.99205000 7.26156000
0.99215000 7.26333000
0.99225000 7.26507000
0.99235000 7.26683000
0.99245000 7.26859000
0.99255000 7.27034000
0.99265000 7.27209000
0.99275000 7.27384000
0.99285000 7.24050000
0.99295000 7.24225000
0.99305000 7.24401000
0.99315000 7.24577000
0.99325000 7.24752000
0.99335000 7.24928000
0.99345000 7.25103000
0.99355000 7.25278000
0.99365000 7.25453000
0.99375000 7.25629000
0.99385000 7.25804000
0.99395000 7.25979000
0.99405000 7.26154000
0.99415000 7.26329000
0.99425000 7.26504000
0.99435000 7.26679000
0.99445000 7.26854000
0.99455000 7.27028000
0.99465000 7.27204000
0.99475000 7.27378000
0.99485000 7.27552000
0.99495000 7.24227000
0.99505000 7.24401000
0.99515000 7.24577000
0.99525000 7.24751000
0.99535000 7.24926000
0.99545000 7.25102000
0.99555000 7.25276000
0.99565000 7.25451000
0.99575000 7.25625000
0.99585000 7.25801000
0.99595000 7.25975000
0.99605000 7.26149000
0.99615000 7.26324000
0.99625000 7.26499000
0.99635000 7.26672000
0.99645000 7.26848000
0.99655000 7.27021000
0.99665000 7.27196000
0.99675000 7.27370000
0.99685000 7.27544000
0.99695000 7.27718000
0.99705000 7.27893000
0.99715000 7.24574000
0.99725000 7.24749000
0.99735000 7.24924000
0.99745000 7.25097000
0.99755000 7.25273000
0.99765000 7.25446000
0.99775000 7.25621000
0.99785000 7.25794000
0.99795000 7.25969000
0.99805000 7.26143000
0.99815000 7.26318000
0.99825000 7.26491000
0.99835000 7.26664000
0.99845000 7.26839000
0.99855000 7.27013000
0.99865000 7.27186000
0.99875000 7.27360000
0.99885000 7.27534000
0.99895000 7.27707000
0.99905000 7.27881000
0.99915000 7.28055000
0.99925000 7.24744000
0.99935000 7.24919000
0.99945000 7.25092000
0.99955000 7.25266000
0.99965000 7.25440000
0.99975000 7.25614000
0.99985000 7.25788000
0.99995000 7.25961000
1.00005000 7.26134000
1.00015000 7.26309000
1.00025000 7.26481000
1.00035000 7.26655000
1.00045000 7.26829000
1.00055000 7.27001000
1.00065000 7.27175000
1.00075000 7.27349000
1.00085000 7.27521000
1.00095000 7.27694000
1.00105000 7.27868000
1.00115000 7.28040000
1.00125000 7.28214000
1.00135000 7.28386000
1.00145000 7.25085000
1.00155000 7.25259000
1.00165000 7.25431000
1.00175000 7.25605000
1.00185000 7.25779000
1.00195000 7.25951000
1.00205000 7.26124000
1.00215000 7.26297000
1.00225000 7.26471000
1.00235000 7.26643000
1.00245000 7.26816000
1.00255000 7.26989000
1.00265000 7.27162000
1.00275000 7.27334000
1.00285000 7.27507000
1.00295000 7.27679000
1.00305000 7.27853000
1.00315000 7.28024000
1.00325000 7.28197000
1.00335000 7.28370000
1.00345000 7.28542000
1.00355000 7.25248000
1.00365000 7.25422000
1.00375000 7.25594000
1.00385000 7.25766000
1.00395000 7.25940000
1.00405000 7.26112000
1.00415000 7.26284000
1.00425000 7.26457000
1.00435000 7.26630000
1.00445000 7.26801000
1.00455000 7.26974000
1.00465000 7.27147000
1.00475000 7.27318000
1.00485000 7.27491000
1.00495000 7.27662000
1.00505000 7.27835000
1.00515000 7.28007000
1.00525000 7.28178000
1.00535000 7.28351000
1.00545000 7.28522000
1.00555000 7.28695000
1.00565000 7.28865000
1.00575000 7.25582000
1.00585000 7.25753000
1.00595000 7.25926000
1.00605000 7.26097000
1.00615000 7.26270000
1.00625000 7.26441000
1.00635000 7.26614000
1.00645000 7.26785000
1.00655000 7.26957000
1.00665000 7.27129000
1.00675000 7.27300000
1.00685000 7.27473000
1.00695000 7.27643000
1.00705000 7.27816000
1.00715000 7.27986000
1.00725000 7.28158000
1.00735000 7.28330000
1.00745000 7.28501000
1.00755000 7.28672000
1.00765000 7.28843000
1.00775000 7.29015000
1.00785000 7.25738000
1.00795000 7.25909000
1.00805000 7.26082000
1.00815000 7.26252000
1.00825000 7.26424000
1.00835000 7.26596000
1.00845000 7.26766000
1.00855000 7.26938000
1.00865000 7.27110000
1.00875000 7.27280000
1.00885000 7.27452000
1.00895000 7.27622000
1.00905000 7.27794000
1.00915000 7.27965000
1.00925000 7.28135000
1.00935000 7.28307000
1.00945000 7.28477000
1.00955000 7.28648000
1.00965000 7.28819000
1.00975000 7.28989000
1.00985000 7.29160000
1.00995000 7.25892000
1.01005000 7.26062000
1.01015000 7.26233000
1.01025000 7.26405000
1.01035000 7.26575000
1.01045000 7.26746000
1.01055000 7.26917000
1.01065000 7.27088000
1.01075000 7.27258000
1.01085000 7.27429000
1.01095000 7.27599000
1.01105000 7.27770000
1.01115000 7.27941000
1.01125000 7.28110000
1.01135000 7.28282000
1.01145000 7.28451000
1.01155000 7.28622000
1.01165000 7.28792000
1.01175000 7.28962000
1.01185000 7.29132000
1.01195000 7.29302000
1.01205000 7.29472000
1.01215000 7.26212000
1.01225000 7.26383000
1.01235000 7.26553000
1.01245000 7.26723000
1.01255000 7.26894000
1.01265000 7.27063000
1.01275000 7.27234000
1.01285000 7.27404000
1.01295000 7.27574000
1.01305000 7.27744000
1.01315000 7.27914000
1.01325000 7.28084000
1.01335000 7.28254000
1.01345000 7.28423000
1.01355000 7.28593000
1.01365000 7.28763000
1.01375000 7.28933000
1.01385000 7.29102000
1.01395000 7.29271000
1.01405000 7.29441000
1.01415000 7.29611000
1.01425000 7.26358000
1.01435000 7.26529000
1.01445000 7.26698000
1.01455000 7.26868000
1.01465000 7.27037000
1.01475000 7.27208000
1.01485000 7.27377000
1.01495000 7.27546000
1.01505000 7.27716000
1.01515000 7.27885000
1.01525000 7.28055000
1.01535000 7.28224000
1.01545000 7.28393000
1.01555000 7.28562000
1.01565000 7.28732000
1.01575000 7.28901000
1.01585000 7.29069000
1.01595000 7.29239000
1.01605000 7.29408000
1.01615000 7.29576000
1.01625000 7.29746000
1.01635000 7.26501000
1.01645000 7.26671000
1.01655000 7.26840000
1.01665000 7.27009000
1.01675000 7.27179000
1.01685000 7.27347000
1.01695000 7.27517000
1.01705000 7.27685000
1.01715000 7.27854000
1.01725000 7.28024000
1.01735000 7.28192000
1.01745000 7.28360000
1.01755000 7.28530000
1.01765000 7.28698000
1.01775000 7.28866000
1.01785000 7.29035000
1.01795000 7.29204000
1.01805000 7.29372000
1.01815000 7.29540000
1.01825000 7.29709000
1.01835000 7.29877000
1.01845000 7.26641000
1.01855000 7.26810000
1.01865000 7.26979000
1.01875000 7.27147000
1.01885000 7.27316000
1.01895000 7.27484000
1.01905000 7.27652000
1.01915000 7.27821000
1.01925000 7.27990000
1.01935000 7.28157000
1.01945000 7.28326000
1.01955000 7.28494000
1.01965000 7.28662000
1.01975000 7.28830000
1.01985000 7.28999000
1.01995000 7.29166000
1.02005000 7.29334000
1.02015000 7.29502000
1.02025000 7.29669000
1.02035000 7.29838000
1.02045000 7.30005000
1.02055000 7.26777000
1.02065000 7.26946000
1.02075000 7.27113000
1.02085000 7.27282000
1.02095000 7.27450000
1.02105000 7.27617000
1.02115000 7.27785000
1.02125000 7.27954000
1.02135000 7.28121000
1.02145000 7.28288000
1.02155000 7.28456000
1.02165000 7.28624000
1.02175000 7.28792000
1.02185000 7.28958000
1.02195000 7.29127000
1.02205000 7.29293000
1.02215000 7.29461000
1.02225000 7.29628000
1.02235000 7.29796000
1.02245000 7.29962000
1.02255000 7.30130000
1.02265000 7.26910000
1.02275000 7.27078000
1.02285000 7.27245000
1.02295000 7.27413000
1.02305000 7.27580000
1.02315000 7.27747000
1.02325000 7.27915000
1.02335000 7.28081000
1.02345000 7.28249000
1.02355000 7.28416000
1.02365000 7.28583000
1.02375000 7.28751000
1.02385000 7.28917000
1.02395000 7.29084000
1.02405000 7.29250000
1.02415000 7.29418000
1.02425000 7.29584000
1.02435000 7.29751000
1.02445000 7.29918000
1.02455000 7.30084000
1.02465000 7.30251000
1.02475000 7.27039000
1.02485000 7.27206000
1.02495000 7.27374000
1.02505000 7.27540000
1.02515000 7.27707000
1.02525000 7.27873000
1.02535000 7.28040000
1.02545000 7.28207000
1.02555000 7.28374000
1.02565000 7.28540000
1.02575000 7.28706000
1.02585000 7.28873000
1.02595000 7.29039000
1.02605000 7.29206000
1.02615000 7.29372000
1.02625000 7.29538000
1.02635000 7.29704000
1.02645000 7.29870000
1.02655000 7.30036000
1.02665000 7.30202000
1.02675000 7.30368000
1.02685000 7.27165000
1.02695000 7.27332000
1.02705000 7.27497000
1.02715000 7.27664000
1.02725000 7.27830000
1.02735000 7.27996000
1.02745000 7.28163000
1.02755000 7.28328000
1.02765000 7.28494000
1.02775000 7.28661000
1.02785000 7.28826000
1.02795000 7.28992000
1.02805000 7.29158000
1.02815000 7.29323000
1.02825000 7.29489000
1.02835000 7.29655000
1.02845000 7.29820000
1.02855000 7.29986000
1.02865000 7.30151000
1.02875000 7.30317000
1.02885000 7.30482000
1.02895000 7.27287000
1.02905000 7.27452000
1.02915000 7.27619000
1.02925000 7.27784000
1.02935000 7.27949000
1.02945000 7.28116000
1.02955000 7.28280000
1.02965000 7.28447000
1.02975000 7.28611000
1.02985000 7.28777000
1.02995000 7.28942000
1.03005000 7.29108000
1.03015000 7.29272000
1.03025000 7.29438000
1.03035000 7.29603000
1.03045000 7.29768000
1.03055000 7.29932000
1.03065000 7.30098000
1.03075000 7.30263000
1.03085000 7.30427000
1.03095000 7.30592000
1.03105000 7.27405000
1.03115000 7.27570000
1.03125000 7.27736000
1.03135000 7.27900000
1.03145000 7.28066000
1.03155000 7.28231000
1.03165000 7.28395000
1.03175000 7.28560000
1.03185000 7.28725000
1.03195000 7.28890000
1.03205000 7.29055000
1.03215000 7.29219000
1.03225000 7.29384000
1.03235000 7.29548000
1.03245000 7.29713000
1.03255000 7.29877000
1.03265000 7.30041000
1.03275000 7.30206000
1.03285000 7.30370000
1.03295000 7.30535000
1.03305000 7.30698000
1.03315000 7.27520000
1.03325000 7.27684000
1.03335000 7.27849000
1.03345000 7.28013000
1.03355000 7.28178000
1.03365000 7.28342000
1.03375000 7.28506000
1.03385000 7.28671000
1.03395000 7.28835000
1.03405000 7.28999000
1.03415000 7.29163000
1.03425000 7.29327000
1.03435000 7.29491000
1.03445000 7.29655000
1.03455000 7.29819000
1.03465000 7.29983000
1.03475000 7.30146000
1.03485000 7.30310000
1.03495000 7.30474000
1.03505000 7.30638000
1.03515000 7.27466000
1.03525000 7.27631000
1.03535000 7.27794000
1.03545000 7.27958000
1.03555000 7.28123000
1.03565000 7.28286000
1.03575000 7.28450000
1.03585000 7.28613000
1.03595000 7.28777000
1.03605000 7.28941000
1.03615000 7.29105000
1.03625000 7.29267000
1.03635000 7.29432000
1.03645000 7.29594000
1.03655000 7.29758000
1.03665000 7.29922000
1.03675000 7.30084000
1.03685000 7.30248000
1.03695000 7.30411000
1.03705000 7.30573000
1.03715000 7.30737000
1.03725000 7.27574000
1.03735000 7.27738000
1.03745000 7.27900000
1.03755000 7.28064000
1.03765000 7.28228000
1.03775000 7.28390000
1.03785000 7.28554000
1.03795000 7.28717000
1.03805000 7.28880000
1.03815000 7.29043000
1.03825000 7.29206000
1.03835000 7.29368000
1.03845000 7.29532000
1.03855000 7.29694000
1.03865000 7.29857000
1.03875000 7.30020000
1.03885000 7.30183000
1.03895000 7.30345000
1.03905000 7.30507000
1.03915000 7.30670000
1.03925000 7.30832000
1.03935000 7.27678000
1.03945000 7.27840000
1.03955000 7.28003000
1.03965000 7.28166000
1.03975000 7.28329000
1.03985000 7.28491000
1.03995000 7.28654000
1.04005000 7.28816000
1.04015000 7.28979000
1.04025000 7.29141000
1.04035000 7.29304000
1.04045000 7.29465000
1.04055000 7.29628000
1.04065000 7.29791000
1.04075000 7.29952000
1.04085000 7.30114000
1.04095000 7.30277000
1.04105000 7.30438000
1.04115000 7.30600000
1.04125000 7.30762000
1.04135000 7.27615000
1.04145000 7.27777000
1.04155000 7.27940000
1.04165000 7.28102000
1.04175000 7.28264000
1.04185000 7.28426000
1.04195000 7.28587000
1.04205000 7.28750000
1.04215000 7.28912000
1.04225000 7.29074000
1.04235000 7.29235000
1.04245000 7.29397000
1.04255000 7.29559000
1.04265000 7.29720000
1.04275000 7.29882000
1.04285000 7.30044000
1.04295000 7.30205000
1.04305000 7.30366000
1.04315000 7.30528000
1.04325000 7.30689000
1.04335000 7.30850000
1.04345000 7.27712000
1.04355000 7.27873000
1.04365000 7.28034000
1.04375000 7.28197000
1.04385000 7.28357000
1.04395000 7.28520000
1.04405000 7.28680000
1.04415000 7.28842000
1.04425000 7.29004000
1.04435000 7.29164000
1.04445000 7.29326000
1.04455000 7.29487000
1.04465000 7.29647000
1.04475000 7.29809000
1.04485000 7.29970000
1.04495000 7.30131000
1.04505000 7.30291000
1.04515000 7.30453000
1.04525000 7.30613000
1.04535000 7.30774000
1.04545000 7.27642000
1.04555000 7.27804000
1.04565000 7.27965000
1.04575000 7.28126000
1.04585000 7.28287000
1.04595000 7.28447000
1.04605000 7.28609000
1.04615000 7.28769000
1.04625000 7.28930000
1.04635000 7.29091000
1.04645000 7.29251000
1.04655000 7.29412000
1.04665000 7.29573000
1.04675000 7.29733000
1.04685000 7.29893000
1.04695000 7.30053000
1.04705000 7.30214000
1.04715000 7.30374000
1.04725000 7.30535000
1.04735000 7.30694000
1.04745000 7.30855000
1.04755000 7.27731000
1.04765000 7.27892000
1.04775000 7.28053000
1.04785000 7.28213000
1.04795000 7.28373000
1.04805000 7.28534000
1.04815000 7.28693000
1.04825000 7.28854000
1.04835000 7.29014000
1.04845000 7.29174000
1.04855000 7.29335000
1.04865000 7.29494000
1.04875000 7.29654000
1.04885000 7.29813000
1.04895000 7.29974000
1.04905000 7.30133000
1.04915000 7.30293000
1.04925000 7.30453000
1.04935000 7.30612000
1.04945000 7.30771000
1.04955000 7.27657000
1.04965000 7.27816000
1.04975000 7.27977000
1.04985000 7.28136000
1.04995000 7.28296000
1.05005000 7.28455000
1.05015000 7.28616000
1.05025000 7.28774000
1.05035000 7.28935000
1.05045000 7.29094000
1.05055000 7.29253000
1.05065000 7.29413000
1.05075000 7.29572000
1.05085000 7.29731000
1.05095000 7.29891000
1.05105000 7.30050000
1.05115000 7.30208000
1.05125000 7.30368000
1.05135000 7.30527000
1.05145000 7.30686000
1.05155000 7.30845000
1.05165000 7.27737000
1.05175000 7.27897000
1.05185000 7.28057000
1.05195000 7.28215000
1.05205000 7.28375000
1.05215000 7.28534000
1.05225000 7.28693000
1.05235000 7.28851000
1.05245000 7.29011000
1.05255000 7.29170000
1.05265000 7.29328000
1.05275000 7.29487000
1.05285000 7.29646000
1.05295000 7.29805000
1.05305000 7.29963000
1.05315000 7.30122000
1.05325000 7.30280000
1.05335000 7.30439000
1.05345000 7.30597000
1.05355000 7.30755000
1.05365000 7.27656000
1.05375000 7.27815000
1.05385000 7.27973000
1.05395000 7.28132000
1.05405000 7.28291000
1.05415000 7.28450000
1.05425000 7.28607000
1.05435000 7.28766000
1.05445000 7.28925000
1.05455000 7.29083000
1.05465000 7.29241000
1.05475000 7.29399000
1.05485000 7.29558000
1.05495000 7.29715000
1.05505000 7.29874000
1.05515000 7.30031000
1.05525000 7.30190000
1.05535000 7.30347000
1.05545000 7.30505000
1.05555000 7.30663000
1.05565000 7.30820000
1.05575000 7.27730000
1.05585000 7.27888000
1.05595000 7.28045000
1.05605000 7.28204000
1.05615000 7.28362000
1.05625000 7.28520000
1.05635000 7.28677000
1.05645000 7.28835000
1.05655000 7.28993000
1.05665000 7.29151000
1.05675000 7.29308000
1.05685000 7.29466000
1.05695000 7.29624000
1.05705000 7.29781000
1.05715000 7.29938000
1.05725000 7.30095000
1.05735000 7.30253000
1.05745000 7.30410000
1.05755000 7.30568000
1.05765000 7.30724000
1.05775000 7.27641000
1.05785000 7.27799000
1.05795000 7.27956000
1.05805000 7.28114000
1.05815000 7.28271000
1.05825000 7.28428000
1.05835000 7.28586000
1.05845000 7.28743000
1.05855000 7.28900000
1.05865000 7.29057000
1.05875000 7.29214000
1.05885000 7.29372000
1.05895000 7.29528000
1.05905000 7.29685000
1.05915000 7.29842000
1.05925000 7.29998000
1.05935000 7.30156000
1.05945000 7.30312000
1.05955000 7.30468000
1.05965000 7.30625000
1.05975000 7.27550000
1.05985000 7.27707000
1.05995000 7.27863000
1.06005000 7.28021000
1.06015000 7.28177000
1.06025000 7.28334000
1.06035000 7.28491000
1.06045000 7.28647000
1.06055000 7.28804000
1.06065000 7.28961000
1.06075000 7.29117000
1.06085000 7.29273000
1.06095000 7.29430000
1.06105000 7.29586000
1.06115000 7.29742000
1.06125000 7.29899000
1.06135000 7.30055000
1.06145000 7.30210000
1.06155000 7.30367000
1.06165000 7.30523000
1.06175000 7.30678000
1.06185000 7.27612000
1.06195000 7.27768000
1.06205000 7.27924000
1.06215000 7.28080000
1.06225000 7.28236000
1.06235000 7.28393000
1.06245000 7.28549000
1.06255000 7.28705000
1.06265000 7.28860000
1.06275000 7.29017000
1.06285000 7.29172000
1.06295000 7.29328000
1.06305000 7.29484000
1.06315000 7.29640000
1.06325000 7.29795000
1.06335000 7.29951000
1.06345000 7.30106000
1.06355000 7.30262000
1.06365000 7.30417000
1.06375000 7.30572000
1.06385000 7.27513000
1.06395000 7.27669000
1.06405000 7.27824000
1.06415000 7.27980000
1.06425000 7.28136000
1.06435000 7.28291000
1.06445000 7.28447000
1.06455000 7.28602000
1.06465000 7.28758000
1.06475000 7.28913000
1.06485000 7.29068000
1.06495000 7.29223000
1.06505000 7.29379000
1.06515000 7.29533000
1.06525000 7.29689000
1.06535000 7.29844000
1.06545000 7.29998000
1.06555000 7.30154000
1.06565000 7.30308000
1.06575000 7.30463000
1.06585000 7.27411000
1.06595000 7.27566000
1.06605000 7.27722000
1.06615000 7.27877000
1.06625000 7.28032000
1.06635000 7.28186000
1.06645000 7.28342000
1.06655000 7.28496000
1.06665000 7.28651000
1.06675000 7.28806000
1.06685000 7.28961000
1.06695000 7.29115000
1.06705000 7.29270000
1.06715000 7.29424000
1.06725000 7.29579000
1.06735000 7.29733000
1.06745000 7.29888000
1.06755000 7.30042000
1.06765000 7.30196000
1.06775000 7.30350000
1.06785000 7.27306000
1.06795000 7.27461000
1.06805000 7.27616000
1.06815000 7.27770000
1.06825000 7.27924000
1.06835000 7.28079000
1.06845000 7.28233000
1.06855000 7.28387000
1.06865000 7.28542000
1.06875000 7.28696000
1.06885000 7.28849000
1.06895000 7.29004000
1.06905000 7.29158000
1.06915000 7.29312000
1.06925000 7.29465000
1.06935000 7.29620000
1.06945000 7.29773000
1.06955000 7.29927000
1.06965000 7.30080000
1.06975000 7.30234000
1.06985000 7.27198000
1.06995000 7.27353000
1.07005000 7.27506000
1.07015000 7.27659000
1.07025000 7.27814000
1.07035000 7.27968000
1.07045000 7.28121000
1.07055000 7.28275000
1.07065000 7.28429000
1.07075000 7.28582000
1.07085000 7.28735000
1.07095000 7.28890000
1.07105000 7.29042000
1.07115000 7.29196000
1.07125000 7.29349000
1.07135000 7.29502000
1.07145000 7.29656000
1.07155000 7.29808000
1.07165000 7.29962000
1.07175000 7.30115000
1.07185000 7.27086000
1.07195000 7.27240000
1.07205000 7.27393000
1.07215000 7.27546000
1.07225000 7.27700000
1.07235000 7.27853000
1.07245000 7.28006000
1.07255000 7.28159000
1.07265000 7.28313000
1.07275000 7.28465000
1.07285000 7.28618000
1.07295000 7.28771000
1.07305000 7.28924000
1.07315000 7.29076000
1.07325000 7.29229000
1.07335000 7.29382000
1.07345000 7.29534000
1.07355000 7.29687000
1.07365000 7.29840000
1.07375000 7.29991000
1.07385000 7.26972000
1.07395000 7.27124000
1.07405000 7.27277000
1.07415000 7.27429000
1.07425000 7.27583000
1.07435000 7.27735000
1.07445000 7.27887000
1.07455000 7.28040000
1.07465000 7.28193000
1.07475000 7.28344000
1.07485000 7.28498000
1.07495000 7.28649000
1.07505000 7.28802000
1.07515000 7.28953000
1.07525000 7.29106000
1.07535000 7.29258000
1.07545000 7.29410000
1.07555000 7.29562000
1.07565000 7.29713000
1.07575000 7.29866000
1.07585000 7.26852000
1.07595000 7.27006000
1.07605000 7.27157000
1.07615000 7.27309000
1.07625000 7.27462000
1.07635000 7.27613000
1.07645000 7.27766000
1.07655000 7.27917000
1.07665000 7.28069000
1.07675000 7.28221000
1.07685000 7.28373000
1.07695000 7.28524000
1.07705000 7.28676000
1.07715000 7.28828000
1.07725000 7.28979000
1.07735000 7.29130000
1.07745000 7.29282000
1.07755000 7.29433000
1.07765000 7.29584000
1.07775000 7.29736000
1.07785000 7.26731000
1.07795000 7.26882000
1.07805000 7.27034000
1.07815000 7.27186000
1.07825000 7.27337000
1.07835000 7.27489000
1.07845000 7.27640000
1.07855000 7.27791000
1.07865000 7.27942000
1.07875000 7.28094000
1.07885000 7.28245000
1.07895000 7.28395000
1.07905000 7.28547000
1.07915000 7.28698000
1.07925000 7.28849000
1.07935000 7.28999000
1.07945000 7.29151000
1.07955000 7.29301000
1.07965000 7.29451000
1.07975000 7.29603000
1.07985000 7.26605000
1.07995000 7.26756000
1.08005000 7.26908000
1.08015000 7.27058000
1.08025000 7.27209000
1.08035000 7.27360000
1.08045000 7.27511000
1.08055000 7.27662000
1.08065000 7.27812000
1.08075000 7.27963000
1.08085000 7.28113000
1.08095000 7.28264000
1.08105000 7.28414000
1.08115000 7.28564000
1.08125000 7.28715000
1.08135000 7.28865000
1.08145000 7.29015000
1.08155000 7.29166000
1.08165000 7.29315000
1.08175000 7.29466000
1.08185000 7.26476000
1.08195000 7.26627000
1.08205000 7.26777000
1.08215000 7.26927000
1.08225000 7.27078000
1.08235000 7.27228000
1.08245000 7.27378000
1.08255000 7.27529000
1.08265000 7.27678000
1.08275000 7.27828000
1.08285000 7.27978000
1.08295000 7.28129000
1.08305000 7.28277000
1.08315000 7.28428000
1.08325000 7.28578000
1.08335000 7.28727000
1.08345000 7.28876000
1.08355000 7.29026000
1.08365000 7.29176000
1.08375000 7.29325000
1.08385000 7.26344000
1.08395000 7.26493000
1.08405000 7.26643000
1.08415000 7.26793000
1.08425000 7.26943000
1.08435000 7.27092000
1.08445000 7.27242000
1.08455000 7.27392000
1.08465000 7.27541000
1.08475000 7.27690000
1.08485000 7.27839000
1.08495000 7.27989000
1.08505000 7.28138000
1.08515000 7.28287000
1.08525000 7.28437000
1.08535000 7.28585000
1.08545000 7.28734000
1.08555000 7.28884000
1.08565000 7.29032000
1.08575000 7.29181000
1.08585000 7.26207000
1.08595000 7.26357000
1.08605000 7.26506000
1.08615000 7.26655000
1.08625000 7.26804000
1.08635000 7.26953000
1.08645000 7.27102000
1.08655000 7.27251000
1.08665000 7.27399000
1.08675000 7.27549000
1.08685000 7.27697000
1.08695000 7.27846000
1.08705000 7.27994000
1.08715000 7.28144000
1.08725000 7.28291000
1.08735000 7.28440000
1.08745000 7.28588000
1.08755000 7.28737000
1.08765000 7.28885000
1.08775000 7.25919000
1.08785000 7.26067000
1.08795000 7.26216000
1.08805000 7.26365000
1.08815000 7.26513000
1.08825000 7.26662000
1.08835000 7.26810000
1.08845000 7.26959000
1.08855000 7.27106000
1.08865000 7.27255000
1.08875000 7.27403000
1.08885000 7.27552000
1.08895000 7.27699000
1.08905000 7.27847000
1.08915000 7.27996000
1.08925000 7.28143000
1.08935000 7.28291000
1.08945000 7.28438000
1.08955000 7.28587000
1.08965000 7.28734000
1.08975000 7.25776000
1.08985000 7.25923000
1.08995000 7.26072000
1.09005000 7.26220000
1.09015000 7.26368000
1.09025000 7.26515000
1.09035000 7.26664000
1.09045000 7.26811000
1.09055000 7.26959000
1.09065000 7.27106000
1.09075000 7.27254000
1.09085000 7.27402000
1.09095000 7.27549000
1.09105000 7.27696000
1.09115000 7.27844000
1.09125000 7.27991000
1.09135000 7.28138000
1.09145000 7.28285000
1.09155000 7.28433000
1.09165000 7.28579000
1.09175000 7.25629000
1.09185000 7.25777000
1.09195000 7.25924000
1.09205000 7.26071000
1.09215000 7.26218000
1.09225000 7.26366000
1.09235000 7.26513000
1.09245000 7.26660000
1.09255000 7.26807000
1.09265000 7.26955000
1.09275000 7.27101000
1.09285000 7.27248000
1.09295000 7.27395000
1.09305000 7.27541000
1.09315000 7.27689000
1.09325000 7.27835000
1.09335000 7.27981000
1.09345000 7.28128000
1.09355000 7.28275000
1.09365000 7.25332000
1.09375000 7.25478000
1.09385000 7.25625000
1.09395000 7.25773000
1.09405000 7.25918000
1.09415000 7.26066000
1.09425000 7.26212000
1.09435000 7.26359000
1.09445000 7.26505000
1.09455000 7.26652000
1.09465000 7.26798000
1.09475000 7.26944000
1.09485000 7.27091000
1.09495000 7.27237000
1.09505000 7.27383000
1.09515000 7.27530000
1.09525000 7.27675000
1.09535000 7.27821000
1.09545000 7.27967000
1.09555000 7.28113000
1.09565000 7.25178000
1.09575000 7.25324000
1.09585000 7.25471000
1.09595000 7.25616000
1.09605000 7.25763000
1.09615000 7.25909000
1.09625000 7.26054000
1.09635000 7.26201000
1.09645000 7.26347000
1.09655000 7.26492000
1.09665000 7.26638000
1.09675000 7.26784000
1.09685000 7.26930000
1.09695000 7.27075000
1.09705000 7.27221000
1.09715000 7.27366000
1.09725000 7.27512000
1.09735000 7.27657000
1.09745000 7.27802000
1.09755000 7.27948000
1.09765000 7.25020000
1.09775000 7.25166000
1.09785000 7.25311000
1.09795000 7.25457000
1.09805000 7.25603000
1.09815000 7.25748000
1.09825000 7.25894000
1.09835000 7.26038000
1.09845000 7.26185000
1.09855000 7.26329000
1.09865000 7.26474000
1.09875000 7.26620000
1.09885000 7.26764000
1.09895000 7.26910000
1.09905000 7.27055000
1.09915000 7.27199000
1.09925000 7.27344000
1.09935000 7.27489000
1.09945000 7.27634000
1.09955000 7.24713000
1.09965000 7.24859000
1.09975000 7.25004000
1.09985000 7.25149000
1.09995000 7.25294000
1.10005000 7.25438000
1.10015000 7.25584000
1.10025000 7.25728000
1.10035000 7.25873000
1.10045000 7.26018000
1.10055000 7.26162000
1.10065000 7.26307000
1.10075000 7.26451000
1.10085000 7.26596000
1.10095000 7.26740000
1.10105000 7.26884000
1.10115000 7.27029000
1.10125000 7.27172000
1.10135000 7.27317000
1.10145000 7.27461000
1.10155000 7.24549000
1.10165000 7.24694000
1.10175000 7.24837000
1.10185000 7.24983000
1.10195000 7.25126000
1.10205000 7.25271000
1.10215000 7.25415000
1.10225000 7.25559000
1.10235000 7.25703000
1.10245000 7.25848000
1.10255000 7.25991000
1.10265000 7.26135000
1.10275000 7.26279000
1.10285000 7.26423000
1.10295000 7.26566000
1.10305000 7.26711000
1.10315000 7.26854000
1.10325000 7.26997000
1.10335000 7.27141000
1.10345000 7.24236000
1.10355000 7.24380000
1.10365000 7.24524000
1.10375000 7.24668000
1.10385000 7.24812000
1.10395000 7.24955000
1.10405000 7.25099000
1.10415000 7.25242000
1.10425000 7.25387000
1.10435000 7.25529000
1.10445000 7.25673000
1.10455000 7.25816000
1.10465000 7.25960000
1.10475000 7.26103000
1.10485000 7.26246000
1.10495000 7.26389000
1.10505000 7.26532000
1.10515000 7.26675000
1.10525000 7.26818000
1.10535000 7.26961000
1.10545000 7.24064000
1.10555000 7.24208000
1.10565000 7.24350000
1.10575000 7.24494000
1.10585000 7.24637000
1.10595000 7.24780000
1.10605000 7.24923000
1.10615000 7.25066000
1.10625000 7.25209000
1.10635000 7.25352000
1.10645000 7.25495000
1.10655000 7.25637000
1.10665000 7.25780000
1.10675000 7.25923000
1.10685000 7.26065000
1.10695000 7.26207000
1.10705000 7.26350000
1.10715000 7.26493000
1.10725000 7.26634000
1.10735000 7.23746000
1.10745000 7.23888000
1.10755000 7.24030000
1.10765000 7.24174000
1.10775000 7.24315000
1.10785000 7.24459000
1.10795000 7.24601000
1.10805000 7.24743000
1.10815000 7.24885000
1.10825000 7.25028000
1.10835000 7.25170000
1.10845000 7.25312000
1.10855000 7.25455000
1.10865000 7.25596000
1.10875000 7.25738000
1.10885000 7.25880000
1.10895000 7.26022000
1.10905000 7.26164000
1.10915000 7.26306000
1.10925000 7.23423000
1.10935000 7.23566000
1.10945000 7.23708000
1.10955000 7.23850000
1.10965000 7.23991000
1.10975000 7.24134000
1.10985000 7.24276000
1.10995000 7.24417000
1.11005000 7.24560000
1.11015000 7.24700000
1.11025000 7.24843000
1.11035000 7.24984000
1.11045000 7.25126000
1.11055000 7.25267000
1.11065000 7.25409000
1.11075000 7.25549000
1.11085000 7.25692000
1.11095000 7.25832000
1.11105000 7.25974000
1.11115000 7.26114000
1.11125000 7.23241000
1.11135000 7.23382000
1.11145000 7.23523000
1.11155000 7.23665000
1.11165000 7.23806000
1.11175000 7.23948000
1.11185000 7.24089000
1.11195000 7.24230000
1.11205000 7.24371000
1.11215000 7.24512000
1.11225000 7.24653000
1.11235000 7.24795000
1.11245000 7.24935000
1.11255000 7.25076000
1.11265000 7.25216000
1.11275000 7.25358000
1.11285000 7.25498000
1.11295000 7.25638000
1.11305000 7.25779000
1.11315000 7.22913000
1.11325000 7.23053000
1.11335000 7.23194000
1.11345000 7.23335000
1.11355000 7.23476000
1.11365000 7.23617000
1.11375000 7.23757000
1.11385000 7.23898000
1.11395000 7.24038000
1.11405000 7.24179000
1.11415000 7.24320000
1.11425000 7.24459000
1.11435000 7.24600000
1.11445000 7.24741000
1.11455000 7.24880000
1.11465000 7.25021000
1.11475000 7.25161000
1.11485000 7.25300000
1.11495000 7.25441000
1.11505000 7.22581000
1.11515000 7.22722000
1.11525000 7.22862000
1.11535000 7.23002000
1.11545000 7.23143000
1.11555000 7.23282000
1.11565000 7.23423000
1.11575000 7.23563000
1.11585000 7.23702000
1.11595000 7.23843000
1.11605000 7.23983000
1.11615000 7.24122000
1.11625000 7.24262000
1.11635000 7.24402000
1.11645000 7.24541000
1.11655000 7.24681000
1.11665000 7.24820000
1.11675000 7.24960000
1.11685000 7.25099000
1.11695000 7.22247000
1.11705000 7.22387000
1.11715000 7.22527000
1.11725000 7.22667000
1.11735000 7.22806000
1.11745000 7.22945000
1.11755000 7.23086000
1.11765000 7.23224000
1.11775000 7.23364000
1.11785000 7.23504000
1.11795000 7.23642000
1.11805000 7.23782000
1.11815000 7.23921000
1.11825000 7.24060000
1.11835000 7.24199000
1.11845000 7.24338000
1.11855000 7.24478000
1.11865000 7.24615000
1.11875000 7.24755000
1.11885000 7.24894000
1.11895000 7.22049000
1.11905000 7.22188000
1.11915000 7.22328000
1.11925000 7.22467000
1.11935000 7.22605000
1.11945000 7.22745000
1.11955000 7.22884000
1.11965000 7.23022000
1.11975000 7.23161000
1.11985000 7.23300000
1.11995000 7.23438000
1.12005000 7.23577000
1.12015000 7.23716000
1.12025000 7.23853000
1.12035000 7.23993000
1.12045000 7.24130000
1.12055000 7.24269000
1.12065000 7.24408000
1.12075000 7.24545000
1.12085000 7.21709000
1.12095000 7.21847000
1.12105000 7.21986000
1.12115000 7.22124000
1.12125000 7.22262000
1.12135000 7.22401000
1.12145000 7.22540000
1.12155000 7.22677000
1.12165000 7.22816000
1.12175000 7.22954000
1.12185000 7.23092000
1.12195000 7.23229000
1.12205000 7.23368000
1.12215000 7.23506000
1.12225000 7.23643000
1.12235000 7.23782000
1.12245000 7.23918000
1.12255000 7.24057000
1.12265000 7.24194000
1.12275000 7.21365000
1.12285000 7.21503000
1.12295000 7.21641000
1.12305000 7.21778000
1.12315000 7.21917000
1.12325000 7.22054000
1.12335000 7.22192000
1.12345000 7.22330000
1.12355000 7.22467000
1.12365000 7.22605000
1.12375000 7.22742000
1.12385000 7.22879000
1.12395000 7.23017000
1.12405000 7.23155000
1.12415000 7.23291000
1.12425000 7.23429000
1.12435000 7.23566000
1.12445000 7.23703000
1.12455000 7.23839000
1.12465000 7.21018000
1.12475000 7.21156000
1.12485000 7.21292000
1.12495000 7.21430000
1.12505000 7.21568000
1.12515000 7.21704000
1.12525000 7.21842000
1.12535000 7.21978000
1.12545000 7.22116000
1.12555000 7.22253000
1.12565000 7.22389000
1.12575000 7.22526000
1.12585000 7.22663000
1.12595000 7.22800000
1.12605000 7.22936000
1.12615000 7.23073000
1.12625000 7.23210000
1.12635000 7.23346000
1.12645000 7.23482000
1.12655000 7.20668000
1.12665000 7.20805000
1.12675000 7.20941000
1.12685000 7.21079000
1.12695000 7.21214000
1.12705000 7.21352000
1.12715000 7.21488000
1.12725000 7.21624000
1.12735000 7.21761000
1.12745000 7.21898000
1.12755000 7.22033000
1.12765000 7.22170000
1.12775000 7.22306000
1.12785000 7.22442000
1.12795000 7.22578000
1.12805000 7.22714000
1.12815000 7.22850000
1.12825000 7.22986000
1.12835000 7.23122000
1.12845000 7.20315000
1.12855000 7.20451000
1.12865000 7.20587000
1.12875000 7.20723000
1.12885000 7.20859000
1.12895000 7.20996000
1.12905000 7.21131000
1.12915000 7.21267000
1.12925000 7.21403000
1.12935000 7.21539000
1.12945000 7.21674000
1.12955000 7.21810000
1.12965000 7.21946000
1.12975000 7.22081000
1.12985000 7.22217000
1.12995000 7.22352000
1.13005000 7.22487000
1.13015000 7.22623000
1.13025000 7.22758000
1.13035000 7.19958000
1.13045000 7.20094000
1.13055000 7.20230000
1.13065000 7.20365000
1.13075000 7.20500000
1.13085000 7.20636000
1.13095000 7.20772000
1.13105000 7.20906000
1.13115000 7.21042000
1.13125000 7.21177000
1.13135000 7.21312000
1.13145000 7.21448000
1.13155000 7.21582000
1.13165000 7.21717000
1.13175000 7.21852000
1.13185000 7.21987000
1.13195000 7.22121000
1.13205000 7.22256000
1.13215000 7.22391000
1.13225000 7.19599000
1.13235000 7.19734000
1.13245000 7.19868000
1.13255000 7.20004000
1.13265000 7.20139000
1.13275000 7.20273000
1.13285000 7.20408000
1.13295000 7.20543000
1.13305000 7.20678000
1.13315000 7.20812000
1.13325000 7.20946000
1.13335000 7.21081000
1.13345000 7.21216000
1.13355000 7.21350000
1.13365000 7.21484000
1.13375000 7.21618000
1.13385000 7.21752000
1.13395000 7.21887000
1.13405000 7.22020000
1.13415000 7.19236000
1.13425000 7.19370000
1.13435000 7.19505000
1.13445000 7.19639000
1.13455000 7.19773000
1.13465000 7.19908000
1.13475000 7.20042000
1.13485000 7.20175000
1.13495000 7.20310000
1.13505000 7.20444000
1.13515000 7.20578000
1.13525000 7.20712000
1.13535000 7.20845000
1.13545000 7.20979000
1.13555000 7.21113000
1.13565000 7.21246000
1.13575000 7.21380000
1.13585000 7.21514000
1.13595000 7.21647000
1.13605000 7.18870000
1.13615000 7.19003000
1.13625000 7.19137000
1.13635000 7.19272000
1.13645000 7.19404000
1.13655000 7.19539000
1.13665000 7.19672000
1.13675000 7.19805000
1.13685000 7.19939000
1.13695000 7.20072000
1.13705000 7.20206000
1.13715000 7.20339000
1.13725000 7.20472000
1.13735000 7.20605000
1.13745000 7.20739000
1.13755000 7.20871000
1.13765000 7.21004000
1.13775000 7.21137000
1.13785000 7.21270000
1.13795000 7.18501000
1.13805000 7.18633000
1.13815000 7.18767000
1.13825000 7.18900000
1.13835000 7.19032000
1.13845000 7.19166000
1.13855000 7.19299000
1.13865000 7.19432000
1.13875000 7.19565000
1.13885000 7.19697000
1.13895000 7.19830000
1.13905000 7.19963000
1.13915000 7.20096000
1.13925000 7.20228000
1.13935000 7.20360000
1.13945000 7.20493000
1.13955000 7.20625000
1.13965000 7.20758000
1.13975000 7.20890000
1.13985000 7.18127000
1.13995000 7.18260000
1.14005000 7.18393000
1.14015000 7.18525000
1.14025000 7.18657000
1.14035000 7.18791000
1.14045000 7.18922000
1.14055000 7.19055000
1.14065000 7.19187000
1.14075000 7.19319000
1.14085000 7.19451000
1.14095000 7.19584000
1.14105000 7.19715000
1.14115000 7.19848000
1.14125000 7.19979000
1.14135000 7.20111000
1.14145000 7.20243000
1.14155000 7.20374000
1.14165000 7.20507000
1.14175000 7.17751000
1.14185000 7.17883000
1.14195000 7.18015000
1.14205000 7.18147000
1.14215000 7.18280000
1.14225000 7.18410000
1.14235000 7.18543000
1.14245000 7.18675000
1.14255000 7.18806000
1.14265000 7.18937000
1.14275000 7.19069000
1.14285000 7.19201000
1.14295000 7.19332000
1.14305000 7.19463000
1.14315000 7.19595000
1.14325000 7.19726000
1.14335000 7.19857000
1.14345000 7.19988000
1.14355000 7.17240000
1.14365000 7.17372000
1.14375000 7.17503000
1.14385000 7.17634000
1.14395000 7.17766000
1.14405000 7.17897000
1.14415000 7.18028000
1.14425000 7.18160000
1.14435000 7.18290000
1.14445000 7.18422000
1.14455000 7.18553000
1.14465000 7.18683000
1.14475000 7.18815000
1.14485000 7.18945000
1.14495000 7.19076000
1.14505000 7.19206000
1.14515000 7.19337000
1.14525000 7.19468000
1.14535000 7.19599000
1.14545000 7.16857000
1.14555000 7.16989000
1.14565000 7.17119000
1.14575000 7.17250000
1.14585000 7.17381000
1.14595000 7.17512000
1.14605000 7.17642000
1.14615000 7.17773000
1.14625000 7.17903000
1.14635000 7.18034000
1.14645000 7.18164000
1.14655000 7.18295000
1.14665000 7.18425000
1.14675000 7.18555000
1.14685000 7.18685000
1.14695000 7.18815000
1.14705000 7.18945000
1.14715000 7.19075000
1.14725000 7.19205000
1.14735000 7.16472000
1.14745000 7.16602000
1.14755000 7.16732000
1.14765000 7.16863000
1.14775000 7.16992000
1.14785000 7.17123000
1.14795000 7.17253000
1.14805000 7.17383000
1.14815000 7.17512000
1.14825000 7.17643000
1.14835000 7.17772000
1.14845000 7.17902000
1.14855000 7.18031000
1.14865000 7.18162000
1.14875000 7.18290000
1.14885000 7.18420000
1.14895000 7.18550000
1.14905000 7.18679000
1.14915000 7.18808000
1.14925000 7.16082000
1.14935000 7.16213000
1.14945000 7.16341000
1.14955000 7.16472000
1.14965000 7.16601000
1.14975000 7.16730000
1.14985000 7.16860000
1.14995000 7.16989000
1.15005000 7.17118000
1.15015000 7.17248000
1.15025000 7.17377000
1.15035000 7.17506000
1.15045000 7.17635000
1.15055000 7.17763000
1.15065000 7.17893000
1.15075000 7.18022000
1.15085000 7.18150000
1.15095000 7.18280000
1.15105000 7.15560000
1.15115000 7.15690000
1.15125000 7.15818000
1.15135000 7.15948000
1.15145000 7.16077000
1.15155000 7.16205000
1.15165000 7.16335000
1.15175000 7.16463000
1.15185000 7.16592000
1.15195000 7.16721000
1.15205000 7.16849000
1.15215000 7.16978000
1.15225000 7.17106000
1.15235000 7.17235000
1.15245000 7.17363000
1.15255000 7.17491000
1.15265000 7.17620000
1.15275000 7.17748000
1.15285000 7.17876000
1.15295000 7.15164000
1.15305000 7.15294000
1.15315000 7.15421000
1.15325000 7.15550000
1.15335000 7.15679000
1.15345000 7.15807000
1.15355000 7.15935000
1.15365000 7.16063000
1.15375000 7.16191000
1.15385000 7.16320000
1.15395000 7.16447000
1.15405000 7.16575000
1.15415000 7.16703000
1.15425000 7.16831000
1.15435000 7.16959000
1.15445000 7.17087000
1.15455000 7.17214000
1.15465000 7.17341000
1.15475000 7.17470000
1.15485000 7.14765000
1.15495000 7.14893000
1.15505000 7.15021000
1.15515000 7.15149000
1.15525000 7.15277000
1.15535000 7.15404000
1.15545000 7.15532000
1.15555000 7.15660000
1.15565000 7.15787000
1.15575000 7.15914000
1.15585000 7.16042000
1.15595000 7.16169000
1.15605000 7.16297000
1.15615000 7.16423000
1.15625000 7.16551000
1.15635000 7.16678000
1.15645000 7.16805000
1.15655000 7.16932000
1.15665000 7.14235000
1.15675000 7.14362000
1.15685000 7.14490000
1.15695000 7.14617000
1.15705000 7.14744000
1.15715000 7.14871000
1.15725000 7.14998000
1.15735000 7.15126000
1.15745000 7.15252000
1.15755000 7.15379000
1.15765000 7.15506000
1.15775000 7.15633000
1.15785000 7.15760000
1.15795000 7.15886000
1.15805000 7.16013000
1.15815000 7.16139000
1.15825000 7.16266000
1.15835000 7.16392000
1.15845000 7.16518000
1.15855000 7.13829000
1.15865000 7.13956000
1.15875000 7.14082000
1.15885000 7.14210000
1.15895000 7.14335000
1.15905000 7.14462000
1.15915000 7.14589000
1.15925000 7.14715000
1.15935000 7.14842000
1.15945000 7.14967000
1.15955000 7.15094000
1.15965000 7.15220000
1.15975000 7.15346000
1.15985000 7.15473000
1.15995000 7.15598000
1.16005000 7.15724000
1.16015000 7.15850000
1.16025000 7.15975000
1.16035000 7.13294000
1.16045000 7.13419000
1.16055000 7.13546000
1.16065000 7.13671000
1.16075000 7.13798000
1.16085000 7.13924000
1.16095000 7.14049000
1.16105000 7.14176000
1.16115000 7.14301000
1.16125000 7.14427000
1.16135000 7.14552000
1.16145000 7.14678000
1.16155000 7.14804000
1.16165000 7.14929000
1.16175000 7.15055000
1.16185000 7.15180000
1.16195000 7.15305000
1.16205000 7.15430000
1.16215000 7.15556000
1.16225000 7.12880000
1.16235000 7.13006000
1.16245000 7.13132000
1.16255000 7.13257000
1.16265000 7.13383000
1.16275000 7.13508000
1.16285000 7.13633000
1.16295000 7.13758000
1.16305000 7.13884000
1.16315000 7.14008000
1.16325000 7.14134000
1.16335000 7.14259000
1.16345000 7.14383000
1.16355000 7.14509000
1.16365000 7.14633000
1.16375000 7.14758000
1.16385000 7.14883000
1.16395000 7.15007000
1.16405000 7.12339000
1.16415000 7.12464000
1.16425000 7.12589000
1.16435000 7.12714000
1.16445000 7.12839000
1.16455000 7.12964000
1.16465000 7.13088000
1.16475000 7.13213000
1.16485000 7.13338000
1.16495000 7.13462000
1.16505000 7.13587000
1.16515000 7.13711000
1.16525000 7.13836000
1.16535000 7.13959000
1.16545000 7.14084000
1.16555000 7.14209000
1.16565000 7.14332000
1.16575000 7.14456000
1.16585000 7.14581000
1.16595000 7.11919000
1.16605000 7.12044000
1.16615000 7.12169000
1.16625000 7.12293000
1.16635000 7.12416000
1.16645000 7.12542000
1.16655000 7.12665000
1.16665000 7.12789000
1.16675000 7.12913000
1.16685000 7.13038000
1.16695000 7.13161000
1.16705000 7.13284000
1.16715000 7.13409000
1.16725000 7.13532000
1.16735000 7.13656000
1.16745000 7.13779000
1.16755000 7.13903000
1.16765000 7.14026000
1.16775000 7.11373000
1.16785000 7.11497000
1.16795000 7.11620000
1.16805000 7.11744000
1.16815000 7.11867000
1.16825000 7.11992000
1.16835000 7.12114000
1.16845000 7.12239000
1.16855000 7.12361000
1.16865000 7.12485000
1.16875000 7.12609000
1.16885000 7.12731000
1.16895000 7.12855000
1.16905000 7.12978000
1.16915000 7.13101000
1.16925000 7.13224000
1.16935000 7.13346000
1.16945000 7.13470000
1.16955000 7.10823000
1.16965000 7.10946000
1.16975000 7.11070000
1.16985000 7.11192000
1.16995000 7.11316000
1.17005000 7.11439000
1.17015000 7.11562000
1.17025000 7.11684000
1.17035000 7.11808000
1.17045000 7.11930000
1.17055000 7.12053000
1.17065000 7.12176000
1.17075000 7.12298000
1.17085000 7.12421000
1.17095000 7.12543000
1.17105000 7.12666000
1.17115000 7.12788000
1.17125000 7.12911000
1.17135000 7.13032000
1.17145000 7.10394000
1.17155000 7.10516000
1.17165000 7.10638000
1.17175000 7.10762000
1.17185000 7.10883000
1.17195000 7.11006000
1.17205000 7.11129000
1.17215000 7.11251000
1.17225000 7.11373000
1.17235000 7.11495000
1.17245000 7.11617000
1.17255000 7.11739000
1.17265000 7.11861000
1.17275000 7.11984000
1.17285000 7.12105000
1.17295000 7.12226000
1.17305000 7.12349000
1.17315000 7.12470000
1.17325000 7.09838000
1.17335000 7.09960000
1.17345000 7.10082000
1.17355000 7.10204000
1.17365000 7.10326000
1.17375000 7.10448000
1.17385000 7.10569000
1.17395000 7.10692000
1.17405000 7.10813000
1.17415000 7.10934000
1.17425000 7.11056000
1.17435000 7.11178000
1.17445000 7.11299000
1.17455000 7.11420000
1.17465000 7.11542000
1.17475000 7.11662000
1.17485000 7.11784000
1.17495000 7.11905000
1.17505000 7.09280000
1.17515000 7.09402000
1.17525000 7.09522000
1.17535000 7.09645000
1.17545000 7.09765000
1.17555000 7.09887000
1.17565000 7.10008000
1.17575000 7.10129000
1.17585000 7.10250000
1.17595000 7.10372000
1.17605000 7.10492000
1.17615000 7.10613000
1.17625000 7.10734000
1.17635000 7.10855000
1.17645000 7.10975000
1.17655000 7.11096000
1.17665000 7.11217000
1.17675000 7.11337000
1.17685000 7.11458000
1.17695000 7.08840000
1.17705000 7.08961000
1.17715000 7.09082000
1.17725000 7.09202000
1.17735000 7.09323000
1.17745000 7.09444000
1.17755000 7.09564000
1.17765000 7.09685000
1.17775000 7.09806000
1.17785000 7.09925000
1.17795000 7.10046000
1.17805000 7.10167000
1.17815000 7.10286000
1.17825000 7.10407000
1.17835000 7.10527000
1.17845000 7.10647000
1.17855000 7.10766000
1.17865000 7.10887000
1.17875000 7.08276000
1.17885000 7.08396000
1.17895000 7.08516000
1.17905000 7.08637000
1.17915000 7.08757000
1.17925000 7.08877000
1.17935000 7.08997000
1.17945000 7.09116000
1.17955000 7.09237000
1.17965000 7.09357000
1.17975000 7.09476000
1.17985000 7.09596000
1.17995000 7.09715000
1.18005000 7.09836000
1.18015000 7.09954000
1.18025000 7.10074000
1.18035000 7.10194000
1.18045000 7.10313000
1.18055000 7.07709000
1.18065000 7.07829000
1.18075000 7.07948000
1.18085000 7.08068000
1.18095000 7.08188000
1.18105000 7.08307000
1.18115000 7.08426000
1.18125000 7.08546000
1.18135000 7.08666000
1.18145000 7.08784000
1.18155000 7.08904000
1.18165000 7.09023000
1.18175000 7.09142000
1.18185000 7.09261000
1.18195000 7.09379000
1.18205000 7.09499000
1.18215000 7.09618000
1.18225000 7.09736000
1.18235000 7.07139000
1.18245000 7.07259000
1.18255000 7.07378000
1.18265000 7.07497000
1.18275000 7.07615000
1.18285000 7.07735000
1.18295000 7.07854000
1.18305000 7.07972000
1.18315000 7.08091000
1.18325000 7.08210000
1.18335000 7.08328000
1.18345000 7.08447000
1.18355000 7.08566000
1.18365000 7.08684000
1.18375000 7.08802000
1.18385000 7.08920000
1.18395000 7.09039000
1.18405000 7.09157000
1.18415000 7.06567000
1.18425000 7.06686000
1.18435000 7.06804000
1.18445000 7.06923000
1.18455000 7.07041000
1.18465000 7.07159000
1.18475000 7.07278000
1.18485000 7.07396000
1.18495000 7.07514000
1.18505000 7.07633000
1.18515000 7.07750000
1.18525000 7.07868000
1.18535000 7.07986000
1.18545000 7.08104000
1.18555000 7.08222000
1.18565000 7.08340000
1.18575000 7.08457000
1.18585000 7.08575000
1.18595000 7.08692000
1.18605000 7.06110000
1.18615000 7.06228000
1.18625000 7.06346000
1.18635000 7.06464000
1.18645000 7.06581000
1.18655000 7.06699000
1.18665000 7.06817000
1.18675000 7.06934000
1.18685000 7.07052000
1.18695000 7.07170000
1.18705000 7.07287000
1.18715000 7.07404000
1.18725000 7.07521000
1.18735000 7.07639000
1.18745000 7.07755000
1.18755000 7.07873000
1.18765000 7.07990000
1.18775000 7.08107000
1.18785000 7.05531000
1.18795000 7.05649000
1.18805000 7.05766000
1.18815000 7.05884000
1.18825000 7.06000000
1.18835000 7.06118000
1.18845000 7.06235000
1.18855000 7.06352000
1.18865000 7.06468000
1.18875000 7.06586000
1.18885000 7.06703000
1.18895000 7.06819000
1.18905000 7.06936000
1.18915000 7.07052000
1.18925000 7.07169000
1.18935000 7.07286000
1.18945000 7.07402000
1.18955000 7.07519000
1.18965000 7.04950000
1.18975000 7.05067000
1.18985000 7.05183000
1.18995000 7.05300000
1.19005000 7.05417000
1.19015000 7.05534000
1.19025000 7.05650000
1.19035000 7.05766000
1.19045000 7.05883000
1.19055000 7.05999000
1.19065000 7.06115000
1.19075000 7.06232000
1.19085000 7.06347000
1.19095000 7.06464000
1.19105000 7.06580000
1.19115000 7.06695000
1.19125000 7.06812000
1.19135000 7.06927000
1.19145000 7.04366000
1.19155000 7.04482000
1.19165000 7.04598000
1.19175000 7.04714000
1.19185000 7.04830000
1.19195000 7.04947000
1.19205000 7.05062000
1.19215000 7.05178000
1.19225000 7.05294000
1.19235000 7.05410000
1.19245000 7.05525000
1.19255000 7.05641000
1.19265000 7.05756000
1.19275000 7.05872000
1.19285000 7.05987000
1.19295000 7.06103000
1.19305000 7.06218000
1.19315000 7.06333000
1.19325000 7.03778000
1.19335000 7.03895000
1.19345000 7.04010000
1.19355000 7.04125000
1.19365000 7.04241000
1.19375000 7.04356000
1.19385000 7.04472000
1.19395000 7.04587000
1.19405000 7.04702000
1.19415000 7.04817000
1.19425000 7.04932000
1.19435000 7.05048000
1.19445000 7.05162000
1.19455000 7.05277000
1.19465000 7.05392000
1.19475000 7.05507000
1.19485000 7.05621000
1.19495000 7.05736000
1.19505000 7.03189000
1.19515000 7.03304000
1.19525000 7.03418000
1.19535000 7.03534000
1.19545000 7.03649000
1.19555000 7.03763000
1.19565000 7.03878000
1.19575000 7.03993000
1.19585000 7.04107000
1.19595000 7.04222000
1.19605000 7.04337000
1.19615000 7.04450000
1.19625000 7.04566000
1.19635000 7.04679000
1.19645000 7.04794000
1.19655000 7.04908000
1.19665000 7.05022000
1.19675000 7.05136000
1.19685000 7.02596000
1.19695000 7.02710000
1.19705000 7.02825000
1.19715000 7.02939000
1.19725000 7.03053000
1.19735000 7.03167000
1.19745000 7.03282000
1.19755000 7.03396000
1.19765000 7.03509000
1.19775000 7.03624000
1.19785000 7.03738000
1.19795000 7.03851000
1.19805000 7.03965000
1.19815000 7.04079000
1.19825000 7.04193000
1.19835000 7.04306000
1.19845000 7.04420000
1.19855000 7.04533000
1.19865000 7.02000000
1.19875000 7.02114000
1.19885000 7.02227000
1.19895000 7.02342000
1.19905000 7.02455000
1.19915000 7.02568000
1.19925000 7.02682000
1.19935000 7.02796000
1.19945000 7.02909000
1.19955000 7.03023000
1.19965000 7.03136000
1.19975000 7.03249000
1.19985000 7.03362000
1.19995000 7.03476000
1.20005000 7.03588000
1.20015000 7.03702000
1.20025000 7.03814000
1.20035000 7.03928000
1.20045000 7.01401000
1.20055000 7.01514000
1.20065000 7.01627000
1.20075000 7.01741000
1.20085000 7.01853000
1.20095000 7.01967000
1.20105000 7.02080000
1.20115000 7.02193000
1.20125000 7.02305000
1.20135000 7.02419000
1.20145000 7.02531000
1.20155000 7.02644000
1.20165000 7.02756000
1.20175000 7.02869000
1.20185000 7.02982000
1.20195000 7.03093000
1.20205000 7.03207000
1.20215000 7.00686000
1.20225000 7.00799000
1.20235000 7.00912000
1.20245000 7.01024000
1.20255000 7.01137000
1.20265000 7.01250000
1.20275000 7.01362000
1.20285000 7.01474000
1.20295000 7.01587000
1.20305000 7.01699000
1.20315000 7.01811000
1.20325000 7.01923000
1.20335000 7.02036000
1.20345000 7.02147000
1.20355000 7.02260000
1.20365000 7.02371000
1.20375000 7.02483000
1.20385000 7.02595000
1.20395000 7.00082000
1.20405000 7.00194000
1.20415000 7.00307000
1.20425000 7.00418000
1.20435000 7.00530000
1.20445000 7.00643000
1.20455000 7.00754000
1.20465000 7.00866000
1.20475000 7.00977000
1.20485000 7.01090000
1.20495000 7.01201000
1.20505000 7.01312000
1.20515000 7.01425000
1.20525000 7.01535000
1.20535000 7.01647000
1.20545000 7.01758000
1.20555000 7.01870000
1.20565000 7.01980000
1.20575000 6.99475000
1.20585000 6.99586000
1.20595000 6.99698000
1.20605000 6.99809000
1.20615000 6.99921000
1.20625000 7.00032000
1.20635000 7.00143000
1.20645000 7.00255000
1.20655000 7.00365000
1.20665000 7.00477000
1.20675000 7.00588000
1.20685000 7.00699000
1.20695000 7.00810000
1.20705000 7.00920000
1.20715000 7.01031000
1.20725000 7.01143000
1.20735000 7.01252000
1.20745000 7.01364000
1.20755000 6.98864000
1.20765000 6.98975000
1.20775000 6.99086000
1.20785000 6.99197000
1.20795000 6.99308000
1.20805000 6.99419000
1.20815000 6.99529000
1.20825000 6.99640000
1.20835000 6.99751000
1.20845000 6.99861000
1.20855000 6.99971000
1.20865000 7.00082000
1.20875000 7.00193000
1.20885000 7.00302000
1.20895000 7.00413000
1.20905000 7.00523000
1.20915000 7.00633000
1.20925000 7.00742000
1.20935000 6.98251000
1.20945000 6.98361000
1.20955000 6.98472000
1.20965000 6.98582000
1.20975000 6.98692000
1.20985000 6.98802000
1.20995000 6.98913000
1.21005000 6.99022000
1.21015000 6.99132000
1.21025000 6.99243000
1.21035000 6.99352000
1.21045000 6.99462000
1.21055000 6.99572000
1.21065000 6.99681000
1.21075000 6.99791000
1.21085000 6.99900000
1.21095000 7.00010000
1.21105000 6.97525000
1.21115000 6.97634000
1.21125000 6.97744000
1.21135000 6.97854000
1.21145000 6.97963000
1.21155000 6.98073000
1.21165000 6.98183000
1.21175000 6.98292000
1.21185000 6.98402000
1.21195000 6.98511000
1.21205000 6.98621000
1.21215000 6.98729000
1.21225000 6.98839000
1.21235000 6.98948000
1.21245000 6.99057000
1.21255000 6.99167000
1.21265000 6.99275000
1.21275000 6.99383000
1.21285000 6.96906000
1.21295000 6.97014000
1.21305000 6.97124000
1.21315000 6.97233000
1.21325000 6.97342000
1.21335000 6.97451000
1.21345000 6.97561000
1.21355000 6.97669000
1.21365000 6.97777000
1.21375000 6.97887000
1.21385000 6.97996000
1.21395000 6.98104000
1.21405000 6.98212000
1.21415000 6.98322000
1.21425000 6.98429000
1.21435000 6.98538000
1.21445000 6.98647000
1.21455000 6.98755000
1.21465000 6.96283000
1.21475000 6.96392000
1.21485000 6.96500000
1.21495000 6.96609000
1.21505000 6.96718000
1.21515000 6.96825000
1.21525000 6.96935000
1.21535000 6.97043000
1.21545000 6.97150000
1.21555000 6.97260000
1.21565000 6.97367000
1.21575000 6.97475000
1.21585000 6.97584000
1.21595000 6.97691000
1.21605000 6.97799000
1.21615000 6.97907000
1.21625000 6.98015000
1.21635000 6.95549000
1.21645000 6.95658000
1.21655000 6.95766000
1.21665000 6.95874000
1.21675000 6.95982000
1.21685000 6.96089000
1.21695000 6.96198000
1.21705000 6.96306000
1.21715000 6.96413000
1.21725000 6.96521000
1.21735000 6.96628000
1.21745000 6.96736000
1.21755000 6.96843000
1.21765000 6.96951000
1.21775000 6.97058000
1.21785000 6.97166000
1.21795000 6.97273000
1.21805000 6.97379000
1.21815000 6.94922000
1.21825000 6.95029000
1.21835000 6.95137000
1.21845000 6.95244000
1.21855000 6.95352000
1.21865000 6.95459000
1.21875000 6.95566000
1.21885000 6.95673000
1.21895000 6.95781000
1.21905000 6.95887000
1.21915000 6.95995000
1.21925000 6.96101000
1.21935000 6.96208000
1.21945000 6.96316000
1.21955000 6.96421000
1.21965000 6.96529000
1.21975000 6.96635000
1.21985000 6.96742000
1.21995000 6.94290000
1.22005000 6.94398000
1.22015000 6.94504000
1.22025000 6.94612000
1.22035000 6.94718000
1.22045000 6.94825000
1.22055000 6.94931000
1.22065000 6.95038000
1.22075000 6.95145000
1.22085000 6.95251000
1.22095000 6.95357000
1.22105000 6.95464000
1.22115000 6.95570000
1.22125000 6.95676000
1.22135000 6.95782000
1.22145000 6.95889000
1.22155000 6.95994000
1.22165000 6.93550000
1.22175000 6.93656000
1.22185000 6.93763000
1.22195000 6.93869000
1.22205000 6.93975000
1.22215000 6.94081000
1.22225000 6.94188000
1.22235000 6.94293000
1.22245000 6.94400000
1.22255000 6.94505000
1.22265000 6.94612000
1.22275000 6.94717000
1.22285000 6.94822000
1.22295000 6.94929000
1.22305000 6.95034000
1.22315000 6.95140000
1.22325000 6.95245000
1.22335000 6.95350000
1.22345000 6.92913000
1.22355000 6.93019000
1.22365000 6.93124000
1.22375000 6.93230000
1.22385000 6.93336000
1.22395000 6.93442000
1.22405000 6.93547000
1.22415000 6.93652000
1.22425000 6.93758000
1.22435000 6.93863000
1.22445000 6.93968000
1.22455000 6.94073000
1.22465000 6.94179000
1.22475000 6.94284000
1.22485000 6.94389000
1.22495000 6.94493000
1.22505000 6.94599000
1.22515000 6.92167000
1.22525000 6.92273000
1.22535000 6.92378000
1.22545000 6.92483000
1.22555000 6.92588000
1.22565000 6.92693000
1.22575000 6.92798000
1.22585000 6.92903000
1.22595000 6.93008000
1.22605000 6.93113000
1.22615000 6.93217000
1.22625000 6.93322000
1.22635000 6.93427000
1.22645000 6.93531000
1.22655000 6.93636000
1.22665000 6.93740000
1.22675000 6.93845000
1.22685000 6.93948000
1.22695000 6.91525000
1.22705000 6.91629000
1.22715000 6.91734000
1.22725000 6.91838000
1.22735000 6.91943000
1.22745000 6.92047000
1.22755000 6.92152000
1.22765000 6.92256000
1.22775000 6.92360000
1.22785000 6.92464000
1.22795000 6.92569000
1.22805000 6.92672000
1.22815000 6.92777000
1.22825000 6.92881000
1.22835000 6.92984000
1.22845000 6.93088000
1.22855000 6.93192000
1.22865000 6.90774000
1.22875000 6.90878000
1.22885000 6.90983000
1.22895000 6.91086000
1.22905000 6.91191000
1.22915000 6.91294000
1.22925000 6.91398000
1.22935000 6.91502000
1.22945000 6.91605000
1.22955000 6.91710000
1.22965000 6.91813000
1.22975000 6.91916000
1.22985000 6.92020000
1.22995000 6.92123000
1.23005000 6.92226000
1.23015000 6.92330000
1.23025000 6.92433000
1.23035000 6.92536000
1.23045000 6.90125000
1.23055000 6.90229000
1.23065000 6.90332000
1.23075000 6.90436000
1.23085000 6.90539000
1.23095000 6.90643000
1.23105000 6.90745000
1.23115000 6.90849000
1.23125000 6.90952000
1.23135000 6.91055000
1.23145000 6.91158000
1.23155000 6.91261000
1.23165000 6.91363000
1.23175000 6.91467000
1.23185000 6.91569000
1.23195000 6.91671000
1.23205000 6.91775000
1.23215000 6.89370000
1.23225000 6.89473000
1.23235000 6.89576000
1.23245000 6.89679000
1.23255000 6.89782000
1.23265000 6.89884000
1.23275000 6.89987000
1.23285000 6.90090000
1.23295000 6.90193000
1.23305000 6.90294000
1.23315000 6.90398000
1.23325000 6.90499000
1.23335000 6.90602000
1.23345000 6.90704000
1.23355000 6.90807000
1.23365000 6.90908000
1.23375000 6.91011000
1.23385000 6.91112000
1.23395000 6.88715000
1.23405000 6.88818000
1.23415000 6.88920000
1.23425000 6.89022000
1.23435000 6.89124000
1.23445000 6.89227000
1.23455000 6.89328000
1.23465000 6.89431000
1.23475000 6.89533000
1.23485000 6.89634000
1.23495000 6.89736000
1.23505000 6.89838000
1.23515000 6.89940000
1.23525000 6.90041000
1.23535000 6.90143000
1.23545000 6.90245000
1.23555000 6.90346000
1.23565000 6.87955000
1.23575000 6.88056000
1.23585000 6.88159000
1.23595000 6.88261000
1.23605000 6.88362000
1.23615000 6.88463000
1.23625000 6.88565000
1.23635000 6.88667000
1.23645000 6.88768000
1.23655000 6.88869000
1.23665000 6.88971000
1.23675000 6.89072000
1.23685000 6.89173000
1.23695000 6.89274000
1.23705000 6.89375000
1.23715000 6.89476000
1.23725000 6.89577000
1.23735000 6.87193000
1.23745000 6.87294000
1.23755000 6.87395000
1.23765000 6.87497000
1.23775000 6.87597000
1.23785000 6.87699000
1.23795000 6.87799000
1.23805000 6.87901000
1.23815000 6.88001000
1.23825000 6.88102000
1.23835000 6.88203000
1.23845000 6.88303000
1.23855000 6.88405000
1.23865000 6.88504000
1.23875000 6.88605000
1.23885000 6.88706000
1.23895000 6.88806000
1.23905000 6.88906000
1.23915000 6.86529000
1.23925000 6.86629000
1.23935000 6.86730000
1.23945000 6.86831000
1.23955000 6.86931000
1.23965000 6.87032000
1.23975000 6.87132000
1.23985000 6.87232000
1.23995000 6.87333000
1.24005000 6.87433000
1.24015000 6.87533000
1.24025000 6.87633000
1.24035000 6.87732000
1.24045000 6.87833000
1.24055000 6.87933000
1.24065000 6.88033000
1.24075000 6.88132000
1.24085000 6.85761000
1.24095000 6.85862000
1.24105000 6.85961000
1.24115000 6.86062000
1.24125000 6.86162000
1.24135000 6.86261000
1.24145000 6.86361000
1.24155000 6.86462000
1.24165000 6.86560000
1.24175000 6.86661000
1.24185000 6.86760000
1.24195000 6.86859000
1.24205000 6.86959000
1.24215000 6.87058000
1.24225000 6.87158000
1.24235000 6.87257000
1.24245000 6.87356000
1.24255000 6.84992000
1.24265000 6.85091000
1.24275000 6.85191000
1.24285000 6.85290000
1.24295000 6.85390000
1.24305000 6.85489000
1.24315000 6.85588000
1.24325000 6.85688000
1.24335000 6.85787000
1.24345000 6.85885000
1.24355000 6.85985000
1.24365000 6.86084000
1.24375000 6.86183000
1.24385000 6.86281000
1.24395000 6.86380000
1.24405000 6.86479000
1.24415000 6.86578000
1.24425000 6.86676000
1.24435000 6.84319000
1.24445000 6.84418000
1.24455000 6.84516000
1.24465000 6.84616000
1.24475000 6.84714000
1.24485000 6.84813000
1.24495000 6.84912000
1.24505000 6.85010000
1.24515000 6.85109000
1.24525000 6.85207000
1.24535000 6.85306000
1.24545000 6.85404000
1.24555000 6.85503000
1.24565000 6.85600000
1.24575000 6.85699000
1.24585000 6.85797000
1.24595000 6.85895000
1.24605000 6.83544000
1.24615000 6.83642000
1.24625000 6.83741000
1.24635000 6.83839000
1.24645000 6.83937000
1.24655000 6.84035000
1.24665000 6.84134000
1.24675000 6.84232000
1.24685000 6.84329000
1.24695000 6.84428000
1.24705000 6.84525000
1.24715000 6.84623000
1.24725000 6.84721000
1.24735000 6.84819000
1.24745000 6.84916000
1.24755000 6.85014000
1.24765000 6.85111000
1.24775000 6.82767000
1.24785000 6.82864000
1.24795000 6.82963000
1.24805000 6.83060000
1.24815000 6.83158000
1.24825000 6.83255000
1.24835000 6.83354000
1.24845000 6.83450000
1.24855000 6.83548000
1.24865000 6.83646000
1.24875000 6.83742000
1.24885000 6.83840000
1.24895000 6.83937000
1.24905000 6.84035000
1.24915000 6.84131000
1.24925000 6.84228000
1.24935000 6.84325000
1.24945000 6.81988000
1.24955000 6.82084000
1.24965000 6.82182000
1.24975000 6.82279000
1.24985000 6.82376000
1.24995000 6.82474000
1.25005000 6.82570000
1.25015000 6.82667000
1.25025000 6.82764000
1.25035000 6.82861000
1.25045000 6.82958000
1.25055000 6.83054000
1.25065000 6.83151000
1.25075000 6.83248000
1.25085000 6.83344000
1.25095000 6.83440000
1.25105000 6.83537000
1.25115000 6.83633000
1.25125000 6.81303000
1.25135000 6.81398000
1.25145000 6.81496000
1.25155000 6.81592000
1.25165000 6.81689000
1.25175000 6.81785000
1.25185000 6.81881000
1.25195000 6.81978000
1.25205000 6.82074000
1.25215000 6.82171000
1.25225000 6.82266000
1.25235000 6.82363000
1.25245000 6.82458000
1.25255000 6.82555000
1.25265000 6.82650000
1.25275000 6.82746000
1.25285000 6.82842000
1.25295000 6.80517000
1.25305000 6.80614000
1.25315000 6.80710000
1.25325000 6.80805000
1.25335000 6.80902000
1.25345000 6.80997000
1.25355000 6.81094000
1.25365000 6.81189000
1.25375000 6.81285000
1.25385000 6.81380000
1.25395000 6.81476000
1.25405000 6.81572000
1.25415000 6.81667000
1.25425000 6.81763000
1.25435000 6.81857000
1.25445000 6.81954000
1.25455000 6.82048000
1.25465000 6.79730000
1.25475000 6.79826000
1.25485000 6.79921000
1.25495000 6.80017000
1.25505000 6.80112000
1.25515000 6.80208000
1.25525000 6.80303000
1.25535000 6.80398000
1.25545000 6.80493000
1.25555000 6.80589000
1.25565000 6.80683000
1.25575000 6.80778000
1.25585000 6.80874000
1.25595000 6.80968000
1.25605000 6.81063000
1.25615000 6.81157000
1.25625000 6.81252000
1.25635000 6.78941000
1.25645000 6.79036000
1.25655000 6.79130000
1.25665000 6.79226000
1.25675000 6.79320000
1.25685000 6.79416000
1.25695000 6.79510000
1.25705000 6.79604000
1.25715000 6.79700000
1.25725000 6.79793000
1.25735000 6.79889000
1.25745000 6.79982000
1.25755000 6.80077000
1.25765000 6.80172000
1.25775000 6.80265000
1.25785000 6.80360000
1.25795000 6.80454000
1.25805000 6.78148000
1.25815000 6.78243000
1.25825000 6.78338000
1.25835000 6.78432000
1.25845000 6.78526000
1.25855000 6.78621000
1.25865000 6.78714000
1.25875000 6.78809000
1.25885000 6.78903000
1.25895000 6.78997000
1.25905000 6.79091000
1.25915000 6.79184000
1.25925000 6.79278000
1.25935000 6.79373000
1.25945000 6.79465000
1.25955000 6.79560000
1.25965000 6.79652000
1.25975000 6.77355000
1.25985000 6.77448000
1.25995000 6.77542000
1.26005000 6.77636000
1.26015000 6.77729000
1.26025000 6.77824000
1.26035000 6.77917000
1.26045000 6.78010000
1.26055000 6.78104000
1.26065000 6.78197000
1.26075000 6.78291000
1.26085000 6.78384000
1.26095000 6.78477000
1.26105000 6.78571000
1.26115000 6.78663000
1.26125000 6.78757000
1.26135000 6.78849000
1.26145000 6.76558000
1.26155000 6.76651000
1.26165000 6.76744000
1.26175000 6.76837000
1.26185000 6.76931000
1.26195000 6.77023000
1.26205000 6.77117000
1.26215000 6.77210000
1.26225000 6.77302000
1.26235000 6.77396000
1.26245000 6.77488000
1.26255000 6.77581000
1.26265000 6.77674000
1.26275000 6.77766000
1.26285000 6.77859000
1.26295000 6.77951000
1.26305000 6.78044000
1.26315000 6.75758000
1.26325000 6.75851000
1.26335000 6.75944000
1.26345000 6.76036000
1.26355000 6.76129000
1.26365000 6.76221000
1.26375000 6.76314000
1.26385000 6.76407000
1.26395000 6.76499000
1.26405000 6.76591000
1.26415000 6.76683000
1.26425000 6.76776000
1.26435000 6.76867000
1.26445000 6.76960000
1.26455000 6.77052000
1.26465000 6.77143000
1.26475000 6.77236000
1.26485000 6.74956000
1.26495000 6.75049000
1.26505000 6.75140000
1.26515000 6.75233000
1.26525000 6.75325000
1.26535000 6.75417000
1.26545000 6.75509000
1.26555000 6.75601000
1.26565000 6.75692000
1.26575000 6.75785000
1.26585000 6.75876000
1.26595000 6.75967000
1.26605000 6.76059000
1.26615000 6.76151000
1.26625000 6.76242000
1.26635000 6.76333000
1.26645000 6.76425000
1.26655000 6.74152000
1.26665000 6.74244000
1.26675000 6.74335000
1.26685000 6.74427000
1.26695000 6.74519000
1.26705000 6.74609000
1.26715000 6.74702000
1.26725000 6.74792000
1.26735000 6.74884000
1.26745000 6.74975000
1.26755000 6.75066000
1.26765000 6.75157000
1.26775000 6.75248000
1.26785000 6.75339000
1.26795000 6.75430000
1.26805000 6.75521000
1.26815000 6.75611000
1.26825000 6.73346000
1.26835000 6.73436000
1.26845000 6.73527000
1.26855000 6.73619000
1.26865000 6.73709000
1.26875000 6.73800000
1.26885000 6.73892000
1.26895000 6.73981000
1.26905000 6.74073000
1.26915000 6.74163000
1.26925000 6.74254000
1.26935000 6.74344000
1.26945000 6.74434000
1.26955000 6.74525000
1.26965000 6.74616000
1.26975000 6.74705000
1.26985000 6.74796000
1.26995000 6.72536000
1.27005000 6.72626000
1.27015000 6.72717000
1.27025000 6.72808000
1.27035000 6.72898000
1.27045000 6.72988000
1.27055000 6.73078000
1.27065000 6.73169000
1.27075000 6.73258000
1.27085000 6.73349000
1.27095000 6.73439000
1.27105000 6.73529000
1.27115000 6.73618000
1.27125000 6.73708000
1.27135000 6.73799000
1.27145000 6.73887000
1.27155000 6.73978000
1.27165000 6.71724000
1.27175000 6.71814000
1.27185000 6.71904000
1.27195000 6.71994000
1.27205000 6.72084000
1.27215000 6.72173000
1.27225000 6.72263000
1.27235000 6.72353000
1.27245000 6.72442000
1.27255000 6.72532000
1.27265000 6.72622000
1.27275000 6.72710000
1.27285000 6.72800000
1.27295000 6.72889000
1.27305000 6.72979000
1.27315000 6.73067000
1.27325000 6.73157000
1.27335000 6.70909000
1.27345000 6.71000000
1.27355000 6.71088000
1.27365000 6.71178000
1.27375000 6.71267000
1.27385000 6.71356000
1.27395000 6.71446000
1.27405000 6.71534000
1.27415000 6.71624000
1.27425000 6.71712000
1.27435000 6.71801000
1.27445000 6.71890000
1.27455000 6.71979000
1.27465000 6.72068000
1.27475000 6.72156000
1.27485000 6.72244000
1.27495000 6.72333000
1.27505000 6.70093000
1.27515000 6.70182000
1.27525000 6.70270000
1.27535000 6.70359000
1.27545000 6.70448000
1.27555000 6.70537000
1.27565000 6.70625000
1.27575000 6.70713000
1.27585000 6.70802000
1.27595000 6.70891000
1.27605000 6.70979000
1.27615000 6.71066000
1.27625000 6.71156000
1.27635000 6.71243000
1.27645000 6.71331000
1.27655000 6.71419000
1.27665000 6.69185000
1.27675000 6.69273000
1.27685000 6.69362000
1.27695000 6.69450000
1.27705000 6.69538000
1.27715000 6.69626000
1.27725000 6.69714000
1.27735000 6.69802000
1.27745000 6.69890000
1.27755000 6.69978000
1.27765000 6.70066000
1.27775000 6.70153000
1.27785000 6.70241000
1.27795000 6.70329000
1.27805000 6.70417000
1.27815000 6.70503000
1.27825000 6.70592000
1.27835000 6.68363000
1.27845000 6.68451000
1.27855000 6.68539000
1.27865000 6.68626000
1.27875000 6.68715000
1.27885000 6.68801000
1.27895000 6.68890000
1.27905000 6.68976000
1.27915000 6.69064000
1.27925000 6.69152000
1.27935000 6.69238000
1.27945000 6.69326000
1.27955000 6.69413000
1.27965000 6.69499000
1.27975000 6.69587000
1.27985000 6.69674000
1.27995000 6.69761000
1.28005000 6.67539000
1.28015000 6.67626000
1.28025000 6.67714000
1.28035000 6.67801000
1.28045000 6.67887000
1.28055000 6.67975000
1.28065000 6.68062000
1.28075000 6.68148000
1.28085000 6.68236000
1.28095000 6.68322000
1.28105000 6.68408000
1.28115000 6.68496000
1.28125000 6.68582000
1.28135000 6.68668000
1.28145000 6.68755000
1.28155000 6.68841000
1.28165000 6.68927000
1.28175000 6.66713000
1.28185000 6.66799000
1.28195000 6.66885000
1.28205000 6.66973000
1.28215000 6.67058000
1.28225000 6.67146000
1.28235000 6.67231000
1.28245000 6.67318000
1.28255000 6.67404000
1.28265000 6.67490000
1.28275000 6.67576000
1.28285000 6.67663000
1.28295000 6.67748000
1.28305000 6.67834000
1.28315000 6.67920000
1.28325000 6.68006000
1.28335000 6.68092000
1.28345000 6.65883000
1.28355000 6.65969000
1.28365000 6.66055000
1.28375000 6.66141000
1.28385000 6.66227000
1.28395000 6.66313000
1.28405000 6.66399000
1.28415000 6.66484000
1.28425000 6.66570000
1.28435000 6.66656000
1.28445000 6.66741000
1.28455000 6.66827000
1.28465000 6.66912000
1.28475000 6.66998000
1.28485000 6.67082000
1.28495000 6.67168000
1.28505000 6.64966000
1.28515000 6.65051000
1.28525000 6.65136000
1.28535000 6.65222000
1.28545000 6.65307000
1.28555000 6.65393000
1.28565000 6.65478000
1.28575000 6.65564000
1.28585000 6.65648000
1.28595000 6.65733000
1.28605000 6.65819000
1.28615000 6.65904000
1.28625000 6.65988000
1.28635000 6.66073000
1.28645000 6.66158000
1.28655000 6.66243000
1.28665000 6.66327000
1.28675000 6.64132000
1.28685000 6.64216000
1.28695000 6.64301000
1.28705000 6.64386000
1.28715000 6.64471000
1.28725000 6.64556000
1.28735000 6.64640000
1.28745000 6.64726000
1.28755000 6.64809000
1.28765000 6.64895000
1.28775000 6.64978000
1.28785000 6.65064000
1.28795000 6.65147000
1.28805000 6.65232000
1.28815000 6.65316000
1.28825000 6.65400000
1.28835000 6.65484000
1.28845000 6.63294000
1.28855000 6.63379000
1.28865000 6.63463000
1.28875000 6.63548000
1.28885000 6.63632000
1.28895000 6.63716000
1.28905000 6.63800000
1.28915000 6.63885000
1.28925000 6.63968000
1.28935000 6.64053000
1.28945000 6.64136000
1.28955000 6.64220000
1.28965000 6.64304000
1.28975000 6.64387000
1.28985000 6.64471000
1.28995000 6.64555000
1.29005000 6.62371000
1.29015000 6.62455000
1.29025000 6.62539000
1.29035000 6.62623000
1.29045000 6.62706000
1.29055000 6.62790000
1.29065000 6.62874000
1.29075000 6.62957000
1.29085000 6.63041000
1.29095000 6.63125000
1.29105000 6.63207000
1.29115000 6.63291000
1.29125000 6.63375000
1.29135000 6.63457000
1.29145000 6.63541000
1.29155000 6.63624000
1.29165000 6.63706000
1.29175000 6.61530000
1.29185000 6.61612000
1.29195000 6.61697000
1.29205000 6.61779000
1.29215000 6.61863000
1.29225000 6.61945000
1.29235000 6.62029000
1.29245000 6.62112000
1.29255000 6.62195000
1.29265000 6.62277000
1.29275000 6.62361000
1.29285000 6.62443000
1.29295000 6.62526000
1.29305000 6.62608000
1.29315000 6.62691000
1.29325000 6.62774000
1.29335000 6.62856000
1.29345000 6.60685000
1.29355000 6.60768000
1.29365000 6.60850000
1.29375000 6.60934000
1.29385000 6.61016000
1.29395000 6.61098000
1.29405000 6.61181000
1.29415000 6.61264000
1.29425000 6.61346000
1.29435000 6.61428000
1.29445000 6.61510000
1.29455000 6.61593000
1.29465000 6.61674000
1.29475000 6.61757000
1.29485000 6.61839000
1.29495000 6.61920000
1.29505000 6.59756000
1.29515000 6.59838000
1.29525000 6.59921000
1.29535000 6.60002000
1.29545000 6.60085000
1.29555000 6.60166000
1.29565000 6.60249000
1.29575000 6.60331000
1.29585000 6.60412000
1.29595000 6.60494000
1.29605000 6.60576000
1.29615000 6.60658000
1.29625000 6.60739000
1.29635000 6.60821000
1.29645000 6.60902000
1.29655000 6.60984000
1.29665000 6.61065000
1.29675000 6.58906000
1.29685000 6.58989000
1.29695000 6.59070000
1.29705000 6.59151000
1.29715000 6.59234000
1.29725000 6.59314000
1.29735000 6.59396000
1.29745000 6.59478000
1.29755000 6.59558000
1.29765000 6.59640000
1.29775000 6.59721000
1.29785000 6.59802000
1.29795000 6.59884000
1.29805000 6.59964000
1.29815000 6.60045000
1.29825000 6.60126000
1.29835000 6.57973000
1.29845000 6.58055000
1.29855000 6.58135000
1.29865000 6.58217000
1.29875000 6.58298000
1.29885000 6.58379000
1.29895000 6.58460000
1.29905000 6.58541000
1.29915000 6.58621000
1.29925000 6.58702000
1.29935000 6.58783000
1.29945000 6.58863000
1.29955000 6.58944000
1.29965000 6.59025000
1.29975000 6.59104000
1.29985000 6.59185000
1.29995000 6.59266000
1.30005000 6.57119000
1.30015000 6.57200000
1.30025000 6.57281000
1.30035000 6.57361000
1.30045000 6.57441000
1.30055000 6.57522000
1.30065000 6.57602000
1.30075000 6.57683000
1.30085000 6.57763000
1.30095000 6.57842000
1.30105000 6.57923000
1.30115000 6.58003000
1.30125000 6.58083000
1.30135000 6.58163000
1.30145000 6.58243000
1.30155000 6.58322000
1.30165000 6.56182000
1.30175000 6.56263000
1.30185000 6.56342000
1.30195000 6.56423000
1.30205000 6.56502000
1.30215000 6.56582000
1.30225000 6.56662000
1.30235000 6.56742000
1.30245000 6.56822000
1.30255000 6.56901000
1.30265000 6.56981000
1.30275000 6.57060000
1.30285000 6.57140000
1.30295000 6.57219000
1.30305000 6.57299000
1.30315000 6.57377000
1.30325000 6.57457000
1.30335000 6.55323000
1.30345000 6.55403000
1.30355000 6.55482000
1.30365000 6.55562000
1.30375000 6.55641000
1.30385000 6.55720000
1.30395000 6.55800000
1.30405000 6.55879000
1.30415000 6.55958000
1.30425000 6.56036000
1.30435000 6.56116000
1.30445000 6.56195000
1.30455000 6.56274000
1.30465000 6.56352000
1.30475000 6.56432000
1.30485000 6.56510000
1.30495000 6.54382000
1.30505000 6.54461000
1.30515000 6.54540000
1.30525000 6.54620000
1.30535000 6.54698000
1.30545000 6.54776000
1.30555000 6.54856000
1.30565000 6.54934000
1.30575000 6.55013000
1.30585000 6.55092000
1.30595000 6.55169000
1.30605000 6.55249000
1.30615000 6.55326000
1.30625000 6.55405000
1.30635000 6.55483000
1.30645000 6.55562000
1.30655000 6.55639000
1.30665000 6.53518000
1.30675000 6.53597000
1.30685000 6.53675000
1.30695000 6.53753000
1.30705000 6.53832000
1.30715000 6.53910000
1.30725000 6.53988000
1.30735000 6.54066000
1.30745000 6.54144000
1.30755000 6.54222000
1.30765000 6.54300000
1.30775000 6.54378000
1.30785000 6.54455000
1.30795000 6.54534000
1.30805000 6.54610000
1.30815000 6.54689000
1.30825000 6.52573000
1.30835000 6.52651000
1.30845000 6.52729000
1.30855000 6.52807000
1.30865000 6.52885000
1.30875000 6.52962000
1.30885000 6.53040000
1.30895000 6.53118000
1.30905000 6.53195000
1.30915000 6.53273000
1.30925000 6.53350000
1.30935000 6.53427000
1.30945000 6.53504000
1.30955000 6.53582000
1.30965000 6.53659000
1.30975000 6.53736000
1.30985000 6.53813000
1.30995000 6.51704000
1.31005000 6.51781000
1.31015000 6.51859000
1.31025000 6.51936000
1.31035000 6.52013000
1.31045000 6.52090000
1.31055000 6.52168000
1.31065000 6.52244000
1.31075000 6.52321000
1.31085000 6.52398000
1.31095000 6.52475000
1.31105000 6.52552000
1.31115000 6.52628000
1.31125000 6.52705000
1.31135000 6.52782000
1.31145000 6.52858000
1.31155000 6.50755000
1.31165000 6.50832000
1.31175000 6.50909000
1.31185000 6.50985000
1.31195000 6.51063000
1.31205000 6.51138000
1.31215000 6.51216000
1.31225000 6.51292000
1.31235000 6.51368000
1.31245000 6.51444000
1.31255000 6.51521000
1.31265000 6.51597000
1.31275000 6.51674000
1.31285000 6.51749000
1.31295000 6.51826000
1.31305000 6.51901000
1.31315000 6.49804000
1.31325000 6.49881000
1.31335000 6.49957000
1.31345000 6.50034000
1.31355000 6.50109000
1.31365000 6.50186000
1.31375000 6.50261000
1.31385000 6.50338000
1.31395000 6.50413000
1.31405000 6.50490000
1.31415000 6.50565000
1.31425000 6.50641000
1.31435000 6.50716000
1.31445000 6.50792000
1.31455000 6.50868000
1.31465000 6.50943000
1.31475000 6.51018000
1.31485000 6.48928000
1.31495000 6.49003000
1.31505000 6.49080000
1.31515000 6.49155000
1.31525000 6.49230000
1.31535000 6.49306000
1.31545000 6.49382000
1.31555000 6.49457000
1.31565000 6.49532000
1.31575000 6.49607000
1.31585000 6.49683000
1.31595000 6.49758000
1.31605000 6.49833000
1.31615000 6.49908000
1.31625000 6.49983000
1.31635000 6.50057000
1.31645000 6.47974000
1.31655000 6.48048000
1.31665000 6.48123000
1.31675000 6.48199000
1.31685000 6.48274000
1.31695000 6.48349000
1.31705000 6.48423000
1.31715000 6.48499000
1.31725000 6.48573000
1.31735000 6.48648000
1.31745000 6.48723000
1.31755000 6.48798000
1.31765000 6.48872000
1.31775000 6.48946000
1.31785000 6.49021000
1.31795000 6.49095000
1.31805000 6.47017000
1.31815000 6.47091000
1.31825000 6.47166000
1.31835000 6.47241000
1.31845000 6.47315000
1.31855000 6.47389000
1.31865000 6.47464000
1.31875000 6.47539000
1.31885000 6.47612000
1.31895000 6.47687000
1.31905000 6.47762000
1.31915000 6.47835000
1.31925000 6.47909000
1.31935000 6.47983000
1.31945000 6.48057000
1.31955000 6.48131000
1.31965000 6.48205000
1.31975000 6.46133000
1.31985000 6.46206000
1.31995000 6.46281000
1.32005000 6.46355000
1.32015000 6.46428000
1.32025000 6.46503000
1.32035000 6.46576000
1.32045000 6.46651000
1.32055000 6.46724000
1.32065000 6.46797000
1.32075000 6.46871000
1.32085000 6.46945000
1.32095000 6.47018000
1.32105000 6.47092000
1.32115000 6.47165000
1.32125000 6.47238000
1.32135000 6.45172000
1.32145000 6.45245000
1.32155000 6.45319000
1.32165000 6.45393000
1.32175000 6.45466000
1.32185000 6.45539000
1.32195000 6.45613000
1.32205000 6.45686000
1.32215000 6.45759000
1.32225000 6.45832000
1.32235000 6.45906000
1.32245000 6.45978000
1.32255000 6.46051000
1.32265000 6.46124000
1.32275000 6.46197000
1.32285000 6.46270000
1.32295000 6.44209000
1.32305000 6.44283000
1.32315000 6.44355000
1.32325000 6.44429000
1.32335000 6.44501000
1.32345000 6.44574000
1.32355000 6.44648000
1.32365000 6.44719000
1.32375000 6.44793000
1.32385000 6.44865000
1.32395000 6.44938000
1.32405000 6.45010000
1.32415000 6.45083000
1.32425000 6.45155000
1.32435000 6.45227000
1.32445000 6.45299000
1.32455000 6.43245000
1.32465000 6.43318000
1.32475000 6.43390000
1.32485000 6.43463000
1.32495000 6.43535000
1.32505000 6.43607000
1.32515000 6.43680000
1.32525000 6.43752000
1.32535000 6.43824000
1.32545000 6.43896000
1.32555000 6.43968000
1.32565000 6.44040000
1.32575000 6.44112000
1.32585000 6.44184000
1.32595000 6.44256000
1.32605000 6.44327000
1.32615000 6.42279000
1.32625000 6.42351000
1.32635000 6.42423000
1.32645000 6.42495000
1.32655000 6.42567000
1.32665000 6.42638000
1.32675000 6.42711000
1.32685000 6.42782000
1.32695000 6.42854000
1.32705000 6.42925000
1.32715000 6.42997000
1.32725000 6.43068000
1.32735000 6.43140000
1.32745000 6.43211000
1.32755000 6.43282000
1.32765000 6.43354000
1.32775000 6.43424000
1.32785000 6.41383000
1.32795000 6.41453000
1.32805000 6.41526000
1.32815000 6.41596000
1.32825000 6.41669000
1.32835000 6.41739000
1.32845000 6.41810000
1.32855000 6.41882000
1.32865000 6.41953000
1.32875000 6.42023000
1.32885000 6.42095000
1.32895000 6.42165000
1.32905000 6.42237000
1.32915000 6.42307000
1.32925000 6.42377000
1.32935000 6.42448000
1.32945000 6.40412000
1.32955000 6.40483000
1.32965000 6.40554000
1.32975000 6.40625000
1.32985000 6.40696000
1.32995000 6.40766000
1.33005000 6.40837000
1.33015000 6.40907000
1.33025000 6.40979000
1.33035000 6.41048000
1.33045000 6.41119000
1.33055000 6.41190000
1.33065000 6.41259000
1.33075000 6.41330000
1.33085000 6.41400000
1.33095000 6.41470000
1.33105000 6.39440000
1.33115000 6.39510000
1.33125000 6.39581000
1.33135000 6.39651000
1.33145000 6.39721000
1.33155000 6.39791000
1.33165000 6.39862000
1.33175000 6.39931000
1.33185000 6.40002000
1.33195000 6.40072000
1.33205000 6.40141000
1.33215000 6.40212000
1.33225000 6.40281000
1.33235000 6.40351000
1.33245000 6.40420000
1.33255000 6.40490000
1.33265000 6.38466000
1.33275000 6.38535000
1.33285000 6.38606000
1.33295000 6.38675000
1.33305000 6.38745000
1.33315000 6.38815000
1.33325000 6.38884000
1.33335000 6.38954000
1.33345000 6.39023000
1.33355000 6.39093000
1.33365000 6.39162000
1.33375000 6.39232000
1.33385000 6.39300000
1.33395000 6.39370000
1.33405000 6.39439000
1.33415000 6.39508000
1.33425000 6.37490000
1.33435000 6.37559000
1.33445000 6.37628000
1.33455000 6.37698000
1.33465000 6.37767000
1.33475000 6.37836000
1.33485000 6.37905000
1.33495000 6.37974000
1.33505000 6.38043000
1.33515000 6.38113000
1.33525000 6.38180000
1.33535000 6.38250000
1.33545000 6.38319000
1.33555000 6.38387000
1.33565000 6.38456000
1.33575000 6.38524000
1.33585000 6.36511000
1.33595000 6.36581000
1.33605000 6.36649000
1.33615000 6.36718000
1.33625000 6.36787000
1.33635000 6.36856000
1.33645000 6.36924000
1.33655000 6.36992000
1.33665000 6.37062000
1.33675000 6.37129000
1.33685000 6.37198000
1.33695000 6.37266000
1.33705000 6.37334000
1.33715000 6.37403000
1.33725000 6.37470000
1.33735000 6.37539000
1.33745000 6.35531000
1.33755000 6.35601000
1.33765000 6.35668000
1.33775000 6.35737000
1.33785000 6.35805000
1.33795000 6.35873000
1.33805000 6.35941000
1.33815000 6.36009000
1.33825000 6.36077000
1.33835000 6.36145000
1.33845000 6.36213000
1.33855000 6.36280000
1.33865000 6.36348000
1.33875000 6.36416000
1.33885000 6.36484000
1.33895000 6.36550000
1.33905000 6.34550000
1.33915000 6.34618000
1.33925000 6.34686000
1.33935000 6.34753000
1.33945000 6.34821000
1.33955000 6.34889000
1.33965000 6.34956000
1.33975000 6.35024000
1.33985000 6.35091000
1.33995000 6.35159000
1.34005000 6.35226000
1.34015000 6.35293000
1.34025000 6.35360000
1.34035000 6.35427000
1.34045000 6.35494000
1.34055000 6.35561000
1.34065000 6.33567000
1.34075000 6.33633000
1.34085000 6.33701000
1.34095000 6.33769000
1.34105000 6.33835000
1.34115000 6.33902000
1.34125000 6.33970000
1.34135000 6.34036000
1.34145000 6.34103000
1.34155000 6.34170000
1.34165000 6.34237000
1.34175000 6.34304000
1.34185000 6.34370000
1.34195000 6.34437000
1.34205000 6.34503000
1.34215000 6.34570000
1.34225000 6.32581000
1.34235000 6.32647000
1.34245000 6.32714000
1.34255000 6.32781000
1.34265000 6.32848000
1.34275000 6.32914000
1.34285000 6.32981000
1.34295000 6.33047000
1.34305000 6.33113000
1.34315000 6.33180000
1.34325000 6.33246000
1.34335000 6.33312000
1.34345000 6.33379000
1.34355000 6.33444000
1.34365000 6.33510000
1.34375000 6.33577000
1.34385000 6.31593000
1.34395000 6.31659000
1.34405000 6.31726000
1.34415000 6.31792000
1.34425000 6.31858000
1.34435000 6.31924000
1.34445000 6.31990000
1.34455000 6.32056000
1.34465000 6.32121000
1.34475000 6.32188000
1.34485000 6.32253000
1.34495000 6.32319000
1.34505000 6.32384000
1.34515000 6.32450000
1.34525000 6.32516000
1.34535000 6.32581000
1.34545000 6.30603000
1.34555000 6.30670000
1.34565000 6.30735000
1.34575000 6.30801000
1.34585000 6.30866000
1.34595000 6.30932000
1.34605000 6.30997000
1.34615000 6.31063000
1.34625000 6.31128000
1.34635000 6.31193000
1.34645000 6.31259000
1.34655000 6.31323000
1.34665000 6.31389000
1.34675000 6.31454000
1.34685000 6.31518000
1.34695000 6.31584000
1.34705000 6.29612000
1.34715000 6.29677000
1.34725000 6.29743000
1.34735000 6.29808000
1.34745000 6.29872000
1.34755000 6.29938000
1.34765000 6.30003000
1.34775000 6.30067000
1.34785000 6.30133000
1.34795000 6.30197000
1.34805000 6.30262000
1.34815000 6.30326000
1.34825000 6.30391000
1.34835000 6.30455000
1.34845000 6.30520000
1.34855000 6.30584000
1.34865000 6.28619000
1.34875000 6.28683000
1.34885000 6.28748000
1.34895000 6.28813000
1.34905000 6.28877000
1.34915000 6.28942000
1.34925000 6.29006000
1.34935000 6.29071000
1.34945000 6.29134000
1.34955000 6.29199000
1.34965000 6.29263000
1.34975000 6.29328000
1.34985000 6.29391000
1.34995000 6.29455000
1.35005000 6.29519000
1.35015000 6.29583000
1.35025000 6.27623000
1.35035000 6.27687000
1.35045000 6.27752000
1.35055000 6.27816000
1.35065000 6.27879000
1.35075000 6.27944000
1.35085000 6.28008000
1.35095000 6.28071000
1.35105000 6.28135000
1.35115000 6.28199000
1.35125000 6.28262000
1.35135000 6.28326000
1.35145000 6.28390000
1.35155000 6.28453000
1.35165000 6.28516000
1.35175000 6.28579000
1.35185000 6.26626000
1.35195000 6.26690000
1.35205000 6.26753000
1.35215000 6.26817000
1.35225000 6.26880000
1.35235000 6.26943000
1.35245000 6.27007000
1.35255000 6.27071000
1.35265000 6.27133000
1.35275000 6.27197000
1.35285000 6.27260000
1.35295000 6.27322000
1.35305000 6.27386000
1.35315000 6.27449000
1.35325000 6.27511000
1.35335000 6.27575000
1.35345000 6.25626000
1.35355000 6.25690000
1.35365000 6.25752000
1.35375000 6.25816000
1.35385000 6.25879000
1.35395000 6.25941000
1.35405000 6.26005000
1.35415000 6.26067000
1.35425000 6.26130000
1.35435000 6.26192000
1.35445000 6.26255000
1.35455000 6.26318000
1.35465000 6.26380000
1.35475000 6.26442000
1.35485000 6.26505000
1.35495000 6.26567000
1.35505000 6.24625000
1.35515000 6.24688000
1.35525000 6.24750000
1.35535000 6.24813000
1.35545000 6.24875000
1.35555000 6.24937000
1.35565000 6.25000000
1.35575000 6.25062000
1.35585000 6.25125000
1.35595000 6.25186000
1.35605000 6.25248000
1.35615000 6.25311000
1.35625000 6.25372000
1.35635000 6.25434000
1.35645000 6.25496000
1.35655000 6.25558000
1.35665000 6.23622000
1.35675000 6.23683000
1.35685000 6.23746000
1.35695000 6.23808000
1.35705000 6.23869000
1.35715000 6.23932000
1.35725000 6.23993000
1.35735000 6.24055000
1.35745000 6.24117000
1.35755000 6.24178000
1.35765000 6.24240000
1.35775000 6.24301000
1.35785000 6.24363000
1.35795000 6.24423000
1.35805000 6.24486000
1.35815000 6.22554000
1.35825000 6.22616000
1.35835000 6.22678000
1.35845000 6.22739000
1.35855000 6.22801000
1.35865000 6.22862000
1.35875000 6.22924000
1.35885000 6.22984000
1.35895000 6.23046000
1.35905000 6.23107000
1.35915000 6.23168000
1.35925000 6.23229000
1.35935000 6.23290000
1.35945000 6.23351000
1.35955000 6.23412000
1.35965000 6.23472000
1.35975000 6.21548000
1.35985000 6.21608000
1.35995000 6.21670000
1.36005000 6.21731000
1.36015000 6.21791000
1.36025000 6.21853000
1.36035000 6.21913000
1.36045000 6.21974000
1.36055000 6.22035000
1.36065000 6.22095000
1.36075000 6.22156000
1.36085000 6.22216000
1.36095000 6.22277000
1.36105000 6.22337000
1.36115000 6.22397000
1.36125000 6.22458000
1.36135000 6.20539000
1.36145000 6.20599000
1.36155000 6.20659000
1.36165000 6.20721000
1.36175000 6.20780000
1.36185000 6.20841000
1.36195000 6.20901000
1.36205000 6.20962000
1.36215000 6.21021000
1.36225000 6.21082000
1.36235000 6.21141000
1.36245000 6.21202000
1.36255000 6.21261000
1.36265000 6.21321000
1.36275000 6.21381000
1.36285000 6.21441000
1.36295000 6.19528000
1.36305000 6.19587000
1.36315000 6.19648000
1.36325000 6.19707000
1.36335000 6.19768000
1.36345000 6.19827000
1.36355000 6.19887000
1.36365000 6.19947000
1.36375000 6.20006000
1.36385000 6.20066000
1.36395000 6.20125000
1.36405000 6.20185000
1.36415000 6.20244000
1.36425000 6.20303000
1.36435000 6.20363000
1.36445000 6.20422000
1.36455000 6.18514000
1.36465000 6.18574000
1.36475000 6.18633000
1.36485000 6.18693000
1.36495000 6.18753000
1.36505000 6.18811000
1.36515000 6.18871000
1.36525000 6.18930000
1.36535000 6.18989000
1.36545000 6.19048000
1.36555000 6.19107000
1.36565000 6.19166000
1.36575000 6.19224000
1.36585000 6.19284000
1.36595000 6.19342000
1.36605000 6.17440000
1.36615000 6.17499000
1.36625000 6.17559000
1.36635000 6.17617000
1.36645000 6.17676000
1.36655000 6.17735000
1.36665000 6.17794000
1.36675000 6.17852000
1.36685000 6.17911000
1.36695000 6.17970000
1.36705000 6.18028000
1.36715000 6.18087000
1.36725000 6.18145000
1.36735000 6.18203000
1.36745000 6.18261000
1.36755000 6.18320000
1.36765000 6.16423000
1.36775000 6.16483000
1.36785000 6.16540000
1.36795000 6.16599000
1.36805000 6.16658000
1.36815000 6.16715000
1.36825000 6.16774000
1.36835000 6.16832000
1.36845000 6.16890000
1.36855000 6.16949000
1.36865000 6.17006000
1.36875000 6.17064000
1.36885000 6.17122000
1.36895000 6.17179000
1.36905000 6.17238000
1.36915000 6.17295000
1.36925000 6.15405000
1.36935000 6.15463000
1.36945000 6.15520000
1.36955000 6.15579000
1.36965000 6.15637000
1.36975000 6.15694000
1.36985000 6.15752000
1.36995000 6.15809000
1.37005000 6.15868000
1.37015000 6.15924000
1.37025000 6.15982000
1.37035000 6.16040000
1.37045000 6.16097000
1.37055000 6.16154000
1.37065000 6.16211000
1.37075000 6.14327000
1.37085000 6.14384000
1.37095000 6.14441000
1.37105000 6.14499000
1.37115000 6.14556000
1.37125000 6.14614000
1.37135000 6.14671000
1.37145000 6.14728000
1.37155000 6.14785000
1.37165000 6.14842000
1.37175000 6.14899000
1.37185000 6.14956000
1.37195000 6.15013000
1.37205000 6.15070000
1.37215000 6.15126000
1.37225000 6.15183000
1.37235000 6.13304000
1.37245000 6.13361000
1.37255000 6.13418000
1.37265000 6.13475000
1.37275000 6.13532000
1.37285000 6.13589000
1.37295000 6.13645000
1.37305000 6.13702000
1.37315000 6.13758000
1.37325000 6.13815000
1.37335000 6.13872000
1.37345000 6.13927000
1.37355000 6.13985000
1.37365000 6.14040000
1.37375000 6.14097000
1.37385000 6.14152000
1.37395000 6.12280000
1.37405000 6.12336000
1.37415000 6.12392000
1.37425000 6.12449000
1.37435000 6.12505000
1.37445000 6.12562000
1.37455000 6.12618000
1.37465000 6.12673000
1.37475000 6.12730000
1.37485000 6.12786000
1.37495000 6.12841000
1.37505000 6.12898000
1.37515000 6.12953000
1.37525000 6.13009000
1.37535000 6.13065000
1.37545000 6.11197000
1.37555000 6.11253000
1.37565000 6.11309000
1.37575000 6.11365000
1.37585000 6.11420000
1.37595000 6.11477000
1.37605000 6.11532000
1.37615000 6.11588000
1.37625000 6.11643000
1.37635000 6.11699000
1.37645000 6.11755000
1.37655000 6.11810000
1.37665000 6.11865000
1.37675000 6.11920000
1.37685000 6.11976000
1.37695000 6.12030000
1.37705000 6.10169000
1.37715000 6.10224000
1.37725000 6.10280000
1.37735000 6.10335000
1.37745000 6.10391000
1.37755000 6.10445000
1.37765000 6.10501000
1.37775000 6.10556000
1.37785000 6.10611000
1.37795000 6.10666000
1.37805000 6.10721000
1.37815000 6.10776000
1.37825000 6.10831000
1.37835000 6.10885000
1.37845000 6.10940000
1.37855000 6.09083000
1.37865000 6.09139000
1.37875000 6.09193000
1.37885000 6.09249000
1.37895000 6.09303000
1.37905000 6.09358000
1.37915000 6.09413000
1.37925000 6.09467000
1.37935000 6.09522000
1.37945000 6.09577000
1.37955000 6.09631000
1.37965000 6.09685000
1.37975000 6.09740000
1.37985000 6.09794000
1.37995000 6.09848000
1.38005000 6.09902000
1.38015000 6.08052000
1.38025000 6.08106000
1.38035000 6.08160000
1.38045000 6.08215000
1.38055000 6.08269000
1.38065000 6.08324000
1.38075000 6.08378000
1.38085000 6.08431000
1.38095000 6.08486000
1.38105000 6.08540000
1.38115000 6.08594000
1.38125000 6.08648000
1.38135000 6.08701000
1.38145000 6.08755000
1.38155000 6.08809000
1.38165000 6.08863000
1.38175000 6.07017000
1.38185000 6.07072000
1.38195000 6.07125000
1.38205000 6.07179000
1.38215000 6.07234000
1.38225000 6.07286000
1.38235000 6.07341000
1.38245000 6.07394000
1.38255000 6.07448000
1.38265000 6.07501000
1.38275000 6.07554000
1.38285000 6.07608000
1.38295000 6.07661000
1.38305000 6.07714000
1.38315000 6.07768000
1.38325000 6.05928000
1.38335000 6.05981000
1.38345000 6.06035000
1.38355000 6.06088000
1.38365000 6.06142000
1.38375000 6.06195000
1.38385000 6.06248000
1.38395000 6.06301000
1.38405000 6.06354000
1.38415000 6.06407000
1.38425000 6.06460000
1.38435000 6.06514000
1.38445000 6.06565000
1.38455000 6.06619000
1.38465000 6.06671000
1.38475000 6.06724000
1.38485000 6.04890000
1.38495000 6.04943000
1.38505000 6.04996000
1.38515000 6.05049000
1.38525000 6.05102000
1.38535000 6.05154000
1.38545000 6.05208000
1.38555000 6.05259000
1.38565000 6.05312000
1.38575000 6.05365000
1.38585000 6.05417000
1.38595000 6.05470000
1.38605000 6.05521000
1.38615000 6.05574000
1.38625000 6.05626000
1.38635000 6.03798000
1.38645000 6.03850000
1.38655000 6.03903000
1.38665000 6.03955000
1.38675000 6.04008000
1.38685000 6.04059000
1.38695000 6.04112000
1.38705000 6.04164000
1.38715000 6.04216000
1.38725000 6.04268000
1.38735000 6.04320000
1.38745000 6.04372000
1.38755000 6.04424000
1.38765000 6.04475000
1.38775000 6.04527000
1.38785000 6.04579000
1.38795000 6.02756000
1.38805000 6.02808000
1.38815000 6.02861000
1.38825000 6.02912000
1.38835000 6.02963000
1.38845000 6.03016000
1.38855000 6.03067000
1.38865000 6.03119000
1.38875000 6.03170000
1.38885000 6.03222000
1.38895000 6.03273000
1.38905000 6.03324000
1.38915000 6.03376000
1.38925000 6.03427000
1.38935000 6.03478000
1.38945000 6.01661000
1.38955000 6.01713000
1.38965000 6.01764000
1.38975000 6.01815000
1.38985000 6.01867000
1.38995000 6.01918000
1.39005000 6.01969000
1.39015000 6.02020000
1.39025000 6.02071000
1.39035000 6.02123000
1.39045000 6.02173000
1.39055000 6.02224000
1.39065000 6.02275000
1.39075000 6.02326000
1.39085000 6.02376000
1.39095000 6.02427000
1.39105000 6.00616000
1.39115000 6.00666000
1.39125000 6.00718000
1.39135000 6.00768000
1.39145000 6.00820000
1.39155000 6.00869000
1.39165000 6.00921000
1.39175000 6.00971000
1.39185000 6.01022000
1.39195000 6.01072000
1.39205000 6.01123000
1.39215000 6.01173000
1.39225000 6.01223000
1.39235000 6.01274000
1.39245000 6.01323000
1.39255000 5.99518000
1.39265000 5.99568000
1.39275000 5.99618000
1.39285000 5.99669000
1.39295000 5.99720000
1.39305000 5.99769000
1.39315000 5.99820000
1.39325000 5.99870000
1.39335000 5.99920000
1.39345000 5.99970000
1.39355000 6.00020000
1.39365000 6.00070000
1.39375000 6.00119000
1.39385000 6.00170000
1.39395000 6.00219000
1.39405000 5.98418000
1.39415000 5.98468000
1.39425000 5.98519000
1.39435000 5.98568000
1.39445000 5.98618000
1.39455000 5.98668000
1.39465000 5.98718000
1.39475000 5.98767000
1.39485000 5.98817000
1.39495000 5.98867000
1.39505000 5.98916000
1.39515000 5.98965000
1.39525000 5.99015000
1.39535000 5.99064000
1.39545000 5.99114000
1.39555000 5.99162000
1.39565000 5.97368000
1.39575000 5.97417000
1.39585000 5.97466000
1.39595000 5.97516000
1.39605000 5.97565000
1.39615000 5.97615000
1.39625000 5.97664000
1.39635000 5.97712000
1.39645000 5.97762000
1.39655000 5.97811000
1.39665000 5.97860000
1.39675000 5.97909000
1.39685000 5.97958000
1.39695000 5.98006000
1.39705000 5.98055000
1.39715000 5.96265000
1.39725000 5.96315000
1.39735000 5.96363000
1.39745000 5.96413000
1.39755000 5.96461000
1.39765000 5.96510000
1.39775000 5.96559000
1.39785000 5.96608000
1.39795000 5.96656000
1.39805000 5.96704000
1.39815000 5.96754000
1.39825000 5.96801000
1.39835000 5.96850000
1.39845000 5.96898000
1.39855000 5.96947000
1.39865000 5.95162000
1.39875000 5.95211000
1.39885000 5.95259000
1.39895000 5.95308000
1.39905000 5.95356000
1.39915000 5.95404000
1.39925000 5.95453000
1.39935000 5.95501000
1.39945000 5.95549000
1.39955000 5.95597000
1.39965000 5.95645000
1.39975000 5.95694000
1.39985000 5.95741000
1.39995000 5.95789000
1.40005000 5.95836000
1.40015000 5.95884000
1.40025000 5.94106000
1.40035000 5.94154000
1.40045000 5.94202000
1.40055000 5.94250000
1.40065000 5.94297000
1.40075000 5.94346000
1.40085000 5.94393000
1.40095000 5.94441000
1.40105000 5.94488000
1.40115000 5.94536000
1.40125000 5.94584000
1.40135000 5.94631000
1.40145000 5.94678000
1.40155000 5.94726000
1.40165000 5.94773000
1.40175000 5.92999000
1.40185000 5.93048000
1.40195000 5.93094000
1.40205000 5.93143000
1.40215000 5.93189000
1.40225000 5.93237000
1.40235000 5.93284000
1.40245000 5.93332000
1.40255000 5.93378000
1.40265000 5.93426000
1.40275000 5.93473000
1.40285000 5.93519000
1.40295000 5.93567000
1.40305000 5.93613000
1.40315000 5.93660000
1.40325000 5.91893000
1.40335000 5.91939000
1.40345000 5.91986000
1.40355000 5.92034000
1.40365000 5.92080000
1.40375000 5.92128000
1.40385000 5.92174000
1.40395000 5.92220000
1.40405000 5.92268000
1.40415000 5.92314000
1.40425000 5.92361000
1.40435000 5.92407000
1.40445000 5.92453000
1.40455000 5.92500000
1.40465000 5.92546000
1.40475000 5.92593000
1.40485000 5.90830000
1.40495000 5.90877000
1.40505000 5.90923000
1.40515000 5.90970000
1.40525000 5.91017000
1.40535000 5.91062000
1.40545000 5.91109000
1.40555000 5.91155000
1.40565000 5.91201000
1.40575000 5.91248000
1.40585000 5.91293000
1.40595000 5.91340000
1.40605000 5.91385000
1.40615000 5.91431000
1.40625000 5.91477000
1.40635000 5.89720000
1.40645000 5.89766000
1.40655000 5.89812000
1.40665000 5.89858000
1.40675000 5.89904000
1.40685000 5.89950000
1.40695000 5.89996000
1.40705000 5.90042000
1.40715000 5.90087000
1.40725000 5.90133000
1.40735000 5.90178000
1.40745000 5.90224000
1.40755000 5.90269000
1.40765000 5.90315000
1.40775000 5.90360000
1.40785000 5.88608000
1.40795000 5.88654000
1.40805000 5.88700000
1.40815000 5.88745000
1.40825000 5.88791000
1.40835000 5.88836000
1.40845000 5.88882000
1.40855000 5.88926000
1.40865000 5.88972000
1.40875000 5.89017000
1.40885000 5.89063000
1.40895000 5.89107000
1.40905000 5.89152000
1.40915000 5.89197000
1.40925000 5.89242000
1.40935000 5.89287000
1.40945000 5.87541000
1.40955000 5.87586000
1.40965000 5.87631000
1.40975000 5.87676000
1.40985000 5.87721000
1.40995000 5.87766000
1.41005000 5.87810000
1.41015000 5.87856000
1.41025000 5.87900000
1.41035000 5.87945000
1.41045000 5.87989000
1.41055000 5.88034000
1.41065000 5.88078000
1.41075000 5.88122000
1.41085000 5.88167000
1.41095000 5.86427000
1.41105000 5.86471000
1.41115000 5.86515000
1.41125000 5.86561000
1.41135000 5.86604000
1.41145000 5.86649000
1.41155000 5.86694000
1.41165000 5.86737000
1.41175000 5.86782000
1.41185000 5.86826000
1.41195000 5.86870000
1.41205000 5.86915000
1.41215000 5.86958000
1.41225000 5.87002000
1.41235000 5.87045000
1.41245000 5.85311000
1.41255000 5.85355000
1.41265000 5.85399000
1.41275000 5.85443000
1.41285000 5.85487000
1.41295000 5.85531000
1.41305000 5.85575000
1.41315000 5.85619000
1.41325000 5.85662000
1.41335000 5.85706000
1.41345000 5.85750000
1.41355000 5.85793000
1.41365000 5.85837000
1.41375000 5.85880000
1.41385000 5.85924000
1.41395000 5.84193000
1.41405000 5.84238000
1.41415000 5.84281000
1.41425000 5.84324000
1.41435000 5.84369000
1.41445000 5.84411000
1.41455000 5.84455000
1.41465000 5.84499000
1.41475000 5.84541000
1.41485000 5.84585000
1.41495000 5.84628000
1.41505000 5.84671000
1.41515000 5.84715000
1.41525000 5.84757000
1.41535000 5.84800000
1.41545000 5.83075000
1.41555000 5.83119000
1.41565000 5.83162000
1.41575000 5.83205000
1.41585000 5.83248000
1.41595000 5.83291000
1.41605000 5.83334000
1.41615000 5.83377000
1.41625000 5.83419000
1.41635000 5.83463000
1.41645000 5.83505000
1.41655000 5.83548000
1.41665000 5.83590000
1.41675000 5.83633000
1.41685000 5.83675000
1.41695000 5.83718000
1.41705000 5.81998000
1.41715000 5.82042000
1.41725000 5.82084000
1.41735000 5.82127000
1.41745000 5.82169000
1.41755000 5.82212000
1.41765000 5.82254000
1.41775000 5.82296000
1.41785000 5.82339000
1.41795000 5.82381000
1.41805000 5.82423000
1.41815000 5.82465000
1.41825000 5.82507000
1.41835000 5.82549000
1.41845000 5.82592000
1.41855000 5.80877000
1.41865000 5.80920000
1.41875000 5.80962000
1.41885000 5.81004000
1.41895000 5.81046000
1.41905000 5.81088000
1.41915000 5.81130000
1.41925000 5.81172000
1.41935000 5.81214000
1.41945000 5.81255000
1.41955000 5.81297000
1.41965000 5.81339000
1.41975000 5.81380000
1.41985000 5.81422000
1.41995000 5.81464000
1.42005000 5.79755000
1.42015000 5.79796000
1.42025000 5.79839000
1.42035000 5.79880000
1.42045000 5.79922000
1.42055000 5.79963000
1.42065000 5.80005000
1.42075000 5.80046000
1.42085000 5.80087000
1.42095000 5.80129000
1.42105000 5.80170000
1.42115000 5.80211000
1.42125000 5.80252000
1.42135000 5.80294000
1.42145000 5.80334000
1.42155000 5.78631000
1.42165000 5.78672000
1.42175000 5.78714000
1.42185000 5.78755000
1.42195000 5.78796000
1.42205000 5.78837000
1.42215000 5.78878000
1.42225000 5.78919000
1.42235000 5.78960000
1.42245000 5.79001000
1.42255000 5.79042000
1.42265000 5.79082000
1.42275000 5.79123000
1.42285000 5.79163000
1.42295000 5.79204000
1.42305000 5.77506000
1.42315000 5.77547000
1.42325000 5.77588000
1.42335000 5.77628000
1.42345000 5.77669000
1.42355000 5.77710000
1.42365000 5.77750000
1.42375000 5.77791000
1.42385000 5.77831000
1.42395000 5.77872000
1.42405000 5.77911000
1.42415000 5.77952000
1.42425000 5.77992000
1.42435000 5.78033000
1.42445000 5.78072000
1.42455000 5.76380000
1.42465000 5.76420000
1.42475000 5.76460000
1.42485000 5.76501000
1.42495000 5.76541000
1.42505000 5.76581000
1.42515000 5.76621000
1.42525000 5.76661000
1.42535000 5.76701000
1.42545000 5.76741000
1.42555000 5.76781000
1.42565000 5.76820000
1.42575000 5.76860000
1.42585000 5.76900000
1.42595000 5.76939000
1.42605000 5.75252000
1.42615000 5.75292000
1.42625000 5.75332000
1.42635000 5.75372000
1.42645000 5.75411000
1.42655000 5.75451000
1.42665000 5.75491000
1.42675000 5.75530000
1.42685000 5.75570000
1.42695000 5.75609000
1.42705000 5.75648000
1.42715000 5.75688000
1.42725000 5.75727000
1.42735000 5.75766000
1.42745000 5.75805000
1.42755000 5.74123000
1.42765000 5.74163000
1.42775000 5.74202000
1.42785000 5.74241000
1.42795000 5.74281000
1.42805000 5.74319000
1.42815000 5.74359000
1.42825000 5.74398000
1.42835000 5.74437000
1.42845000 5.74476000
1.42855000 5.74515000
1.42865000 5.74553000
1.42875000 5.74593000
1.42885000 5.74631000
1.42895000 5.74669000
1.42905000 5.72993000
1.42915000 5.73032000
1.42925000 5.73071000
1.42935000 5.73110000
1.42945000 5.73148000
1.42955000 5.73187000
1.42965000 5.73226000
1.42975000 5.73265000
1.42985000 5.73302000
1.42995000 5.73342000
1.43005000 5.73380000
1.43015000 5.73418000
1.43025000 5.73456000
1.43035000 5.73495000
1.43045000 5.73533000
1.43055000 5.71861000
1.43065000 5.71900000
1.43075000 5.71939000
1.43085000 5.71976000
1.43095000 5.72015000
1.43105000 5.72054000
1.43115000 5.72091000
1.43125000 5.72130000
1.43135000 5.72167000
1.43145000 5.72206000
1.43155000 5.72244000
1.43165000 5.72281000
1.43175000 5.72320000
1.43185000 5.72357000
1.43195000 5.72394000
1.43205000 5.70729000
1.43215000 5.70767000
1.43225000 5.70804000
1.43235000 5.70843000
1.43245000 5.70880000
1.43255000 5.70918000
1.43265000 5.70956000
1.43275000 5.70993000
1.43285000 5.71031000
1.43295000 5.71069000
1.43305000 5.71106000
1.43315000 5.71144000
1.43325000 5.71180000
1.43335000 5.71219000
1.43345000 5.71255000
1.43355000 5.69594000
1.43365000 5.69632000
1.43375000 5.69670000
1.43385000 5.69707000
1.43395000 5.69744000
1.43405000 5.69782000
1.43415000 5.69818000
1.43425000 5.69856000
1.43435000 5.69894000
1.43445000 5.69930000
1.43455000 5.69967000
1.43465000 5.70004000
1.43475000 5.70041000
1.43485000 5.70078000
1.43495000 5.70115000
1.43505000 5.68459000
1.43515000 5.68496000
1.43525000 5.68533000
1.43535000 5.68570000
1.43545000 5.68607000
1.43555000 5.68644000
1.43565000 5.68680000
1.43575000 5.68718000
1.43585000 5.68754000
1.43595000 5.68790000
1.43605000 5.68827000
1.43615000 5.68864000
1.43625000 5.68900000
1.43635000 5.68936000
1.43645000 5.68973000
1.43655000 5.67322000
1.43665000 5.67359000
1.43675000 5.67395000
1.43685000 5.67432000
1.43695000 5.67468000
1.43705000 5.67505000
1.43715000 5.67541000
1.43725000 5.67577000
1.43735000 5.67614000
1.43745000 5.67649000
1.43755000 5.67686000
1.43765000 5.67721000
1.43775000 5.67758000
1.43785000 5.67794000
1.43795000 5.67829000
1.43805000 5.66184000
1.43815000 5.66220000
1.43825000 5.66256000
1.43835000 5.66293000
1.43845000 5.66328000
1.43855000 5.66364000
1.43865000 5.66400000
1.43875000 5.66436000
1.43885000 5.66472000
1.43895000 5.66507000
1.43905000 5.66543000
1.43915000 5.66578000
1.43925000 5.66614000
1.43935000 5.66649000
1.43945000 5.66685000
1.43955000 5.65045000
1.43965000 5.65080000
1.43975000 5.65116000
1.43985000 5.65151000
1.43995000 5.65187000
1.44005000 5.65223000
1.44015000 5.65258000
1.44025000 5.65293000
1.44035000 5.65328000
1.44045000 5.65364000
1.44055000 5.65398000
1.44065000 5.65434000
1.44075000 5.65469000
1.44085000 5.65504000
1.44095000 5.65539000
1.44105000 5.63903000
1.44115000 5.63939000
1.44125000 5.63975000
1.44135000 5.64009000
1.44145000 5.64044000
1.44155000 5.64080000
1.44165000 5.64114000
1.44175000 5.64149000
1.44185000 5.64184000
1.44195000 5.64219000
1.44205000 5.64253000
1.44215000 5.64288000
1.44225000 5.64322000
1.44235000 5.64357000
1.44245000 5.64391000
1.44255000 5.62762000
1.44265000 5.62797000
1.44275000 5.62831000
1.44285000 5.62866000
1.44295000 5.62900000
1.44305000 5.62935000
1.44315000 5.62969000
1.44325000 5.63004000
1.44335000 5.63038000
1.44345000 5.63072000
1.44355000 5.63107000
1.44365000 5.63141000
1.44375000 5.63174000
1.44385000 5.63209000
1.44395000 5.63243000
1.44405000 5.61618000
1.44415000 5.61653000
1.44425000 5.61687000
1.44435000 5.61721000
1.44445000 5.61755000
1.44455000 5.61789000
1.44465000 5.61823000
1.44475000 5.61857000
1.44485000 5.61891000
1.44495000 5.61924000
1.44505000 5.61959000
1.44515000 5.61992000
1.44525000 5.62026000
1.44535000 5.62059000
1.44545000 5.62093000
1.44555000 5.60473000
1.44565000 5.60507000
1.44575000 5.60542000
1.44585000 5.60574000
1.44595000 5.60609000
1.44605000 5.60642000
1.44615000 5.60675000
1.44625000 5.60709000
1.44635000 5.60743000
1.44645000 5.60776000
1.44655000 5.60808000
1.44665000 5.60843000
1.44675000 5.60875000
1.44685000 5.60908000
1.44695000 5.59294000
1.44705000 5.59328000
1.44715000 5.59361000
1.44725000 5.59394000
1.44735000 5.59427000
1.44745000 5.59460000
1.44755000 5.59494000
1.44765000 5.59527000
1.44775000 5.59559000
1.44785000 5.59593000
1.44795000 5.59625000
1.44805000 5.59658000
1.44815000 5.59691000
1.44825000 5.59724000
1.44835000 5.59756000
1.44845000 5.58147000
1.44855000 5.58180000
1.44865000 5.58213000
1.44875000 5.58245000
1.44885000 5.58279000
1.44895000 5.58311000
1.44905000 5.58344000
1.44915000 5.58376000
1.44925000 5.58409000
1.44935000 5.58441000
1.44945000 5.58474000
1.44955000 5.58506000
1.44965000 5.58538000
1.44975000 5.58571000
1.44985000 5.58603000
1.44995000 5.56998000
1.45005000 5.57031000
1.45015000 5.57064000
1.45025000 5.57096000
1.45035000 5.57128000
1.45045000 5.57161000
1.45055000 5.57192000
1.45065000 5.57225000
1.45075000 5.57257000
1.45085000 5.57288000
1.45095000 5.57321000
1.45105000 5.57353000
1.45115000 5.57384000
1.45125000 5.57416000
1.45135000 5.57448000
1.45145000 5.55849000
1.45155000 5.55881000
1.45165000 5.55913000
1.45175000 5.55945000
1.45185000 5.55976000
1.45195000 5.56009000
1.45205000 5.56040000
1.45215000 5.56072000
1.45225000 5.56103000
1.45235000 5.56135000
1.45245000 5.56166000
1.45255000 5.56198000
1.45265000 5.56229000
1.45275000 5.56260000
1.45285000 5.56292000
1.45295000 5.54698000
1.45305000 5.54729000
1.45315000 5.54761000
1.45325000 5.54793000
1.45335000 5.54823000
1.45345000 5.54855000
1.45355000 5.54887000
1.45365000 5.54917000
1.45375000 5.54949000
1.45385000 5.54979000
1.45395000 5.55011000
1.45405000 5.55042000
1.45415000 5.55072000
1.45425000 5.55103000
1.45435000 5.53515000
1.45445000 5.53545000
1.45455000 5.53577000
1.45465000 5.53607000
1.45475000 5.53639000
1.45485000 5.53669000
1.45495000 5.53701000
1.45505000 5.53731000
1.45515000 5.53761000
1.45525000 5.53793000
1.45535000 5.53823000
1.45545000 5.53853000
1.45555000 5.53884000
1.45565000 5.53915000
1.45575000 5.53945000
1.45585000 5.52361000
1.45595000 5.52391000
1.45605000 5.52423000
1.45615000 5.52453000
1.45625000 5.52483000
1.45635000 5.52514000
1.45645000 5.52544000
1.45655000 5.52575000
1.45665000 5.52604000
1.45675000 5.52635000
1.45685000 5.52665000
1.45695000 5.52695000
1.45705000 5.52725000
1.45715000 5.52756000
1.45725000 5.52784000
1.45735000 5.51207000
1.45745000 5.51236000
1.45755000 5.51267000
1.45765000 5.51297000
1.45775000 5.51327000
1.45785000 5.51357000
1.45795000 5.51386000
1.45805000 5.51417000
1.45815000 5.51446000
1.45825000 5.51476000
1.45835000 5.51506000
1.45845000 5.51535000
1.45855000 5.51565000
1.45865000 5.51595000
1.45875000 5.51623000
1.45885000 5.50051000
1.45895000 5.50080000
1.45905000 5.50110000
1.45915000 5.50139000
1.45925000 5.50169000
1.45935000 5.50198000
1.45945000 5.50228000
1.45955000 5.50258000
1.45965000 5.50286000
1.45975000 5.50316000
1.45985000 5.50345000
1.45995000 5.50374000
1.46005000 5.50403000
1.46015000 5.50433000
1.46025000 5.48863000
1.46035000 5.48893000
1.46045000 5.48922000
1.46055000 5.48952000
1.46065000 5.48980000
1.46075000 5.49010000
1.46085000 5.49039000
1.46095000 5.49068000
1.46105000 5.49096000
1.46115000 5.49126000
1.46125000 5.49154000
1.46135000 5.49183000
1.46145000 5.49211000
1.46155000 5.49241000
1.46165000 5.49268000
1.46175000 5.47706000
1.46185000 5.47734000
1.46195000 5.47763000
1.46205000 5.47792000
1.46215000 5.47820000
1.46225000 5.47849000
1.46235000 5.47878000
1.46245000 5.47906000
1.46255000 5.47934000
1.46265000 5.47963000
1.46275000 5.47992000
1.46285000 5.48019000
1.46295000 5.48048000
1.46305000 5.48076000
1.46315000 5.48104000
1.46325000 5.46545000
1.46335000 5.46574000
1.46345000 5.46603000
1.46355000 5.46630000
1.46365000 5.46659000
1.46375000 5.46687000
1.46385000 5.46715000
1.46395000 5.46744000
1.46405000 5.46771000
1.46415000 5.46799000
1.46425000 5.46827000
1.46435000 5.46854000
1.46445000 5.46883000
1.46455000 5.46910000
1.46465000 5.45357000
1.46475000 5.45384000
1.46485000 5.45413000
1.46495000 5.45440000
1.46505000 5.45468000
1.46515000 5.45496000
1.46525000 5.45524000
1.46535000 5.45551000
1.46545000 5.45579000
1.46555000 5.45606000
1.46565000 5.45634000
1.46575000 5.45661000
1.46585000 5.45689000
1.46595000 5.45716000
1.46605000 5.45743000
1.46615000 5.44194000
1.46625000 5.44222000
1.46635000 5.44250000
1.46645000 5.44277000
1.46655000 5.44304000
1.46665000 5.44332000
1.46675000 5.44359000
1.46685000 5.44386000
1.46695000 5.44413000
1.46705000 5.44440000
1.46715000 5.44468000
1.46725000 5.44494000
1.46735000 5.44521000
1.46745000 5.44547000
1.46755000 5.44575000
1.46765000 5.43031000
1.46775000 5.43058000
1.46785000 5.43086000
1.46795000 5.43112000
1.46805000 5.43139000
1.46815000 5.43166000
1.46825000 5.43193000
1.46835000 5.43219000
1.46845000 5.43246000
1.46855000 5.43273000
1.46865000 5.43299000
1.46875000 5.43326000
1.46885000 5.43352000
1.46895000 5.43378000
1.46905000 5.41840000
1.46915000 5.41867000
1.46925000 5.41893000
1.46935000 5.41919000
1.46945000 5.41946000
1.46955000 5.41973000
1.46965000 5.41999000
1.46975000 5.42025000
1.46985000 5.42052000
1.46995000 5.42077000
1.47005000 5.42104000
1.47015000 5.42130000
1.47025000 5.42155000
1.47035000 5.42182000
1.47045000 5.42208000
1.47055000 5.40674000
1.47065000 5.40700000
1.47075000 5.40727000
1.47085000 5.40752000
1.47095000 5.40779000
1.47105000 5.40805000
1.47115000 5.40830000
1.47125000 5.40856000
1.47135000 5.40882000
1.47145000 5.40908000
1.47155000 5.40934000
1.47165000 5.40959000
1.47175000 5.40984000
1.47185000 5.41010000
1.47195000 5.41035000
1.47205000 5.39508000
1.47215000 5.39532000
1.47225000 5.39559000
1.47235000 5.39584000
1.47245000 5.39610000
1.47255000 5.39635000
1.47265000 5.39661000
1.47275000 5.39686000
1.47285000 5.39711000
1.47295000 5.39736000
1.47305000 5.39762000
1.47315000 5.39787000
1.47325000 5.39812000
1.47335000 5.39837000
1.47345000 5.38313000
1.47355000 5.38339000
1.47365000 5.38364000
1.47375000 5.38389000
1.47385000 5.38414000
1.47395000 5.38440000
1.47405000 5.38464000
1.47415000 5.38489000
1.47425000 5.38515000
1.47435000 5.38539000
1.47445000 5.38564000
1.47455000 5.38588000
1.47465000 5.38614000
1.47475000 5.38638000
1.47485000 5.38662000
1.47495000 5.37144000
1.47505000 5.37169000
1.47515000 5.37193000
1.47525000 5.37219000
1.47535000 5.37243000
1.47545000 5.37268000
1.47555000 5.37292000
1.47565000 5.37317000
1.47575000 5.37341000
1.47585000 5.37365000
1.47595000 5.37390000
1.47605000 5.37414000
1.47615000 5.37439000
1.47625000 5.37462000
1.47635000 5.35949000
1.47645000 5.35973000
1.47655000 5.35998000
1.47665000 5.36022000
1.47675000 5.36046000
1.47685000 5.36071000
1.47695000 5.36094000
1.47705000 5.36119000
1.47715000 5.36143000
1.47725000 5.36166000
1.47735000 5.36191000
1.47745000 5.36215000
1.47755000 5.36238000
1.47765000 5.36262000
1.47775000 5.36285000
1.47785000 5.34778000
1.47795000 5.34801000
1.47805000 5.34825000
1.47815000 5.34848000
1.47825000 5.34873000
1.47835000 5.34897000
1.47845000 5.34920000
1.47855000 5.34944000
1.47865000 5.34967000
1.47875000 5.34991000
1.47885000 5.35014000
1.47895000 5.35038000
1.47905000 5.35061000
1.47915000 5.35084000
1.47925000 5.33580000
1.47935000 5.33604000
1.47945000 5.33628000
1.47955000 5.33651000
1.47965000 5.33674000
1.47975000 5.33698000
1.47985000 5.33721000
1.47995000 5.33744000
1.48005000 5.33768000
1.48015000 5.33790000
1.48025000 5.33814000
1.48035000 5.33836000
1.48045000 5.33860000
1.48055000 5.33882000
1.48065000 5.33905000
1.48075000 5.32407000
1.48085000 5.32429000
1.48095000 5.32453000
1.48105000 5.32475000
1.48115000 5.32499000
1.48125000 5.32521000
1.48135000 5.32544000
1.48145000 5.32567000
1.48155000 5.32590000
1.48165000 5.32612000
1.48175000 5.32635000
1.48185000 5.32658000
1.48195000 5.32680000
1.48205000 5.32702000
1.48215000 5.31208000
1.48225000 5.31231000
1.48235000 5.31254000
1.48245000 5.31276000
1.48255000 5.31298000
1.48265000 5.31322000
1.48275000 5.31343000
1.48285000 5.31366000
1.48295000 5.31389000
1.48305000 5.31410000
1.48315000 5.31433000
1.48325000 5.31455000
1.48335000 5.31477000
1.48345000 5.31499000
1.48355000 5.31520000
1.48365000 5.30032000
1.48375000 5.30054000
1.48385000 5.30077000
1.48395000 5.30098000
1.48405000 5.30121000
1.48415000 5.30142000
1.48425000 5.30165000
1.48435000 5.30186000
1.48445000 5.30208000
1.48455000 5.30230000
1.48465000 5.30252000
1.48475000 5.30273000
1.48485000 5.30295000
1.48495000 5.30317000
1.48505000 5.28832000
1.48515000 5.28854000
1.48525000 5.28876000
1.48535000 5.28897000
1.48545000 5.28920000
1.48555000 5.28940000
1.48565000 5.28963000
1.48575000 5.28984000
1.48585000 5.29005000
1.48595000 5.29027000
1.48605000 5.29048000
1.48615000 5.29069000
1.48625000 5.29091000
1.48635000 5.29112000
1.48645000 5.29132000
1.48655000 5.27654000
1.48665000 5.27675000
1.48675000 5.27696000
1.48685000 5.27717000
1.48695000 5.27739000
1.48705000 5.27760000
1.48715000 5.27781000
1.48725000 5.27802000
1.48735000 5.27823000
1.48745000 5.27843000
1.48755000 5.27865000
1.48765000 5.27886000
1.48775000 5.27906000
1.48785000 5.27927000
1.48795000 5.26452000
1.48805000 5.26473000
1.48815000 5.26495000
1.48825000 5.26515000
1.48835000 5.26536000
1.48845000 5.26556000
1.48855000 5.26578000
1.48865000 5.26598000
1.48875000 5.26618000
1.48885000 5.26640000
1.48895000 5.26659000
1.48905000 5.26680000
1.48915000 5.26700000
1.48925000 5.26721000
1.48935000 5.26741000
1.48945000 5.25271000
1.48955000 5.25292000
1.48965000 5.25312000
1.48975000 5.25333000
1.48985000 5.25353000
1.48995000 5.25373000
1.49005000 5.25394000
1.49015000 5.25413000
1.49025000 5.25434000
1.49035000 5.25454000
1.49045000 5.25474000
1.49055000 5.25494000
1.49065000 5.25513000
1.49075000 5.25534000
1.49085000 5.24068000
1.49095000 5.24089000
1.49105000 5.24109000
1.49115000 5.24129000
1.49125000 5.24149000
1.49135000 5.24168000
1.49145000 5.24189000
1.49155000 5.24208000
1.49165000 5.24228000
1.49175000 5.24248000
1.49185000 5.24267000
1.49195000 5.24287000
1.49205000 5.24306000
1.49215000 5.24326000
1.49225000 5.22865000
1.49235000 5.22885000
1.49245000 5.22905000
1.49255000 5.22925000
1.49265000 5.22944000
1.49275000 5.22963000
1.49285000 5.22983000
1.49295000 5.23002000
1.49305000 5.23022000
1.49315000 5.23041000
1.49325000 5.23060000
1.49335000 5.23079000
1.49345000 5.23098000
1.49355000 5.23118000
1.49365000 5.23136000
1.49375000 5.21681000
1.49385000 5.21700000
1.49395000 5.21720000
1.49405000 5.21739000
1.49415000 5.21757000
1.49425000 5.21777000
1.49435000 5.21796000
1.49445000 5.21815000
1.49455000 5.21833000
1.49465000 5.21853000
1.49475000 5.21871000
1.49485000 5.21889000
1.49495000 5.21909000
1.49505000 5.21927000
1.49515000 5.20476000
1.49525000 5.20495000
1.49535000 5.20514000
1.49545000 5.20533000
1.49555000 5.20552000
1.49565000 5.20570000
1.49575000 5.20588000
1.49585000 5.20608000
1.49595000 5.20625000
1.49605000 5.20644000
1.49615000 5.20663000
1.49625000 5.20680000
1.49635000 5.20699000
1.49645000 5.20717000
1.49655000 5.20735000
1.49665000 5.19290000
1.49675000 5.19308000
1.49685000 5.19326000
1.49695000 5.19345000
1.49705000 5.19363000
1.49715000 5.19381000
1.49725000 5.19399000
1.49735000 5.19417000
1.49745000 5.19436000
1.49755000 5.19453000
1.49765000 5.19471000
1.49775000 5.19489000
1.49785000 5.19506000
1.49795000 5.19525000
1.49805000 5.18083000
1.49815000 5.18101000
1.49825000 5.18120000
1.49835000 5.18137000
1.49845000 5.18155000
1.49855000 5.18173000
1.49865000 5.18191000
1.49875000 5.18208000
1.49885000 5.18226000
1.49895000 5.18243000
1.49905000 5.18261000
1.49915000 5.18278000
1.49925000 5.18296000
1.49935000 5.18313000
1.49945000 5.16876000
1.49955000 5.16895000
1.49965000 5.16912000
1.49975000 5.16929000
1.49985000 5.16947000
1.49995000 5.16964000
1.50005000 5.16981000
1.50015000 5.16999000
1.50025000 5.17016000
1.50035000 5.17033000
1.50045000 5.17050000
1.50055000 5.17067000
1.50065000 5.17084000
1.50075000 5.17101000
1.50085000 5.17118000
1.50095000 5.15687000
1.50105000 5.15703000
1.50115000 5.15721000
1.50125000 5.15738000
1.50135000 5.15755000
1.50145000 5.15772000
1.50155000 5.15789000
1.50165000 5.15805000
1.50175000 5.15822000
1.50185000 5.15839000
1.50195000 5.15855000
1.50205000 5.15872000
1.50215000 5.15889000
1.50225000 5.15905000
1.50235000 5.14478000
1.50245000 5.14495000
1.50255000 5.14512000
1.50265000 5.14528000
1.50275000 5.14545000
1.50285000 5.14562000
1.50295000 5.14578000
1.50305000 5.14594000
1.50315000 5.14611000
1.50325000 5.14627000
1.50335000 5.14643000
1.50345000 5.14659000
1.50355000 5.14676000
1.50365000 5.14691000
1.50375000 5.13270000
1.50385000 5.13286000
1.50395000 5.13302000
1.50405000 5.13318000
1.50415000 5.13335000
1.50425000 5.13351000
1.50435000 5.13366000
1.50445000 5.13383000
1.50455000 5.13399000
1.50465000 5.13414000
1.50475000 5.13431000
1.50485000 5.13446000
1.50495000 5.13462000
1.50505000 5.13477000
1.50515000 5.12060000
1.50525000 5.12076000
1.50535000 5.12092000
1.50545000 5.12108000
1.50555000 5.12124000
1.50565000 5.12139000
1.50575000 5.12155000
1.50585000 5.12171000
1.50595000 5.12186000
1.50605000 5.12202000
1.50615000 5.12217000
1.50625000 5.12232000
1.50635000 5.12248000
1.50645000 5.12262000
1.50655000 5.12279000
1.50665000 5.10865000
1.50675000 5.10882000
1.50685000 5.10896000
1.50695000 5.10912000
1.50705000 5.10928000
1.50715000 5.10942000
1.50725000 5.10958000
1.50735000 5.10973000
1.50745000 5.10988000
1.50755000 5.11003000
1.50765000 5.11019000
1.50775000 5.11032000
1.50785000 5.11048000
1.50795000 5.11063000
1.50805000 5.09655000
1.50815000 5.09670000
1.50825000 5.09685000
1.50835000 5.09700000
1.50845000 5.09715000
1.50855000 5.09729000
1.50865000 5.09745000
1.50875000 5.09759000
1.50885000 5.09774000
1.50895000 5.09789000
1.50905000 5.09803000
1.50915000 5.09818000
1.50925000 5.09832000
1.50935000 5.09846000
1.50945000 5.08444000
1.50955000 5.08458000
1.50965000 5.08472000
1.50975000 5.08488000
1.50985000 5.08502000
1.50995000 5.08516000
1.51005000 5.08531000
1.51015000 5.08545000
1.51025000 5.08559000
1.51035000 5.08574000
1.51045000 5.08587000
1.51055000 5.08602000
1.51065000 5.08616000
1.51075000 5.08630000
1.51085000 5.07231000
1.51095000 5.07246000
1.51105000 5.07260000
1.51115000 5.07274000
1.51125000 5.07288000
1.51135000 5.07303000
1.51145000 5.07316000
1.51155000 5.07330000
1.51165000 5.07344000
1.51175000 5.07358000
1.51185000 5.07372000
1.51195000 5.07385000
1.51205000 5.07399000
1.51215000 5.07413000
1.51225000 5.07426000
1.51235000 5.06033000
1.51245000 5.06046000
1.51255000 5.06061000
1.51265000 5.06074000
1.51275000 5.06087000
1.51285000 5.06102000
1.51295000 5.06115000
1.51305000 5.06128000
1.51315000 5.06142000
1.51325000 5.06155000
1.51335000 5.06168000
1.51345000 5.06182000
1.51355000 5.06195000
1.51365000 5.06208000
1.51375000 5.04819000
1.51385000 5.04832000
1.51395000 5.04846000
1.51405000 5.04860000
1.51415000 5.04872000
1.51425000 5.04886000
1.51435000 5.04899000
1.51445000 5.04912000
1.51455000 5.04925000
1.51465000 5.04938000
1.51475000 5.04951000
1.51485000 5.04964000
1.51495000 5.04976000
1.51505000 5.04990000
1.51515000 5.03605000
1.51525000 5.03618000
1.51535000 5.03631000
1.51545000 5.03644000
1.51555000 5.03656000
1.51565000 5.03670000
1.51575000 5.03682000
1.51585000 5.03696000
1.51595000 5.03707000
1.51605000 5.03721000
1.51615000 5.03732000
1.51625000 5.03746000
1.51635000 5.03757000
1.51645000 5.03770000
1.51655000 5.02391000
1.51665000 5.02403000
1.51675000 5.02415000
1.51685000 5.02428000
1.51695000 5.02441000
1.51705000 5.02453000
1.51715000 5.02465000
1.51725000 5.02478000
1.51735000 5.02490000
1.51745000 5.02502000
1.51755000 5.02514000
1.51765000 5.02526000
1.51775000 5.02538000
1.51785000 5.02550000
1.51795000 5.01175000
1.51805000 5.01188000
1.51815000 5.01199000
1.51825000 5.01212000
1.51835000 5.01223000
1.51845000 5.01236000
1.51855000 5.01248000
1.51865000 5.01259000
1.51875000 5.01272000
1.51885000 5.01283000
1.51895000 5.01295000
1.51905000 5.01306000
1.51915000 5.01319000
1.51925000 5.01329000
1.51935000 4.99960000
1.51945000 4.99971000
1.51955000 4.99982000
1.51965000 4.99995000
1.51975000 5.00006000
1.51985000 5.00018000
1.51995000 5.00030000
1.52005000 5.00041000
1.52015000 5.00052000
1.52025000 5.00064000
1.52035000 5.00075000
1.52045000 5.00086000
1.52055000 5.00098000
1.52065000 5.00109000
1.52075000 5.00120000
1.52085000 4.98754000
1.52095000 4.98765000
1.52105000 4.98777000
1.52115000 4.98789000
1.52125000 4.98799000
1.52135000 4.98811000
1.52145000 4.98822000
1.52155000 4.98833000
1.52165000 4.98843000
1.52175000 4.98855000
1.52185000 4.98866000
1.52195000 4.98876000
1.52205000 4.98887000
1.52215000 4.98898000
1.52225000 4.97537000
1.52235000 4.97548000
1.52245000 4.97559000
1.52255000 4.97570000
1.52265000 4.97580000
1.52275000 4.97591000
1.52285000 4.97602000
1.52295000 4.97613000
1.52305000 4.97623000
1.52315000 4.97634000
1.52325000 4.97645000
1.52335000 4.97654000
1.52345000 4.97665000
1.52355000 4.97676000
1.52365000 4.96319000
1.52375000 4.96329000
1.52385000 4.96340000
1.52395000 4.96351000
1.52405000 4.96361000
1.52415000 4.96371000
1.52425000 4.96382000
1.52435000 4.96392000
1.52445000 4.96402000
1.52455000 4.96412000
1.52465000 4.96423000
1.52475000 4.96432000
1.52485000 4.96443000
1.52495000 4.96452000
1.52505000 4.95100000
1.52515000 4.95111000
1.52525000 4.95121000
1.52535000 4.95131000
1.52545000 4.95141000
1.52555000 4.95151000
1.52565000 4.95160000
1.52575000 4.95171000
1.52585000 4.95181000
1.52595000 4.95190000
1.52605000 4.95200000
1.52615000 4.95209000
1.52625000 4.95219000
1.52635000 4.95229000
1.52645000 4.93881000
1.52655000 4.93892000
1.52665000 4.93900000
1.52675000 4.93911000
1.52685000 4.93920000
1.52695000 4.93930000
1.52705000 4.93939000
1.52715000 4.93949000
1.52725000 4.93959000
1.52735000 4.93967000
1.52745000 4.93977000
1.52755000 4.93986000
1.52765000 4.93996000
1.52775000 4.94004000
1.52785000 4.92662000
1.52795000 4.92671000
1.52805000 4.92680000
1.52815000 4.92690000
1.52825000 4.92699000
1.52835000 4.92708000
1.52845000 4.92717000
1.52855000 4.92727000
1.52865000 4.92735000
1.52875000 4.92745000
1.52885000 4.92753000
1.52895000 4.92762000
1.52905000 4.92771000
1.52915000 4.92780000
1.52925000 4.91441000
1.52935000 4.91451000
1.52945000 4.91459000
1.52955000 4.91468000
1.52965000 4.91478000
1.52975000 4.91485000
1.52985000 4.91495000
1.52995000 4.91504000
1.53005000 4.91512000
1.53015000 4.91520000
1.53025000 4.91529000
1.53035000 4.91538000
1.53045000 4.91546000
1.53055000 4.91554000
1.53065000 4.90221000
1.53075000 4.90229000
1.53085000 4.90238000
1.53095000 4.90246000
1.53105000 4.90255000
1.53115000 4.90263000
1.53125000 4.90272000
1.53135000 4.90280000
1.53145000 4.90288000
1.53155000 4.90296000
1.53165000 4.90304000
1.53175000 4.90313000
1.53185000 4.90320000
1.53195000 4.90329000
1.53205000 4.88999000
1.53215000 4.89007000
1.53225000 4.89016000
1.53235000 4.89024000
1.53245000 4.89032000
1.53255000 4.89040000
1.53265000 4.89047000
1.53275000 4.89056000
1.53285000 4.89064000
1.53295000 4.89071000
1.53305000 4.89079000
1.53315000 4.89087000
1.53325000 4.89094000
1.53335000 4.89102000
1.53345000 4.87777000
1.53355000 4.87785000
1.53365000 4.87793000
1.53375000 4.87801000
1.53385000 4.87808000
1.53395000 4.87816000
1.53405000 4.87824000
1.53415000 4.87831000
1.53425000 4.87838000
1.53435000 4.87846000
1.53445000 4.87853000
1.53455000 4.87861000
1.53465000 4.87867000
1.53475000 4.87875000
1.53485000 4.86555000
1.53495000 4.86562000
1.53505000 4.86570000
1.53515000 4.86576000
1.53525000 4.86585000
1.53535000 4.86591000
1.53545000 4.86599000
1.53555000 4.86606000
1.53565000 4.86612000
1.53575000 4.86620000
1.53585000 4.86627000
1.53595000 4.86633000
1.53605000 4.86641000
1.53615000 4.86647000
1.53625000 4.85332000
1.53635000 4.85338000
1.53645000 4.85346000
1.53655000 4.85353000
1.53665000 4.85359000
1.53675000 4.85367000
1.53685000 4.85373000
1.53695000 4.85380000
1.53705000 4.85386000
1.53715000 4.85393000
1.53725000 4.85400000
1.53735000 4.85406000
1.53745000 4.85413000
1.53755000 4.85419000
1.53765000 4.84108000
1.53775000 4.84114000
1.53785000 4.84122000
1.53795000 4.84127000
1.53805000 4.84135000
1.53815000 4.84140000
1.53825000 4.84148000
1.53835000 4.84153000
1.53845000 4.84160000
1.53855000 4.84166000
1.53865000 4.84172000
1.53875000 4.84178000
1.53885000 4.84184000
1.53895000 4.84191000
1.53905000 4.82883000
1.53915000 4.82890000
1.53925000 4.82896000
1.53935000 4.82903000
1.53945000 4.82908000
1.53955000 4.82915000
1.53965000 4.82920000
1.53975000 4.82927000
1.53985000 4.82932000
1.53995000 4.82938000
1.54005000 4.82944000
1.54015000 4.82950000
1.54025000 4.82955000
1.54035000 4.82961000
1.54045000 4.81659000
1.54055000 4.81665000
1.54065000 4.81670000
1.54075000 4.81677000
1.54085000 4.81682000
1.54095000 4.81688000
1.54105000 4.81693000
1.54115000 4.81699000
1.54125000 4.81704000
1.54135000 4.81710000
1.54145000 4.81715000
1.54155000 4.81721000
1.54165000 4.81726000
1.54175000 4.81731000
1.54185000 4.80433000
1.54195000 4.80439000
1.54205000 4.80444000
1.54215000 4.80450000
1.54225000 4.80455000
1.54235000 4.80461000
1.54245000 4.80465000
1.54255000 4.80471000
1.54265000 4.80476000
1.54275000 4.80481000
1.54285000 4.80486000
1.54295000 4.80491000
1.54305000 4.80496000
1.54315000 4.80500000
1.54325000 4.79207000
1.54335000 4.79213000
1.54345000 4.79218000
1.54355000 4.79222000
1.54365000 4.79228000
1.54375000 4.79232000
1.54385000 4.79238000
1.54395000 4.79242000
1.54405000 4.79247000
1.54415000 4.79251000
1.54425000 4.79256000
1.54435000 4.79261000
1.54445000 4.79265000
1.54455000 4.79269000
1.54465000 4.77981000
1.54475000 4.77986000
1.54485000 4.77990000
1.54495000 4.77995000
1.54505000 4.77999000
1.54515000 4.78004000
1.54525000 4.78009000
1.54535000 4.78013000
1.54545000 4.78017000
1.54555000 4.78021000
1.54565000 4.78026000
1.54575000 4.78030000
1.54585000 4.78034000
1.54595000 4.78038000
1.54605000 4.76753000
1.54615000 4.76758000
1.54625000 4.76763000
1.54635000 4.76766000
1.54645000 4.76771000
1.54655000 4.76775000
1.54665000 4.76779000
1.54675000 4.76783000
1.54685000 4.76787000
1.54695000 4.76791000
1.54705000 4.76794000
1.54715000 4.76799000
1.54725000 4.76802000
1.54735000 4.75522000
1.54745000 4.75526000
1.54755000 4.75530000
1.54765000 4.75534000
1.54775000 4.75538000
1.54785000 4.75541000
1.54795000 4.75546000
1.54805000 4.75549000
1.54815000 4.75552000
1.54825000 4.75556000
1.54835000 4.75560000
1.54845000 4.75563000
1.54855000 4.75566000
1.54865000 4.75570000
1.54875000 4.74294000
1.54885000 4.74298000
1.54895000 4.74302000
1.54905000 4.74304000
1.54915000 4.74309000
1.54925000 4.74311000
1.54935000 4.74316000
1.54945000 4.74318000
1.54955000 4.74322000
1.54965000 4.74324000
1.54975000 4.74328000
1.54985000 4.74331000
1.54995000 4.74334000
1.55005000 4.74337000
1.55015000 4.73066000
1.55025000 4.73069000
1.55035000 4.73072000
1.55045000 4.73075000
1.55055000 4.73078000
1.55065000 4.73082000
1.55075000 4.73084000
1.55085000 4.73087000
1.55095000 4.73090000
1.55105000 4.73093000
1.55115000 4.73096000
1.55125000 4.73098000
1.55135000 4.73101000
1.55145000 4.73103000
1.55155000 4.71837000
1.55165000 4.71839000
1.55175000 4.71843000
1.55185000 4.71845000
1.55195000 4.71848000
1.55205000 4.71850000
1.55215000 4.71853000
1.55225000 4.71855000
1.55235000 4.71858000
1.55245000 4.71861000
1.55255000 4.71862000
1.55265000 4.71865000
1.55275000 4.71868000
1.55285000 4.71869000
1.55295000 4.70607000
1.55305000 4.70610000
1.55315000 4.70612000
1.55325000 4.70614000
1.55335000 4.70617000
1.55345000 4.70619000
1.55355000 4.70621000
1.55365000 4.70623000
1.55375000 4.70625000
1.55385000 4.70627000
1.55395000 4.70630000
1.55405000 4.70631000
1.55415000 4.70633000
1.55425000 4.70634000
1.55435000 4.69377000
1.55445000 4.69379000
1.55455000 4.69382000
1.55465000 4.69383000
1.55475000 4.69385000
1.55485000 4.69386000
1.55495000 4.69389000
1.55505000 4.69390000
1.55515000 4.69392000
1.55525000 4.69394000
1.55535000 4.69395000
1.55545000 4.69397000
1.55555000 4.69398000
1.55565000 4.69400000
1.55575000 4.68146000
1.55585000 4.68148000
1.55595000 4.68150000
1.55605000 4.68151000
1.55615000 4.68152000
1.55625000 4.68155000
1.55635000 4.68155000
1.55645000 4.68157000
1.55655000 4.68158000
1.55665000 4.68160000
1.55675000 4.68160000
1.55685000 4.68162000
1.55695000 4.68163000
1.55705000 4.66914000
1.55715000 4.66915000
1.55725000 4.66916000
1.55735000 4.66917000
1.55745000 4.66919000
1.55755000 4.66920000
1.55765000 4.66921000
1.55775000 4.66922000
1.55785000 4.66923000
1.55795000 4.66924000
1.55805000 4.66924000
1.55815000 4.66926000
1.55825000 4.66926000
1.55835000 4.66927000
1.55845000 4.65682000
1.55855000 4.65683000
1.55865000 4.65684000
1.55875000 4.65685000
1.55885000 4.65686000
1.55895000 4.65687000
1.55905000 4.65687000
1.55915000 4.65688000
1.55925000 4.65688000
1.55935000 4.65689000
1.55945000 4.65689000
1.55955000 4.65690000
1.55965000 4.65690000
1.55975000 4.65691000
1.55985000 4.64450000
1.55995000 4.64451000
1.56005000 4.64451000
1.56015000 4.64452000
1.56025000 4.64452000
1.56035000 4.64452000
1.56045000 4.64453000
1.56055000 4.64453000
1.56065000 4.64453000
1.56075000 4.64454000
1.56085000 4.64453000
1.56095000 4.64454000
1.56105000 4.64454000
1.56115000 4.64453000
1.56125000 4.63218000
1.56135000 4.63217000
1.56145000 4.63218000
1.56155000 4.63218000
1.56165000 4.63218000
1.56175000 4.63218000
1.56185000 4.63218000
1.56195000 4.63218000
1.56205000 4.63217000
1.56215000 4.63218000
1.56225000 4.63217000
1.56235000 4.63217000
1.56245000 4.63216000
1.56255000 4.61985000
1.56265000 4.61984000
1.56275000 4.61984000
1.56285000 4.61984000
1.56295000 4.61984000
1.56305000 4.61983000
1.56315000 4.61983000
1.56325000 4.61982000
1.56335000 4.61982000
1.56345000 4.61982000
1.56355000 4.61981000
1.56365000 4.61980000
1.56375000 4.61979000
1.56385000 4.61979000
1.56395000 4.60751000
1.56405000 4.60750000
1.56415000 4.60750000
1.56425000 4.60750000
1.56435000 4.60749000
1.56445000 4.60748000
1.56455000 4.60747000
1.56465000 4.60747000
1.56475000 4.60745000
1.56485000 4.60745000
1.56495000 4.60743000
1.56505000 4.60743000
1.56515000 4.60742000
1.56525000 4.60740000
1.56535000 4.59517000
1.56545000 4.59516000
1.56555000 4.59516000
1.56565000 4.59514000
1.56575000 4.59513000
1.56585000 4.59513000
1.56595000 4.59511000
1.56605000 4.59510000
1.56615000 4.59508000
1.56625000 4.59508000
1.56635000 4.59506000
1.56645000 4.59504000
1.56655000 4.59503000
1.56665000 4.59502000
1.56675000 4.58282000
1.56685000 4.58282000
1.56695000 4.58280000
1.56705000 4.58279000
1.56715000 4.58277000
1.56725000 4.58276000
1.56735000 4.58274000
1.56745000 4.58273000
1.56755000 4.58271000
1.56765000 4.58270000
1.56775000 4.58267000
1.56785000 4.58266000
1.56795000 4.58264000
1.56805000 4.57049000
1.56815000 4.57048000
1.56825000 4.57046000
1.56835000 4.57045000
1.56845000 4.57042000
1.56855000 4.57041000
1.56865000 4.57039000
1.56875000 4.57037000
1.56885000 4.57035000
1.56895000 4.57033000
1.56905000 4.57031000
1.56915000 4.57029000
1.56925000 4.57027000
1.56935000 4.57024000
1.56945000 4.55814000
1.56955000 4.55812000
1.56965000 4.55811000
1.56975000 4.55808000
1.56985000 4.55806000
1.56995000 4.55803000
1.57005000 4.55802000
1.57015000 4.55799000
1.57025000 4.55797000
1.57035000 4.55794000
1.57045000 4.55792000
1.57055000 4.55790000
1.57065000 4.55787000
1.57075000 4.55784000
1.57085000 4.54578000
1.57095000 4.54576000
1.57105000 4.54574000
1.57115000 4.54571000
1.57125000 4.54569000
1.57135000 4.54566000
1.57145000 4.54563000
1.57155000 4.54561000
1.57165000 4.54558000
1.57175000 4.54555000
1.57185000 4.54553000
1.57195000 4.54549000
1.57205000 4.54547000
1.57215000 4.53345000
1.57225000 4.53342000
1.57235000 4.53339000
1.57245000 4.53337000
1.57255000 4.53333000
1.57265000 4.53331000
1.57275000 4.53328000
1.57285000 4.53325000
1.57295000 4.53322000
1.57305000 4.53319000
1.57315000 4.53315000
1.57325000 4.53313000
1.57335000 4.53309000
1.57345000 4.53305000
1.57355000 4.52109000
1.57365000 4.52105000
1.57375000 4.52102000
1.57385000 4.52099000
1.57395000 4.52096000
1.57405000 4.52092000
1.57415000 4.52089000
1.57425000 4.52086000
1.57435000 4.52082000
1.57445000 4.52079000
1.57455000 4.52076000
1.57465000 4.52071000
1.57475000 4.52068000
1.57485000 4.52065000
1.57495000 4.50871000
1.57505000 4.50868000
1.57515000 4.50864000
1.57525000 4.50861000
1.57535000 4.50857000
1.57545000 4.50853000
1.57555000 4.50850000
1.57565000 4.50846000
1.57575000 4.50843000
1.57585000 4.50838000
1.57595000 4.50835000
1.57605000 4.50830000
1.57615000 4.50827000
1.57625000 4.49637000
1.57635000 4.49634000
1.57645000 4.49630000
1.57655000 4.49626000
1.57665000 4.49622000
1.57675000 4.49618000
1.57685000 4.49614000
1.57695000 4.49610000
1.57705000 4.49606000
1.57715000 4.49601000
1.57725000 4.49598000
1.57735000 4.49593000
1.57745000 4.49589000
1.57755000 4.49584000
1.57765000 4.48400000
1.57775000 4.48395000
1.57785000 4.48392000
1.57795000 4.48387000
1.57805000 4.48383000
1.57815000 4.48378000
1.57825000 4.48374000
1.57835000 4.48370000
1.57845000 4.48365000
1.57855000 4.48361000
1.57865000 4.48356000
1.57875000 4.48351000
1.57885000 4.48346000
1.57895000 4.47166000
1.57905000 4.47161000
1.57915000 4.47157000
1.57925000 4.47153000
1.57935000 4.47147000
1.57945000 4.47143000
1.57955000 4.47139000
1.57965000 4.47133000
1.57975000 4.47129000
1.57985000 4.47124000
1.57995000 4.47119000
1.58005000 4.47114000
1.58015000 4.47108000
1.58025000 4.47104000
1.58035000 4.45927000
1.58045000 4.45923000
1.58055000 4.45918000
1.58065000 4.45912000
1.58075000 4.45908000
1.58085000 4.45903000
1.58095000 4.45897000
1.58105000 4.45893000
1.58115000 4.45887000
1.58125000 4.45882000
1.58135000 4.45877000
1.58145000 4.45871000
1.58155000 4.45866000
1.58165000 4.45860000
1.58175000 4.44689000
1.58185000 4.44683000
1.58195000 4.44678000
1.58205000 4.44672000
1.58215000 4.44667000
1.58225000 4.44662000
1.58235000 4.44657000
1.58245000 4.44650000
1.58255000 4.44646000
1.58265000 4.44639000
1.58275000 4.44634000
1.58285000 4.44628000
1.58295000 4.44623000
1.58305000 4.43454000
1.58315000 4.43449000
1.58325000 4.43443000
1.58335000 4.43438000
1.58345000 4.43432000
1.58355000 4.43426000
1.58365000 4.43420000
1.58375000 4.43415000
1.58385000 4.43408000
1.58395000 4.43403000
1.58405000 4.43397000
1.58415000 4.43390000
1.58425000 4.43385000
1.58435000 4.43378000
1.58445000 4.42215000
1.58455000 4.42209000
1.58465000 4.42202000
1.58475000 4.42197000
1.58485000 4.42191000
1.58495000 4.42184000
1.58505000 4.42179000
1.58515000 4.42172000
1.58525000 4.42166000
1.58535000 4.42160000
1.58545000 4.42153000
1.58555000 4.42147000
1.58565000 4.42140000
1.58575000 4.40981000
1.58585000 4.40974000
1.58595000 4.40968000
1.58605000 4.40962000
1.58615000 4.40955000
1.58625000 4.40949000
1.58635000 4.40943000
1.58645000 4.40936000
1.58655000 4.40929000
1.58665000 4.40923000
1.58675000 4.40916000
1.58685000 4.40909000
1.58695000 4.40903000
1.58705000 4.40895000
1.58715000 4.39740000
1.58725000 4.39734000
1.58735000 4.39727000
1.58745000 4.39720000
1.58755000 4.39714000
1.58765000 4.39706000
1.58775000 4.39700000
1.58785000 4.39693000
1.58795000 4.39686000
1.58805000 4.39679000
1.58815000 4.39672000
1.58825000 4.39665000
1.58835000 4.39657000
1.58845000 4.38507000
1.58855000 4.38499000
1.58865000 4.38492000
1.58875000 4.38485000
1.58885000 4.38478000
1.58895000 4.38472000
1.58905000 4.38463000
1.58915000 4.38457000
1.58925000 4.38450000
1.58935000 4.38442000
1.58945000 4.38434000
1.58955000 4.38428000
1.58965000 4.38419000
1.58975000 4.38413000
1.58985000 4.37265000
1.58995000 4.37257000
1.59005000 4.37251000
1.59015000 4.37243000
1.59025000 4.37235000
1.59035000 4.37229000
1.59045000 4.37220000
1.59055000 4.37213000
1.59065000 4.37205000
1.59075000 4.37198000
1.59085000 4.37190000
1.59095000 4.37182000
1.59105000 4.37174000
1.59115000 4.36031000
1.59125000 4.36024000
1.59135000 4.36015000
1.59145000 4.36008000
1.59155000 4.36001000
1.59165000 4.35992000
1.59175000 4.35985000
1.59185000 4.35977000
1.59195000 4.35969000
1.59205000 4.35960000
1.59215000 4.35953000
1.59225000 4.35945000
1.59235000 4.35936000
1.59245000 4.35928000
1.59255000 4.34789000
1.59265000 4.34782000
1.59275000 4.34773000
1.59285000 4.34765000
1.59295000 4.34757000
1.59305000 4.34749000
1.59315000 4.34741000
1.59325000 4.34732000
1.59335000 4.34724000
1.59345000 4.34716000
1.59355000 4.34707000
1.59365000 4.34699000
1.59375000 4.34690000
1.59385000 4.33555000
1.59395000 4.33547000
1.59405000 4.33538000
1.59415000 4.33531000
1.59425000 4.33521000
1.59435000 4.33514000
1.59445000 4.33504000
1.59455000 4.33497000
1.59465000 4.33487000
1.59475000 4.33479000
1.59485000 4.33470000
1.59495000 4.33461000
1.59505000 4.33452000
1.59515000 4.33444000
1.59525000 4.32313000
1.59535000 4.32304000
1.59545000 4.32295000
1.59555000 4.32287000
1.59565000 4.32278000
1.59575000 4.32268000
1.59585000 4.32261000
1.59595000 4.32251000
1.59605000 4.32242000
1.59615000 4.32233000
1.59625000 4.32224000
1.59635000 4.32214000
1.59645000 4.32206000
1.59655000 4.31079000
1.59665000 4.31069000
1.59675000 4.31061000
1.59685000 4.31052000
1.59695000 4.31042000
1.59705000 4.31034000
1.59715000 4.31024000
1.59725000 4.31015000
1.59735000 4.31005000
1.59745000 4.30997000
1.59755000 4.30986000
1.59765000 4.30978000
1.59775000 4.30967000
1.59785000 4.30958000
1.59795000 4.29836000
1.59805000 4.29826000
1.59815000 4.29817000
1.59825000 4.29808000
1.59835000 4.29798000
1.59845000 4.29788000
1.59855000 4.29779000
1.59865000 4.29769000
1.59875000 4.29760000
1.59885000 4.29749000
1.59895000 4.29740000
1.59905000 4.29730000
1.59915000 4.29721000
1.59925000 4.28601000
1.59935000 4.28592000
1.59945000 4.28582000
1.59955000 4.28573000
1.59965000 4.28563000
1.59975000 4.28552000
1.59985000 4.28543000
1.59995000 4.28533000
1.60005000 4.28523000
1.60015000 4.28513000
1.60025000 4.28503000
1.60035000 4.28493000
1.60045000 4.28482000
1.60055000 4.28472000
1.60065000 4.27358000
1.60075000 4.27348000
1.60085000 4.27338000
1.60095000 4.27328000
1.60105000 4.27317000
1.60115000 4.27307000
1.60125000 4.27297000
1.60135000 4.27287000
1.60145000 4.27276000
1.60155000 4.27266000
1.60165000 4.27256000
1.60175000 4.27244000
1.60185000 4.27235000
1.60195000 4.26124000
1.60205000 4.26113000
1.60215000 4.26103000
1.60225000 4.26093000
1.60235000 4.26082000
1.60245000 4.26072000
1.60255000 4.26061000
1.60265000 4.26051000
1.60275000 4.26040000
1.60285000 4.26029000
1.60295000 4.26018000
1.60305000 4.26007000
1.60315000 4.25997000
1.60325000 4.24890000
1.60335000 4.24879000
1.60345000 4.24869000
1.60355000 4.24858000
1.60365000 4.24847000
1.60375000 4.24837000
1.60385000 4.24825000
1.60395000 4.24815000
1.60405000 4.24803000
1.60415000 4.24793000
1.60425000 4.24781000
1.60435000 4.24771000
1.60445000 4.24759000
1.60455000 4.24747000
1.60465000 4.23646000
1.60475000 4.23634000
1.60485000 4.23624000
1.60495000 4.23612000
1.60505000 4.23601000
1.60515000 4.23590000
1.60525000 4.23579000
1.60535000 4.23568000
1.60545000 4.23556000
1.60555000 4.23544000
1.60565000 4.23534000
1.60575000 4.23521000
1.60585000 4.23510000
1.60595000 4.22412000
1.60605000 4.22401000
1.60615000 4.22389000
1.60625000 4.22377000
1.60635000 4.22367000
1.60645000 4.22354000
1.60655000 4.22343000
1.60665000 4.22332000
1.60675000 4.22320000
1.60685000 4.22308000
1.60695000 4.22296000
1.60705000 4.22285000
1.60715000 4.22272000
1.60725000 4.22261000
1.60735000 4.21167000
1.60745000 4.21154000
1.60755000 4.21144000
1.60765000 4.21131000
1.60775000 4.21120000
1.60785000 4.21107000
1.60795000 4.21096000
1.60805000 4.21084000
1.60815000 4.21072000
1.60825000 4.21059000
1.60835000 4.21048000
1.60845000 4.21035000
1.60855000 4.21023000
1.60865000 4.19933000
1.60875000 4.19921000
1.60885000 4.19909000
1.60895000 4.19896000
1.60905000 4.19885000
1.60915000 4.19873000
1.60925000 4.19860000
1.60935000 4.19848000
1.60945000 4.19835000
1.60955000 4.19823000
1.60965000 4.19811000
1.60975000 4.19798000
1.60985000 4.19786000
1.60995000 4.18699000
1.61005000 4.18687000
1.61015000 4.18675000
1.61025000 4.18662000
1.61035000 4.18650000
1.61045000 4.18637000
1.61055000 4.18625000
1.61065000 4.18613000
1.61075000 4.18599000
1.61085000 4.18587000
1.61095000 4.18574000
1.61105000 4.18561000
1.61115000 4.18549000
1.61125000 4.18535000
1.61135000 4.17454000
1.61145000 4.17440000
1.61155000 4.17428000
1.61165000 4.17416000
1.61175000 4.17402000
1.61185000 4.17390000
1.61195000 4.17376000
1.61205000 4.17364000
1.61215000 4.17351000
1.61225000 4.17338000
1.61235000 4.17324000
1.61245000 4.17312000
1.61255000 4.17298000
1.61265000 4.16220000
1.61275000 4.16207000
1.61285000 4.16193000
1.61295000 4.16181000
1.61305000 4.16168000
1.61315000 4.16155000
1.61325000 4.16141000
1.61335000 4.16128000
1.61345000 4.16115000
1.61355000 4.16101000
1.61365000 4.16088000
1.61375000 4.16075000
1.61385000 4.16061000
1.61395000 4.14987000
1.61405000 4.14973000
1.61415000 4.14960000
1.61425000 4.14947000
1.61435000 4.14933000
1.61445000 4.14920000
1.61455000 4.14906000
1.61465000 4.14893000
1.61475000 4.14879000
1.61485000 4.14865000
1.61495000 4.14852000
1.61505000 4.14838000
1.61515000 4.14824000
1.61525000 4.13753000
1.61535000 4.13740000
1.61545000 4.13726000
1.61555000 4.13713000
1.61565000 4.13699000
1.61575000 4.13685000
1.61585000 4.13672000
1.61595000 4.13657000
1.61605000 4.13643000
1.61615000 4.13630000
1.61625000 4.13615000
1.61635000 4.13602000
1.61645000 4.13587000
1.61655000 4.13573000
1.61665000 4.12507000
1.61675000 4.12493000
1.61685000 4.12479000
1.61695000 4.12464000
1.61705000 4.12451000
1.61715000 4.12437000
1.61725000 4.12422000
1.61735000 4.12408000
1.61745000 4.12394000
1.61755000 4.12380000
1.61765000 4.12365000
1.61775000 4.12350000
1.61785000 4.12337000
1.61795000 4.11273000
1.61805000 4.11260000
1.61815000 4.11245000
1.61825000 4.11231000
1.61835000 4.11216000
1.61845000 4.11202000
1.61855000 4.11188000
1.61865000 4.11173000
1.61875000 4.11158000
1.61885000 4.11144000
1.61895000 4.11129000
1.61905000 4.11114000
1.61915000 4.11100000
1.61925000 4.10041000
1.61935000 4.10026000
1.61945000 4.10012000
1.61955000 4.09997000
1.61965000 4.09982000
1.61975000 4.09968000
1.61985000 4.09953000
1.61995000 4.09938000
1.62005000 4.09923000
1.62015000 4.09908000
1.62025000 4.09893000
1.62035000 4.09878000
1.62045000 4.09863000
1.62055000 4.09848000
1.62065000 4.08794000
1.62075000 4.08778000
1.62085000 4.08764000
1.62095000 4.08748000
1.62105000 4.08734000
1.62115000 4.08718000
1.62125000 4.08704000
1.62135000 4.08688000
1.62145000 4.08672000
1.62155000 4.08658000
1.62165000 4.08642000
1.62175000 4.08627000
1.62185000 4.08611000
1.62195000 4.07561000
1.62205000 4.07545000
1.62215000 4.07530000
1.62225000 4.07515000
1.62235000 4.07500000
1.62245000 4.07484000
1.62255000 4.07469000
1.62265000 4.07453000
1.62275000 4.07438000
1.62285000 4.07422000
1.62295000 4.07406000
1.62305000 4.07391000
1.62315000 4.07375000
1.62325000 4.06328000
1.62335000 4.06312000
1.62345000 4.06297000
1.62355000 4.06282000
1.62365000 4.06266000
1.62375000 4.06250000
1.62385000 4.06234000
1.62395000 4.06219000
1.62405000 4.06202000
1.62415000 4.06187000
1.62425000 4.06171000
1.62435000 4.06155000
1.62445000 4.06138000
1.62455000 4.05096000
1.62465000 4.05080000
1.62475000 4.05064000
1.62485000 4.05048000
1.62495000 4.05033000
1.62505000 4.05016000
1.62515000 4.05000000
1.62525000 4.04984000
1.62535000 4.04968000
1.62545000 4.04952000
1.62555000 4.04935000
1.62565000 4.04919000
1.62575000 4.04903000
1.62585000 4.04887000
1.62595000 4.03847000
1.62605000 4.03831000
1.62615000 4.03816000
1.62625000 4.03799000
1.62635000 4.03782000
1.62645000 4.03766000
1.62655000 4.03750000
1.62665000 4.03734000
1.62675000 4.03717000
1.62685000 4.03700000
1.62695000 4.03684000
1.62705000 4.03667000
1.62715000 4.03650000
1.62725000 4.02615000
1.62735000 4.02599000
1.62745000 4.02582000
1.62755000 4.02566000
1.62765000 4.02549000
1.62775000 4.02533000
1.62785000 4.02516000
1.62795000 4.02499000
1.62805000 4.02482000
1.62815000 4.02465000
1.62825000 4.02449000
1.62835000 4.02431000
1.62845000 4.02415000
1.62855000 4.01383000
1.62865000 4.01366000
1.62875000 4.01350000
1.62885000 4.01333000
1.62895000 4.01316000
1.62905000 4.01299000
1.62915000 4.01282000
1.62925000 4.01265000
1.62935000 4.01248000
1.62945000 4.01230000
1.62955000 4.01214000
1.62965000 4.01196000
1.62975000 4.01179000
1.62985000 4.00151000
1.62995000 4.00135000
1.63005000 4.00117000
1.63015000 4.00100000
1.63025000 4.00083000
1.63035000 4.00066000
1.63045000 4.00048000
1.63055000 4.00031000
1.63065000 4.00014000
1.63075000 3.99996000
1.63085000 3.99978000
1.63095000 3.99961000
1.63105000 3.99944000
1.63115000 3.98920000
1.63125000 3.98902000
1.63135000 3.98885000
1.63145000 3.98868000
1.63155000 3.98850000
1.63165000 3.98833000
1.63175000 3.98815000
1.63185000 3.98797000
1.63195000 3.98780000
1.63205000 3.98762000
1.63215000 3.98744000
1.63225000 3.98726000
1.63235000 3.98708000
1.63245000 3.97688000
1.63255000 3.97671000
1.63265000 3.97653000
1.63275000 3.97636000
1.63285000 3.97617000
1.63295000 3.97600000
1.63305000 3.97582000
1.63315000 3.97564000
1.63325000 3.97546000
1.63335000 3.97527000
1.63345000 3.97510000
1.63355000 3.97492000
1.63365000 3.97473000
1.63375000 3.97455000
1.63385000 3.96439000
1.63395000 3.96422000
1.63405000 3.96403000
1.63415000 3.96385000
1.63425000 3.96367000
1.63435000 3.96349000
1.63445000 3.96331000
1.63455000 3.96312000
1.63465000 3.96294000
1.63475000 3.96276000
1.63485000 3.96257000
1.63495000 3.96238000
1.63505000 3.96220000
1.63515000 3.95208000
1.63525000 3.95190000
1.63535000 3.95172000
1.63545000 3.95153000
1.63555000 3.95134000
1.63565000 3.95117000
1.63575000 3.95097000
1.63585000 3.95079000
1.63595000 3.95060000
1.63605000 3.95042000
1.63615000 3.95023000
1.63625000 3.95004000
1.63635000 3.94985000
1.63645000 3.93977000
1.63655000 3.93959000
1.63665000 3.93940000
1.63675000 3.93921000
1.63685000 3.93902000
1.63695000 3.93884000
1.63705000 3.93865000
1.63715000 3.93846000
1.63725000 3.93827000
1.63735000 3.93808000
1.63745000 3.93788000
1.63755000 3.93770000
1.63765000 3.93751000
1.63775000 3.92746000
1.63785000 3.92728000
1.63795000 3.92708000
1.63805000 3.92690000
1.63815000 3.92670000
1.63825000 3.92652000
1.63835000 3.92632000
1.63845000 3.92613000
1.63855000 3.92594000
1.63865000 3.92574000
1.63875000 3.92555000
1.63885000 3.92536000
1.63895000 3.92516000
1.63905000 3.91516000
1.63915000 3.91497000
1.63925000 3.91477000
1.63935000 3.91458000
1.63945000 3.91439000
1.63955000 3.91419000
1.63965000 3.91400000
1.63975000 3.91380000
1.63985000 3.91361000
1.63995000 3.91342000
1.64005000 3.91321000
1.64015000 3.91302000
1.64025000 3.91282000
1.64035000 3.90286000
1.64045000 3.90266000
1.64055000 3.90246000
1.64065000 3.90227000
1.64075000 3.90207000
1.64085000 3.90188000
1.64095000 3.90168000
1.64105000 3.90148000
1.64115000 3.90128000
1.64125000 3.90108000
1.64135000 3.90089000
1.64145000 3.90068000
1.64155000 3.90048000
1.64165000 3.89056000
1.64175000 3.89035000
1.64185000 3.89016000
1.64195000 3.88996000
1.64205000 3.88976000
1.64215000 3.88956000
1.64225000 3.88936000
1.64235000 3.88916000
1.64245000 3.88895000
1.64255000 3.88876000
1.64265000 3.88855000
1.64275000 3.88835000
1.64285000 3.88815000
1.64295000 3.87826000
1.64305000 3.87805000
1.64315000 3.87785000
1.64325000 3.87766000
1.64335000 3.87744000
1.64345000 3.87725000
1.64355000 3.87704000
1.64365000 3.87684000
1.64375000 3.87664000
1.64385000 3.87643000
1.64395000 3.87623000
1.64405000 3.87602000
1.64415000 3.87581000
1.64425000 3.86596000
1.64435000 3.86575000
1.64445000 3.86555000
1.64455000 3.86535000
1.64465000 3.86514000
1.64475000 3.86494000
1.64485000 3.86473000
1.64495000 3.86452000
1.64505000 3.86432000
1.64515000 3.86411000
1.64525000 3.86390000
1.64535000 3.86369000
1.64545000 3.86348000
1.64555000 3.85367000
1.64565000 3.85345000
1.64575000 3.85326000
1.64585000 3.85304000
1.64595000 3.85284000
1.64605000 3.85262000
1.64615000 3.85242000
1.64625000 3.85221000
1.64635000 3.85200000
1.64645000 3.85179000
1.64655000 3.85157000
1.64665000 3.85137000
1.64675000 3.85115000
1.64685000 3.84138000
1.64695000 3.84116000
1.64705000 3.84096000
1.64715000 3.84074000
1.64725000 3.84053000
1.64735000 3.84033000
1.64745000 3.84011000
1.64755000 3.83989000
1.64765000 3.83969000
1.64775000 3.83947000
1.64785000 3.83925000
1.64795000 3.83905000
1.64805000 3.83882000
1.64815000 3.83862000
1.64825000 3.82887000
1.64835000 3.82866000
1.64845000 3.82845000
1.64855000 3.82823000
1.64865000 3.82802000
1.64875000 3.82780000
1.64885000 3.82759000
1.64895000 3.82737000
1.64905000 3.82716000
1.64915000 3.82694000
1.64925000 3.82672000
1.64935000 3.82650000
1.64945000 3.82629000
1.64955000 3.81658000
1.64965000 3.81637000
1.64975000 3.81615000
1.64985000 3.81593000
1.64995000 3.81572000
1.65005000 3.81550000
1.65015000 3.81528000
1.65025000 3.81507000
1.65035000 3.81484000
1.65045000 3.81462000
1.65055000 3.81441000
1.65065000 3.81418000
1.65075000 3.81396000
1.65085000 3.80430000
1.65095000 3.80408000
1.65105000 3.80386000
1.65115000 3.80364000
1.65125000 3.80342000
1.65135000 3.80319000
1.65145000 3.80298000
1.65155000 3.80276000
1.65165000 3.80253000
1.65175000 3.80231000
1.65185000 3.80209000
1.65195000 3.80187000
1.65205000 3.80164000
1.65215000 3.79201000
1.65225000 3.79179000
1.65235000 3.79157000
1.65245000 3.79135000
1.65255000 3.79112000
1.65265000 3.79090000
1.65275000 3.79068000
1.65285000 3.79045000
1.65295000 3.79023000
1.65305000 3.79000000
1.65315000 3.78977000
1.65325000 3.78955000
1.65335000 3.78932000
1.65345000 3.77974000
1.65355000 3.77950000
1.65365000 3.77928000
1.65375000 3.77906000
1.65385000 3.77883000
1.65395000 3.77861000
1.65405000 3.77837000
1.65415000 3.77815000
1.65425000 3.77793000
1.65435000 3.77769000
1.65445000 3.77747000
1.65455000 3.77723000
1.65465000 3.77701000
1.65475000 3.76745000
1.65485000 3.76723000
1.65495000 3.76699000
1.65505000 3.76677000
1.65515000 3.76654000
1.65525000 3.76631000
1.65535000 3.76609000
1.65545000 3.76585000
1.65555000 3.76562000
1.65565000 3.76539000
1.65575000 3.76516000
1.65585000 3.76492000
1.65595000 3.76469000
1.65605000 3.75518000
1.65615000 3.75495000
1.65625000 3.75471000
1.65635000 3.75449000
1.65645000 3.75425000
1.65655000 3.75402000
1.65665000 3.75379000
1.65675000 3.75355000
1.65685000 3.75333000
1.65695000 3.75308000
1.65705000 3.75286000
1.65715000 3.75262000
1.65725000 3.74313000
1.65735000 3.74290000
1.65745000 3.74267000
1.65755000 3.74244000
1.65765000 3.74220000
1.65775000 3.74197000
1.65785000 3.74173000
1.65795000 3.74150000
1.65805000 3.74126000
1.65815000 3.74103000
1.65825000 3.74079000
1.65835000 3.74055000
1.65845000 3.74031000
1.65855000 3.73087000
1.65865000 3.73063000
1.65875000 3.73040000
1.65885000 3.73016000
1.65895000 3.72992000
1.65905000 3.72969000
1.65915000 3.72945000
1.65925000 3.72921000
1.65935000 3.72897000
1.65945000 3.72873000
1.65955000 3.72849000
1.65965000 3.72826000
1.65975000 3.72801000
1.65985000 3.71860000
1.65995000 3.71836000
1.66005000 3.71813000
1.66015000 3.71789000
1.66025000 3.71764000
1.66035000 3.71741000
1.66045000 3.71717000
1.66055000 3.71692000
1.66065000 3.71669000
1.66075000 3.71644000
1.66085000 3.71620000
1.66095000 3.71595000
1.66105000 3.71571000
1.66115000 3.70634000
1.66125000 3.70610000
1.66135000 3.70586000
1.66145000 3.70562000
1.66155000 3.70537000
1.66165000 3.70513000
1.66175000 3.70489000
1.66185000 3.70464000
1.66195000 3.70440000
1.66205000 3.70415000
1.66215000 3.70391000
1.66225000 3.70367000
1.66235000 3.70341000
1.66245000 3.69408000
1.66255000 3.69384000
1.66265000 3.69359000
1.66275000 3.69335000
1.66285000 3.69310000
1.66295000 3.69286000
1.66305000 3.69261000
1.66315000 3.69236000
1.66325000 3.69212000
1.66335000 3.69187000
1.66345000 3.69162000
1.66355000 3.69137000
1.66365000 3.69113000
1.66375000 3.68182000
1.66385000 3.68158000
1.66395000 3.68133000
1.66405000 3.68108000
1.66415000 3.68084000
1.66425000 3.68058000
1.66435000 3.68034000
1.66445000 3.68009000
1.66455000 3.67984000
1.66465000 3.67958000
1.66475000 3.67934000
1.66485000 3.67908000
1.66495000 3.67884000
1.66505000 3.66957000
1.66515000 3.66932000
1.66525000 3.66907000
1.66535000 3.66882000
1.66545000 3.66857000
1.66555000 3.66832000
1.66565000 3.66807000
1.66575000 3.66781000
1.66585000 3.66756000
1.66595000 3.66731000
1.66605000 3.66706000
1.66615000 3.66680000
1.66625000 3.66654000
1.66635000 3.65732000
1.66645000 3.65707000
1.66655000 3.65681000
1.66665000 3.65657000
1.66675000 3.65630000
1.66685000 3.65606000
1.66695000 3.65580000
1.66705000 3.65554000
1.66715000 3.65529000
1.66725000 3.65503000
1.66735000 3.65478000
1.66745000 3.65452000
1.66755000 3.65426000
1.66765000 3.64507000
1.66775000 3.64482000
1.66785000 3.64456000
1.66795000 3.64431000
1.66805000 3.64405000
1.66815000 3.64379000
1.66825000 3.64353000
1.66835000 3.64328000
1.66845000 3.64302000
1.66855000 3.64276000
1.66865000 3.64250000
1.66875000 3.64224000
1.66885000 3.64198000
1.66895000 3.63283000
1.66905000 3.63257000
1.66915000 3.63231000
1.66925000 3.63205000
1.66935000 3.63179000
1.66945000 3.63154000
1.66955000 3.63127000
1.66965000 3.63101000
1.66975000 3.63076000
1.66985000 3.63049000
1.66995000 3.63022000
1.67005000 3.62997000
1.67015000 3.62970000
1.67025000 3.62059000
1.67035000 3.62032000
1.67045000 3.62007000
1.67055000 3.61980000
1.67065000 3.61954000
1.67075000 3.61928000
1.67085000 3.61901000
1.67095000 3.61876000
1.67105000 3.61848000
1.67115000 3.61823000
1.67125000 3.61796000
1.67135000 3.61769000
1.67145000 3.60861000
1.67155000 3.60835000
1.67165000 3.60808000
1.67175000 3.60782000
1.67185000 3.60756000
1.67195000 3.60729000
1.67205000 3.60702000
1.67215000 3.60676000
1.67225000 3.60650000
1.67235000 3.60622000
1.67245000 3.60596000
1.67255000 3.60570000
1.67265000 3.60542000
1.67275000 3.59638000
1.67285000 3.59611000
1.67295000 3.59585000
1.67305000 3.59557000
1.67315000 3.59532000
1.67325000 3.59504000
1.67335000 3.59478000
1.67345000 3.59451000
1.67355000 3.59424000
1.67365000 3.59397000
1.67375000 3.59370000
1.67385000 3.59343000
1.67395000 3.59315000
1.67405000 3.58415000
1.67415000 3.58388000
1.67425000 3.58361000
1.67435000 3.58334000
1.67445000 3.58308000
1.67455000 3.58280000
1.67465000 3.58253000
1.67475000 3.58226000
1.67485000 3.58198000
1.67495000 3.58172000
1.67505000 3.58144000
1.67515000 3.58117000
1.67525000 3.58090000
1.67535000 3.57192000
1.67545000 3.57165000
1.67555000 3.57138000
1.67565000 3.57111000
1.67575000 3.57083000
1.67585000 3.57056000
1.67595000 3.57029000
1.67605000 3.57002000
1.67615000 3.56973000
1.67625000 3.56947000
1.67635000 3.56919000
1.67645000 3.56891000
1.67655000 3.56864000
1.67665000 3.55970000
1.67675000 3.55942000
1.67685000 3.55915000
1.67695000 3.55888000
1.67705000 3.55860000
1.67715000 3.55832000
1.67725000 3.55805000
1.67735000 3.55777000
1.67745000 3.55750000
1.67755000 3.55722000
1.67765000 3.55694000
1.67775000 3.55666000
1.67785000 3.55638000
1.67795000 3.54748000
1.67805000 3.54720000
1.67815000 3.54692000
1.67825000 3.54665000
1.67835000 3.54637000
1.67845000 3.54609000
1.67855000 3.54581000
1.67865000 3.54554000
1.67875000 3.54525000
1.67885000 3.54497000
1.67895000 3.54470000
1.67905000 3.54441000
1.67915000 3.53554000
1.67925000 3.53526000
1.67935000 3.53498000
1.67945000 3.53471000
1.67955000 3.53442000
1.67965000 3.53414000
1.67975000 3.53386000
1.67985000 3.53358000
1.67995000 3.53330000
1.68005000 3.53302000
1.68015000 3.53273000
1.68025000 3.53245000
1.68035000 3.53216000
1.68045000 3.52333000
1.68055000 3.52305000
1.68065000 3.52277000
1.68075000 3.52248000
1.68085000 3.52221000
1.68095000 3.52191000
1.68105000 3.52164000
1.68115000 3.52135000
1.68125000 3.52107000
1.68135000 3.52078000
1.68145000 3.52049000
1.68155000 3.52021000
1.68165000 3.51992000
1.68175000 3.51112000
1.68185000 3.51084000
1.68195000 3.51056000
1.68205000 3.51027000
1.68215000 3.50998000
1.68225000 3.50970000
1.68235000 3.50941000
1.68245000 3.50913000
1.68255000 3.50884000
1.68265000 3.50854000
1.68275000 3.50827000
1.68285000 3.50797000
1.68295000 3.50768000
1.68305000 3.49892000
1.68315000 3.49863000
1.68325000 3.49835000
1.68335000 3.49806000
1.68345000 3.49777000
1.68355000 3.49748000
1.68365000 3.49719000
1.68375000 3.49690000
1.68385000 3.49662000
1.68395000 3.49632000
1.68405000 3.49603000
1.68415000 3.49574000
1.68425000 3.48701000
1.68435000 3.48672000
1.68445000 3.48643000
1.68455000 3.48614000
1.68465000 3.48585000
1.68475000 3.48556000
1.68485000 3.48527000
1.68495000 3.48497000
1.68505000 3.48469000
1.68515000 3.48439000
1.68525000 3.48409000
1.68535000 3.48381000
1.68545000 3.48351000
1.68555000 3.47481000
1.68565000 3.47453000
1.68575000 3.47423000
1.68585000 3.47394000
1.68595000 3.47364000
1.68605000 3.47335000
1.68615000 3.47306000
1.68625000 3.47277000
1.68635000 3.47246000
1.68645000 3.47218000
1.68655000 3.47187000
1.68665000 3.47158000
1.68675000 3.47129000
1.68685000 3.46262000
1.68695000 3.46234000
1.68705000 3.46203000
1.68715000 3.46174000
1.68725000 3.46145000
1.68735000 3.46115000
1.68745000 3.46085000
1.68755000 3.46055000
1.68765000 3.46026000
1.68775000 3.45996000
1.68785000 3.45966000
1.68795000 3.45936000
1.68805000 3.45906000
1.68815000 3.45044000
1.68825000 3.45014000
1.68835000 3.44985000
1.68845000 3.44954000
1.68855000 3.44925000
1.68865000 3.44895000
1.68875000 3.44865000
1.68885000 3.44835000
1.68895000 3.44805000
1.68905000 3.44774000
1.68915000 3.44745000
1.68925000 3.44715000
1.68935000 3.43855000
1.68945000 3.43826000
1.68955000 3.43795000
1.68965000 3.43766000
1.68975000 3.43736000
1.68985000 3.43705000
1.68995000 3.43675000
1.69005000 3.43645000
1.69015000 3.43615000
1.69025000 3.43585000
1.69035000 3.43554000
1.69045000 3.43523000
1.69055000 3.43494000
1.69065000 3.42638000
1.69075000 3.42607000
1.69085000 3.42578000
1.69095000 3.42547000
1.69105000 3.42517000
1.69115000 3.42486000
1.69125000 3.42456000
1.69135000 3.42426000
1.69145000 3.42395000
1.69155000 3.42364000
1.69165000 3.42334000
1.69175000 3.42303000
1.69185000 3.42273000
1.69195000 3.41420000
1.69205000 3.41391000
1.69215000 3.41359000
1.69225000 3.41329000
1.69235000 3.41299000
1.69245000 3.41268000
1.69255000 3.41237000
1.69265000 3.41206000
1.69275000 3.41176000
1.69285000 3.41145000
1.69295000 3.41114000
1.69305000 3.41083000
1.69315000 3.40234000
1.69325000 3.40204000
1.69335000 3.40173000
1.69345000 3.40142000
1.69355000 3.40111000
1.69365000 3.40081000
1.69375000 3.40049000
1.69385000 3.40019000
1.69395000 3.39988000
1.69405000 3.39956000
1.69415000 3.39926000
1.69425000 3.39894000
1.69435000 3.39864000
1.69445000 3.39018000
1.69455000 3.38987000
1.69465000 3.38956000
1.69475000 3.38925000
1.69485000 3.38894000
1.69495000 3.38863000
1.69505000 3.38832000
1.69515000 3.38801000
1.69525000 3.38769000
1.69535000 3.38738000
1.69545000 3.38707000
1.69555000 3.38675000
1.69565000 3.38644000
1.69575000 3.37802000
1.69585000 3.37771000
1.69595000 3.37740000
1.69605000 3.37709000
1.69615000 3.37677000
1.69625000 3.37646000
1.69635000 3.37614000
1.69645000 3.37583000
1.69655000 3.37551000
1.69665000 3.37520000
1.69675000 3.37488000
1.69685000 3.37457000
1.69695000 3.36618000
1.69705000 3.36587000
1.69715000 3.36555000
1.69725000 3.36524000
1.69735000 3.36492000
1.69745000 3.36461000
1.69755000 3.36429000
1.69765000 3.36397000
1.69775000 3.36366000
1.69785000 3.36334000
1.69795000 3.36302000
1.69805000 3.36270000
1.69815000 3.36238000
1.69825000 3.35403000
1.69835000 3.35372000
1.69845000 3.35340000
1.69855000 3.35308000
1.69865000 3.35277000
1.69875000 3.35244000
1.69885000 3.35213000
1.69895000 3.35181000
1.69905000 3.35148000
1.69915000 3.35117000
1.69925000 3.35085000
1.69935000 3.35052000
1.69945000 3.35020000
1.69955000 3.34189000
1.69965000 3.34157000
1.69975000 3.34125000
1.69985000 3.34093000
1.69995000 3.34061000
1.70005000 3.34029000
1.70015000 3.33997000
1.70025000 3.33964000
1.70035000 3.33933000
1.70045000 3.33900000
1.70055000 3.33867000
1.70065000 3.33835000
1.70075000 3.33007000
1.70085000 3.32975000
1.70095000 3.32943000
1.70105000 3.32911000
1.70115000 3.32878000
1.70125000 3.32846000
1.70135000 3.32813000
1.70145000 3.32782000
1.70155000 3.32748000
1.70165000 3.32716000
1.70175000 3.32684000
1.70185000 3.32651000
1.70195000 3.32618000
1.70205000 3.31794000
1.70215000 3.31762000
1.70225000 3.31728000
1.70235000 3.31697000
1.70245000 3.31664000
1.70255000 3.31631000
1.70265000 3.31599000
1.70275000 3.31566000
1.70285000 3.31533000
1.70295000 3.31501000
1.70305000 3.31467000
1.70315000 3.31435000
1.70325000 3.31402000
1.70335000 3.30581000
1.70345000 3.30548000
1.70355000 3.30516000
1.70365000 3.30482000
1.70375000 3.30450000
1.70385000 3.30417000
1.70395000 3.30385000
1.70405000 3.30351000
1.70415000 3.30318000
1.70425000 3.30285000
1.70435000 3.30253000
1.70445000 3.30219000
1.70455000 3.29401000
1.70465000 3.29368000
1.70475000 3.29336000
1.70485000 3.29302000
1.70495000 3.29270000
1.70505000 3.29236000
1.70515000 3.29203000
1.70525000 3.29171000
1.70535000 3.29137000
1.70545000 3.29103000
1.70555000 3.29071000
1.70565000 3.29037000
1.70575000 3.29004000
1.70585000 3.28189000
1.70595000 3.28157000
1.70605000 3.28123000
1.70615000 3.28089000
1.70625000 3.28057000
1.70635000 3.28023000
1.70645000 3.27990000
1.70655000 3.27957000
1.70665000 3.27923000
1.70675000 3.27890000
1.70685000 3.27856000
1.70695000 3.27823000
1.70705000 3.27011000
1.70715000 3.26978000
1.70725000 3.26944000
1.70735000 3.26912000
1.70745000 3.26877000
1.70755000 3.26845000
1.70765000 3.26810000
1.70775000 3.26777000
1.70785000 3.26744000
1.70795000 3.26709000
1.70805000 3.26676000
1.70815000 3.26643000
1.70825000 3.26608000
1.70835000 3.25801000
1.70845000 3.25767000
1.70855000 3.25733000
1.70865000 3.25700000
1.70875000 3.25666000
1.70885000 3.25632000
1.70895000 3.25599000
1.70905000 3.25564000
1.70915000 3.25531000
1.70925000 3.25497000
1.70935000 3.25462000
1.70945000 3.25429000
1.70955000 3.24624000
1.70965000 3.24591000
1.70975000 3.24556000
1.70985000 3.24523000
1.70995000 3.24489000
1.71005000 3.24454000
1.71015000 3.24421000
1.71025000 3.24387000
1.71035000 3.24352000
1.71045000 3.24319000
1.71055000 3.24284000
1.71065000 3.24250000
1.71075000 3.24216000
1.71085000 3.23414000
1.71095000 3.23381000
1.71105000 3.23346000
1.71115000 3.23313000
1.71125000 3.23278000
1.71135000 3.23244000
1.71145000 3.23209000
1.71155000 3.23176000
1.71165000 3.23141000
1.71175000 3.23106000
1.71185000 3.23073000
1.71195000 3.23037000
1.71205000 3.23003000
1.71215000 3.22206000
1.71225000 3.22171000
1.71235000 3.22137000
1.71245000 3.22102000
1.71255000 3.22068000
1.71265000 3.22034000
1.71275000 3.21999000
1.71285000 3.21965000
1.71295000 3.21929000
1.71305000 3.21896000
1.71315000 3.21860000
1.71325000 3.21826000
1.71335000 3.21031000
1.71345000 3.20997000
1.71355000 3.20962000
1.71365000 3.20928000
1.71375000 3.20893000
1.71385000 3.20859000
1.71395000 3.20823000
1.71405000 3.20789000
1.71415000 3.20754000
1.71425000 3.20720000
1.71435000 3.20684000
1.71445000 3.20649000
1.71455000 3.20615000
1.71465000 3.19823000
1.71475000 3.19789000
1.71485000 3.19754000
1.71495000 3.19719000
1.71505000 3.19684000
1.71515000 3.19649000
1.71525000 3.19614000
1.71535000 3.19579000
1.71545000 3.19544000
1.71555000 3.19510000
1.71565000 3.19474000
1.71575000 3.19438000
1.71585000 3.18651000
1.71595000 3.18616000
1.71605000 3.18581000
1.71615000 3.18546000
1.71625000 3.18510000
1.71635000 3.18476000
1.71645000 3.18441000
1.71655000 3.18405000
1.71665000 3.18370000
1.71675000 3.18335000
1.71685000 3.18299000
1.71695000 3.18264000
1.71705000 3.18229000
1.71715000 3.17444000
1.71725000 3.17408000
1.71735000 3.17374000
1.71745000 3.17338000
1.71755000 3.17303000
1.71765000 3.17268000
1.71775000 3.17232000
1.71785000 3.17197000
1.71795000 3.17161000
1.71805000 3.17126000
1.71815000 3.17090000
1.71825000 3.17055000
1.71835000 3.16273000
1.71845000 3.16238000
1.71855000 3.16202000
1.71865000 3.16167000
1.71875000 3.16131000
1.71885000 3.16096000
1.71895000 3.16060000
1.71905000 3.16025000
1.71915000 3.15988000
1.71925000 3.15953000
1.71935000 3.15918000
1.71945000 3.15881000
1.71955000 3.15846000
1.71965000 3.15067000
1.71975000 3.15032000
1.71985000 3.14996000
1.71995000 3.14961000
1.72005000 3.14925000
1.72015000 3.14889000
1.72025000 3.14853000
1.72035000 3.14817000
1.72045000 3.14781000
1.72055000 3.14746000
1.72065000 3.14709000
1.72075000 3.14673000
1.72085000 3.13899000
1.72095000 3.13862000
1.72105000 3.13827000
1.72115000 3.13790000
1.72125000 3.13755000
1.72135000 3.13719000
1.72145000 3.13683000
1.72155000 3.13646000
1.72165000 3.13611000
1.72175000 3.13574000
1.72185000 3.13538000
1.72195000 3.13502000
1.72205000 3.13465000
1.72215000 3.12694000
1.72225000 3.12658000
1.72235000 3.12622000
1.72245000 3.12585000
1.72255000 3.12550000
1.72265000 3.12513000
1.72275000 3.12477000
1.72285000 3.12441000
1.72295000 3.12404000
1.72305000 3.12367000
1.72315000 3.12332000
1.72325000 3.12295000
1.72335000 3.11526000
1.72345000 3.11490000
1.72355000 3.11454000
1.72365000 3.11417000
1.72375000 3.11382000
1.72385000 3.11344000
1.72395000 3.11308000
1.72405000 3.11272000
1.72415000 3.11235000
1.72425000 3.11198000
1.72435000 3.11162000
1.72445000 3.11125000
1.72455000 3.11088000
1.72465000 3.10324000
1.72475000 3.10287000
1.72485000 3.10250000
1.72495000 3.10214000
1.72505000 3.10177000
1.72515000 3.10140000
1.72525000 3.10104000
1.72535000 3.10066000
1.72545000 3.10030000
1.72555000 3.09994000
1.72565000 3.09956000
1.72575000 3.09919000
1.72585000 3.09158000
1.72595000 3.09120000
1.72605000 3.09084000
1.72615000 3.09048000
1.72625000 3.09010000
1.72635000 3.08973000
1.72645000 3.08937000
1.72655000 3.08900000
1.72665000 3.08862000
1.72675000 3.08826000
1.72685000 3.08788000
1.72695000 3.08751000
1.72705000 3.07993000
1.72715000 3.07956000
1.72725000 3.07918000
1.72735000 3.07882000
1.72745000 3.07845000
1.72755000 3.07807000
1.72765000 3.07771000
1.72775000 3.07733000
1.72785000 3.07696000
1.72795000 3.07659000
1.72805000 3.07622000
1.72815000 3.07584000
1.72825000 3.07547000
1.72835000 3.06791000
1.72845000 3.06754000
1.72855000 3.06718000
1.72865000 3.06679000
1.72875000 3.06643000
1.72885000 3.06605000
1.72895000 3.06568000
1.72905000 3.06531000
1.72915000 3.06493000
1.72925000 3.06456000
1.72935000 3.06418000
1.72945000 3.06380000
1.72955000 3.05629000
1.72965000 3.05591000
1.72975000 3.05553000
1.72985000 3.05516000
1.72995000 3.05479000
1.73005000 3.05441000
1.73015000 3.05404000
1.73025000 3.05366000
1.73035000 3.05328000
1.73045000 3.05291000
1.73055000 3.05253000
1.73065000 3.05215000
1.73075000 3.05177000
1.73085000 3.04429000
1.73095000 3.04391000
1.73105000 3.04353000
1.73115000 3.04316000
1.73125000 3.04278000
1.73135000 3.04240000
1.73145000 3.04202000
1.73155000 3.04165000
1.73165000 3.04126000
1.73175000 3.04089000
1.73185000 3.04051000
1.73195000 3.04013000
1.73205000 3.03267000
1.73215000 3.03229000
1.73225000 3.03192000
1.73235000 3.03153000
1.73245000 3.03116000
1.73255000 3.03078000
1.73265000 3.03040000
1.73275000 3.03001000
1.73285000 3.02964000
1.73295000 3.02926000
1.73305000 3.02887000
1.73315000 3.02849000
1.73325000 3.02811000
1.73335000 3.02069000
1.73345000 3.02030000
1.73355000 3.01993000
1.73365000 3.01954000
1.73375000 3.01917000
1.73385000 3.01878000
1.73395000 3.01840000
1.73405000 3.01801000
1.73415000 3.01764000
1.73425000 3.01725000
1.73435000 3.01686000
1.73445000 3.01649000
1.73455000 3.00909000
1.73465000 3.00870000
1.73475000 3.00833000
1.73485000 3.00794000
1.73495000 3.00756000
1.73505000 3.00717000
1.73515000 3.00679000
1.73525000 3.00641000
1.73535000 3.00602000
1.73545000 3.00563000
1.73555000 3.00525000
1.73565000 3.00487000
1.73575000 2.99750000
1.73585000 2.99712000
1.73595000 2.99673000
1.73605000 2.99635000
1.73615000 2.99596000
1.73625000 2.99558000
1.73635000 2.99519000
1.73645000 2.99480000
1.73655000 2.99442000
1.73665000 2.99404000
1.73675000 2.99364000
1.73685000 2.99326000
1.73695000 2.99286000
1.73705000 2.98554000
1.73715000 2.98515000
1.73725000 2.98477000
1.73735000 2.98437000
1.73745000 2.98399000
1.73755000 2.98361000
1.73765000 2.98321000
1.73775000 2.98283000
1.73785000 2.98243000
1.73795000 2.98205000
1.73805000 2.98166000
1.73815000 2.98127000
1.73825000 2.97397000
1.73835000 2.97357000
1.73845000 2.97320000
1.73855000 2.97280000
1.73865000 2.97241000
1.73875000 2.97203000
1.73885000 2.97163000
1.73895000 2.97124000
1.73905000 2.97085000
1.73915000 2.97047000
1.73925000 2.97006000
1.73935000 2.96968000
1.73945000 2.96241000
1.73955000 2.96202000
1.73965000 2.96163000
1.73975000 2.96123000
1.73985000 2.96085000
1.73995000 2.96045000
1.74005000 2.96007000
1.74015000 2.95967000
1.74025000 2.95927000
1.74035000 2.95889000
1.74045000 2.95849000
1.74055000 2.95810000
1.74065000 2.95770000
1.74075000 2.95046000
1.74085000 2.95008000
1.74095000 2.94968000
1.74105000 2.94929000
1.74115000 2.94889000
1.74125000 2.94851000
1.74135000 2.94810000
1.74145000 2.94772000
1.74155000 2.94731000
1.74165000 2.94693000
1.74175000 2.94652000
1.74185000 2.94613000
1.74195000 2.93893000
1.74205000 2.93853000
1.74215000 2.93813000
1.74225000 2.93775000
1.74235000 2.93734000
1.74245000 2.93695000
1.74255000 2.93656000
1.74265000 2.93616000
1.74275000 2.93576000
1.74285000 2.93536000
1.74295000 2.93497000
1.74305000 2.93456000
1.74315000 2.92740000
1.74325000 2.92699000
1.74335000 2.92661000
1.74345000 2.92620000
1.74355000 2.92581000
1.74365000 2.92541000
1.74375000 2.92501000
1.74385000 2.92461000
1.74395000 2.92422000
1.74405000 2.92381000
1.74415000 2.92342000
1.74425000 2.92301000
1.74435000 2.92262000
1.74445000 2.91547000
1.74455000 2.91508000
1.74465000 2.91468000
1.74475000 2.91427000
1.74485000 2.91388000
1.74495000 2.91348000
1.74505000 2.91308000
1.74515000 2.91268000
1.74525000 2.91228000
1.74535000 2.91187000
1.74545000 2.91148000
1.74555000 2.91107000
1.74565000 2.90396000
1.74575000 2.90356000
1.74585000 2.90316000
1.74595000 2.90276000
1.74605000 2.90236000
1.74615000 2.90195000
1.74625000 2.90156000
1.74635000 2.90115000
1.74645000 2.90075000
1.74655000 2.90035000
1.74665000 2.89994000
1.74675000 2.89954000
1.74685000 2.89245000
1.74695000 2.89206000
1.74705000 2.89165000
1.74715000 2.89125000
1.74725000 2.89085000
1.74735000 2.89044000
1.74745000 2.89004000
1.74755000 2.88964000
1.74765000 2.88923000
1.74775000 2.88883000
1.74785000 2.88842000
1.74795000 2.88802000
1.74805000 2.88760000
1.74815000 2.88056000
1.74825000 2.88016000
1.74835000 2.87975000
1.74845000 2.87935000
1.74855000 2.87894000
1.74865000 2.87854000
1.74875000 2.87813000
1.74885000 2.87772000
1.74895000 2.87732000
1.74905000 2.87691000
1.74915000 2.87650000
1.74925000 2.87610000
1.74935000 2.86907000
1.74945000 2.86867000
1.74955000 2.86827000
1.74965000 2.86785000
1.74975000 2.86745000
1.74985000 2.86705000
1.74995000 2.86663000
1.75005000 2.86623000
1.75015000 2.86582000
1.75025000 2.86541000
1.75035000 2.86500000
1.75045000 2.86459000
1.75055000 2.85760000
1.75065000 2.85719000
1.75075000 2.85679000
1.75085000 2.85638000
1.75095000 2.85596000
1.75105000 2.85556000
1.75115000 2.85515000
1.75125000 2.85474000
1.75135000 2.85433000
1.75145000 2.85392000
1.75155000 2.85351000
1.75165000 2.85310000
1.75175000 2.84613000
1.75185000 2.84573000
1.75195000 2.84532000
1.75205000 2.84491000
1.75215000 2.84449000
1.75225000 2.84409000
1.75235000 2.84368000
1.75245000 2.84326000
1.75255000 2.84285000
1.75265000 2.84244000
1.75275000 2.84203000
1.75285000 2.84161000
1.75295000 2.84120000
1.75305000 2.83427000
1.75315000 2.83386000
1.75325000 2.83345000
1.75335000 2.83304000
1.75345000 2.83262000
1.75355000 2.83221000
1.75365000 2.83180000
1.75375000 2.83138000
1.75385000 2.83097000
1.75395000 2.83056000
1.75405000 2.83014000
1.75415000 2.82972000
1.75425000 2.82283000
1.75435000 2.82241000
1.75445000 2.82200000
1.75455000 2.82159000
1.75465000 2.82117000
1.75475000 2.82076000
1.75485000 2.82034000
1.75495000 2.81992000
1.75505000 2.81951000
1.75515000 2.81910000
1.75525000 2.81868000
1.75535000 2.81825000
1.75545000 2.81140000
1.75555000 2.81098000
1.75565000 2.81056000
1.75575000 2.81014000
1.75585000 2.80973000
1.75595000 2.80932000
1.75605000 2.80889000
1.75615000 2.80848000
1.75625000 2.80807000
1.75635000 2.80764000
1.75645000 2.80722000
1.75655000 2.80681000
1.75665000 2.79997000
1.75675000 2.79955000
1.75685000 2.79913000
1.75695000 2.79872000
1.75705000 2.79830000
1.75715000 2.79788000
1.75725000 2.79746000
1.75735000 2.79705000
1.75745000 2.79662000
1.75755000 2.79620000
1.75765000 2.79579000
1.75775000 2.79536000
1.75785000 2.79494000
1.75795000 2.78814000
1.75805000 2.78772000
1.75815000 2.78729000
1.75825000 2.78688000
1.75835000 2.78646000
1.75845000 2.78604000
1.75855000 2.78562000
1.75865000 2.78519000
1.75875000 2.78478000
1.75885000 2.78435000
1.75895000 2.78393000
1.75905000 2.78351000
1.75915000 2.77673000
1.75925000 2.77631000
1.75935000 2.77589000
1.75945000 2.77547000
1.75955000 2.77505000
1.75965000 2.77462000
1.75975000 2.77420000
1.75985000 2.77378000
1.75995000 2.77336000
1.76005000 2.77293000
1.76015000 2.77251000
1.76025000 2.77208000
1.76035000 2.76534000
1.76045000 2.76491000
1.76055000 2.76450000
1.76065000 2.76407000
1.76075000 2.76364000
1.76085000 2.76323000
1.76095000 2.76279000
1.76105000 2.76238000
1.76115000 2.76194000
1.76125000 2.76153000
1.76135000 2.76109000
1.76145000 2.76068000
1.76155000 2.75395000
1.76165000 2.75353000
1.76175000 2.75311000
1.76185000 2.75268000
1.76195000 2.75225000
1.76205000 2.75183000
1.76215000 2.75141000
1.76225000 2.75098000
1.76235000 2.75055000
1.76245000 2.75012000
1.76255000 2.74970000
1.76265000 2.74927000
1.76275000 2.74258000
1.76285000 2.74215000
1.76295000 2.74173000
1.76305000 2.74131000
1.76315000 2.74087000
1.76325000 2.74045000
1.76335000 2.74002000
1.76345000 2.73960000
1.76355000 2.73916000
1.76365000 2.73874000
1.76375000 2.73831000
1.76385000 2.73787000
1.76395000 2.73745000
1.76405000 2.73079000
1.76415000 2.73037000
1.76425000 2.72993000
1.76435000 2.72951000
1.76445000 2.72908000
1.76455000 2.72865000
1.76465000 2.72822000
1.76475000 2.72779000
1.76485000 2.72736000
1.76495000 2.72693000
1.76505000 2.72649000
1.76515000 2.72607000
1.76525000 2.71944000
1.76535000 2.71901000
1.76545000 2.71858000
1.76555000 2.71815000
1.76565000 2.71772000
1.76575000 2.71729000
1.76585000 2.71686000
1.76595000 2.71642000
1.76605000 2.71599000
1.76615000 2.71556000
1.76625000 2.71513000
1.76635000 2.71470000
1.76645000 2.70809000
1.76655000 2.70767000
1.76665000 2.70724000
1.76675000 2.70680000
1.76685000 2.70637000
1.76695000 2.70594000
1.76705000 2.70550000
1.76715000 2.70507000
1.76725000 2.70464000
1.76735000 2.70421000
1.76745000 2.70377000
1.76755000 2.70333000
1.76765000 2.69677000
1.76775000 2.69633000
1.76785000 2.69590000
1.76795000 2.69547000
1.76805000 2.69503000
1.76815000 2.69460000
1.76825000 2.69417000
1.76835000 2.69373000
1.76845000 2.69329000
1.76855000 2.69286000
1.76865000 2.69242000
1.76875000 2.69198000
1.76885000 2.68545000
1.76895000 2.68501000
1.76905000 2.68458000
1.76915000 2.68414000
1.76925000 2.68371000
1.76935000 2.68327000
1.76945000 2.68284000
1.76955000 2.68239000
1.76965000 2.68196000
1.76975000 2.68153000
1.76985000 2.68108000
1.76995000 2.68065000
1.77005000 2.67414000
1.77015000 2.67370000
1.77025000 2.67327000
1.77035000 2.67282000
1.77045000 2.67240000
1.77055000 2.67195000
1.77065000 2.67152000
1.77075000 2.67107000
1.77085000 2.67064000
1.77095000 2.67020000
1.77105000 2.66976000
1.77115000 2.66932000
1.77125000 2.66284000
1.77135000 2.66240000
1.77145000 2.66197000
1.77155000 2.66152000
1.77165000 2.66109000
1.77175000 2.66065000
1.77185000 2.66021000
1.77195000 2.65977000
1.77205000 2.65932000
1.77215000 2.65889000
1.77225000 2.65845000
1.77235000 2.65800000
1.77245000 2.65756000
1.77255000 2.65112000
1.77265000 2.65067000
1.77275000 2.65024000
1.77285000 2.64979000
1.77295000 2.64935000
1.77305000 2.64891000
1.77315000 2.64847000
1.77325000 2.64803000
1.77335000 2.64759000
1.77345000 2.64714000
1.77355000 2.64670000
1.77365000 2.64626000
1.77375000 2.63983000
1.77385000 2.63940000
1.77395000 2.63895000
1.77405000 2.63852000
1.77415000 2.63807000
1.77425000 2.63762000
1.77435000 2.63719000
1.77445000 2.63674000
1.77455000 2.63629000
1.77465000 2.63585000
1.77475000 2.63541000
1.77485000 2.63496000
1.77495000 2.62857000
1.77505000 2.62813000
1.77515000 2.62768000
1.77525000 2.62725000
1.77535000 2.62679000
1.77545000 2.62636000
1.77555000 2.62590000
1.77565000 2.62547000
1.77575000 2.62501000
1.77585000 2.62457000
1.77595000 2.62413000
1.77605000 2.62368000
1.77615000 2.61731000
1.77625000 2.61688000
1.77635000 2.61642000
1.77645000 2.61598000
1.77655000 2.61554000
1.77665000 2.61509000
1.77675000 2.61464000
1.77685000 2.61420000
1.77695000 2.61375000
1.77705000 2.61330000
1.77715000 2.61286000
1.77725000 2.61240000
1.77735000 2.60608000
1.77745000 2.60562000
1.77755000 2.60518000
1.77765000 2.60474000
1.77775000 2.60428000
1.77785000 2.60384000
1.77795000 2.60339000
1.77805000 2.60295000
1.77815000 2.60249000
1.77825000 2.60204000
1.77835000 2.60160000
1.77845000 2.60114000
1.77855000 2.59485000
1.77865000 2.59439000
1.77875000 2.59394000
1.77885000 2.59350000
1.77895000 2.59305000
1.77905000 2.59260000
1.77915000 2.59215000
1.77925000 2.59170000
1.77935000 2.59125000
1.77945000 2.59080000
1.77955000 2.59034000
1.77965000 2.58990000
1.77975000 2.58362000
1.77985000 2.58317000
1.77995000 2.58272000
1.78005000 2.58227000
1.78015000 2.58183000
1.78025000 2.58137000
1.78035000 2.58092000
1.78045000 2.58046000
1.78055000 2.58002000
1.78065000 2.57956000
1.78075000 2.57912000
1.78085000 2.57865000
1.78095000 2.57242000
1.78105000 2.57196000
1.78115000 2.57151000
1.78125000 2.57106000
1.78135000 2.57060000
1.78145000 2.57016000
1.78155000 2.56970000
1.78165000 2.56925000
1.78175000 2.56879000
1.78185000 2.56834000
1.78195000 2.56789000
1.78205000 2.56743000
1.78215000 2.56121000
1.78225000 2.56077000
1.78235000 2.56031000
1.78245000 2.55985000
1.78255000 2.55940000
1.78265000 2.55895000
1.78275000 2.55850000
1.78285000 2.55804000
1.78295000 2.55758000
1.78305000 2.55713000
1.78315000 2.55668000
1.78325000 2.55621000
1.78335000 2.55003000
1.78345000 2.54958000
1.78355000 2.54912000
1.78365000 2.54866000
1.78375000 2.54821000
1.78385000 2.54776000
1.78395000 2.54730000
1.78405000 2.54684000
1.78415000 2.54639000
1.78425000 2.54593000
1.78435000 2.54547000
1.78445000 2.54502000
1.78455000 2.53885000
1.78465000 2.53840000
1.78475000 2.53794000
1.78485000 2.53749000
1.78495000 2.53703000
1.78505000 2.53657000
1.78515000 2.53612000
1.78525000 2.53566000
1.78535000 2.53520000
1.78545000 2.53474000
1.78555000 2.53428000
1.78565000 2.53383000
1.78575000 2.52769000
1.78585000 2.52723000
1.78595000 2.52678000
1.78605000 2.52632000
1.78615000 2.52586000
1.78625000 2.52541000
1.78635000 2.52494000
1.78645000 2.52448000
1.78655000 2.52403000
1.78665000 2.52357000
1.78675000 2.52310000
1.78685000 2.52265000
1.78695000 2.51654000
1.78705000 2.51608000
1.78715000 2.51562000
1.78725000 2.51517000
1.78735000 2.51470000
1.78745000 2.51425000
1.78755000 2.51378000
1.78765000 2.51333000
1.78775000 2.51286000
1.78785000 2.51240000
1.78795000 2.51194000
1.78805000 2.51148000
1.78815000 2.50540000
1.78825000 2.50494000
1.78835000 2.50448000
1.78845000 2.50402000
1.78855000 2.50356000
1.78865000 2.50310000
1.78875000 2.50264000
1.78885000 2.50217000
1.78895000 2.50172000
1.78905000 2.50125000
1.78915000 2.50078000
1.78925000 2.50032000
1.78935000 2.49428000
1.78945000 2.49381000
1.78955000 2.49335000
1.78965000 2.49289000
1.78975000 2.49243000
1.78985000 2.49196000
1.78995000 2.49150000
1.79005000 2.49104000
1.79015000 2.49057000
1.79025000 2.49011000
1.79035000 2.48965000
1.79045000 2.48917000
1.79055000 2.48316000
1.79065000 2.48270000
1.79075000 2.48223000
1.79085000 2.48177000
1.79095000 2.48131000
1.79105000 2.48084000
1.79115000 2.48038000
1.79125000 2.47991000
1.79135000 2.47944000
1.79145000 2.47898000
1.79155000 2.47852000
1.79165000 2.47805000
1.79175000 2.47205000
1.79185000 2.47159000
1.79195000 2.47113000
1.79205000 2.47066000
1.79215000 2.47020000
1.79225000 2.46973000
1.79235000 2.46926000
1.79245000 2.46880000
1.79255000 2.46833000
1.79265000 2.46787000
1.79275000 2.46739000
1.79285000 2.46693000
1.79295000 2.46097000
1.79305000 2.46050000
1.79315000 2.46003000
1.79325000 2.45957000
1.79335000 2.45909000
1.79345000 2.45864000
1.79355000 2.45816000
1.79365000 2.45770000
1.79375000 2.45723000
1.79385000 2.45676000
1.79395000 2.45629000
1.79405000 2.45582000
1.79415000 2.44988000
1.79425000 2.44942000
1.79435000 2.44895000
1.79445000 2.44848000
1.79455000 2.44802000
1.79465000 2.44754000
1.79475000 2.44708000
1.79485000 2.44661000
1.79495000 2.44614000
1.79505000 2.44566000
1.79515000 2.44520000
1.79525000 2.44473000
1.79535000 2.43881000
1.79545000 2.43835000
1.79555000 2.43789000
1.79565000 2.43741000
1.79575000 2.43694000
1.79585000 2.43647000
1.79595000 2.43600000
1.79605000 2.43553000
1.79615000 2.43506000
1.79625000 2.43459000
1.79635000 2.43411000
1.79645000 2.43365000
1.79655000 2.42776000
1.79665000 2.42729000
1.79675000 2.42683000
1.79685000 2.42635000
1.79695000 2.42588000
1.79705000 2.42541000
1.79715000 2.42494000
1.79725000 2.42446000
1.79735000 2.42400000
1.79745000 2.42352000
1.79755000 2.42304000
1.79765000 2.42258000
1.79775000 2.41672000
1.79785000 2.41625000
1.79795000 2.41577000
1.79805000 2.41531000
1.79815000 2.41483000
1.79825000 2.41436000
1.79835000 2.41389000
1.79845000 2.41341000
1.79855000 2.41294000
1.79865000 2.41247000
1.79875000 2.41198000
1.79885000 2.41152000
1.79895000 2.40569000
1.79905000 2.40522000
1.79915000 2.40474000
1.79925000 2.40427000
1.79935000 2.40380000
1.79945000 2.40332000
1.79955000 2.40285000
1.79965000 2.40237000
1.79975000 2.40190000
1.79985000 2.40142000
1.79995000 2.40095000
1.80005000 2.40047000
1.80015000 2.39467000
1.80025000 2.39420000
1.80035000 2.39372000
1.80045000 2.39325000
1.80055000 2.39278000
1.80065000 2.39229000
1.80075000 2.39183000
1.80085000 2.39134000
1.80095000 2.39087000
1.80105000 2.39039000
1.80115000 2.38991000
1.80125000 2.38944000
1.80135000 2.38367000
1.80145000 2.38319000
1.80155000 2.38271000
1.80165000 2.38224000
1.80175000 2.38177000
1.80185000 2.38128000
1.80195000 2.38081000
1.80205000 2.38033000
1.80215000 2.37985000
1.80225000 2.37937000
1.80235000 2.37890000
1.80245000 2.37841000
1.80255000 2.37268000
1.80265000 2.37220000
1.80275000 2.37172000
1.80285000 2.37124000
1.80295000 2.37076000
1.80305000 2.37029000
1.80315000 2.36980000
1.80325000 2.36933000
1.80335000 2.36885000
1.80345000 2.36837000
1.80355000 2.36788000
1.80365000 2.36741000
1.80375000 2.36169000
1.80385000 2.36122000
1.80395000 2.36074000
1.80405000 2.36025000
1.80415000 2.35978000
1.80425000 2.35930000
1.80435000 2.35882000
1.80445000 2.35834000
1.80455000 2.35785000
1.80465000 2.35738000
1.80475000 2.35689000
1.80485000 2.35641000
1.80495000 2.35073000
1.80505000 2.35025000
1.80515000 2.34976000
1.80525000 2.34929000
1.80535000 2.34880000
1.80545000 2.34832000
1.80555000 2.34785000
1.80565000 2.34736000
1.80575000 2.34687000
1.80585000 2.34640000
1.80595000 2.34591000
1.80605000 2.34543000
1.80615000 2.33977000
1.80625000 2.33929000
1.80635000 2.33881000
1.80645000 2.33833000
1.80655000 2.33784000
1.80665000 2.33736000
1.80675000 2.33688000
1.80685000 2.33640000
1.80695000 2.33591000
1.80705000 2.33543000
1.80715000 2.33494000
1.80725000 2.32931000
1.80735000 2.32883000
1.80745000 2.32834000
1.80755000 2.32787000
1.80765000 2.32738000
1.80775000 2.32689000
1.80785000 2.32642000
1.80795000 2.32592000
1.80805000 2.32545000
1.80815000 2.32496000
1.80825000 2.32447000
1.80835000 2.32399000
1.80845000 2.31838000
1.80855000 2.31790000
1.80865000 2.31741000
1.80875000 2.31693000
1.80885000 2.31645000
1.80895000 2.31596000
1.80905000 2.31548000
1.80915000 2.31499000
1.80925000 2.31450000
1.80935000 2.31402000
1.80945000 2.31353000
1.80955000 2.31305000
1.80965000 2.30746000
1.80975000 2.30699000
1.80985000 2.30649000
1.80995000 2.30601000
1.81005000 2.30553000
1.81015000 2.30504000
1.81025000 2.30455000
1.81035000 2.30407000
1.81045000 2.30357000
1.81055000 2.30310000
1.81065000 2.30260000
1.81075000 2.30211000
1.81085000 2.29657000
1.81095000 2.29608000
1.81105000 2.29559000
1.81115000 2.29510000
1.81125000 2.29462000
1.81135000 2.29413000
1.81145000 2.29364000
1.81155000 2.29315000
1.81165000 2.29267000
1.81175000 2.29218000
1.81185000 2.29168000
1.81195000 2.29120000
1.81205000 2.28568000
1.81215000 2.28518000
1.81225000 2.28470000
1.81235000 2.28421000
1.81245000 2.28373000
1.81255000 2.28323000
1.81265000 2.28274000
1.81275000 2.28226000
1.81285000 2.28177000
1.81295000 2.28127000
1.81305000 2.28079000
1.81315000 2.28029000
1.81325000 2.27480000
1.81335000 2.27431000
1.81345000 2.27382000
1.81355000 2.27333000
1.81365000 2.27284000
1.81375000 2.27235000
1.81385000 2.27186000
1.81395000 2.27137000
1.81405000 2.27088000
1.81415000 2.27038000
1.81425000 2.26990000
1.81435000 2.26940000
1.81445000 2.26394000
1.81455000 2.26344000
1.81465000 2.26295000
1.81475000 2.26247000
1.81485000 2.26197000
1.81495000 2.26148000
1.81505000 2.26099000
1.81515000 2.26050000
1.81525000 2.26000000
1.81535000 2.25951000
1.81545000 2.25902000
1.81555000 2.25358000
1.81565000 2.25308000
1.81575000 2.25259000
1.81585000 2.25210000
1.81595000 2.25161000
1.81605000 2.25112000
1.81615000 2.25062000
1.81625000 2.25013000
1.81635000 2.24964000
1.81645000 2.24915000
1.81655000 2.24865000
1.81665000 2.24815000
1.81675000 2.24274000
1.81685000 2.24225000
1.81695000 2.24175000
1.81705000 2.24126000
1.81715000 2.24077000
1.81725000 2.24027000
1.81735000 2.23978000
1.81745000 2.23929000
1.81755000 2.23879000
1.81765000 2.23830000
1.81775000 2.23780000
1.81785000 2.23731000
1.81795000 2.23191000
1.81805000 2.23143000
1.81815000 2.23092000
1.81825000 2.23044000
1.81835000 2.22994000
1.81845000 2.22944000
1.81855000 2.22895000
1.81865000 2.22846000
1.81875000 2.22796000
1.81885000 2.22746000
1.81895000 2.22697000
1.81905000 2.22647000
1.81915000 2.22111000
1.81925000 2.22061000
1.81935000 2.22011000
1.81945000 2.21962000
1.81955000 2.21913000
1.81965000 2.21863000
1.81975000 2.21813000
1.81985000 2.21764000
1.81995000 2.21714000
1.82005000 2.21664000
1.82015000 2.21615000
1.82025000 2.21565000
1.82035000 2.21031000
1.82045000 2.20981000
1.82055000 2.20932000
1.82065000 2.20882000
1.82075000 2.20832000
1.82085000 2.20783000
1.82095000 2.20733000
1.82105000 2.20683000
1.82115000 2.20634000
1.82125000 2.20583000
1.82135000 2.20534000
1.82145000 2.20003000
1.82155000 2.19952000
1.82165000 2.19903000
1.82175000 2.19854000
1.82185000 2.19803000
1.82195000 2.19754000
1.82205000 2.19704000
1.82215000 2.19654000
1.82225000 2.19604000
1.82235000 2.19554000
1.82245000 2.19504000
1.82255000 2.19455000
1.82265000 2.18925000
1.82275000 2.18876000
1.82285000 2.18826000
1.82295000 2.18776000
1.82305000 2.18727000
1.82315000 2.18676000
1.82325000 2.18626000
1.82335000 2.18577000
1.82345000 2.18526000
1.82355000 2.18477000
1.82365000 2.18426000
1.82375000 2.18376000
1.82385000 2.17850000
1.82395000 2.17800000
1.82405000 2.17751000
1.82415000 2.17700000
1.82425000 2.17650000
1.82435000 2.17601000
1.82445000 2.17550000
1.82455000 2.17500000
1.82465000 2.17450000
1.82475000 2.17400000
1.82485000 2.17350000
1.82495000 2.17299000
1.82505000 2.16776000
1.82515000 2.16726000
1.82525000 2.16676000
1.82535000 2.16626000
1.82545000 2.16576000
1.82555000 2.16526000
1.82565000 2.16475000
1.82575000 2.16426000
1.82585000 2.16375000
1.82595000 2.16324000
1.82605000 2.16275000
1.82615000 2.16224000
1.82625000 2.15703000
1.82635000 2.15654000
1.82645000 2.15603000
1.82655000 2.15553000
1.82665000 2.15502000
1.82675000 2.15453000
1.82685000 2.15402000
1.82695000 2.15352000
1.82705000 2.15301000
1.82715000 2.15251000
1.82725000 2.15201000
1.82735000 2.14682000
1.82745000 2.14632000
1.82755000 2.14582000
1.82765000 2.14532000
1.82775000 2.14481000
1.82785000 2.14431000
1.82795000 2.14380000
1.82805000 2.14330000
1.82815000 2.14280000
1.82825000 2.14229000
1.82835000 2.14179000
1.82845000 2.14128000
1.82855000 2.13612000
1.82865000 2.13563000
1.82875000 2.13511000
1.82885000 2.13462000
1.82895000 2.13411000
1.82905000 2.13360000
1.82915000 2.13310000
1.82925000 2.13260000
1.82935000 2.13209000
1.82945000 2.13158000
1.82955000 2.13108000
1.82965000 2.13057000
1.82975000 2.12544000
1.82985000 2.12493000
1.82995000 2.12444000
1.83005000 2.12392000
1.83015000 2.12342000
1.83025000 2.12292000
1.83035000 2.12241000
1.83045000 2.12190000
1.83055000 2.12140000
1.83065000 2.12088000
1.83075000 2.12039000
1.83085000 2.11987000
1.83095000 2.11477000
1.83105000 2.11427000
1.83115000 2.11375000
1.83125000 2.11326000
1.83135000 2.11274000
1.83145000 2.11224000
1.83155000 2.11173000
1.83165000 2.11123000
1.83175000 2.11072000
1.83185000 2.11020000
1.83195000 2.10970000
1.83205000 2.10463000
1.83215000 2.10411000
1.83225000 2.10361000
1.83235000 2.10310000
1.83245000 2.10259000
1.83255000 2.10209000
1.83265000 2.10157000
1.83275000 2.10107000
1.83285000 2.10056000
1.83295000 2.10005000
1.83305000 2.09955000
1.83315000 2.09903000
1.83325000 2.09398000
1.83335000 2.09347000
1.83345000 2.09296000
1.83355000 2.09246000
1.83365000 2.09195000
1.83375000 2.09144000
1.83385000 2.09093000
1.83395000 2.09042000
1.83405000 2.08991000
1.83415000 2.08940000
1.83425000 2.08889000
1.83435000 2.08838000
1.83445000 2.08335000
1.83455000 2.08285000
1.83465000 2.08233000
1.83475000 2.08183000
1.83485000 2.08131000
1.83495000 2.08081000
1.83505000 2.08030000
1.83515000 2.07978000
1.83525000 2.07928000
1.83535000 2.07876000
1.83545000 2.07825000
1.83555000 2.07325000
1.83565000 2.07274000
1.83575000 2.07223000
1.83585000 2.07172000
1.83595000 2.07121000
1.83605000 2.07070000
1.83615000 2.07019000
1.83625000 2.06968000
1.83635000 2.06916000
1.83645000 2.06866000
1.83655000 2.06814000
1.83665000 2.06763000
1.83675000 2.06265000
1.83685000 2.06214000
1.83695000 2.06163000
1.83705000 2.06112000
1.83715000 2.06061000
1.83725000 2.06010000
1.83735000 2.05958000
1.83745000 2.05908000
1.83755000 2.05856000
1.83765000 2.05804000
1.83775000 2.05754000
1.83785000 2.05702000
1.83795000 2.05207000
1.83805000 2.05155000
1.83815000 2.05105000
1.83825000 2.05053000
1.83835000 2.05002000
1.83845000 2.04951000
1.83855000 2.04900000
1.83865000 2.04848000
1.83875000 2.04797000
1.83885000 2.04745000
1.83895000 2.04695000
1.83905000 2.04201000
1.83915000 2.04150000
1.83925000 2.04099000
1.83935000 2.04047000
1.83945000 2.03996000
1.83955000 2.03945000
1.83965000 2.03894000
1.83975000 2.03842000
1.83985000 2.03790000
1.83995000 2.03740000
1.84005000 2.03687000
1.84015000 2.03636000
1.84025000 2.03146000
1.84035000 2.03095000
1.84045000 2.03043000
1.84055000 2.02992000
1.84065000 2.02941000
1.84075000 2.02889000
1.84085000 2.02837000
1.84095000 2.02786000
1.84105000 2.02735000
1.84115000 2.02683000
1.84125000 2.02631000
1.84135000 2.02580000
1.84145000 2.02092000
1.84155000 2.02041000
1.84165000 2.01989000
1.84175000 2.01938000
1.84185000 2.01886000
1.84195000 2.01835000
1.84205000 2.01783000
1.84215000 2.01732000
1.84225000 2.01679000
1.84235000 2.01629000
1.84245000 2.01576000
1.84255000 2.01091000
1.84265000 2.01040000
1.84275000 2.00988000
1.84285000 2.00937000
1.84295000 2.00885000
1.84305000 2.00834000
1.84315000 2.00781000
1.84325000 2.00731000
1.84335000 2.00678000
1.84345000 2.00627000
1.84355000 2.00575000
1.84365000 2.00523000
1.84375000 2.00040000
1.84385000 1.99989000
1.84395000 1.99937000
1.84405000 1.99886000
1.84415000 1.99834000
1.84425000 1.99782000
1.84435000 1.99730000
1.84445000 1.99679000
1.84455000 1.99627000
1.84465000 1.99575000
1.84475000 1.99523000
1.84485000 1.99471000
1.84495000 1.98991000
1.84505000 1.98940000
1.84515000 1.98888000
1.84525000 1.98835000
1.84535000 1.98785000
1.84545000 1.98732000
1.84555000 1.98681000
1.84565000 1.98628000
1.84575000 1.98577000
1.84585000 1.98525000
1.84595000 1.98473000
1.84605000 1.97995000
1.84615000 1.97943000
1.84625000 1.97891000
1.84635000 1.97840000
1.84645000 1.97788000
1.84655000 1.97736000
1.84665000 1.97684000
1.84675000 1.97632000
1.84685000 1.97580000
1.84695000 1.97528000
1.84705000 1.97476000
1.84715000 1.97424000
1.84725000 1.96949000
1.84735000 1.96897000
1.84745000 1.96845000
1.84755000 1.96793000
1.84765000 1.96741000
1.84775000 1.96689000
1.84785000 1.96638000
1.84795000 1.96585000
1.84805000 1.96533000
1.84815000 1.96481000
1.84825000 1.96429000
1.84835000 1.96377000
1.84845000 1.95904000
1.84855000 1.95852000
1.84865000 1.95800000
1.84875000 1.95748000
1.84885000 1.95696000
1.84895000 1.95644000
1.84905000 1.95592000
1.84915000 1.95540000
1.84925000 1.95487000
1.84935000 1.95436000
1.84945000 1.95383000
1.84955000 1.94913000
1.84965000 1.94860000
1.84975000 1.94809000
1.84985000 1.94757000
1.84995000 1.94704000
1.85005000 1.94653000
1.85015000 1.94600000
1.85025000 1.94548000
1.85035000 1.94496000
1.85045000 1.94443000
1.85055000 1.94392000
1.85065000 1.94339000
1.85075000 1.93871000
1.85085000 1.93819000
1.85095000 1.93767000
1.85105000 1.93715000
1.85115000 1.93662000
1.85125000 1.93610000
1.85135000 1.93559000
1.85145000 1.93505000
1.85155000 1.93454000
1.85165000 1.93401000
1.85175000 1.93349000
1.85185000 1.92883000
1.85195000 1.92831000
1.85205000 1.92779000
1.85215000 1.92726000
1.85225000 1.92675000
1.85235000 1.92622000
1.85245000 1.92569000
1.85255000 1.92518000
1.85265000 1.92465000
1.85275000 1.92412000
1.85285000 1.92361000
1.85295000 1.92307000
1.85305000 1.91845000
1.85315000 1.91793000
1.85325000 1.91740000
1.85335000 1.91687000
1.85345000 1.91636000
1.85355000 1.91583000
1.85365000 1.91531000
1.85375000 1.91478000
1.85385000 1.91426000
1.85395000 1.91373000
1.85405000 1.91321000
1.85415000 1.91268000
1.85425000 1.90808000
1.85435000 1.90755000
1.85445000 1.90703000
1.85455000 1.90651000
1.85465000 1.90598000
1.85475000 1.90546000
1.85485000 1.90493000
1.85495000 1.90441000
1.85505000 1.90388000
1.85515000 1.90335000
1.85525000 1.90283000
1.85535000 1.89825000
1.85545000 1.89772000
1.85555000 1.89720000
1.85565000 1.89667000
1.85575000 1.89615000
1.85585000 1.89563000
1.85595000 1.89510000
1.85605000 1.89457000
1.85615000 1.89404000
1.85625000 1.89352000
1.85635000 1.89300000
1.85645000 1.89247000
1.85655000 1.88790000
1.85665000 1.88739000
1.85675000 1.88686000
1.85685000 1.88633000
1.85695000 1.88581000
1.85705000 1.88528000
1.85715000 1.88475000
1.85725000 1.88423000
1.85735000 1.88370000
1.85745000 1.88318000
1.85755000 1.88265000
1.85765000 1.87811000
1.85775000 1.87758000
1.85785000 1.87707000
1.85795000 1.87653000
1.85805000 1.87601000
1.85815000 1.87548000
1.85825000 1.87495000
1.85835000 1.87443000
1.85845000 1.87390000
1.85855000 1.87338000
1.85865000 1.87284000
1.85875000 1.87232000
1.85885000 1.86780000
1.85895000 1.86728000
1.85905000 1.86676000
1.85915000 1.86622000
1.85925000 1.86570000
1.85935000 1.86517000
1.85945000 1.86465000
1.85955000 1.86411000
1.85965000 1.86359000
1.85975000 1.86306000
1.85985000 1.86253000
1.85995000 1.85804000
1.86005000 1.85752000
1.86015000 1.85699000
1.86025000 1.85646000
1.86035000 1.85593000
1.86045000 1.85541000
1.86055000 1.85488000
1.86065000 1.85435000
1.86075000 1.85382000
1.86085000 1.85329000
1.86095000 1.85276000
1.86105000 1.85223000
1.86115000 1.84777000
1.86125000 1.84724000
1.86135000 1.84672000
1.86145000 1.84618000
1.86155000 1.84566000
1.86165000 1.84513000
1.86175000 1.84459000
1.86185000 1.84407000
1.86195000 1.84354000
1.86205000 1.84302000
1.86215000 1.84248000
1.86225000 1.84195000
1.86235000 1.83751000
1.86245000 1.83698000
1.86255000 1.83645000
1.86265000 1.83593000
1.86275000 1.83540000
1.86285000 1.83486000
1.86295000 1.83434000
1.86305000 1.83381000
1.86315000 1.83327000
1.86325000 1.83275000
1.86335000 1.83221000
1.86345000 1.82780000
1.86355000 1.82727000
1.86365000 1.82674000
1.86375000 1.82621000
1.86385000 1.82568000
1.86395000 1.82515000
1.86405000 1.82462000
1.86415000 1.82409000
1.86425000 1.82356000
1.86435000 1.82303000
1.86445000 1.82250000
1.86455000 1.82196000
1.86465000 1.81758000
1.86475000 1.81704000
1.86485000 1.81652000
1.86495000 1.81598000
1.86505000 1.81545000
1.86515000 1.81493000
1.86525000 1.81439000
1.86535000 1.81386000
1.86545000 1.81332000
1.86555000 1.81280000
1.86565000 1.81226000
1.86575000 1.80790000
1.86585000 1.80737000
1.86595000 1.80683000
1.86605000 1.80630000
1.86615000 1.80578000
1.86625000 1.80524000
1.86635000 1.80471000
1.86645000 1.80417000
1.86655000 1.80365000
1.86665000 1.80311000
1.86675000 1.80258000
1.86685000 1.80205000
1.86695000 1.79771000
1.86705000 1.79717000
1.86715000 1.79664000
1.86725000 1.79611000
1.86735000 1.79558000
1.86745000 1.79504000
1.86755000 1.79451000
1.86765000 1.79399000
1.86775000 1.79344000
1.86785000 1.79292000
1.86795000 1.79238000
1.86805000 1.78806000
1.86815000 1.78753000
1.86825000 1.78699000
1.86835000 1.78647000
1.86845000 1.78593000
1.86855000 1.78540000
1.86865000 1.78486000
1.86875000 1.78434000
1.86885000 1.78380000
1.86895000 1.78326000
1.86905000 1.78273000
1.86915000 1.78220000
1.86925000 1.77790000
1.86935000 1.77737000
1.86945000 1.77684000
1.86955000 1.77630000
1.86965000 1.77577000
1.86975000 1.77524000
1.86985000 1.77470000
1.86995000 1.77417000
1.87005000 1.77363000
1.87015000 1.77311000
1.87025000 1.77256000
1.87035000 1.76829000
1.87045000 1.76776000
1.87055000 1.76723000
1.87065000 1.76669000
1.87075000 1.76616000
1.87085000 1.76562000
1.87095000 1.76509000
1.87105000 1.76456000
1.87115000 1.76402000
1.87125000 1.76349000
1.87135000 1.76295000
1.87145000 1.76242000
1.87155000 1.75817000
1.87165000 1.75763000
1.87175000 1.75710000
1.87185000 1.75656000
1.87195000 1.75603000
1.87205000 1.75550000
1.87215000 1.75496000
1.87225000 1.75443000
1.87235000 1.75389000
1.87245000 1.75335000
1.87255000 1.75282000
1.87265000 1.74860000
1.87275000 1.74805000
1.87285000 1.74753000
1.87295000 1.74699000
1.87305000 1.74645000
1.87315000 1.74592000
1.87325000 1.74538000
1.87335000 1.74485000
1.87345000 1.74432000
1.87355000 1.74377000
1.87365000 1.74325000
1.87375000 1.74270000
1.87385000 1.73850000
1.87395000 1.73797000
1.87405000 1.73743000
1.87415000 1.73689000
1.87425000 1.73636000
1.87435000 1.73583000
1.87445000 1.73529000
1.87455000 1.73475000
1.87465000 1.73422000
1.87475000 1.73368000
1.87485000 1.73314000
1.87495000 1.72896000
1.87505000 1.72843000
1.87515000 1.72789000
1.87525000 1.72735000
1.87535000 1.72682000
1.87545000 1.72629000
1.87555000 1.72574000
1.87565000 1.72521000
1.87575000 1.72468000
1.87585000 1.72413000
1.87595000 1.72360000
1.87605000 1.71944000
1.87615000 1.71891000
1.87625000 1.71836000
1.87635000 1.71784000
1.87645000 1.71729000
1.87655000 1.71676000
1.87665000 1.71622000
1.87675000 1.71569000
1.87685000 1.71515000
1.87695000 1.71461000
1.87705000 1.71408000
1.87715000 1.71353000
1.87725000 1.70940000
1.87735000 1.70886000
1.87745000 1.70833000
1.87755000 1.70779000
1.87765000 1.70726000
1.87775000 1.70671000
1.87785000 1.70618000
1.87795000 1.70564000
1.87805000 1.70511000
1.87815000 1.70456000
1.87825000 1.70403000
1.87835000 1.69992000
1.87845000 1.69937000
1.87855000 1.69884000
1.87865000 1.69831000
1.87875000 1.69776000
1.87885000 1.69723000
1.87895000 1.69669000
1.87905000 1.69615000
1.87915000 1.69562000
1.87925000 1.69508000
1.87935000 1.69453000
1.87945000 1.69400000
1.87955000 1.68991000
1.87965000 1.68937000
1.87975000 1.68884000
1.87985000 1.68829000
1.87995000 1.68776000
1.88005000 1.68722000
1.88015000 1.68668000
1.88025000 1.68615000
1.88035000 1.68560000
1.88045000 1.68507000
1.88055000 1.68453000
1.88065000 1.68045000
1.88075000 1.67992000
1.88085000 1.67939000
1.88095000 1.67884000
1.88105000 1.67831000
1.88115000 1.67777000
1.88125000 1.67723000
1.88135000 1.67669000
1.88145000 1.67615000
1.88155000 1.67561000
1.88165000 1.67507000
1.88175000 1.67454000
1.88185000 1.67048000
1.88195000 1.66995000
1.88205000 1.66941000
1.88215000 1.66888000
1.88225000 1.66833000
1.88235000 1.66780000
1.88245000 1.66725000
1.88255000 1.66672000
1.88265000 1.66618000
1.88275000 1.66563000
1.88285000 1.66510000
1.88295000 1.66107000
1.88305000 1.66054000
1.88315000 1.65999000
1.88325000 1.65946000
1.88335000 1.65892000
1.88345000 1.65838000
1.88355000 1.65784000
1.88365000 1.65730000
1.88375000 1.65675000
1.88385000 1.65622000
1.88395000 1.65568000
1.88405000 1.65168000
1.88415000 1.65114000
1.88425000 1.65060000
1.88435000 1.65006000
1.88445000 1.64952000
1.88455000 1.64898000
1.88465000 1.64844000
1.88475000 1.64790000
1.88485000 1.64736000
1.88495000 1.64682000
1.88505000 1.64628000
1.88515000 1.64574000
1.88525000 1.64176000
1.88535000 1.64122000
1.88545000 1.64068000
1.88555000 1.64014000
1.88565000 1.63960000
1.88575000 1.63906000
1.88585000 1.63852000
1.88595000 1.63798000
1.88605000 1.63744000
1.88615000 1.63690000
1.88625000 1.63636000
1.88635000 1.63240000
1.88645000 1.63186000
1.88655000 1.63132000
1.88665000 1.63078000
1.88675000 1.63024000
1.88685000 1.62970000
1.88695000 1.62915000
1.88705000 1.62862000
1.88715000 1.62808000
1.88725000 1.62753000
1.88735000 1.62700000
1.88745000 1.62645000
1.88755000 1.62252000
1.88765000 1.62198000
1.88775000 1.62143000
1.88785000 1.62090000
1.88795000 1.62036000
1.88805000 1.61981000
1.88815000 1.61928000
1.88825000 1.61873000
1.88835000 1.61819000
1.88845000 1.61765000
1.88855000 1.61711000
1.88865000 1.61319000
1.88875000 1.61266000
1.88885000 1.61211000
1.88895000 1.61157000
1.88905000 1.61103000
1.88915000 1.61050000
1.88925000 1.60994000
1.88935000 1.60941000
1.88945000 1.60887000
1.88955000 1.60832000
1.88965000 1.60778000
1.88975000 1.60389000
1.88985000 1.60335000
1.88995000 1.60281000
1.89005000 1.60227000
1.89015000 1.60172000
1.89025000 1.60119000
1.89035000 1.60064000
1.89045000 1.60010000
1.89055000 1.59956000
1.89065000 1.59901000
1.89075000 1.59848000
1.89085000 1.59793000
1.89095000 1.59406000
1.89105000 1.59352000
1.89115000 1.59298000
1.89125000 1.59244000
1.89135000 1.59190000
1.89145000 1.59135000
1.89155000 1.59081000
1.89165000 1.59027000
1.89175000 1.58973000
1.89185000 1.58918000
1.89195000 1.58865000
1.89205000 1.58479000
1.89215000 1.58425000
1.89225000 1.58371000
1.89235000 1.58317000
1.89245000 1.58263000
1.89255000 1.58209000
1.89265000 1.58154000
1.89275000 1.58100000
1.89285000 1.58046000
1.89295000 1.57991000
1.89305000 1.57937000
1.89315000 1.57555000
1.89325000 1.57500000
1.89335000 1.57446000
1.89345000 1.57392000
1.89355000 1.57338000
1.89365000 1.57284000
1.89375000 1.57229000
1.89385000 1.57175000
1.89395000 1.57120000
1.89405000 1.57067000
1.89415000 1.57011000
1.89425000 1.56958000
1.89435000 1.56577000
1.89445000 1.56523000
1.89455000 1.56469000
1.89465000 1.56415000
1.89475000 1.56360000
1.89485000 1.56306000
1.89495000 1.56252000
1.89505000 1.56197000
1.89515000 1.56143000
1.89525000 1.56089000
1.89535000 1.56034000
1.89545000 1.55656000
1.89555000 1.55602000
1.89565000 1.55548000
1.89575000 1.55493000
1.89585000 1.55439000
1.89595000 1.55385000
1.89605000 1.55330000
1.89615000 1.55276000
1.89625000 1.55222000
1.89635000 1.55167000
1.89645000 1.55113000
1.89655000 1.54737000
1.89665000 1.54682000
1.89675000 1.54629000
1.89685000 1.54574000
1.89695000 1.54519000
1.89705000 1.54466000
1.89715000 1.54411000
1.89725000 1.54356000
1.89735000 1.54302000
1.89745000 1.54248000
1.89755000 1.54193000
1.89765000 1.54139000
1.89775000 1.53765000
1.89785000 1.53711000
1.89795000 1.53657000
1.89805000 1.53602000
1.89815000 1.53548000
1.89825000 1.53493000
1.89835000 1.53439000
1.89845000 1.53385000
1.89855000 1.53330000
1.89865000 1.53276000
1.89875000 1.53221000
1.89885000 1.52850000
1.89895000 1.52795000
1.89905000 1.52741000
1.89915000 1.52686000
1.89925000 1.52633000
1.89935000 1.52577000
1.89945000 1.52524000
1.89955000 1.52469000
1.89965000 1.52414000
1.89975000 1.52360000
1.89985000 1.52306000
1.89995000 1.51936000
1.90005000 1.51881000
1.90015000 1.51828000
1.90025000 1.51773000
1.90035000 1.51718000
1.90045000 1.51664000
1.90055000 1.51610000
1.90065000 1.51555000
1.90075000 1.51501000
1.90085000 1.51446000
1.90095000 1.51392000
1.90105000 1.51337000
1.90115000 1.50970000
1.90125000 1.50915000
1.90135000 1.50862000
1.90145000 1.50806000
1.90155000 1.50753000
1.90165000 1.50697000
1.90175000 1.50644000
1.90185000 1.50589000
1.90195000 1.50534000
1.90205000 1.50480000
1.90215000 1.50425000
1.90225000 1.50060000
1.90235000 1.50006000
1.90245000 1.49951000
1.90255000 1.49897000
1.90265000 1.49843000
1.90275000 1.49788000
1.90285000 1.49733000
1.90295000 1.49679000
1.90305000 1.49625000
1.90315000 1.49569000
1.90325000 1.49516000
1.90335000 1.49152000
1.90345000 1.49098000
1.90355000 1.49043000
1.90365000 1.48989000
1.90375000 1.48935000
1.90385000 1.48880000
1.90395000 1.48825000
1.90405000 1.48771000
1.90415000 1.48717000
1.90425000 1.48661000
1.90435000 1.48608000
1.90445000 1.48246000
1.90455000 1.48192000
1.90465000 1.48137000
1.90475000 1.48083000
1.90485000 1.48029000
1.90495000 1.47974000
1.90505000 1.47919000
1.90515000 1.47865000
1.90525000 1.47810000
1.90535000 1.47756000
1.90545000 1.47701000
1.90555000 1.47647000
1.90565000 1.47288000
1.90575000 1.47233000
1.90585000 1.47179000
1.90595000 1.47124000
1.90605000 1.47070000
1.90615000 1.47016000
1.90625000 1.46961000
1.90635000 1.46906000
1.90645000 1.46852000
1.90655000 1.46797000
1.90665000 1.46742000
1.90675000 1.46386000
1.90685000 1.46331000
1.90695000 1.46277000
1.90705000 1.46222000
1.90715000 1.46168000
1.90725000 1.46113000
1.90735000 1.46059000
1.90745000 1.46004000
1.90755000 1.45949000
1.90765000 1.45895000
1.90775000 1.45841000
1.90785000 1.45485000
1.90795000 1.45431000
1.90805000 1.45377000
1.90815000 1.45322000
1.90825000 1.45267000
1.90835000 1.45214000
1.90845000 1.45158000
1.90855000 1.45104000
1.90865000 1.45049000
1.90875000 1.44995000
1.90885000 1.44940000
1.90895000 1.44587000
1.90905000 1.44533000
1.90915000 1.44478000
1.90925000 1.44424000
1.90935000 1.44370000
1.90945000 1.44315000
1.90955000 1.44260000
1.90965000 1.44205000
1.90975000 1.44151000
1.90985000 1.44097000
1.90995000 1.44042000
1.91005000 1.43987000
1.91015000 1.43636000
1.91025000 1.43582000
1.91035000 1.43528000
1.91045000 1.43473000
1.91055000 1.43419000
1.91065000 1.43364000
1.91075000 1.43309000
1.91085000 1.43255000
1.91095000 1.43200000
1.91105000 1.43145000
1.91115000 1.43091000
1.91125000 1.42743000
1.91135000 1.42687000
1.91145000 1.42634000
1.91155000 1.42579000
1.91165000 1.42524000
1.91175000 1.42469000
1.91185000 1.42415000
1.91195000 1.42361000
1.91205000 1.42306000
1.91215000 1.42251000
1.91225000 1.42196000
1.91235000 1.41850000
1.91245000 1.41796000
1.91255000 1.41741000
1.91265000 1.41686000
1.91275000 1.41632000
1.91285000 1.41578000
1.91295000 1.41522000
1.91305000 1.41468000
1.91315000 1.41414000
1.91325000 1.41359000
1.91335000 1.41304000
1.91345000 1.40960000
1.91355000 1.40905000
1.91365000 1.40851000
1.91375000 1.40796000
1.91385000 1.40741000
1.91395000 1.40687000
1.91405000 1.40633000
1.91415000 1.40577000
1.91425000 1.40523000
1.91435000 1.40469000
1.91445000 1.40414000
1.91455000 1.40359000
1.91465000 1.40017000
1.91475000 1.39962000
1.91485000 1.39908000
1.91495000 1.39853000
1.91505000 1.39799000
1.91515000 1.39744000
1.91525000 1.39689000
1.91535000 1.39635000
1.91545000 1.39580000
1.91555000 1.39525000
1.91565000 1.39471000
1.91575000 1.39131000
1.91585000 1.39076000
1.91595000 1.39021000
1.91605000 1.38967000
1.91615000 1.38912000
1.91625000 1.38858000
1.91635000 1.38803000
1.91645000 1.38748000
1.91655000 1.38694000
1.91665000 1.38639000
1.91675000 1.38584000
1.91685000 1.38247000
1.91695000 1.38191000
1.91705000 1.38137000
1.91715000 1.38083000
1.91725000 1.38028000
1.91735000 1.37973000
1.91745000 1.37919000
1.91755000 1.37864000
1.91765000 1.37809000
1.91775000 1.37755000
1.91785000 1.37700000
1.91795000 1.37364000
1.91805000 1.37309000
1.91815000 1.37255000
1.91825000 1.37200000
1.91835000 1.37146000
1.91845000 1.37091000
1.91855000 1.37036000
1.91865000 1.36982000
1.91875000 1.36927000
1.91885000 1.36872000
1.91895000 1.36818000
1.91905000 1.36483000
1.91915000 1.36429000
1.91925000 1.36375000
1.91935000 1.36320000
1.91945000 1.36265000
1.91955000 1.36210000
1.91965000 1.36157000
1.91975000 1.36101000
1.91985000 1.36047000
1.91995000 1.35992000
1.92005000 1.35937000
1.92015000 1.35883000
1.92025000 1.35550000
1.92035000 1.35496000
1.92045000 1.35442000
1.92055000 1.35387000
1.92065000 1.35332000
1.92075000 1.35278000
1.92085000 1.35223000
1.92095000 1.35169000
1.92105000 1.35113000
1.92115000 1.35059000
1.92125000 1.35005000
1.92135000 1.34674000
1.92145000 1.34620000
1.92155000 1.34565000
1.92165000 1.34511000
1.92175000 1.34456000
1.92185000 1.34402000
1.92195000 1.34346000
1.92205000 1.34293000
1.92215000 1.34237000
1.92225000 1.34183000
1.92235000 1.34128000
1.92245000 1.33800000
1.92255000 1.33746000
1.92265000 1.33691000
1.92275000 1.33636000
1.92285000 1.33582000
1.92295000 1.33527000
1.92305000 1.33473000
1.92315000 1.33418000
1.92325000 1.33363000
1.92335000 1.33309000
1.92345000 1.33254000
1.92355000 1.32928000
1.92365000 1.32873000
1.92375000 1.32819000
1.92385000 1.32764000
1.92395000 1.32710000
1.92405000 1.32655000
1.92415000 1.32600000
1.92425000 1.32546000
1.92435000 1.32491000
1.92445000 1.32436000
1.92455000 1.32382000
1.92465000 1.32058000
1.92475000 1.32003000
1.92485000 1.31949000
1.92495000 1.31894000
1.92505000 1.31839000
1.92515000 1.31785000
1.92525000 1.31731000
1.92535000 1.31675000
1.92545000 1.31621000
1.92555000 1.31567000
1.92565000 1.31511000
1.92575000 1.31190000
1.92585000 1.31135000
1.92595000 1.31080000
1.92605000 1.31026000
1.92615000 1.30972000
1.92625000 1.30917000
1.92635000 1.30862000
1.92645000 1.30808000
1.92655000 1.30752000
1.92665000 1.30699000
1.92675000 1.30643000
1.92685000 1.30589000
1.92695000 1.30269000
1.92705000 1.30215000
1.92715000 1.30160000
1.92725000 1.30105000
1.92735000 1.30051000
1.92745000 1.29996000
1.92755000 1.29942000
1.92765000 1.29887000
1.92775000 1.29832000
1.92785000 1.29778000
1.92795000 1.29723000
1.92805000 1.29405000
1.92815000 1.29350000
1.92825000 1.29296000
1.92835000 1.29242000
1.92845000 1.29187000
1.92855000 1.29132000
1.92865000 1.29077000
1.92875000 1.29023000
1.92885000 1.28969000
1.92895000 1.28914000
1.92905000 1.28859000
1.92915000 1.28543000
1.92925000 1.28488000
1.92935000 1.28435000
1.92945000 1.28379000
1.92955000 1.28325000
1.92965000 1.28270000
1.92975000 1.28216000
1.92985000 1.28161000
1.92995000 1.28107000
1.93005000 1.28052000
1.93015000 1.27997000
1.93025000 1.27684000
1.93035000 1.27628000
1.93045000 1.27574000
1.93055000 1.27520000
1.93065000 1.27465000
1.93075000 1.27411000
1.93085000 1.27356000
1.93095000 1.27301000
1.93105000 1.27247000
1.93115000 1.27193000
1.93125000 1.27137000
1.93135000 1.26826000
1.93145000 1.26771000
1.93155000 1.26716000
1.93165000 1.26662000
1.93175000 1.26608000
1.93185000 1.26552000
1.93195000 1.26499000
1.93205000 1.26444000
1.93215000 1.26389000
1.93225000 1.26334000
1.93235000 1.26280000
1.93245000 1.25970000
1.93255000 1.25915000
1.93265000 1.25861000
1.93275000 1.25807000
1.93285000 1.25752000
1.93295000 1.25697000
1.93305000 1.25643000
1.93315000 1.25588000
1.93325000 1.25533000
1.93335000 1.25480000
1.93345000 1.25424000
1.93355000 1.25116000
1.93365000 1.25062000
1.93375000 1.25007000
1.93385000 1.24953000
1.93395000 1.24898000
1.93405000 1.24844000
1.93415000 1.24789000
1.93425000 1.24735000
1.93435000 1.24680000
1.93445000 1.24626000
1.93455000 1.24571000
1.93465000 1.24265000
1.93475000 1.24210000
1.93485000 1.24156000
1.93495000 1.24101000
1.93505000 1.24047000
1.93515000 1.23993000
1.93525000 1.23938000
1.93535000 1.23883000
1.93545000 1.23829000
1.93555000 1.23774000
1.93565000 1.23720000
1.93575000 1.23665000
1.93585000 1.23361000
1.93595000 1.23307000
1.93605000 1.23252000
1.93615000 1.23197000
1.93625000 1.23144000
1.93635000 1.23088000
1.93645000 1.23034000
1.93655000 1.22980000
1.93665000 1.22925000
1.93675000 1.22871000
1.93685000 1.22816000
1.93695000 1.22514000
1.93705000 1.22459000
1.93715000 1.22405000
1.93725000 1.22350000
1.93735000 1.22296000
1.93745000 1.22242000
1.93755000 1.22187000
1.93765000 1.22132000
1.93775000 1.22078000
1.93785000 1.22024000
1.93795000 1.21969000
1.93805000 1.21669000
1.93815000 1.21614000
1.93825000 1.21560000
1.93835000 1.21505000
1.93845000 1.21451000
1.93855000 1.21396000
1.93865000 1.21343000
1.93875000 1.21287000
1.93885000 1.21233000
1.93895000 1.21179000
1.93905000 1.21124000
1.93915000 1.20826000
1.93925000 1.20771000
1.93935000 1.20717000
1.93945000 1.20662000
1.93955000 1.20608000
1.93965000 1.20554000
1.93975000 1.20499000
1.93985000 1.20445000
1.93995000 1.20390000
1.94005000 1.20336000
1.94015000 1.20282000
1.94025000 1.19984000
1.94035000 1.19931000
1.94045000 1.19876000
1.94055000 1.19822000
1.94065000 1.19767000
1.94075000 1.19713000
1.94085000 1.19659000
1.94095000 1.19604000
1.94105000 1.19549000
1.94115000 1.19496000
1.94125000 1.19440000
1.94135000 1.19146000
1.94145000 1.19092000
1.94155000 1.19038000
1.94165000 1.18983000
1.94175000 1.18928000
1.94185000 1.18875000
1.94195000 1.18820000
1.94205000 1.18765000
1.94215000 1.18712000
1.94225000 1.18656000
1.94235000 1.18603000
1.94245000 1.18309000
1.94255000 1.18256000
1.94265000 1.18200000
1.94275000 1.18147000
1.94285000 1.18092000
1.94295000 1.18038000
1.94305000 1.17984000
1.94315000 1.17929000
1.94325000 1.17875000
1.94335000 1.17821000
1.94345000 1.17766000
1.94355000 1.17475000
1.94365000 1.17421000
1.94375000 1.17366000
1.94385000 1.17312000
1.94395000 1.17259000
1.94405000 1.17203000
1.94415000 1.17150000
1.94425000 1.17095000
1.94435000 1.17040000
1.94445000 1.16987000
1.94455000 1.16932000
1.94465000 1.16643000
1.94475000 1.16588000
1.94485000 1.16535000
1.94495000 1.16480000
1.94505000 1.16426000
1.94515000 1.16371000
1.94525000 1.16318000
1.94535000 1.16263000
1.94545000 1.16209000
1.94555000 1.16154000
1.94565000 1.16100000
1.94575000 1.15813000
1.94585000 1.15758000
1.94595000 1.15705000
1.94605000 1.15650000
1.94615000 1.15596000
1.94625000 1.15542000
1.94635000 1.15487000
1.94645000 1.15433000
1.94655000 1.15379000
1.94665000 1.15325000
1.94675000 1.15270000
1.94685000 1.14985000
1.94695000 1.14931000
1.94705000 1.14877000
1.94715000 1.14822000
1.94725000 1.14768000
1.94735000 1.14714000
1.94745000 1.14660000
1.94755000 1.14606000
1.94765000 1.14551000
1.94775000 1.14497000
1.94785000 1.14443000
1.94795000 1.14159000
1.94805000 1.14105000
1.94815000 1.14051000
1.94825000 1.13997000
1.94835000 1.13942000
1.94845000 1.13889000
1.94855000 1.13834000
1.94865000 1.13780000
1.94875000 1.13726000
1.94885000 1.13672000
1.94895000 1.13617000
1.94905000 1.13336000
1.94915000 1.13282000
1.94925000 1.13227000
1.94935000 1.13174000
1.94945000 1.13119000
1.94955000 1.13065000
1.94965000 1.13011000
1.94975000 1.12957000
1.94985000 1.12903000
1.94995000 1.12848000
1.95005000 1.12794000
1.95015000 1.12515000
1.95025000 1.12460000
1.95035000 1.12406000
1.95045000 1.12353000
1.95055000 1.12298000
1.95065000 1.12244000
1.95075000 1.12190000
1.95085000 1.12135000
1.95095000 1.12082000
1.95105000 1.12028000
1.95115000 1.11973000
1.95125000 1.11695000
1.95135000 1.11642000
1.95145000 1.11587000
1.95155000 1.11533000
1.95165000 1.11479000
1.95175000 1.11425000
1.95185000 1.11371000
1.95195000 1.11317000
1.95205000 1.11263000
1.95215000 1.11209000
1.95225000 1.11155000
1.95235000 1.10878000
1.95245000 1.10825000
1.95255000 1.10770000
1.95265000 1.10716000
1.95275000 1.10663000
1.95285000 1.10608000
1.95295000 1.10555000
1.95305000 1.10500000
1.95315000 1.10446000
1.95325000 1.10393000
1.95335000 1.10338000
1.95345000 1.10064000
1.95355000 1.10009000
1.95365000 1.09956000
1.95375000 1.09902000
1.95385000 1.09848000
1.95395000 1.09794000
1.95405000 1.09740000
1.95415000 1.09686000
1.95425000 1.09632000
1.95435000 1.09578000
1.95445000 1.09524000
1.95455000 1.09251000
1.95465000 1.09198000
1.95475000 1.09143000
1.95485000 1.09090000
1.95495000 1.09035000
1.95505000 1.08982000
1.95515000 1.08928000
1.95525000 1.08874000
1.95535000 1.08820000
1.95545000 1.08765000
1.95555000 1.08712000
1.95565000 1.08441000
1.95575000 1.08388000
1.95585000 1.08333000
1.95595000 1.08280000
1.95605000 1.08225000
1.95615000 1.08172000
1.95625000 1.08118000
1.95635000 1.08064000
1.95645000 1.08010000
1.95655000 1.07956000
1.95665000 1.07902000
1.95675000 1.07633000
1.95685000 1.07579000
1.95695000 1.07526000
1.95705000 1.07472000
1.95715000 1.07418000
1.95725000 1.07364000
1.95735000 1.07310000
1.95745000 1.07256000
1.95755000 1.07202000
1.95765000 1.07149000
1.95775000 1.07094000
1.95785000 1.06828000
1.95795000 1.06774000
1.95805000 1.06720000
1.95815000 1.06666000
1.95825000 1.06612000
1.95835000 1.06559000
1.95845000 1.06504000
1.95855000 1.06451000
1.95865000 1.06397000
1.95875000 1.06343000
1.95885000 1.06290000
1.95895000 1.06024000
1.95905000 1.05970000
1.95915000 1.05917000
1.95925000 1.05862000
1.95935000 1.05810000
1.95945000 1.05755000
1.95955000 1.05701000
1.95965000 1.05648000
1.95975000 1.05594000
1.95985000 1.05540000
1.95995000 1.05487000
1.96005000 1.05222000
1.96015000 1.05170000
1.96025000 1.05115000
1.96035000 1.05062000
1.96045000 1.05008000
1.96055000 1.04954000
1.96065000 1.04901000
1.96075000 1.04847000
1.96085000 1.04793000
1.96095000 1.04739000
1.96105000 1.04686000
1.96115000 1.04424000
1.96125000 1.04370000
1.96135000 1.04317000
1.96145000 1.04263000
1.96155000 1.04209000
1.96165000 1.04156000
1.96175000 1.04102000
1.96185000 1.04048000
1.96195000 1.03995000
1.96205000 1.03941000
1.96215000 1.03887000
1.96225000 1.03627000
1.96235000 1.03574000
1.96245000 1.03520000
1.96255000 1.03467000
1.96265000 1.03413000
1.96275000 1.03359000
1.96285000 1.03306000
1.96295000 1.03252000
1.96305000 1.03198000
1.96315000 1.03145000
1.96325000 1.03091000
1.96335000 1.02833000
1.96345000 1.02779000
1.96355000 1.02726000
1.96365000 1.02672000
1.96375000 1.02619000
1.96385000 1.02565000
1.96395000 1.02512000
1.96405000 1.02458000
1.96415000 1.02405000
1.96425000 1.02350000
1.96435000 1.02298000
1.96445000 1.02041000
1.96455000 1.01987000
1.96465000 1.01934000
1.96475000 1.01880000
1.96485000 1.01827000
1.96495000 1.01774000
1.96505000 1.01720000
1.96515000 1.01666000
1.96525000 1.01613000
1.96535000 1.01559000
1.96545000 1.01506000
1.96555000 1.01251000
1.96565000 1.01198000
1.96575000 1.01144000
1.96585000 1.01091000
1.96595000 1.01037000
1.96605000 1.00984000
1.96615000 1.00931000
1.96625000 1.00877000
1.96635000 1.00823000
1.96645000 1.00770000
1.96655000 1.00717000
1.96665000 1.00463000
1.96675000 1.00411000
1.96685000 1.00357000
1.96695000 1.00303000
1.96705000 1.00250000
1.96715000 1.00197000
1.96725000 1.00143000
1.96735000 1.00090000
1.96745000 1.00037000
1.96755000 0.99983000
1.96765000 0.99930000
1.96775000 0.99678000
1.96785000 0.99625000
1.96795000 0.99572000
1.96805000 0.99519000
1.96815000 0.99465000
1.96825000 0.99412000
1.96835000 0.99359000
1.96845000 0.99305000
1.96855000 0.99252000
1.96865000 0.99198000
1.96875000 0.99145000
1.96885000 0.98896000
1.96895000 0.98843000
1.96905000 0.98789000
1.96915000 0.98736000
1.96925000 0.98682000
1.96935000 0.98630000
1.96945000 0.98576000
1.96955000 0.98523000
1.96965000 0.98469000
1.96975000 0.98417000
1.96985000 0.98168000
1.96995000 0.98115000
1.97005000 0.98062000
1.97015000 0.98009000
1.97025000 0.97956000
1.97035000 0.97902000
1.97045000 0.97850000
1.97055000 0.97796000
1.97065000 0.97742000
1.97075000 0.97690000
1.97085000 0.97636000
1.97095000 0.97390000
1.97105000 0.97337000
1.97115000 0.97284000
1.97125000 0.97231000
1.97135000 0.97178000
1.97145000 0.97125000
1.97155000 0.97071000
1.97165000 0.97018000
1.97175000 0.96965000
1.97185000 0.96912000
1.97195000 0.96859000
1.97205000 0.96614000
1.97215000 0.96562000
1.97225000 0.96508000
1.97235000 0.96455000
1.97245000 0.96402000
1.97255000 0.96349000
1.97265000 0.96296000
1.97275000 0.96243000
1.97285000 0.96190000
1.97295000 0.96136000
1.97305000 0.96084000
1.97315000 0.95841000
1.97325000 0.95788000
1.97335000 0.95734000
1.97345000 0.95682000
1.97355000 0.95629000
1.97365000 0.95576000
1.97375000 0.95523000
1.97385000 0.95470000
1.97395000 0.95416000
1.97405000 0.95364000
1.97415000 0.95311000
1.97425000 0.95069000
1.97435000 0.95017000
1.97445000 0.94964000
1.97455000 0.94911000
1.97465000 0.94858000
1.97475000 0.94805000
1.97485000 0.94752000
1.97495000 0.94699000
1.97505000 0.94646000
1.97515000 0.94593000
1.97525000 0.94541000
1.97535000 0.94301000
1.97545000 0.94248000
1.97555000 0.94195000
1.97565000 0.94142000
1.97575000 0.94090000
1.97585000 0.94036000
1.97595000 0.93984000
1.97605000 0.93931000
1.97615000 0.93878000
1.97625000 0.93825000
1.97635000 0.93772000
1.97645000 0.93534000
1.97655000 0.93482000
1.97665000 0.93429000
1.97675000 0.93376000
1.97685000 0.93324000
1.97695000 0.93270000
1.97705000 0.93218000
1.97715000 0.93165000
1.97725000 0.93112000
1.97735000 0.93059000
1.97745000 0.93006000
1.97755000 0.92771000
1.97765000 0.92718000
1.97775000 0.92665000
1.97785000 0.92612000
1.97795000 0.92560000
1.97805000 0.92507000
1.97815000 0.92454000
1.97825000 0.92401000
1.97835000 0.92349000
1.97845000 0.92296000
1.97855000 0.92243000
1.97865000 0.92009000
1.97875000 0.91956000
1.97885000 0.91904000
1.97895000 0.91851000
1.97905000 0.91798000
1.97915000 0.91746000
1.97925000 0.91692000
1.97935000 0.91641000
1.97945000 0.91587000
1.97955000 0.91535000
1.97965000 0.91302000
1.97975000 0.91250000
1.97985000 0.91197000
1.97995000 0.91145000
1.98005000 0.91092000
1.98015000 0.91039000
1.98025000 0.90987000
1.98035000 0.90934000
1.98045000 0.90882000
1.98055000 0.90829000
1.98065000 0.90776000
1.98075000 0.90545000
1.98085000 0.90493000
1.98095000 0.90441000
1.98105000 0.90388000
1.98115000 0.90335000
1.98125000 0.90283000
1.98135000 0.90230000
1.98145000 0.90178000
1.98155000 0.90125000
1.98165000 0.90073000
1.98175000 0.90020000
1.98185000 0.89791000
1.98195000 0.89739000
1.98205000 0.89686000
1.98215000 0.89634000
1.98225000 0.89581000
1.98235000 0.89529000
1.98245000 0.89476000
1.98255000 0.89424000
1.98265000 0.89371000
1.98275000 0.89319000
1.98285000 0.89266000
1.98295000 0.89039000
1.98305000 0.88987000
1.98315000 0.88934000
1.98325000 0.88882000
1.98335000 0.88830000
1.98345000 0.88777000
1.98355000 0.88724000
1.98365000 0.88673000
1.98375000 0.88620000
1.98385000 0.88567000
1.98395000 0.88515000
1.98405000 0.88290000
1.98415000 0.88237000
1.98425000 0.88185000
1.98435000 0.88132000
1.98445000 0.88080000
1.98455000 0.88028000
1.98465000 0.87976000
1.98475000 0.87923000
1.98485000 0.87871000
1.98495000 0.87818000
1.98505000 0.87767000
1.98515000 0.87542000
1.98525000 0.87490000
1.98535000 0.87438000
1.98545000 0.87385000
1.98555000 0.87334000
1.98565000 0.87281000
1.98575000 0.87229000
1.98585000 0.87176000
1.98595000 0.87125000
1.98605000 0.87072000
1.98615000 0.86849000
1.98625000 0.86798000
1.98635000 0.86745000
1.98645000 0.86693000
1.98655000 0.86642000
1.98665000 0.86589000
1.98675000 0.86536000
1.98685000 0.86485000
1.98695000 0.86432000
1.98705000 0.86381000
1.98715000 0.86328000
1.98725000 0.86107000
1.98735000 0.86055000
1.98745000 0.86003000
1.98755000 0.85952000
1.98765000 0.85899000
1.98775000 0.85847000
1.98785000 0.85795000
1.98795000 0.85742000
1.98805000 0.85691000
1.98815000 0.85639000
1.98825000 0.85586000
1.98835000 0.85368000
1.98845000 0.85315000
1.98855000 0.85264000
1.98865000 0.85211000
1.98875000 0.85160000
1.98885000 0.85107000
1.98895000 0.85056000
1.98905000 0.85003000
1.98915000 0.84952000
1.98925000 0.84899000
1.98935000 0.84848000
1.98945000 0.84630000
1.98955000 0.84578000
1.98965000 0.84526000
1.98975000 0.84475000
1.98985000 0.84422000
1.98995000 0.84371000
1.99005000 0.84318000
1.99015000 0.84267000
1.99025000 0.84215000
1.99035000 0.84162000
1.99045000 0.84111000
1.99055000 0.83895000
1.99065000 0.83844000
1.99075000 0.83791000
1.99085000 0.83740000
1.99095000 0.83688000
1.99105000 0.83636000
1.99115000 0.83584000
1.99125000 0.83532000
1.99135000 0.83481000
1.99145000 0.83428000
1.99155000 0.83215000
1.99165000 0.83162000
1.99175000 0.83111000
1.99185000 0.83059000
1.99195000 0.83008000
1.99205000 0.82956000
1.99215000 0.82904000
1.99225000 0.82852000
1.99235000 0.82800000
1.99245000 0.82749000
1.99255000 0.82697000
1.99265000 0.82484000
1.99275000 0.82433000
1.99285000 0.82381000
1.99295000 0.82329000
1.99305000 0.82278000
1.99315000 0.82226000
1.99325000 0.82175000
1.99335000 0.82123000
1.99345000 0.82071000
1.99355000 0.82019000
1.99365000 0.81968000
1.99375000 0.81757000
1.99385000 0.81705000
1.99395000 0.81654000
1.99405000 0.81602000
1.99415000 0.81550000
1.99425000 0.81499000
1.99435000 0.81448000
1.99445000 0.81396000
1.99455000 0.81344000
1.99465000 0.81293000
1.99475000 0.81241000
1.99485000 0.81032000
1.99495000 0.80980000
1.99505000 0.80929000
1.99515000 0.80877000
1.99525000 0.80826000
1.99535000 0.80775000
1.99545000 0.80723000
1.99555000 0.80671000
1.99565000 0.80620000
1.99575000 0.80569000
1.99585000 0.80360000
1.99595000 0.80309000
1.99605000 0.80258000
1.99615000 0.80207000
1.99625000 0.80155000
1.99635000 0.80104000
1.99645000 0.80052000
1.99655000 0.80001000
1.99665000 0.79950000
1.99675000 0.79898000
1.99685000 0.79847000
1.99695000 0.79640000
1.99705000 0.79590000
1.99715000 0.79537000
1.99725000 0.79487000
1.99735000 0.79436000
1.99745000 0.79384000
1.99755000 0.79333000
1.99765000 0.79281000
1.99775000 0.79230000
1.99785000 0.79179000
1.99795000 0.79128000
1.99805000 0.78923000
1.99815000 0.78872000
1.99825000 0.78820000
1.99835000 0.78770000
1.99845000 0.78718000
1.99855000 0.78667000
1.99865000 0.78616000
1.99875000 0.78565000
1.99885000 0.78513000
1.99895000 0.78463000
1.99905000 0.78411000
1.99915000 0.78208000
1.99925000 0.78157000
1.99935000 0.78105000
1.99945000 0.78055000
1.99955000 0.78004000
1.99965000 0.77952000
1.99975000 0.77902000
1.99985000 0.77850000
1.99995000 0.77799000
2.00005000 0.77749000
2.00015000 0.77546000
2.00025000 0.77495000
2.00035000 0.77445000
2.00045000 0.77394000
2.00055000 0.77342000
2.00065000 0.77292000
2.00075000 0.77240000
2.00085000 0.77190000
2.00095000 0.77138000
2.00105000 0.77088000
2.00115000 0.77037000
2.00125000 0.76836000
2.00135000 0.76786000
2.00145000 0.76734000
2.00155000 0.76684000
2.00165000 0.76633000
2.00175000 0.76582000
2.00185000 0.76531000
2.00195000 0.76481000
2.00205000 0.76429000
2.00215000 0.76379000
2.00225000 0.76327000
2.00235000 0.76129000
2.00245000 0.76079000
2.00255000 0.76027000
2.00265000 0.75977000
2.00275000 0.75926000
2.00285000 0.75875000
2.00295000 0.75824000
2.00305000 0.75774000
2.00315000 0.75723000
2.00325000 0.75672000
2.00335000 0.75621000
2.00345000 0.75424000
2.00355000 0.75373000
2.00365000 0.75323000
2.00375000 0.75272000
2.00385000 0.75222000
2.00395000 0.75171000
2.00405000 0.75120000
2.00415000 0.75069000
2.00425000 0.75019000
2.00435000 0.74968000
2.00445000 0.74773000
2.00455000 0.74722000
2.00465000 0.74671000
2.00475000 0.74621000
2.00485000 0.74570000
2.00495000 0.74520000
2.00505000 0.74469000
2.00515000 0.74418000
2.00525000 0.74368000
2.00535000 0.74317000
2.00545000 0.74267000
2.00555000 0.74073000
2.00565000 0.74022000
2.00575000 0.73972000
2.00585000 0.73921000
2.00595000 0.73871000
2.00605000 0.73820000
2.00615000 0.73770000
2.00625000 0.73720000
2.00635000 0.73669000
2.00645000 0.73618000
2.00655000 0.73568000
2.00665000 0.73376000
2.00675000 0.73325000
2.00685000 0.73275000
2.00695000 0.73224000
2.00705000 0.73174000
2.00715000 0.73124000
2.00725000 0.73073000
2.00735000 0.73023000
2.00745000 0.72973000
2.00755000 0.72922000
2.00765000 0.72732000
2.00775000 0.72681000
2.00785000 0.72630000
2.00795000 0.72581000
2.00805000 0.72530000
2.00815000 0.72480000
2.00825000 0.72430000
2.00835000 0.72379000
2.00845000 0.72329000
2.00855000 0.72279000
2.00865000 0.72229000
2.00875000 0.72039000
2.00885000 0.71989000
2.00895000 0.71939000
2.00905000 0.71889000
2.00915000 0.71838000
2.00925000 0.71789000
2.00935000 0.71738000
2.00945000 0.71688000
2.00955000 0.71638000
2.00965000 0.71588000
2.00975000 0.71538000
2.00985000 0.71349000
2.00995000 0.71300000
2.01005000 0.71250000
2.01015000 0.71200000
2.01025000 0.71149000
2.01035000 0.71100000
2.01045000 0.71049000
2.01055000 0.71000000
2.01065000 0.70949000
2.01075000 0.70900000
2.01085000 0.70712000
2.01095000 0.70663000
2.01105000 0.70614000
2.01115000 0.70563000
2.01125000 0.70513000
2.01135000 0.70463000
2.01145000 0.70413000
2.01155000 0.70364000
2.01165000 0.70313000
2.01175000 0.70264000
2.01185000 0.70213000
2.01195000 0.70029000
2.01205000 0.69979000
2.01215000 0.69929000
2.01225000 0.69879000
2.01235000 0.69829000
2.01245000 0.69780000
2.01255000 0.69730000
2.01265000 0.69680000
2.01275000 0.69630000
2.01285000 0.69580000
2.01295000 0.69530000
2.01305000 0.69347000
2.01315000 0.69298000
2.01325000 0.69247000
2.01335000 0.69198000
2.01345000 0.69148000
2.01355000 0.69099000
2.01365000 0.69049000
2.01375000 0.68999000
2.01385000 0.68949000
2.01395000 0.68900000
2.01405000 0.68718000
2.01415000 0.68668000
2.01425000 0.68618000
2.01435000 0.68569000
2.01445000 0.68519000
2.01455000 0.68470000
2.01465000 0.68420000
2.01475000 0.68371000
2.01485000 0.68321000
2.01495000 0.68271000
2.01505000 0.68222000
2.01515000 0.68041000
2.01525000 0.67992000
2.01535000 0.67942000
2.01545000 0.67893000
2.01555000 0.67843000
2.01565000 0.67794000
2.01575000 0.67745000
2.01585000 0.67695000
2.01595000 0.67645000
2.01605000 0.67596000
2.01615000 0.67547000
2.01625000 0.67367000
2.01635000 0.67318000
2.01645000 0.67269000
2.01655000 0.67219000
2.01665000 0.67171000
2.01675000 0.67120000
2.01685000 0.67072000
2.01695000 0.67022000
2.01705000 0.66972000
2.01715000 0.66924000
2.01725000 0.66745000
2.01735000 0.66697000
2.01745000 0.66647000
2.01755000 0.66598000
2.01765000 0.66549000
2.01775000 0.66500000
2.01785000 0.66450000
2.01795000 0.66401000
2.01805000 0.66352000
2.01815000 0.66302000
2.01825000 0.66254000
2.01835000 0.66077000
2.01845000 0.66028000
2.01855000 0.65979000
2.01865000 0.65930000
2.01875000 0.65881000
2.01885000 0.65831000
2.01895000 0.65783000
2.01905000 0.65733000
2.01915000 0.65685000
2.01925000 0.65635000
2.01935000 0.65586000
2.01945000 0.65411000
2.01955000 0.65363000
2.01965000 0.65313000
2.01975000 0.65265000
2.01985000 0.65215000
2.01995000 0.65167000
2.02005000 0.65117000
2.02015000 0.65069000
2.02025000 0.65019000
2.02035000 0.64971000
2.02045000 0.64797000
2.02055000 0.64749000
2.02065000 0.64699000
2.02075000 0.64651000
2.02085000 0.64602000
2.02095000 0.64553000
2.02105000 0.64504000
2.02115000 0.64455000
2.02125000 0.64406000
2.02135000 0.64358000
2.02145000 0.64308000
2.02155000 0.64137000
2.02165000 0.64088000
2.02175000 0.64039000
2.02185000 0.63991000
2.02195000 0.63942000
2.02205000 0.63893000
2.02215000 0.63844000
2.02225000 0.63796000
2.02235000 0.63747000
2.02245000 0.63698000
2.02255000 0.63649000
2.02265000 0.63479000
2.02275000 0.63431000
2.02285000 0.63381000
2.02295000 0.63334000
2.02305000 0.63284000
2.02315000 0.63236000
2.02325000 0.63188000
2.02335000 0.63138000
2.02345000 0.63091000
2.02355000 0.63041000
2.02365000 0.62873000
2.02375000 0.62824000
2.02385000 0.62775000
2.02395000 0.62727000
2.02405000 0.62679000
2.02415000 0.62630000
2.02425000 0.62582000
2.02435000 0.62533000
2.02445000 0.62484000
2.02455000 0.62437000
2.02465000 0.62387000
2.02475000 0.62220000
2.02485000 0.62172000
2.02495000 0.62124000
2.02505000 0.62075000
2.02515000 0.62026000
2.02525000 0.61979000
2.02535000 0.61930000
2.02545000 0.61881000
2.02555000 0.61834000
2.02565000 0.61785000
2.02575000 0.61618000
2.02585000 0.61571000
2.02595000 0.61522000
2.02605000 0.61474000
2.02615000 0.61426000
2.02625000 0.61378000
2.02635000 0.61329000
2.02645000 0.61281000
2.02655000 0.61233000
2.02665000 0.61185000
2.02675000 0.61136000
2.02685000 0.60972000
2.02695000 0.60924000
2.02705000 0.60876000
2.02715000 0.60827000
2.02725000 0.60779000
2.02735000 0.60732000
2.02745000 0.60683000
2.02755000 0.60635000
2.02765000 0.60587000
2.02775000 0.60539000
2.02785000 0.60491000
2.02795000 0.60327000
2.02805000 0.60280000
2.02815000 0.60231000
2.02825000 0.60184000
2.02835000 0.60136000
2.02845000 0.60087000
2.02855000 0.60040000
2.02865000 0.59992000
2.02875000 0.59944000
2.02885000 0.59895000
2.02895000 0.59734000
2.02905000 0.59687000
2.02915000 0.59638000
2.02925000 0.59590000
2.02935000 0.59543000
2.02945000 0.59495000
2.02955000 0.59447000
2.02965000 0.59399000
2.02975000 0.59351000
2.02985000 0.59303000
2.02995000 0.59256000
2.03005000 0.59095000
2.03015000 0.59048000
2.03025000 0.58999000
2.03035000 0.58952000
2.03045000 0.58905000
2.03055000 0.58856000
2.03065000 0.58809000
2.03075000 0.58762000
2.03085000 0.58713000
2.03095000 0.58666000
2.03105000 0.58507000
2.03115000 0.58459000
2.03125000 0.58411000
2.03135000 0.58364000
2.03145000 0.58317000
2.03155000 0.58269000
2.03165000 0.58221000
2.03175000 0.58174000
2.03185000 0.58126000
2.03195000 0.58079000
2.03205000 0.58031000
2.03215000 0.57873000
2.03225000 0.57826000
2.03235000 0.57779000
2.03245000 0.57731000
2.03255000 0.57684000
2.03265000 0.57636000
2.03275000 0.57589000
2.03285000 0.57541000
2.03295000 0.57494000
2.03305000 0.57447000
2.03315000 0.57399000
2.03325000 0.57243000
2.03335000 0.57195000
2.03345000 0.57148000
2.03355000 0.57101000
2.03365000 0.57054000
2.03375000 0.57007000
2.03385000 0.56959000
2.03395000 0.56912000
2.03405000 0.56864000
2.03415000 0.56818000
2.03425000 0.56662000
2.03435000 0.56615000
2.03445000 0.56568000
2.03455000 0.56521000
2.03465000 0.56474000
2.03475000 0.56426000
2.03485000 0.56380000
2.03495000 0.56332000
2.03505000 0.56285000
2.03515000 0.56238000
2.03525000 0.56191000
2.03535000 0.56038000
2.03545000 0.55990000
2.03555000 0.55943000
2.03565000 0.55897000
2.03575000 0.55849000
2.03585000 0.55802000
2.03595000 0.55755000
2.03605000 0.55709000
2.03615000 0.55661000
2.03625000 0.55614000
2.03635000 0.55462000
2.03645000 0.55416000
2.03655000 0.55368000
2.03665000 0.55321000
2.03675000 0.55275000
2.03685000 0.55228000
2.03695000 0.55181000
2.03705000 0.55134000
2.03715000 0.55087000
2.03725000 0.55040000
2.03735000 0.54993000
2.03745000 0.54843000
2.03755000 0.54796000
2.03765000 0.54749000
2.03775000 0.54703000
2.03785000 0.54655000
2.03795000 0.54609000
2.03805000 0.54563000
2.03815000 0.54515000
2.03825000 0.54469000
2.03835000 0.54422000
2.03845000 0.54273000
2.03855000 0.54226000
2.03865000 0.54179000
2.03875000 0.54133000
2.03885000 0.54086000
2.03895000 0.54040000
2.03905000 0.53993000
2.03915000 0.53947000
2.03925000 0.53900000
2.03935000 0.53853000
2.03945000 0.53807000
2.03955000 0.53659000
2.03965000 0.53612000
2.03975000 0.53566000
2.03985000 0.53519000
2.03995000 0.53473000
2.04005000 0.53427000
2.04015000 0.53380000
2.04025000 0.53334000
2.04035000 0.53287000
2.04045000 0.53241000
2.04055000 0.53094000
2.04065000 0.53048000
2.04075000 0.53001000
2.04085000 0.52955000
2.04095000 0.52909000
2.04105000 0.52863000
2.04115000 0.52816000
2.04125000 0.52770000
2.04135000 0.52724000
2.04145000 0.52677000
2.04155000 0.52632000
2.04165000 0.52485000
2.04175000 0.52440000
2.04185000 0.52394000
2.04195000 0.52347000
2.04205000 0.52301000
2.04215000 0.52255000
2.04225000 0.52209000
2.04235000 0.52163000
2.04245000 0.52117000
2.04255000 0.52070000
2.04265000 0.51927000
2.04275000 0.51880000
2.04285000 0.51834000
2.04295000 0.51789000
2.04305000 0.51742000
2.04315000 0.51697000
2.04325000 0.51650000
2.04335000 0.51605000
2.04345000 0.51558000
2.04355000 0.51513000
2.04365000 0.51467000
2.04375000 0.51323000
2.04385000 0.51278000
2.04395000 0.51232000
2.04405000 0.51187000
2.04415000 0.51140000
2.04425000 0.51095000
2.04435000 0.51048000
2.04445000 0.51003000
2.04455000 0.50958000
2.04465000 0.50911000
2.04475000 0.50770000
2.04485000 0.50724000
2.04495000 0.50678000
2.04505000 0.50633000
2.04515000 0.50587000
2.04525000 0.50541000
2.04535000 0.50496000
2.04545000 0.50450000
2.04555000 0.50404000
2.04565000 0.50359000
2.04575000 0.50313000
2.04585000 0.50173000
2.04595000 0.50127000
2.04605000 0.50082000
2.04615000 0.50036000
2.04625000 0.49991000
2.04635000 0.49945000
2.04645000 0.49900000
2.04655000 0.49854000
2.04665000 0.49809000
2.04675000 0.49763000
2.04685000 0.49624000
2.04695000 0.49579000
2.04705000 0.49533000
2.04715000 0.49488000
2.04725000 0.49443000
2.04735000 0.49397000
2.04745000 0.49352000
2.04755000 0.49307000
2.04765000 0.49261000
2.04775000 0.49216000
2.04785000 0.49171000
2.04795000 0.49033000
2.04805000 0.48987000
2.04815000 0.48943000
2.04825000 0.48897000
2.04835000 0.48852000
2.04845000 0.48807000
2.04855000 0.48762000
2.04865000 0.48717000
2.04875000 0.48671000
2.04885000 0.48626000
2.04895000 0.48490000
2.04905000 0.48444000
2.04915000 0.48400000
2.04925000 0.48355000
2.04935000 0.48309000
2.04945000 0.48265000
2.04955000 0.48219000
2.04965000 0.48175000
2.04975000 0.48129000
2.04985000 0.48084000
2.04995000 0.48040000
2.05005000 0.47904000
2.05015000 0.47859000
2.05025000 0.47815000
2.05035000 0.47769000
2.05045000 0.47725000
2.05055000 0.47680000
2.05065000 0.47635000
2.05075000 0.47590000
2.05085000 0.47545000
2.05095000 0.47501000
2.05105000 0.47366000
2.05115000 0.47322000
2.05125000 0.47277000
2.05135000 0.47232000
2.05145000 0.47187000
2.05155000 0.47143000
2.05165000 0.47098000
2.05175000 0.47054000
2.05185000 0.47009000
2.05195000 0.46964000
2.05205000 0.46919000
2.05215000 0.46787000
2.05225000 0.46742000
2.05235000 0.46698000
2.05245000 0.46653000
2.05255000 0.46608000
2.05265000 0.46564000
2.05275000 0.46520000
2.05285000 0.46475000
2.05295000 0.46430000
2.05305000 0.46386000
2.05315000 0.46254000
2.05325000 0.46210000
2.05335000 0.46166000
2.05345000 0.46121000
2.05355000 0.46077000
2.05365000 0.46033000
2.05375000 0.45988000
2.05385000 0.45944000
2.05395000 0.45899000
2.05405000 0.45855000
2.05415000 0.45811000
2.05425000 0.45680000
2.05435000 0.45637000
2.05445000 0.45592000
2.05455000 0.45548000
2.05465000 0.45503000
2.05475000 0.45460000
2.05485000 0.45415000
2.05495000 0.45371000
2.05505000 0.45327000
2.05515000 0.45282000
2.05525000 0.45154000
2.05535000 0.45110000
2.05545000 0.45066000
2.05555000 0.45021000
2.05565000 0.44978000
2.05575000 0.44933000
2.05585000 0.44890000
2.05595000 0.44845000
2.05605000 0.44801000
2.05615000 0.44758000
2.05625000 0.44713000
2.05635000 0.44586000
2.05645000 0.44542000
2.05655000 0.44498000
2.05665000 0.44454000
2.05675000 0.44410000
2.05685000 0.44366000
2.05695000 0.44323000
2.05705000 0.44278000
2.05715000 0.44235000
2.05725000 0.44191000
2.05735000 0.44064000
2.05745000 0.44021000
2.05755000 0.43977000
2.05765000 0.43933000
2.05775000 0.43890000
2.05785000 0.43846000
2.05795000 0.43802000
2.05805000 0.43759000
2.05815000 0.43714000
2.05825000 0.43671000
2.05835000 0.43546000
2.05845000 0.43503000
2.05855000 0.43458000
2.05865000 0.43416000
2.05875000 0.43371000
2.05885000 0.43328000
2.05895000 0.43285000
2.05905000 0.43241000
2.05915000 0.43198000
2.05925000 0.43154000
2.05935000 0.43110000
2.05945000 0.42987000
2.05955000 0.42943000
2.05965000 0.42900000
2.05975000 0.42857000
2.05985000 0.42813000
2.05995000 0.42769000
2.06005000 0.42727000
2.06015000 0.42683000
2.06025000 0.42640000
2.06035000 0.42596000
2.06045000 0.42474000
2.06055000 0.42430000
2.06065000 0.42387000
2.06075000 0.42344000
2.06085000 0.42301000
2.06095000 0.42257000
2.06105000 0.42215000
2.06115000 0.42171000
2.06125000 0.42128000
2.06135000 0.42085000
2.06145000 0.42042000
2.06155000 0.41920000
2.06165000 0.41877000
2.06175000 0.41835000
2.06185000 0.41791000
2.06195000 0.41748000
2.06205000 0.41705000
2.06215000 0.41662000
2.06225000 0.41619000
2.06235000 0.41577000
2.06245000 0.41533000
2.06255000 0.41413000
2.06265000 0.41370000
2.06275000 0.41327000
2.06285000 0.41284000
2.06295000 0.41242000
2.06305000 0.41198000
2.06315000 0.41156000
2.06325000 0.41113000
2.06335000 0.41070000
2.06345000 0.41028000
2.06355000 0.40984000
2.06365000 0.40866000
2.06375000 0.40822000
2.06385000 0.40781000
2.06395000 0.40737000
2.06405000 0.40695000
2.06415000 0.40652000
2.06425000 0.40610000
2.06435000 0.40566000
2.06445000 0.40525000
2.06455000 0.40481000
2.06465000 0.40364000
2.06475000 0.40321000
2.06485000 0.40279000
2.06495000 0.40236000
2.06505000 0.40194000
2.06515000 0.40151000
2.06525000 0.40109000
2.06535000 0.40066000
2.06545000 0.40024000
2.06555000 0.39982000
2.06565000 0.39865000
2.06575000 0.39822000
2.06585000 0.39780000
2.06595000 0.39738000
2.06605000 0.39695000
2.06615000 0.39653000
2.06625000 0.39611000
2.06635000 0.39569000
2.06645000 0.39526000
2.06655000 0.39484000
2.06665000 0.39442000
2.06675000 0.39326000
2.06685000 0.39284000
2.06695000 0.39242000
2.06705000 0.39200000
2.06715000 0.39158000
2.06725000 0.39115000
2.06735000 0.39074000
2.06745000 0.39031000
2.06755000 0.38990000
2.06765000 0.38947000
2.06775000 0.38833000
2.06785000 0.38791000
2.06795000 0.38749000
2.06805000 0.38707000
2.06815000 0.38665000
2.06825000 0.38623000
2.06835000 0.38582000
2.06845000 0.38539000
2.06855000 0.38497000
2.06865000 0.38456000
2.06875000 0.38414000
2.06885000 0.38300000
2.06895000 0.38259000
2.06905000 0.38217000
2.06915000 0.38175000
2.06925000 0.38134000
2.06935000 0.38091000
2.06945000 0.38050000
2.06955000 0.38009000
2.06965000 0.37966000
2.06975000 0.37925000
2.06985000 0.37813000
2.06995000 0.37771000
2.07005000 0.37730000
2.07015000 0.37688000
2.07025000 0.37647000
2.07035000 0.37605000
2.07045000 0.37563000
2.07055000 0.37522000
2.07065000 0.37481000
2.07075000 0.37439000
2.07085000 0.37328000
2.07095000 0.37286000
2.07105000 0.37245000
2.07115000 0.37204000
2.07125000 0.37163000
2.07135000 0.37121000
2.07145000 0.37079000
2.07155000 0.37039000
2.07165000 0.36997000
2.07175000 0.36955000
2.07185000 0.36915000
2.07195000 0.36804000
2.07205000 0.36764000
2.07215000 0.36722000
2.07225000 0.36681000
2.07235000 0.36640000
2.07245000 0.36599000
2.07255000 0.36558000
2.07265000 0.36516000
2.07275000 0.36475000
2.07285000 0.36434000
2.07295000 0.36326000
2.07305000 0.36284000
2.07315000 0.36244000
2.07325000 0.36202000
2.07335000 0.36162000
2.07345000 0.36121000
2.07355000 0.36079000
2.07365000 0.36039000
2.07375000 0.35997000
2.07385000 0.35957000
2.07395000 0.35849000
2.07405000 0.35809000
2.07415000 0.35767000
2.07425000 0.35727000
2.07435000 0.35686000
2.07445000 0.35645000
2.07455000 0.35604000
2.07465000 0.35564000
2.07475000 0.35523000
2.07485000 0.35482000
2.07495000 0.35441000
2.07505000 0.35335000
2.07515000 0.35295000
2.07525000 0.35253000
2.07535000 0.35214000
2.07545000 0.35172000
2.07555000 0.35132000
2.07565000 0.35092000
2.07575000 0.35050000
2.07585000 0.35011000
2.07595000 0.34969000
2.07605000 0.34865000
2.07615000 0.34824000
2.07625000 0.34784000
2.07635000 0.34743000
2.07645000 0.34703000
2.07655000 0.34662000
2.07665000 0.34622000
2.07675000 0.34581000
2.07685000 0.34542000
2.07695000 0.34501000
2.07705000 0.34396000
2.07715000 0.34357000
2.07725000 0.34316000
2.07735000 0.34276000
2.07745000 0.34236000
2.07755000 0.34196000
2.07765000 0.34155000
2.07775000 0.34115000
2.07785000 0.34075000
2.07795000 0.34035000
2.07805000 0.33995000
2.07815000 0.33892000
2.07825000 0.33852000
2.07835000 0.33811000
2.07845000 0.33772000
2.07855000 0.33732000
2.07865000 0.33692000
2.07875000 0.33651000
2.07885000 0.33612000
2.07895000 0.33572000
2.07905000 0.33531000
2.07915000 0.33430000
2.07925000 0.33390000
2.07935000 0.33351000
2.07945000 0.33310000
2.07955000 0.33271000
2.07965000 0.33231000
2.07975000 0.33191000
2.07985000 0.33151000
2.07995000 0.33111000
2.08005000 0.33072000
2.08015000 0.32971000
2.08025000 0.32931000
2.08035000 0.32892000
2.08045000 0.32852000
2.08055000 0.32812000
2.08065000 0.32773000
2.08075000 0.32733000
2.08085000 0.32693000
2.08095000 0.32654000
2.08105000 0.32615000
2.08115000 0.32574000
2.08125000 0.32476000
2.08135000 0.32435000
2.08145000 0.32397000
2.08155000 0.32357000
2.08165000 0.32317000
2.08175000 0.32278000
2.08185000 0.32239000
2.08195000 0.32199000
2.08205000 0.32160000
2.08215000 0.32121000
2.08225000 0.32022000
2.08235000 0.31983000
2.08245000 0.31943000
2.08255000 0.31905000
2.08265000 0.31865000
2.08275000 0.31826000
2.08285000 0.31787000
2.08295000 0.31747000
2.08305000 0.31708000
2.08315000 0.31670000
2.08325000 0.31572000
2.08335000 0.31532000
2.08345000 0.31494000
2.08355000 0.31455000
2.08365000 0.31415000
2.08375000 0.31377000
2.08385000 0.31338000
2.08395000 0.31298000
2.08405000 0.31260000
2.08415000 0.31221000
2.08425000 0.31181000
2.08435000 0.31086000
2.08445000 0.31047000
2.08455000 0.31007000
2.08465000 0.30969000
2.08475000 0.30931000
2.08485000 0.30891000
2.08495000 0.30853000
2.08505000 0.30814000
2.08515000 0.30775000
2.08525000 0.30736000
2.08535000 0.30641000
2.08545000 0.30603000
2.08555000 0.30564000
2.08565000 0.30525000
2.08575000 0.30487000
2.08585000 0.30448000
2.08595000 0.30409000
2.08605000 0.30371000
2.08615000 0.30332000
2.08625000 0.30294000
2.08635000 0.30200000
2.08645000 0.30161000
2.08655000 0.30123000
2.08665000 0.30084000
2.08675000 0.30046000
2.08685000 0.30008000
2.08695000 0.29969000
2.08705000 0.29931000
2.08715000 0.29892000
2.08725000 0.29855000
2.08735000 0.29815000
2.08745000 0.29723000
2.08755000 0.29685000
2.08765000 0.29646000
2.08775000 0.29609000
2.08785000 0.29570000
2.08795000 0.29531000
2.08805000 0.29494000
2.08815000 0.29456000
2.08825000 0.29417000
2.08835000 0.29379000
2.08845000 0.29288000
2.08855000 0.29249000
2.08865000 0.29211000
2.08875000 0.29174000
2.08885000 0.29135000
2.08895000 0.29097000
2.08905000 0.29060000
2.08915000 0.29021000
2.08925000 0.28984000
2.08935000 0.28946000
2.08945000 0.28854000
2.08955000 0.28817000
2.08965000 0.28779000
2.08975000 0.28742000
2.08985000 0.28703000
2.08995000 0.28666000
2.09005000 0.28628000
2.09015000 0.28591000
2.09025000 0.28552000
2.09035000 0.28515000
2.09045000 0.28425000
2.09055000 0.28388000
2.09065000 0.28349000
2.09075000 0.28313000
2.09085000 0.28274000
2.09095000 0.28238000
2.09105000 0.28199000
2.09115000 0.28162000
2.09125000 0.28125000
2.09135000 0.28087000
2.09145000 0.28050000
2.09155000 0.27961000
2.09165000 0.27923000
2.09175000 0.27886000
2.09185000 0.27849000
2.09195000 0.27811000
2.09205000 0.27774000
2.09215000 0.27737000
2.09225000 0.27700000
2.09235000 0.27662000
2.09245000 0.27625000
2.09255000 0.27537000
2.09265000 0.27500000
2.09275000 0.27463000
2.09285000 0.27426000
2.09295000 0.27389000
2.09305000 0.27351000
2.09315000 0.27314000
2.09325000 0.27278000
2.09335000 0.27240000
2.09345000 0.27203000
2.09355000 0.27117000
2.09365000 0.27079000
2.09375000 0.27043000
2.09385000 0.27006000
2.09395000 0.26968000
2.09405000 0.26932000
2.09415000 0.26895000
2.09425000 0.26858000
2.09435000 0.26822000
2.09445000 0.26784000
2.09455000 0.26699000
2.09465000 0.26662000
2.09475000 0.26625000
2.09485000 0.26588000
2.09495000 0.26552000
2.09505000 0.26515000
2.09515000 0.26479000
2.09525000 0.26442000
2.09535000 0.26405000
2.09545000 0.26368000
2.09555000 0.26332000
2.09565000 0.26248000
2.09575000 0.26210000
2.09585000 0.26175000
2.09595000 0.26138000
2.09605000 0.26101000
2.09615000 0.26065000
2.09625000 0.26028000
2.09635000 0.25992000
2.09645000 0.25956000
2.09655000 0.25919000
2.09665000 0.25836000
2.09675000 0.25799000
2.09685000 0.25763000
2.09695000 0.25727000
2.09705000 0.25691000
2.09715000 0.25654000
2.09725000 0.25618000
2.09735000 0.25582000
2.09745000 0.25546000
2.09755000 0.25509000
2.09765000 0.25427000
2.09775000 0.25391000
2.09785000 0.25355000
2.09795000 0.25319000
2.09805000 0.25282000
2.09815000 0.25247000
2.09825000 0.25211000
2.09835000 0.25174000
2.09845000 0.25139000
2.09855000 0.25103000
2.09865000 0.25021000
2.09875000 0.24985000
2.09885000 0.24950000
2.09895000 0.24913000
2.09905000 0.24878000
2.09915000 0.24842000
2.09925000 0.24807000
2.09935000 0.24770000
2.09945000 0.24735000
2.09955000 0.24699000
2.09965000 0.24663000
2.09975000 0.24583000
2.09985000 0.24547000
2.09995000 0.24511000
2.10005000 0.24476000
2.10015000 0.24441000
2.10025000 0.24404000
2.10035000 0.24370000
2.10045000 0.24333000
2.10055000 0.24299000
2.10065000 0.24262000
2.10075000 0.24183000
2.10085000 0.24148000
2.10095000 0.24112000
2.10105000 0.24077000
2.10115000 0.24042000
2.10125000 0.24006000
2.10135000 0.23971000
2.10145000 0.23936000
2.10155000 0.23901000
2.10165000 0.23865000
2.10175000 0.23786000
2.10185000 0.23751000
2.10195000 0.23717000
2.10205000 0.23681000
2.10215000 0.23646000
2.10225000 0.23610000
2.10235000 0.23576000
2.10245000 0.23541000
2.10255000 0.23505000
2.10265000 0.23471000
2.10275000 0.23393000
2.10285000 0.23358000
2.10295000 0.23323000
2.10305000 0.23288000
2.10315000 0.23253000
2.10325000 0.23219000
2.10335000 0.23183000
2.10345000 0.23149000
2.10355000 0.23113000
2.10365000 0.23079000
2.10375000 0.23003000
2.10385000 0.22967000
2.10395000 0.22933000
2.10405000 0.22898000
2.10415000 0.22864000
2.10425000 0.22829000
2.10435000 0.22794000
2.10445000 0.22759000
2.10455000 0.22725000
2.10465000 0.22691000
2.10475000 0.22656000
2.10485000 0.22580000
2.10495000 0.22546000
2.10505000 0.22511000
2.10515000 0.22477000
2.10525000 0.22442000
2.10535000 0.22408000
2.10545000 0.22374000
2.10555000 0.22339000
2.10565000 0.22305000
2.10575000 0.22270000
2.10585000 0.22196000
2.10595000 0.22162000
2.10605000 0.22127000
2.10615000 0.22093000
2.10625000 0.22059000
2.10635000 0.22025000
2.10645000 0.21990000
2.10655000 0.21957000
2.10665000 0.21922000
2.10675000 0.21888000
2.10685000 0.21815000
2.10695000 0.21780000
2.10705000 0.21747000
2.10715000 0.21712000
2.10725000 0.21679000
2.10735000 0.21644000
2.10745000 0.21611000
2.10755000 0.21577000
2.10765000 0.21543000
2.10775000 0.21509000
2.10785000 0.21436000
2.10795000 0.21402000
2.10805000 0.21369000
2.10815000 0.21335000
2.10825000 0.21301000
2.10835000 0.21267000
2.10845000 0.21234000
2.10855000 0.21200000
2.10865000 0.21166000
2.10875000 0.21133000
2.10885000 0.21061000
2.10895000 0.21027000
2.10905000 0.20994000
2.10915000 0.20961000
2.10925000 0.20926000
2.10935000 0.20894000
2.10945000 0.20860000
2.10955000 0.20826000
2.10965000 0.20793000
2.10975000 0.20760000
2.10985000 0.20726000
2.10995000 0.20655000
2.11005000 0.20622000
2.11015000 0.20589000
2.11025000 0.20556000
2.11035000 0.20522000
2.11045000 0.20489000
2.11055000 0.20456000
2.11065000 0.20422000
2.11075000 0.20390000
2.11085000 0.20356000
2.11095000 0.20287000
2.11105000 0.20253000
2.11115000 0.20220000
2.11125000 0.20188000
2.11135000 0.20154000
2.11145000 0.20121000
2.11155000 0.20089000
2.11165000 0.20055000
2.11175000 0.20022000
2.11185000 0.19990000
2.11195000 0.19920000
2.11205000 0.19888000
2.11215000 0.19855000
2.11225000 0.19822000
2.11235000 0.19790000
2.11245000 0.19756000
2.11255000 0.19724000
2.11265000 0.19691000
2.11275000 0.19659000
2.11285000 0.19625000
2.11295000 0.19558000
2.11305000 0.19525000
2.11315000 0.19493000
2.11325000 0.19460000
2.11335000 0.19427000
2.11345000 0.19395000
2.11355000 0.19363000
2.11365000 0.19330000
2.11375000 0.19298000
2.11385000 0.19265000
2.11395000 0.19198000
2.11405000 0.19165000
2.11415000 0.19134000
2.11425000 0.19101000
2.11435000 0.19068000
2.11445000 0.19037000
2.11455000 0.19004000
2.11465000 0.18972000
2.11475000 0.18940000
2.11485000 0.18907000
2.11495000 0.18842000
2.11505000 0.18809000
2.11515000 0.18777000
2.11525000 0.18745000
2.11535000 0.18713000
2.11545000 0.18681000
2.11555000 0.18649000
2.11565000 0.18617000
2.11575000 0.18585000
2.11585000 0.18554000
2.11595000 0.18521000
2.11605000 0.18456000
2.11615000 0.18424000
2.11625000 0.18392000
2.11635000 0.18360000
2.11645000 0.18329000
2.11655000 0.18297000
2.11665000 0.18265000
2.11675000 0.18234000
2.11685000 0.18201000
2.11695000 0.18170000
2.11705000 0.18106000
2.11715000 0.18074000
2.11725000 0.18043000
2.11735000 0.18011000
2.11745000 0.17979000
2.11755000 0.17948000
2.11765000 0.17916000
2.11775000 0.17885000
2.11785000 0.17854000
2.11795000 0.17822000
2.11805000 0.17758000
2.11815000 0.17728000
2.11825000 0.17696000
2.11835000 0.17664000
2.11845000 0.17634000
2.11855000 0.17602000
2.11865000 0.17570000
2.11875000 0.17540000
2.11885000 0.17508000
2.11895000 0.17477000
2.11905000 0.17415000
2.11915000 0.17383000
2.11925000 0.17353000
2.11935000 0.17321000
2.11945000 0.17290000
2.11955000 0.17260000
2.11965000 0.17228000
2.11975000 0.17197000
2.11985000 0.17167000
2.11995000 0.17135000
2.12005000 0.17074000
2.12015000 0.17043000
2.12025000 0.17012000
2.12035000 0.16981000
2.12045000 0.16950000
2.12055000 0.16920000
2.12065000 0.16889000
2.12075000 0.16858000
2.12085000 0.16827000
2.12095000 0.16797000
2.12105000 0.16736000
2.12115000 0.16705000
2.12125000 0.16675000
2.12135000 0.16644000
2.12145000 0.16614000
2.12155000 0.16583000
2.12165000 0.16553000
2.12175000 0.16522000
2.12185000 0.16492000
2.12195000 0.16461000
2.12205000 0.16401000
2.12215000 0.16371000
2.12225000 0.16341000
2.12235000 0.16310000
2.12245000 0.16280000
2.12255000 0.16250000
2.12265000 0.16219000
2.12275000 0.16190000
2.12285000 0.16159000
2.12295000 0.16129000
2.12305000 0.16099000
2.12315000 0.16039000
2.12325000 0.16010000
2.12335000 0.15980000
2.12345000 0.15949000
2.12355000 0.15920000
2.12365000 0.15889000
2.12375000 0.15860000
2.12385000 0.15830000
2.12395000 0.15799000
2.12405000 0.15770000
2.12415000 0.15712000
2.12425000 0.15682000
2.12435000 0.15652000
2.12445000 0.15622000
2.12455000 0.15593000
2.12465000 0.15562000
2.12475000 0.15533000
2.12485000 0.15504000
2.12495000 0.15474000
2.12505000 0.15444000
2.12515000 0.15386000
2.12525000 0.15358000
2.12535000 0.15327000
2.12545000 0.15298000
2.12555000 0.15269000
2.12565000 0.15239000
2.12575000 0.15210000
2.12585000 0.15180000
2.12595000 0.15151000
2.12605000 0.15121000
2.12615000 0.15065000
2.12625000 0.15036000
2.12635000 0.15007000
2.12645000 0.14977000
2.12655000 0.14948000
2.12665000 0.14918000
2.12675000 0.14890000
2.12685000 0.14860000
2.12695000 0.14832000
2.12705000 0.14802000
2.12715000 0.14746000
2.12725000 0.14717000
2.12735000 0.14689000
2.12745000 0.14659000
2.12755000 0.14631000
2.12765000 0.14601000
2.12775000 0.14573000
2.12785000 0.14543000
2.12795000 0.14515000
2.12805000 0.14486000
2.12815000 0.14431000
2.12825000 0.14402000
2.12835000 0.14374000
2.12845000 0.14344000
2.12855000 0.14316000
2.12865000 0.14288000
2.12875000 0.14259000
2.12885000 0.14230000
2.12895000 0.14201000
2.12905000 0.14173000
2.12915000 0.14119000
2.12925000 0.14090000
2.12935000 0.14062000
2.12945000 0.14033000
2.12955000 0.14005000
2.12965000 0.13977000
2.12975000 0.13948000
2.12985000 0.13919000
2.12995000 0.13892000
2.13005000 0.13863000
2.13015000 0.13810000
2.13025000 0.13781000
2.13035000 0.13754000
2.13045000 0.13725000
2.13055000 0.13697000
2.13065000 0.13669000
2.13075000 0.13640000
2.13085000 0.13613000
2.13095000 0.13584000
2.13105000 0.13557000
2.13115000 0.13504000
2.13125000 0.13476000
2.13135000 0.13448000
2.13145000 0.13420000
2.13155000 0.13392000
2.13165000 0.13365000
2.13175000 0.13336000
2.13185000 0.13309000
2.13195000 0.13281000
2.13205000 0.13253000
2.13215000 0.13201000
2.13225000 0.13174000
2.13235000 0.13146000
2.13245000 0.13118000
2.13255000 0.13091000
2.13265000 0.13063000
2.13275000 0.13036000
2.13285000 0.13008000
2.13295000 0.12980000
2.13305000 0.12953000
2.13315000 0.12902000
2.13325000 0.12875000
2.13335000 0.12847000
2.13345000 0.12820000
2.13355000 0.12792000
2.13365000 0.12765000
2.13375000 0.12738000
2.13385000 0.12710000
2.13395000 0.12684000
2.13405000 0.12655000
2.13415000 0.12629000
2.13425000 0.12579000
2.13435000 0.12552000
2.13445000 0.12524000
2.13455000 0.12498000
2.13465000 0.12470000
2.13475000 0.12443000
2.13485000 0.12416000
2.13495000 0.12389000
2.13505000 0.12363000
2.13515000 0.12335000
2.13525000 0.12286000
2.13535000 0.12259000
2.13545000 0.12233000
2.13555000 0.12205000
2.13565000 0.12179000
2.13575000 0.12152000
2.13585000 0.12125000
2.13595000 0.12099000
2.13605000 0.12072000
2.13615000 0.12045000
2.13625000 0.11996000
2.13635000 0.11971000
2.13645000 0.11943000
2.13655000 0.11917000
2.13665000 0.11891000
2.13675000 0.11864000
2.13685000 0.11837000
2.13695000 0.11811000
2.13705000 0.11785000
2.13715000 0.11758000
2.13725000 0.11711000
2.13735000 0.11684000
2.13745000 0.11658000
2.13755000 0.11632000
2.13765000 0.11606000
2.13775000 0.11579000
2.13785000 0.11553000
2.13795000 0.11527000
2.13805000 0.11500000
2.13815000 0.11475000
2.13825000 0.11427000
2.13835000 0.11402000
2.13845000 0.11376000
2.13855000 0.11350000
2.13865000 0.11324000
2.13875000 0.11297000
2.13885000 0.11272000
2.13895000 0.11246000
2.13905000 0.11220000
2.13915000 0.11194000
2.13925000 0.11148000
2.13935000 0.11123000
2.13945000 0.11097000
2.13955000 0.11071000
2.13965000 0.11045000
2.13975000 0.11019000
2.13985000 0.10994000
2.13995000 0.10969000
2.14005000 0.10942000
2.14015000 0.10917000
2.14025000 0.10872000
2.14035000 0.10847000
2.14045000 0.10821000
2.14055000 0.10795000
2.14065000 0.10770000
2.14075000 0.10745000
2.14085000 0.10719000
2.14095000 0.10694000
2.14105000 0.10669000
2.14115000 0.10643000
2.14125000 0.10599000
2.14135000 0.10573000
2.14145000 0.10549000
2.14155000 0.10523000
2.14165000 0.10499000
2.14175000 0.10473000
2.14185000 0.10447000
2.14195000 0.10423000
2.14205000 0.10398000
2.14215000 0.10373000
2.14225000 0.10329000
2.14235000 0.10304000
2.14245000 0.10280000
2.14255000 0.10254000
2.14265000 0.10230000
2.14275000 0.10204000
2.14285000 0.10180000
2.14295000 0.10155000
2.14305000 0.10131000
2.14315000 0.10105000
2.14325000 0.10063000
2.14335000 0.10038000
2.14345000 0.10014000
2.14355000 0.09989000
2.14365000 0.09964000
2.14375000 0.09940000
2.14385000 0.09915000
2.14395000 0.09890000
2.14405000 0.09866000
2.14415000 0.09842000
2.14425000 0.09800000
2.14435000 0.09775000
2.14445000 0.09751000
2.14455000 0.09727000
2.14465000 0.09702000
2.14475000 0.09678000
2.14485000 0.09654000
2.14495000 0.09629000
2.14505000 0.09606000
2.14515000 0.09581000
2.14525000 0.09540000
2.14535000 0.09515000
2.14545000 0.09492000
2.14555000 0.09468000
2.14565000 0.09444000
2.14575000 0.09419000
2.14585000 0.09396000
2.14595000 0.09372000
2.14605000 0.09347000
2.14615000 0.09324000
2.14625000 0.09284000
2.14635000 0.09259000
2.14645000 0.09236000
2.14655000 0.09212000
2.14665000 0.09189000
2.14675000 0.09164000
2.14685000 0.09141000
2.14695000 0.09117000
2.14705000 0.09094000
2.14715000 0.09070000
2.14725000 0.09030000
2.14735000 0.09007000
2.14745000 0.08983000
2.14755000 0.08960000
2.14765000 0.08937000
2.14775000 0.08913000
2.14785000 0.08889000
2.14795000 0.08866000
2.14805000 0.08843000
2.14815000 0.08819000
2.14825000 0.08781000
2.14835000 0.08757000
2.14845000 0.08734000
2.14855000 0.08711000
2.14865000 0.08688000
2.14875000 0.08665000
2.14885000 0.08641000
2.14895000 0.08618000
2.14905000 0.08596000
2.14915000 0.08572000
2.14925000 0.08534000
2.14935000 0.08511000
2.14945000 0.08489000
2.14955000 0.08465000
2.14965000 0.08442000
2.14975000 0.08420000
2.14985000 0.08397000
2.14995000 0.08374000
2.15005000 0.08351000
2.15015000 0.08328000
2.15025000 0.08291000
2.15035000 0.08269000
2.15045000 0.08246000
2.15055000 0.08223000
2.15065000 0.08200000
2.15075000 0.08178000
2.15085000 0.08156000
2.15095000 0.08133000
2.15105000 0.08110000
2.15115000 0.08088000
2.15125000 0.08051000
2.15135000 0.08029000
2.15145000 0.08007000
2.15155000 0.07984000
2.15165000 0.07962000
2.15175000 0.07940000
2.15185000 0.07918000
2.15195000 0.07895000
2.15205000 0.07873000
2.15215000 0.07851000
2.15225000 0.07815000
2.15235000 0.07793000
2.15245000 0.07771000
2.15255000 0.07748000
2.15265000 0.07727000
2.15275000 0.07705000
2.15285000 0.07683000
2.15295000 0.07661000
2.15305000 0.07639000
2.15315000 0.07618000
2.15325000 0.07582000
2.15335000 0.07560000
2.15345000 0.07538000
2.15355000 0.07517000
2.15365000 0.07495000
2.15375000 0.07474000
2.15385000 0.07452000
2.15395000 0.07430000
2.15405000 0.07408000
2.15415000 0.07387000
2.15425000 0.07353000
2.15435000 0.07331000
2.15445000 0.07309000
2.15455000 0.07288000
2.15465000 0.07267000
2.15475000 0.07245000
2.15485000 0.07224000
2.15495000 0.07203000
2.15505000 0.07182000
2.15515000 0.07160000
2.15525000 0.07126000
2.15535000 0.07105000
2.15545000 0.07084000
2.15555000 0.07063000
2.15565000 0.07042000
2.15575000 0.07020000
2.15585000 0.07000000
2.15595000 0.06979000
2.15605000 0.06957000
2.15615000 0.06937000
2.15625000 0.06904000
2.15635000 0.06882000
2.15645000 0.06862000
2.15655000 0.06841000
2.15665000 0.06820000
2.15675000 0.06800000
2.15685000 0.06778000
2.15695000 0.06758000
2.15705000 0.06738000
2.15715000 0.06716000
2.15725000 0.06685000
2.15735000 0.06663000
2.15745000 0.06643000
2.15755000 0.06623000
2.15765000 0.06602000
2.15775000 0.06582000
2.15785000 0.06561000
2.15795000 0.06541000
2.15805000 0.06520000
2.15815000 0.06500000
2.15825000 0.06468000
2.15835000 0.06448000
2.15845000 0.06428000
2.15855000 0.06408000
2.15865000 0.06387000
2.15875000 0.06367000
2.15885000 0.06347000
2.15895000 0.06327000
2.15905000 0.06307000
2.15915000 0.06287000
2.15925000 0.06256000
2.15935000 0.06236000
2.15945000 0.06216000
2.15955000 0.06196000
2.15965000 0.06176000
2.15975000 0.06156000
2.15985000 0.06137000
2.15995000 0.06116000
2.16005000 0.06097000
2.16015000 0.06077000
2.16025000 0.06047000
2.16035000 0.06027000
2.16045000 0.06008000
2.16055000 0.05988000
2.16065000 0.05968000
2.16075000 0.05949000
2.16085000 0.05929000
2.16095000 0.05910000
2.16105000 0.05890000
2.16115000 0.05861000
2.16125000 0.05841000
2.16135000 0.05822000
2.16145000 0.05802000
2.16155000 0.05784000
2.16165000 0.05764000
2.16175000 0.05744000
2.16185000 0.05726000
2.16195000 0.05706000
2.16205000 0.05688000
2.16215000 0.05658000
2.16225000 0.05639000
2.16235000 0.05620000
2.16245000 0.05601000
2.16255000 0.05582000
2.16265000 0.05563000
2.16275000 0.05544000
2.16285000 0.05525000
2.16295000 0.05507000
2.16305000 0.05487000
2.16315000 0.05460000
2.16325000 0.05440000
2.16335000 0.05422000
2.16345000 0.05403000
2.16355000 0.05384000
2.16365000 0.05366000
2.16375000 0.05347000
2.16385000 0.05328000
2.16395000 0.05310000
2.16405000 0.05292000
2.16415000 0.05263000
2.16425000 0.05245000
2.16435000 0.05227000
2.16445000 0.05209000
2.16455000 0.05190000
2.16465000 0.05172000
2.16475000 0.05153000
2.16485000 0.05135000
2.16495000 0.05117000
2.16505000 0.05099000
2.16515000 0.05072000
2.16525000 0.05053000
2.16535000 0.05036000
2.16545000 0.05017000
2.16555000 0.04999000
2.16565000 0.04982000
2.16575000 0.04963000
2.16585000 0.04945000
2.16595000 0.04928000
2.16605000 0.04909000
2.16615000 0.04883000
2.16625000 0.04866000
2.16635000 0.04847000
2.16645000 0.04830000
2.16655000 0.04812000
2.16665000 0.04795000
2.16675000 0.04776000
2.16685000 0.04759000
2.16695000 0.04742000
2.16705000 0.04724000
2.16715000 0.04698000
2.16725000 0.04680000
2.16735000 0.04664000
2.16745000 0.04645000
2.16755000 0.04629000
2.16765000 0.04611000
2.16775000 0.04593000
2.16785000 0.04576000
2.16795000 0.04559000
2.16805000 0.04542000
2.16815000 0.04517000
2.16825000 0.04499000
2.16835000 0.04483000
2.16845000 0.04465000
2.16855000 0.04448000
2.16865000 0.04431000
2.16875000 0.04414000
2.16885000 0.04397000
2.16895000 0.04380000
2.16905000 0.04363000
2.16915000 0.04339000
2.16925000 0.04321000
2.16935000 0.04305000
2.16945000 0.04288000
2.16955000 0.04272000
2.16965000 0.04254000
2.16975000 0.04238000
2.16985000 0.04222000
2.16995000 0.04204000
2.17005000 0.04188000
2.17015000 0.04164000
2.17025000 0.04148000
2.17035000 0.04131000
2.17045000 0.04115000
2.17055000 0.04098000
2.17065000 0.04082000
2.17075000 0.04065000
2.17085000 0.04049000
2.17095000 0.04033000
2.17105000 0.04016000
2.17115000 0.03993000
2.17125000 0.03977000
2.17135000 0.03961000
2.17145000 0.03945000
2.17155000 0.03928000
2.17165000 0.03913000
2.17175000 0.03896000
2.17185000 0.03881000
2.17195000 0.03864000
2.17205000 0.03849000
2.17215000 0.03825000
2.17225000 0.03810000
2.17235000 0.03794000
2.17245000 0.03779000
2.17255000 0.03762000
2.17265000 0.03747000
2.17275000 0.03731000
2.17285000 0.03715000
2.17295000 0.03700000
2.17305000 0.03677000
2.17315000 0.03662000
2.17325000 0.03647000
2.17335000 0.03630000
2.17345000 0.03616000
2.17355000 0.03600000
2.17365000 0.03584000
2.17375000 0.03569000
2.17385000 0.03554000
2.17395000 0.03538000
2.17405000 0.03517000
2.17415000 0.03502000
2.17425000 0.03487000
2.17435000 0.03471000
2.17445000 0.03456000
2.17455000 0.03441000
2.17465000 0.03426000
2.17475000 0.03411000
2.17485000 0.03395000
2.17495000 0.03381000
2.17505000 0.03360000
2.17515000 0.03345000
2.17525000 0.03330000
2.17535000 0.03315000
2.17545000 0.03301000
2.17555000 0.03285000
2.17565000 0.03271000
2.17575000 0.03256000
2.17585000 0.03241000
2.17595000 0.03227000
2.17605000 0.03206000
2.17615000 0.03192000
2.17625000 0.03178000
2.17635000 0.03162000
2.17645000 0.03149000
2.17655000 0.03133000
2.17665000 0.03120000
2.17675000 0.03105000
2.17685000 0.03090000
2.17695000 0.03076000
2.17705000 0.03057000
2.17715000 0.03042000
2.17725000 0.03028000
2.17735000 0.03014000
2.17745000 0.03000000
2.17755000 0.02985000
2.17765000 0.02972000
2.17775000 0.02957000
2.17785000 0.02944000
2.17795000 0.02929000
2.17805000 0.02910000
2.17815000 0.02896000
2.17825000 0.02883000
2.17835000 0.02868000
2.17845000 0.02855000
2.17855000 0.02841000
2.17865000 0.02827000
2.17875000 0.02814000
2.17885000 0.02800000
2.17895000 0.02786000
2.17905000 0.02767000
2.17915000 0.02754000
2.17925000 0.02741000
2.17935000 0.02727000
2.17945000 0.02713000
2.17955000 0.02700000
2.17965000 0.02686000
2.17975000 0.02674000
2.17985000 0.02659000
2.17995000 0.02642000
2.18005000 0.02629000
2.18015000 0.02615000
2.18025000 0.02602000
2.18035000 0.02589000
2.18045000 0.02576000
2.18055000 0.02562000
2.18065000 0.02550000
2.18075000 0.02536000
2.18085000 0.02523000
2.18095000 0.02506000
2.18105000 0.02494000
2.18115000 0.02480000
2.18125000 0.02467000
2.18135000 0.02454000
2.18145000 0.02442000
2.18155000 0.02429000
2.18165000 0.02416000
2.18175000 0.02403000
2.18185000 0.02391000
2.18195000 0.02374000
2.18205000 0.02361000
2.18215000 0.02349000
2.18225000 0.02336000
2.18235000 0.02324000
2.18245000 0.02311000
2.18255000 0.02298000
2.18265000 0.02287000
2.18275000 0.02274000
2.18285000 0.02261000
2.18295000 0.02246000
2.18305000 0.02233000
2.18315000 0.02220000
2.18325000 0.02209000
2.18335000 0.02197000
2.18345000 0.02184000
2.18355000 0.02172000
2.18365000 0.02160000
2.18375000 0.02149000
2.18385000 0.02136000
2.18395000 0.02120000
2.18405000 0.02109000
2.18415000 0.02096000
2.18425000 0.02085000
2.18435000 0.02073000
2.18445000 0.02061000
2.18455000 0.02050000
2.18465000 0.02038000
2.18475000 0.02026000
2.18485000 0.02014000
2.18495000 0.01999000
2.18505000 0.01988000
2.18515000 0.01976000
2.18525000 0.01965000
2.18535000 0.01953000
2.18545000 0.01942000
2.18555000 0.01930000
2.18565000 0.01919000
2.18575000 0.01907000
2.18585000 0.01893000
2.18595000 0.01882000
2.18605000 0.01871000
2.18615000 0.01859000
2.18625000 0.01848000
2.18635000 0.01837000
2.18645000 0.01826000
2.18655000 0.01815000
2.18665000 0.01804000
2.18675000 0.01792000
2.18685000 0.01779000
2.18695000 0.01768000
2.18705000 0.01757000
2.18715000 0.01746000
2.18725000 0.01735000
2.18735000 0.01725000
2.18745000 0.01714000
2.18755000 0.01703000
2.18765000 0.01692000
2.18775000 0.01682000
2.18785000 0.01668000
2.18795000 0.01657000
2.18805000 0.01648000
2.18815000 0.01636000
2.18825000 0.01626000
2.18835000 0.01616000
2.18845000 0.01605000
2.18855000 0.01595000
2.18865000 0.01585000
2.18875000 0.01574000
2.18885000 0.01562000
2.18895000 0.01551000
2.18905000 0.01541000
2.18915000 0.01531000
2.18925000 0.01520000
2.18935000 0.01511000
2.18945000 0.01500000
2.18955000 0.01491000
2.18965000 0.01481000
2.18975000 0.01470000
2.18985000 0.01458000
2.18995000 0.01449000
2.19005000 0.01438000
2.19015000 0.01429000
2.19025000 0.01419000
2.19035000 0.01409000
2.19045000 0.01400000
2.19055000 0.01390000
2.19065000 0.01380000
2.19075000 0.01370000
2.19085000 0.01359000
2.19095000 0.01349000
2.19105000 0.01340000
2.19115000 0.01331000
2.19125000 0.01321000
2.19135000 0.01311000
2.19145000 0.01302000
2.19155000 0.01293000
2.19165000 0.01284000
2.19175000 0.01272000
2.19185000 0.01263000
2.19195000 0.01254000
2.19205000 0.01245000
2.19215000 0.01235000
2.19225000 0.01227000
2.19235000 0.01218000
2.19245000 0.01208000
2.19255000 0.01200000
2.19265000 0.01191000
2.19275000 0.01180000
2.19285000 0.01171000
2.19295000 0.01162000
2.19305000 0.01153000
2.19315000 0.01145000
2.19325000 0.01136000
2.19335000 0.01127000
2.19345000 0.01119000
2.19355000 0.01110000
2.19365000 0.01102000
2.19375000 0.01091000
2.19385000 0.01083000
2.19395000 0.01074000
2.19405000 0.01066000
2.19415000 0.01058000
2.19425000 0.01049000
2.19435000 0.01041000
2.19445000 0.01033000
2.19455000 0.01024000
2.19465000 0.01016000
2.19475000 0.01007000
2.19485000 0.00998000
2.19495000 0.00990000
2.19505000 0.00982000
2.19515000 0.00974000
2.19525000 0.00966000
2.19535000 0.00959000
2.19545000 0.00950000
2.19555000 0.00942000
2.19565000 0.00935000
2.19575000 0.00925000
2.19585000 0.00918000
2.19595000 0.00910000
2.19605000 0.00902000
2.19615000 0.00894000
2.19625000 0.00887000
2.19635000 0.00879000
2.19645000 0.00872000
2.19655000 0.00864000
2.19665000 0.00855000
2.19675000 0.00848000
2.19685000 0.00841000
2.19695000 0.00833000
2.19705000 0.00826000
2.19715000 0.00818000
2.19725000 0.00811000
2.19735000 0.00805000
2.19745000 0.00796000
2.19755000 0.00790000
2.19765000 0.00782000
2.19775000 0.00774000
2.19785000 0.00767000
2.19795000 0.00760000
2.19805000 0.00754000
2.19815000 0.00746000
2.19825000 0.00740000
2.19835000 0.00732000
2.19845000 0.00726000
2.19855000 0.00719000
2.19865000 0.00711000
2.19875000 0.00705000
2.19885000 0.00698000
2.19895000 0.00691000
2.19905000 0.00684000
2.19915000 0.00678000
2.19925000 0.00672000
2.19935000 0.00665000
2.19945000 0.00659000
2.19955000 0.00652000
2.19965000 0.00645000
2.19975000 0.00638000
2.19985000 0.00632000
2.19995000 0.00626000
2.20005000 0.00620000
2.20015000 0.00613000
2.20025000 0.00608000
2.20035000 0.00601000
2.20045000 0.00595000
2.20055000 0.00588000
2.20065000 0.00582000
2.20075000 0.00577000
2.20085000 0.00570000
2.20095000 0.00564000
2.20105000 0.00559000
2.20115000 0.00553000
2.20125000 0.00547000
2.20135000 0.00541000
2.20145000 0.00536000
2.20155000 0.00529000
2.20165000 0.00523000
2.20175000 0.00518000
2.20185000 0.00512000
2.20195000 0.00507000
2.20205000 0.00501000
2.20215000 0.00496000
2.20225000 0.00490000
2.20235000 0.00485000
2.20245000 0.00480000
2.20255000 0.00474000
2.20265000 0.00468000
2.20275000 0.00463000
2.20285000 0.00458000
2.20295000 0.00453000
2.20305000 0.00448000
2.20315000 0.00443000
2.20325000 0.00438000
2.20335000 0.00432000
2.20345000 0.00428000
2.20355000 0.00422000
2.20365000 0.00418000
2.20375000 0.00412000
2.20385000 0.00408000
2.20395000 0.00403000
2.20405000 0.00398000
2.20415000 0.00393000
2.20425000 0.00389000
2.20435000 0.00384000
2.20445000 0.00379000
2.20455000 0.00375000
2.20465000 0.00370000
2.20475000 0.00365000
2.20485000 0.00361000
2.20495000 0.00357000
2.20505000 0.00352000
2.20515000 0.00348000
2.20525000 0.00344000
2.20535000 0.00340000
2.20545000 0.00335000
2.20555000 0.00330000
2.20565000 0.00327000
2.20575000 0.00322000
2.20585000 0.00319000
2.20595000 0.00314000
2.20605000 0.00310000
2.20615000 0.00307000
2.20625000 0.00302000
2.20635000 0.00299000
2.20645000 0.00295000
2.20655000 0.00290000
2.20665000 0.00287000
2.20675000 0.00283000
2.20685000 0.00280000
2.20695000 0.00276000
2.20705000 0.00272000
2.20715000 0.00269000
2.20725000 0.00265000
2.20735000 0.00262000
2.20745000 0.00258000
2.20755000 0.00255000
2.20765000 0.00251000
2.20775000 0.00248000
2.20785000 0.00244000
2.20795000 0.00241000
2.20805000 0.00239000
2.20815000 0.00235000
2.20825000 0.00231000
2.20835000 0.00229000
2.20845000 0.00225000
2.20855000 0.00222000
2.20865000 0.00220000
2.20875000 0.00216000
2.20885000 0.00213000
2.20895000 0.00211000
2.20905000 0.00208000
2.20915000 0.00205000
2.20925000 0.00202000
2.20935000 0.00199000
2.20945000 0.00197000
2.20955000 0.00194000
2.20965000 0.00191000
2.20975000 0.00189000
2.20985000 0.00186000
2.20995000 0.00184000
2.21005000 0.00181000
2.21015000 0.00179000
2.21025000 0.00177000
2.21035000 0.00174000
2.21045000 0.00172000
2.21055000 0.00169000
2.21065000 0.00167000
2.21075000 0.00165000
2.21085000 0.00163000
2.21095000 0.00161000
2.21105000 0.00159000
2.21115000 0.00157000
2.21125000 0.00154000
2.21135000 0.00153000
2.21145000 0.00151000
2.21155000 0.00149000
2.21165000 0.00147000
2.21175000 0.00145000
2.21185000 0.00143000
2.21195000 0.00142000
2.21205000 0.00140000
2.21215000 0.00139000
2.21225000 0.00137000
2.21235000 0.00135000
2.21245000 0.00134000
2.21255000 0.00132000
2.21265000 0.00131000
2.21275000 0.00129000
2.21285000 0.00128000
2.21295000 0.00127000
2.21305000 0.00125000
2.21315000 0.00124000
2.21325000 0.00123000
2.21335000 0.00122000
2.21345000 0.00121000
2.21355000 0.00119000
2.21365000 0.00118000
2.21375000 0.00118000
2.21385000 0.00116000
2.21395000 0.00116000
2.21405000 0.00115000
2.21415000 0.00113000
2.21425000 0.00113000
2.21435000 0.00112000
2.21445000 0.00112000
2.21455000 0.00110000
2.21465000 0.00110000
2.21475000 0.00110000
2.21485000 0.00109000
2.21495000 0.00108000
2.21505000 0.00108000
2.21515000 0.00107000
2.21525000 0.00107000
2.21535000 0.00106000
2.21545000 0.00106000
2.21555000 0.00106000
2.21565000 0.00106000
2.21575000 0.00105000
2.21585000 0.00105000
2.21595000 0.00105000
2.21605000 0.00105000
2.21615000 0.00105000
2.21625000 0.00105000
2.21635000 0.00104000
