0.00015000 0.02478699
0.00025000 0.02479042
0.00035000 0.02479385
0.00045000 0.02479728
0.00055000 0.02480072
0.00065000 0.02480415
0.00075000 0.02480760
0.00085000 0.02481106
0.00095000 0.02481454
0.00105000 0.02481805
0.00115000 0.02482159
0.00125000 0.02482519
0.00135000 0.02482885
0.00145000 0.02483258
0.00155000 0.02483639
0.00165000 0.02484029
0.00175000 0.02484430
0.00185000 0.02484841
0.00195000 0.02485264
0.00205000 0.02485699
0.00215000 0.02486147
0.00225000 0.02486609
0.00235000 0.02487086
0.00245000 0.02487577
0.00255000 0.02488083
0.00265000 0.02488605
0.00275000 0.02489142
0.00285000 0.02489696
0.00295000 0.02490266
0.00305000 0.02490852
0.00315000 0.02491455
0.00325000 0.02492075
0.00335000 0.02492711
0.00345000 0.02493364
0.00355000 0.02494033
0.00365000 0.02494719
0.00375000 0.02495422
0.00385000 0.02496142
0.00395000 0.02496877
0.00405000 0.02497630
0.00415000 0.02498398
0.00425000 0.02499182
0.00435000 0.02499982
0.00445000 0.02500798
0.00455000 0.02501629
0.00465000 0.02502476
0.00475000 0.02503338
0.00485000 0.02504215
0.00495000 0.02505107
0.00505000 0.02506013
0.00515000 0.02506934
0.00525000 0.02507869
0.00535000 0.02508817
0.00545000 0.02509780
0.00555000 0.02510756
0.00565000 0.02511745
0.00575000 0.02512748
0.00585000 0.02513763
0.00595000 0.02514792
0.00605000 0.02515832
0.00615000 0.02516885
0.00625000 0.02517950
0.00635000 0.02519027
0.00645000 0.02520115
0.00655000 0.02521215
0.00665000 0.02522327
0.00675000 0.02523449
0.00685000 0.02524582
0.00695000 0.02525726
0.00705000 0.02526880
0.00715000 0.02528045
0.00725000 0.02529219
0.00735000 0.02530404
0.00745000 0.02531599
0.00755000 0.02532803
0.00765000 0.02534016
0.00775000 0.02535239
0.00785000 0.02536470
0.00795000 0.02537711
0.00805000 0.02538960
0.00815000 0.02540218
0.00825000 0.02541484
0.00835000 0.02542759
0.00845000 0.02544042
0.00855000 0.02545332
0.00865000 0.02546631
0.00875000 0.02547937
0.00885000 0.02549250
0.00895000 0.02550571
0.00905000 0.02551900
0.00915000 0.02553235
0.00925000 0.02554577
0.00935000 0.02555927
0.00945000 0.02557283
0.00955000 0.02558645
0.00965000 0.02560014
0.00975000 0.02561390
0.00985000 0.02562771
0.00995000 0.02564159
0.01005000 0.02565553
0.01015000 0.02566953
0.01025000 0.02568358
0.01035000 0.02569769
0.01045000 0.02571186
0.01055000 0.02572608
0.01065000 0.02574036
0.01075000 0.02575469
0.01085000 0.02576907
0.01095000 0.02578350
0.01105000 0.02579798
0.01115000 0.02581251
0.01125000 0.02582709
0.01135000 0.02584172
0.01145000 0.02585639
0.01155000 0.02587111
0.01165000 0.02588587
0.01175000 0.02590068
0.01185000 0.02591553
0.01195000 0.02593042
0.01205000 0.02594536
0.01215000 0.02596033
0.01225000 0.02597535
0.01235000 0.02599040
0.01245000 0.02600549
0.01255000 0.02602062
0.01265000 0.02603579
0.01275000 0.02605100
0.01285000 0.02606624
0.01295000 0.02608151
0.01305000 0.02609682
0.01315000 0.02611216
0.01325000 0.02612754
0.01335000 0.02614295
0.01345000 0.02615839
0.01355000 0.02617387
0.01365000 0.02618937
0.01375000 0.02620491
0.01385000 0.02622047
0.01395000 0.02623606
0.01405000 0.02625169
0.01415000 0.02626734
0.01425000 0.02628302
0.01435000 0.02629872
0.01445000 0.02631446
0.01455000 0.02633021
0.01465000 0.02634600
0.01475000 0.02636181
0.01485000 0.02637764
0.01495000 0.02639350
0.01505000 0.02640939
0.01515000 0.02642529
0.01525000 0.02644122
0.01535000 0.02645718
0.01545000 0.02647315
0.01555000 0.02648915
0.01565000 0.02650517
0.01575000 0.02652121
0.01585000 0.02653727
0.01595000 0.02655335
0.01605000 0.02656945
0.01615000 0.02658557
0.01625000 0.02660171
0.01635000 0.02661787
0.01645000 0.02663404
0.01655000 0.02665024
0.01665000 0.02666645
0.01675000 0.02668268
0.01685000 0.02669893
0.01695000 0.02671519
0.01705000 0.02673147
0.01715000 0.02674777
0.01725000 0.02676409
0.01735000 0.02678041
0.01745000 0.02679676
0.01755000 0.02681312
0.01765000 0.02682949
0.01775000 0.02684588
0.01785000 0.02686229
0.01795000 0.02687870
0.01805000 0.02689513
0.01815000 0.02691158
0.01825000 0.02692804
0.01835000 0.02694451
0.01845000 0.02696099
0.01855000 0.02697749
0.01865000 0.02699399
0.01875000 0.02701052
0.01885000 0.02702705
0.01895000 0.02704359
0.01905000 0.02706015
0.01915000 0.02707671
0.01925000 0.02709329
0.01935000 0.02710988
0.01945000 0.02712648
0.01955000 0.02714309
0.01965000 0.02715970
0.01975000 0.02717633
0.01985000 0.02719297
0.01995000 0.02720962
0.02005000 0.02722628
0.02015000 0.02724294
0.02025000 0.02725962
0.02035000 0.02727630
0.02045000 0.02729300
0.02055000 0.02730970
0.02065000 0.02732641
0.02075000 0.02734313
0.02085000 0.02735985
0.02095000 0.02737659
0.02105000 0.02739333
0.02115000 0.02741008
0.02125000 0.02742683
0.02135000 0.02744360
0.02145000 0.02746037
0.02155000 0.02747714
0.02165000 0.02749393
0.02175000 0.02751072
0.02185000 0.02752751
0.02195000 0.02754432
0.02205000 0.02756113
0.02215000 0.02757794
0.02225000 0.02759476
0.02235000 0.02761159
0.02245000 0.02762842
0.02255000 0.02764526
0.02265000 0.02766210
0.02275000 0.02767895
0.02285000 0.02769581
0.02295000 0.02771267
0.02305000 0.02772953
0.02315000 0.02774640
0.02325000 0.02776327
0.02335000 0.02778015
0.02345000 0.02779703
0.02355000 0.02781392
0.02365000 0.02783081
0.02375000 0.02784771
0.02385000 0.02786460
0.02395000 0.02788151
0.02405000 0.02789842
0.02415000 0.02791533
0.02425000 0.02793224
0.02435000 0.02794916
0.02445000 0.02796608
0.02455000 0.02798300
0.02465000 0.02799993
0.02475000 0.02801686
0.02485000 0.02803380
0.02495000 0.02805074
0.02505000 0.02806768
0.02515000 0.02808462
0.02525000 0.02810157
0.02535000 0.02811851
0.02545000 0.02813547
0.02555000 0.02815242
0.02565000 0.02816938
0.02575000 0.02818633
0.02585000 0.02820329
0.02595000 0.02822026
0.02605000 0.02823722
0.02615000 0.02825419
0.02625000 0.02827116
0.02635000 0.02828813
0.02645000 0.02830510
0.02655000 0.02832208
0.02665000 0.02833906
0.02675000 0.02835603
0.02685000 0.02837301
0.02695000 0.02838999
0.02705000 0.02840698
0.02715000 0.02842396
0.02725000 0.02844095
0.02735000 0.02845793
0.02745000 0.02847492
0.02755000 0.02849191
0.02765000 0.02850890
0.02775000 0.02852589
0.02785000 0.02854289
0.02795000 0.02855988
0.02805000 0.02857687
0.02815000 0.02859387
0.02825000 0.02861086
0.02835000 0.02862786
0.02845000 0.02864486
0.02855000 0.02866185
0.02865000 0.02867885
0.02875000 0.02869585
0.02885000 0.02871285
0.02895000 0.02872985
0.02905000 0.02874685
0.02915000 0.02876385
0.02925000 0.02878085
0.02935000 0.02879785
0.02945000 0.02881485
0.02955000 0.02883186
0.02965000 0.02884886
0.02975000 0.02886586
0.02985000 0.02888286
0.02995000 0.02889986
0.03005000 0.02891686
0.03015000 0.02893387
0.03025000 0.02895087
0.03035000 0.02896787
0.03045000 0.02898487
0.03055000 0.02900187
0.03065000 0.02901887
0.03075000 0.02903587
0.03085000 0.02905287
0.03095000 0.02906987
0.03105000 0.02908687
0.03115000 0.02910387
0.03125000 0.02912086
0.03135000 0.02913786
0.03145000 0.02915486
0.03155000 0.02917185
0.03165000 0.02918885
0.03175000 0.02920585
0.03185000 0.02922284
0.03195000 0.02923983
0.03205000 0.02925683
0.03215000 0.02927382
0.03225000 0.02929081
0.03235000 0.02930780
0.03245000 0.02932479
0.03255000 0.02934178
0.03265000 0.02935877
0.03275000 0.02937575
0.03285000 0.02939274
0.03295000 0.02940972
0.03305000 0.02942671
0.03315000 0.02944369
0.03325000 0.02946067
0.03335000 0.02947765
0.03345000 0.02949463
0.03355000 0.02951161
0.03365000 0.02952859
0.03375000 0.02954556
0.03385000 0.02956254
0.03395000 0.02957951
0.03405000 0.02959648
0.03415000 0.02961345
0.03425000 0.02963042
0.03435000 0.02964739
0.03445000 0.02966436
0.03455000 0.02968133
0.03465000 0.02969829
0.03475000 0.02971525
0.03485000 0.02973221
0.03495000 0.02974917
0.03505000 0.02976613
0.03515000 0.02978309
0.03525000 0.02980004
0.03535000 0.02981700
0.03545000 0.02983395
0.03555000 0.02985090
0.03565000 0.02986785
0.03575000 0.02988480
0.03585000 0.02990175
0.03595000 0.02991869
0.03605000 0.02993563
0.03615000 0.02995257
0.03625000 0.02996951
0.03635000 0.02998645
0.03645000 0.03000339
0.03655000 0.03002032
0.03665000 0.03003726
0.03675000 0.03005419
0.03685000 0.03007112
0.03695000 0.03008804
0.03705000 0.03010497
0.03715000 0.03012189
0.03725000 0.03013882
0.03735000 0.03015574
0.03745000 0.03017265
0.03755000 0.03018957
0.03765000 0.03020649
0.03775000 0.03022340
0.03785000 0.03024031
0.03795000 0.03025722
0.03805000 0.03027413
0.03815000 0.03029103
0.03825000 0.03030793
0.03835000 0.03032484
0.03845000 0.03034173
0.03855000 0.03035863
0.03865000 0.03037553
0.03875000 0.03039242
0.03885000 0.03040931
0.03895000 0.03042620
0.03905000 0.03044309
0.03915000 0.03045997
0.03925000 0.03047686
0.03935000 0.03049374
0.03945000 0.03051062
0.03955000 0.03052750
0.03965000 0.03054437
0.03975000 0.03056124
0.03985000 0.03057812
0.03995000 0.03059498
0.04005000 0.03061185
0.04015000 0.03062872
0.04025000 0.03064558
0.04035000 0.03066244
0.04045000 0.03067930
0.04055000 0.03069615
0.04065000 0.03071301
0.04075000 0.03072986
0.04085000 0.03074671
0.04095000 0.03076356
0.04105000 0.03078040
0.04115000 0.03079724
0.04125000 0.03081409
0.04135000 0.03083092
0.04145000 0.03084776
0.04155000 0.03086460
0.04165000 0.03088143
0.04175000 0.03089826
0.04185000 0.03091508
0.04195000 0.03093191
0.04205000 0.03094873
0.04215000 0.03096555
0.04225000 0.03098237
0.04235000 0.03099919
0.04245000 0.03101600
0.04255000 0.03103282
0.04265000 0.03104962
0.04275000 0.03106643
0.04285000 0.03108324
0.04295000 0.03110004
0.04305000 0.03111684
0.04315000 0.03113364
0.04325000 0.03115043
0.04335000 0.03116723
0.04345000 0.03118402
0.04355000 0.03120081
0.04365000 0.03121760
0.04375000 0.03123438
0.04385000 0.03125116
0.04395000 0.03126794
0.04405000 0.03128472
0.04415000 0.03130149
0.04425000 0.03131827
0.04435000 0.03133504
0.04445000 0.03135180
0.04455000 0.03136857
0.04465000 0.03138533
0.04475000 0.03140209
0.04485000 0.03141885
0.04495000 0.03143561
0.04505000 0.03145236
0.04515000 0.03146911
0.04525000 0.03148586
0.04535000 0.03150261
0.04545000 0.03151935
0.04555000 0.03153610
0.04565000 0.03155284
0.04575000 0.03156957
0.04585000 0.03158631
0.04595000 0.03160304
0.04605000 0.03161977
0.04615000 0.03163650
0.04625000 0.03165322
0.04635000 0.03116855
0.04645000 0.03118549
0.04655000 0.03120243
0.04665000 0.03121937
0.04675000 0.03123630
0.04685000 0.03125323
0.04695000 0.03127016
0.04705000 0.03128709
0.04715000 0.03130401
0.04725000 0.03132093
0.04735000 0.03133785
0.04745000 0.03135477
0.04755000 0.03137168
0.04765000 0.03138859
0.04775000 0.03140550
0.04785000 0.03142241
0.04795000 0.03143931
0.04805000 0.03145622
0.04815000 0.03147311
0.04825000 0.03149001
0.04835000 0.03150691
0.04845000 0.03152380
0.04855000 0.03154069
0.04865000 0.03155758
0.04875000 0.03157446
0.04885000 0.03159134
0.04895000 0.03160822
0.04905000 0.03162510
0.04915000 0.03164197
0.04925000 0.03165885
0.04935000 0.03167572
0.04945000 0.03169258
0.04955000 0.03170945
0.04965000 0.03172631
0.04975000 0.03174317
0.04985000 0.03176003
0.04995000 0.03177688
0.05005000 0.03179373
0.05015000 0.03181058
0.05025000 0.03182743
0.05035000 0.03184428
0.05045000 0.03186112
0.05055000 0.03187796
0.05065000 0.03189480
0.05075000 0.03191163
0.05085000 0.03192846
0.05095000 0.03194529
0.05105000 0.03196212
0.05115000 0.03197894
0.05125000 0.03199577
0.05135000 0.03201259
0.05145000 0.03202940
0.05155000 0.03204622
0.05165000 0.03206303
0.05175000 0.03207984
0.05185000 0.03209665
0.05195000 0.03211345
0.05205000 0.03213025
0.05215000 0.03214705
0.05225000 0.03216385
0.05235000 0.03218064
0.05245000 0.03219743
0.05255000 0.03221422
0.05265000 0.03223101
0.05275000 0.03224779
0.05285000 0.03226458
0.05295000 0.03228136
0.05305000 0.03229813
0.05315000 0.03231491
0.05325000 0.03233168
0.05335000 0.03234845
0.05345000 0.03236521
0.05355000 0.03238198
0.05365000 0.03239874
0.05375000 0.03241550
0.05385000 0.03243225
0.05395000 0.03244901
0.05405000 0.03246576
0.05415000 0.03248251
0.05425000 0.03249925
0.05435000 0.03251600
0.05445000 0.03253274
0.05455000 0.03254948
0.05465000 0.03256621
0.05475000 0.03258295
0.05485000 0.03259968
0.05495000 0.03261641
0.05505000 0.03263313
0.05515000 0.03264986
0.05525000 0.03266658
0.05535000 0.03268330
0.05545000 0.03270001
0.05555000 0.03271673
0.05565000 0.03273344
0.05575000 0.03275015
0.05585000 0.03276685
0.05595000 0.03278356
0.05605000 0.03280026
0.05615000 0.03281695
0.05625000 0.03283365
0.05635000 0.03285034
0.05645000 0.03286703
0.05655000 0.03288372
0.05665000 0.03290041
0.05675000 0.03291709
0.05685000 0.03293377
0.05695000 0.03295045
0.05705000 0.03296713
0.05715000 0.03298380
0.05725000 0.03300047
0.05735000 0.03301714
0.05745000 0.03303381
0.05755000 0.03305047
0.05765000 0.03306713
0.05775000 0.03308379
0.05785000 0.03310044
0.05795000 0.03311710
0.05805000 0.03313375
0.05815000 0.03315040
0.05825000 0.03316704
0.05835000 0.03318369
0.05845000 0.03320033
0.05855000 0.03321697
0.05865000 0.03323360
0.05875000 0.03325024
0.05885000 0.03326687
0.05895000 0.03328350
0.05905000 0.03330012
0.05915000 0.03331675
0.05925000 0.03333337
0.05935000 0.03334999
0.05945000 0.03336660
0.05955000 0.03338322
0.05965000 0.03339983
0.05975000 0.03341644
0.05985000 0.03343304
0.05995000 0.03344965
0.06005000 0.03346625
0.06015000 0.03348285
0.06025000 0.03349945
0.06035000 0.03351604
0.06045000 0.03353263
0.06055000 0.03354922
0.06065000 0.03356581
0.06075000 0.03358239
0.06085000 0.03359898
0.06095000 0.03361556
0.06105000 0.03363213
0.06115000 0.03364871
0.06125000 0.03366528
0.06135000 0.03368185
0.06145000 0.03369842
0.06155000 0.03371498
0.06165000 0.03373155
0.06175000 0.03374811
0.06185000 0.03376467
0.06195000 0.03378122
0.06205000 0.03379777
0.06215000 0.03381432
0.06225000 0.03383087
0.06235000 0.03384742
0.06245000 0.03386396
0.06255000 0.03388050
0.06265000 0.03389704
0.06275000 0.03391358
0.06285000 0.03393011
0.06295000 0.03394665
0.06305000 0.03396318
0.06315000 0.03397970
0.06325000 0.03399623
0.06335000 0.03401275
0.06345000 0.03402927
0.06355000 0.03404579
0.06365000 0.03406230
0.06375000 0.03407881
0.06385000 0.03409533
0.06395000 0.03411183
0.06405000 0.03412834
0.06415000 0.03414484
0.06425000 0.03416134
0.06435000 0.03417784
0.06445000 0.03419434
0.06455000 0.03421083
0.06465000 0.03422732
0.06475000 0.03424381
0.06485000 0.03426030
0.06495000 0.03427679
0.06505000 0.03429327
0.06515000 0.03430975
0.06525000 0.03432623
0.06535000 0.03434270
0.06545000 0.03435918
0.06555000 0.03437565
0.06565000 0.03439211
0.06575000 0.03440858
0.06585000 0.03442504
0.06595000 0.03444151
0.06605000 0.03445797
0.06615000 0.03447442
0.06625000 0.03449088
0.06635000 0.03450733
0.06645000 0.03452378
0.06655000 0.03454023
0.06665000 0.03455667
0.06675000 0.03457312
0.06685000 0.03458956
0.06695000 0.03460600
0.06705000 0.03462243
0.06715000 0.03463887
0.06725000 0.03465530
0.06735000 0.03467173
0.06745000 0.03468816
0.06755000 0.03470458
0.06765000 0.03472101
0.06775000 0.03473743
0.06785000 0.03475385
0.06795000 0.03477026
0.06805000 0.03478668
0.06815000 0.03480309
0.06825000 0.03481950
0.06835000 0.03483590
0.06845000 0.03485231
0.06855000 0.03486871
0.06865000 0.03488511
0.06875000 0.03490151
0.06885000 0.03491791
0.06895000 0.03493430
0.06905000 0.03495069
0.06915000 0.03496708
0.06925000 0.03498347
0.06935000 0.03499986
0.06945000 0.03501624
0.06955000 0.03503262
0.06965000 0.03504900
0.06975000 0.03506538
0.06985000 0.03508175
0.06995000 0.03509812
0.07005000 0.03511449
0.07015000 0.03513086
0.07025000 0.03514722
0.07035000 0.03516359
0.07045000 0.03517995
0.07055000 0.03519631
0.07065000 0.03521267
0.07075000 0.03522902
0.07085000 0.03524537
0.07095000 0.03526172
0.07105000 0.03527807
0.07115000 0.03529442
0.07125000 0.03531076
0.07135000 0.03532710
0.07145000 0.03534344
0.07155000 0.03535978
0.07165000 0.03537612
0.07175000 0.03539245
0.07185000 0.03540878
0.07195000 0.03542511
0.07205000 0.03544144
0.07215000 0.03545776
0.07225000 0.03547408
0.07235000 0.03549040
0.07245000 0.03550672
0.07255000 0.03552304
0.07265000 0.03553935
0.07275000 0.03555567
0.07285000 0.03557198
0.07295000 0.03558828
0.07305000 0.03560459
0.07315000 0.03562089
0.07325000 0.03563719
0.07335000 0.03565349
0.07345000 0.03566979
0.07355000 0.03568609
0.07365000 0.03570238
0.07375000 0.03571867
0.07385000 0.03573496
0.07395000 0.03575125
0.07405000 0.03576753
0.07415000 0.03578382
0.07425000 0.03580010
0.07435000 0.03581638
0.07445000 0.03583265
0.07455000 0.03584893
0.07465000 0.03586520
0.07475000 0.03588147
0.07485000 0.03589774
0.07495000 0.03591401
0.07505000 0.03593027
0.07515000 0.03594653
0.07525000 0.03596279
0.07535000 0.03597905
0.07545000 0.03599531
0.07555000 0.03601156
0.07565000 0.03602782
0.07575000 0.03604407
0.07585000 0.03606032
0.07595000 0.03607656
0.07605000 0.03609281
0.07615000 0.03610905
0.07625000 0.03612529
0.07635000 0.03614153
0.07645000 0.03615776
0.07655000 0.03617400
0.07665000 0.03619023
0.07675000 0.03620646
0.07685000 0.03622269
0.07695000 0.03623892
0.07705000 0.03625514
0.07715000 0.03627136
0.07725000 0.03628758
0.07735000 0.03630380
0.07745000 0.03632002
0.07755000 0.03633624
0.07765000 0.03635245
0.07775000 0.03636866
0.07785000 0.03638487
0.07795000 0.03640107
0.07805000 0.03641728
0.07815000 0.03643348
0.07825000 0.03644968
0.07835000 0.03646588
0.07845000 0.03648208
0.07855000 0.03649828
0.07865000 0.03651447
0.07875000 0.03653066
0.07885000 0.03654685
0.07895000 0.03656304
0.07905000 0.03657922
0.07915000 0.03659541
0.07925000 0.03661159
0.07935000 0.03662777
0.07945000 0.03664395
0.07955000 0.03666012
0.07965000 0.03667630
0.07975000 0.03669247
0.07985000 0.03670864
0.07995000 0.03672481
0.08005000 0.03674098
0.08015000 0.03675714
0.08025000 0.03633011
0.08035000 0.03634644
0.08045000 0.03636277
0.08055000 0.03637910
0.08065000 0.03639543
0.08075000 0.03641175
0.08085000 0.03642807
0.08095000 0.03644440
0.08105000 0.03646071
0.08115000 0.03647703
0.08125000 0.03649334
0.08135000 0.03650966
0.08145000 0.03652597
0.08155000 0.03654227
0.08165000 0.03655858
0.08175000 0.03657488
0.08185000 0.03659119
0.08195000 0.03660749
0.08205000 0.03662378
0.08215000 0.03664008
0.08225000 0.03665637
0.08235000 0.03667267
0.08245000 0.03668896
0.08255000 0.03670524
0.08265000 0.03672153
0.08275000 0.03673781
0.08285000 0.03675409
0.08295000 0.03677037
0.08305000 0.03678665
0.08315000 0.03680293
0.08325000 0.03681920
0.08335000 0.03683547
0.08345000 0.03685174
0.08355000 0.03686801
0.08365000 0.03688428
0.08375000 0.03690054
0.08385000 0.03691680
0.08395000 0.03693306
0.08405000 0.03694932
0.08415000 0.03696558
0.08425000 0.03698183
0.08435000 0.03699808
0.08445000 0.03701433
0.08455000 0.03703058
0.08465000 0.03704683
0.08475000 0.03706307
0.08485000 0.03707932
0.08495000 0.03709556
0.08505000 0.03711180
0.08515000 0.03712803
0.08525000 0.03714427
0.08535000 0.03716050
0.08545000 0.03717673
0.08555000 0.03719296
0.08565000 0.03720919
0.08575000 0.03722541
0.08585000 0.03724164
0.08595000 0.03725786
0.08605000 0.03727408
0.08615000 0.03729029
0.08625000 0.03730651
0.08635000 0.03732272
0.08645000 0.03733893
0.08655000 0.03735514
0.08665000 0.03737135
0.08675000 0.03738756
0.08685000 0.03740376
0.08695000 0.03741997
0.08705000 0.03743617
0.08715000 0.03745236
0.08725000 0.03746856
0.08735000 0.03748476
0.08745000 0.03750095
0.08755000 0.03751714
0.08765000 0.03753333
0.08775000 0.03754952
0.08785000 0.03756570
0.08795000 0.03758189
0.08805000 0.03759807
0.08815000 0.03761425
0.08825000 0.03763043
0.08835000 0.03764660
0.08845000 0.03766278
0.08855000 0.03767895
0.08865000 0.03769512
0.08875000 0.03771129
0.08885000 0.03772746
0.08895000 0.03774362
0.08905000 0.03775979
0.08915000 0.03777595
0.08925000 0.03779211
0.08935000 0.03780827
0.08945000 0.03782442
0.08955000 0.03784058
0.08965000 0.03785673
0.08975000 0.03787288
0.08985000 0.03788903
0.08995000 0.03790518
0.09005000 0.03792132
0.09015000 0.03793747
0.09025000 0.03795361
0.09035000 0.03796975
0.09045000 0.03798589
0.09055000 0.03800202
0.09065000 0.03801816
0.09075000 0.03803429
0.09085000 0.03805042
0.09095000 0.03806655
0.09105000 0.03808268
0.09115000 0.03809881
0.09125000 0.03811493
0.09135000 0.03813105
0.09145000 0.03814717
0.09155000 0.03816329
0.09165000 0.03817941
0.09175000 0.03819553
0.09185000 0.03821164
0.09195000 0.03822775
0.09205000 0.03824386
0.09215000 0.03825997
0.09225000 0.03827608
0.09235000 0.03829218
0.09245000 0.03830829
0.09255000 0.03832439
0.09265000 0.03834049
0.09275000 0.03835658
0.09285000 0.03837268
0.09295000 0.03838878
0.09305000 0.03840487
0.09315000 0.03842096
0.09325000 0.03843705
0.09335000 0.03845314
0.09345000 0.03846922
0.09355000 0.03848531
0.09365000 0.03850139
0.09375000 0.03851747
0.09385000 0.03853355
0.09395000 0.03854963
0.09405000 0.03856571
0.09415000 0.03858178
0.09425000 0.03859785
0.09435000 0.03861392
0.09445000 0.03862999
0.09455000 0.03864606
0.09465000 0.03866213
0.09475000 0.03867819
0.09485000 0.03869425
0.09495000 0.03871032
0.09505000 0.03872637
0.09515000 0.03874243
0.09525000 0.03875849
0.09535000 0.03877454
0.09545000 0.03879060
0.09555000 0.03880665
0.09565000 0.03882270
0.09575000 0.03883874
0.09585000 0.03885479
0.09595000 0.03887083
0.09605000 0.03888688
0.09615000 0.03890292
0.09625000 0.03891896
0.09635000 0.03893500
0.09645000 0.03895103
0.09655000 0.03896707
0.09665000 0.03898310
0.09675000 0.03899913
0.09685000 0.03901516
0.09695000 0.03903119
0.09705000 0.03904722
0.09715000 0.03906324
0.09725000 0.03907927
0.09735000 0.03909529
0.09745000 0.03911131
0.09755000 0.03912733
0.09765000 0.03914334
0.09775000 0.03915936
0.09785000 0.03917537
0.09795000 0.03919139
0.09805000 0.03920740
0.09815000 0.03922341
0.09825000 0.03923941
0.09835000 0.03925542
0.09845000 0.03927142
0.09855000 0.03928743
0.09865000 0.03930343
0.09875000 0.03931943
0.09885000 0.03933543
0.09895000 0.03935142
0.09905000 0.03936742
0.09915000 0.03938341
0.09925000 0.03939940
0.09935000 0.03941539
0.09945000 0.03943138
0.09955000 0.03944737
0.09965000 0.03946335
0.09975000 0.03947934
0.09985000 0.03949532
0.09995000 0.03951130
0.10005000 0.03952728
0.10015000 0.03954326
0.10025000 0.03955924
0.10035000 0.03957521
0.10045000 0.03959118
0.10055000 0.03960716
0.10065000 0.03962313
0.10075000 0.03963910
0.10085000 0.03965506
0.10095000 0.03967103
0.10105000 0.03968699
0.10115000 0.03970296
0.10125000 0.03971892
0.10135000 0.03973488
0.10145000 0.03975084
0.10155000 0.03976679
0.10165000 0.03978275
0.10175000 0.03979870
0.10185000 0.03981465
0.10195000 0.03983060
0.10205000 0.03984655
0.10215000 0.03986250
0.10225000 0.03987845
0.10235000 0.03989439
0.10245000 0.03991034
0.10255000 0.03992628
0.10265000 0.03994222
0.10275000 0.03995816
0.10285000 0.03997409
0.10295000 0.03999003
0.10305000 0.04000597
0.10315000 0.04002190
0.10325000 0.04003783
0.10335000 0.04005376
0.10345000 0.04006969
0.10355000 0.04008562
0.10365000 0.03968744
0.10375000 0.03970350
0.10385000 0.03971957
0.10395000 0.03973563
0.10405000 0.03975169
0.10415000 0.03976774
0.10425000 0.03978380
0.10435000 0.03979985
0.10445000 0.03981591
0.10455000 0.03983196
0.10465000 0.03984801
0.10475000 0.03986405
0.10485000 0.03988010
0.10495000 0.03989614
0.10505000 0.03991219
0.10515000 0.03992823
0.10525000 0.03994427
0.10535000 0.03996031
0.10545000 0.03997634
0.10555000 0.03999238
0.10565000 0.04000841
0.10575000 0.04002444
0.10585000 0.04004047
0.10595000 0.04005650
0.10605000 0.04007253
0.10615000 0.04008856
0.10625000 0.04010458
0.10635000 0.04012060
0.10645000 0.04013663
0.10655000 0.04015265
0.10665000 0.04016866
0.10675000 0.04018468
0.10685000 0.04020070
0.10695000 0.04021671
0.10705000 0.04023272
0.10715000 0.04024873
0.10725000 0.04026474
0.10735000 0.04028075
0.10745000 0.04029675
0.10755000 0.04031276
0.10765000 0.04032876
0.10775000 0.04034476
0.10785000 0.04036076
0.10795000 0.04037676
0.10805000 0.04039276
0.10815000 0.04040875
0.10825000 0.04042475
0.10835000 0.04044074
0.10845000 0.04045673
0.10855000 0.04047272
0.10865000 0.04048871
0.10875000 0.04050469
0.10885000 0.04052068
0.10895000 0.04053666
0.10905000 0.04055265
0.10915000 0.04056863
0.10925000 0.04058460
0.10935000 0.04060058
0.10945000 0.04061656
0.10955000 0.04063253
0.10965000 0.04064851
0.10975000 0.04066448
0.10985000 0.04068045
0.10995000 0.04069642
0.11005000 0.04071238
0.11015000 0.04072835
0.11025000 0.04074431
0.11035000 0.04076028
0.11045000 0.04077624
0.11055000 0.04079220
0.11065000 0.04080816
0.11075000 0.04082412
0.11085000 0.04084007
0.11095000 0.04085603
0.11105000 0.04087198
0.11115000 0.04088793
0.11125000 0.04090388
0.11135000 0.04091983
0.11145000 0.04093578
0.11155000 0.04095172
0.11165000 0.04096767
0.11175000 0.04098361
0.11185000 0.04099955
0.11195000 0.04101549
0.11205000 0.04103143
0.11215000 0.04104737
0.11225000 0.04106330
0.11235000 0.04107924
0.11245000 0.04109517
0.11255000 0.04111110
0.11265000 0.04112703
0.11275000 0.04114296
0.11285000 0.04115889
0.11295000 0.04117481
0.11305000 0.04119074
0.11315000 0.04120666
0.11325000 0.04122258
0.11335000 0.04123850
0.11345000 0.04125442
0.11355000 0.04127034
0.11365000 0.04128626
0.11375000 0.04130217
0.11385000 0.04131808
0.11395000 0.04133400
0.11405000 0.04134991
0.11415000 0.04136582
0.11425000 0.04138172
0.11435000 0.04139763
0.11445000 0.04141354
0.11455000 0.04142944
0.11465000 0.04144534
0.11475000 0.04146124
0.11485000 0.04147714
0.11495000 0.04149304
0.11505000 0.04150894
0.11515000 0.04152484
0.11525000 0.04154073
0.11535000 0.04155662
0.11545000 0.04157251
0.11555000 0.04158841
0.11565000 0.04160429
0.11575000 0.04162018
0.11585000 0.04163607
0.11595000 0.04165195
0.11605000 0.04166784
0.11615000 0.04168372
0.11625000 0.04169960
0.11635000 0.04171548
0.11645000 0.04173136
0.11655000 0.04174724
0.11665000 0.04176311
0.11675000 0.04177899
0.11685000 0.04179486
0.11695000 0.04181073
0.11705000 0.04182660
0.11715000 0.04184247
0.11725000 0.04185834
0.11735000 0.04187420
0.11745000 0.04189007
0.11755000 0.04190593
0.11765000 0.04192180
0.11775000 0.04193766
0.11785000 0.04195352
0.11795000 0.04196938
0.11805000 0.04198523
0.11815000 0.04200109
0.11825000 0.04201694
0.11835000 0.04203280
0.11845000 0.04204865
0.11855000 0.04206450
0.11865000 0.04208035
0.11875000 0.04209620
0.11885000 0.04211205
0.11895000 0.04212789
0.11905000 0.04214374
0.11915000 0.04215958
0.11925000 0.04217542
0.11935000 0.04219126
0.11945000 0.04220710
0.11955000 0.04222294
0.11965000 0.04223878
0.11975000 0.04225461
0.11985000 0.04227045
0.11995000 0.04228628
0.12005000 0.04230211
0.12015000 0.04231794
0.12025000 0.04233377
0.12035000 0.04234960
0.12045000 0.04236543
0.12055000 0.04238125
0.12065000 0.04239708
0.12075000 0.04241290
0.12085000 0.04242872
0.12095000 0.04244454
0.12105000 0.04246036
0.12115000 0.04247618
0.12125000 0.04249200
0.12135000 0.04250781
0.12145000 0.04252363
0.12155000 0.04253944
0.12165000 0.04255525
0.12175000 0.04257106
0.12185000 0.04258687
0.12195000 0.04260268
0.12205000 0.04261849
0.12215000 0.04263429
0.12225000 0.04265010
0.12235000 0.04266590
0.12245000 0.04268171
0.12255000 0.04269751
0.12265000 0.04231792
0.12275000 0.04233384
0.12285000 0.04234976
0.12295000 0.04236568
0.12305000 0.04238159
0.12315000 0.04239750
0.12325000 0.04241342
0.12335000 0.04242933
0.12345000 0.04244524
0.12355000 0.04246114
0.12365000 0.04247705
0.12375000 0.04249296
0.12385000 0.04250886
0.12395000 0.04252476
0.12405000 0.04254066
0.12415000 0.04255656
0.12425000 0.04257246
0.12435000 0.04258836
0.12445000 0.04260426
0.12455000 0.04262015
0.12465000 0.04263604
0.12475000 0.04265194
0.12485000 0.04266783
0.12495000 0.04268372
0.12505000 0.04269961
0.12515000 0.04271549
0.12525000 0.04273138
0.12535000 0.04274726
0.12545000 0.04276315
0.12555000 0.04277903
0.12565000 0.04279491
0.12575000 0.04281079
0.12585000 0.04282667
0.12595000 0.04284254
0.12605000 0.04285842
0.12615000 0.04287429
0.12625000 0.04289017
0.12635000 0.04290604
0.12645000 0.04292191
0.12655000 0.04293778
0.12665000 0.04295365
0.12675000 0.04296951
0.12685000 0.04298538
0.12695000 0.04300124
0.12705000 0.04301711
0.12715000 0.04303297
0.12725000 0.04304883
0.12735000 0.04306469
0.12745000 0.04308055
0.12755000 0.04309640
0.12765000 0.04311226
0.12775000 0.04312811
0.12785000 0.04314397
0.12795000 0.04315982
0.12805000 0.04317567
0.12815000 0.04319152
0.12825000 0.04320737
0.12835000 0.04322321
0.12845000 0.04323906
0.12855000 0.04325490
0.12865000 0.04327075
0.12875000 0.04328659
0.12885000 0.04330243
0.12895000 0.04331827
0.12905000 0.04333411
0.12915000 0.04334994
0.12925000 0.04336578
0.12935000 0.04338161
0.12945000 0.04339745
0.12955000 0.04341328
0.12965000 0.04342911
0.12975000 0.04344494
0.12985000 0.04346077
0.12995000 0.04347660
0.13005000 0.04349242
0.13015000 0.04350825
0.13025000 0.04352407
0.13035000 0.04353989
0.13045000 0.04355572
0.13055000 0.04357154
0.13065000 0.04358736
0.13075000 0.04360317
0.13085000 0.04361899
0.13095000 0.04363481
0.13105000 0.04365062
0.13115000 0.04366643
0.13125000 0.04368224
0.13135000 0.04369806
0.13145000 0.04371387
0.13155000 0.04372967
0.13165000 0.04374548
0.13175000 0.04376129
0.13185000 0.04377709
0.13195000 0.04379290
0.13205000 0.04380870
0.13215000 0.04382450
0.13225000 0.04384030
0.13235000 0.04385610
0.13245000 0.04387190
0.13255000 0.04388769
0.13265000 0.04390349
0.13275000 0.04391928
0.13285000 0.04393508
0.13295000 0.04395087
0.13305000 0.04396666
0.13315000 0.04398245
0.13325000 0.04399824
0.13335000 0.04401403
0.13345000 0.04402981
0.13355000 0.04404560
0.13365000 0.04406138
0.13375000 0.04407716
0.13385000 0.04409295
0.13395000 0.04410873
0.13405000 0.04412451
0.13415000 0.04414028
0.13425000 0.04415606
0.13435000 0.04417184
0.13445000 0.04418761
0.13455000 0.04420339
0.13465000 0.04421916
0.13475000 0.04423493
0.13485000 0.04425070
0.13495000 0.04426647
0.13505000 0.04428224
0.13515000 0.04429800
0.13525000 0.04431377
0.13535000 0.04432954
0.13545000 0.04434530
0.13555000 0.04436106
0.13565000 0.04437682
0.13575000 0.04439258
0.13585000 0.04440834
0.13595000 0.04442410
0.13605000 0.04443986
0.13615000 0.04445561
0.13625000 0.04447137
0.13635000 0.04448712
0.13645000 0.04450288
0.13655000 0.04451863
0.13665000 0.04453438
0.13675000 0.04455013
0.13685000 0.04456587
0.13695000 0.04458162
0.13705000 0.04459737
0.13715000 0.04461311
0.13725000 0.04462886
0.13735000 0.04464460
0.13745000 0.04466034
0.13755000 0.04467608
0.13765000 0.04469182
0.13775000 0.04470756
0.13785000 0.04472330
0.13795000 0.04473903
0.13805000 0.04475477
0.13815000 0.04477050
0.13825000 0.04478624
0.13835000 0.04480197
0.13845000 0.04481770
0.13855000 0.04483343
0.13865000 0.04484916
0.13875000 0.04486488
0.13885000 0.04488061
0.13895000 0.04489634
0.13905000 0.04453022
0.13915000 0.04454605
0.13925000 0.04456188
0.13935000 0.04457771
0.13945000 0.04459354
0.13955000 0.04460937
0.13965000 0.04462519
0.13975000 0.04464101
0.13985000 0.04465684
0.13995000 0.04467266
0.14005000 0.04468848
0.14015000 0.04470430
0.14025000 0.04472011
0.14035000 0.04473593
0.14045000 0.04475175
0.14055000 0.04476756
0.14065000 0.04478337
0.14075000 0.04479919
0.14085000 0.04481500
0.14095000 0.04483081
0.14105000 0.04484661
0.14115000 0.04486242
0.14125000 0.04487823
0.14135000 0.04489403
0.14145000 0.04490984
0.14155000 0.04492564
0.14165000 0.04494144
0.14175000 0.04495724
0.14185000 0.04497304
0.14195000 0.04498884
0.14205000 0.04500464
0.14215000 0.04502043
0.14225000 0.04503623
0.14235000 0.04505202
0.14245000 0.04506782
0.14255000 0.04508361
0.14265000 0.04509940
0.14275000 0.04511519
0.14285000 0.04513098
0.14295000 0.04514676
0.14305000 0.04516255
0.14315000 0.04517834
0.14325000 0.04519412
0.14335000 0.04520990
0.14345000 0.04522568
0.14355000 0.04524147
0.14365000 0.04525724
0.14375000 0.04527302
0.14385000 0.04528880
0.14395000 0.04530458
0.14405000 0.04532035
0.14415000 0.04533613
0.14425000 0.04535190
0.14435000 0.04536767
0.14445000 0.04538344
0.14455000 0.04539921
0.14465000 0.04541498
0.14475000 0.04543075
0.14485000 0.04544652
0.14495000 0.04546228
0.14505000 0.04547805
0.14515000 0.04549381
0.14525000 0.04550957
0.14535000 0.04552533
0.14545000 0.04554109
0.14555000 0.04555685
0.14565000 0.04557261
0.14575000 0.04558837
0.14585000 0.04560412
0.14595000 0.04561988
0.14605000 0.04563563
0.14615000 0.04565138
0.14625000 0.04566713
0.14635000 0.04568288
0.14645000 0.04569863
0.14655000 0.04571438
0.14665000 0.04573013
0.14675000 0.04574588
0.14685000 0.04576162
0.14695000 0.04577737
0.14705000 0.04579311
0.14715000 0.04580885
0.14725000 0.04582459
0.14735000 0.04584033
0.14745000 0.04585607
0.14755000 0.04587181
0.14765000 0.04588755
0.14775000 0.04590328
0.14785000 0.04591902
0.14795000 0.04593475
0.14805000 0.04595048
0.14815000 0.04596621
0.14825000 0.04598195
0.14835000 0.04599767
0.14845000 0.04601340
0.14855000 0.04602913
0.14865000 0.04604486
0.14875000 0.04606058
0.14885000 0.04607631
0.14895000 0.04609203
0.14905000 0.04610775
0.14915000 0.04612347
0.14925000 0.04613919
0.14935000 0.04615491
0.14945000 0.04617063
0.14955000 0.04618635
0.14965000 0.04620207
0.14975000 0.04621778
0.14985000 0.04623350
0.14995000 0.04624921
0.15005000 0.04626492
0.15015000 0.04628063
0.15025000 0.04629634
0.15035000 0.04631205
0.15045000 0.04632776
0.15055000 0.04634347
0.15065000 0.04635917
0.15075000 0.04637488
0.15085000 0.04639058
0.15095000 0.04640629
0.15105000 0.04642199
0.15115000 0.04643769
0.15125000 0.04645339
0.15135000 0.04646909
0.15145000 0.04648479
0.15155000 0.04650048
0.15165000 0.04651618
0.15175000 0.04653187
0.15185000 0.04654757
0.15195000 0.04656326
0.15205000 0.04657895
0.15215000 0.04659465
0.15225000 0.04661034
0.15235000 0.04662603
0.15245000 0.04664171
0.15255000 0.04665740
0.15265000 0.04667309
0.15275000 0.04668877
0.15285000 0.04670446
0.15295000 0.04672014
0.15305000 0.04673582
0.15315000 0.04675150
0.15325000 0.04676718
0.15335000 0.04678286
0.15345000 0.04679854
0.15355000 0.04681422
0.15365000 0.04645852
0.15375000 0.04647429
0.15385000 0.04649006
0.15395000 0.04650583
0.15405000 0.04652160
0.15415000 0.04653737
0.15425000 0.04655314
0.15435000 0.04656891
0.15445000 0.04658468
0.15455000 0.04660044
0.15465000 0.04661620
0.15475000 0.04663197
0.15485000 0.04664773
0.15495000 0.04666349
0.15505000 0.04667925
0.15515000 0.04669501
0.15525000 0.04671077
0.15535000 0.04672652
0.15545000 0.04674228
0.15555000 0.04675803
0.15565000 0.04677379
0.15575000 0.04678954
0.15585000 0.04680529
0.15595000 0.04682104
0.15605000 0.04683679
0.15615000 0.04685254
0.15625000 0.04686829
0.15635000 0.04688403
0.15645000 0.04689978
0.15655000 0.04691552
0.15665000 0.04693127
0.15675000 0.04694701
0.15685000 0.04696275
0.15695000 0.04697849
0.15705000 0.04699423
0.15715000 0.04700997
0.15725000 0.04702570
0.15735000 0.04704144
0.15745000 0.04705718
0.15755000 0.04707291
0.15765000 0.04708864
0.15775000 0.04710438
0.15785000 0.04712011
0.15795000 0.04713584
0.15805000 0.04715157
0.15815000 0.04716729
0.15825000 0.04718302
0.15835000 0.04719875
0.15845000 0.04721447
0.15855000 0.04723020
0.15865000 0.04724592
0.15875000 0.04726164
0.15885000 0.04727736
0.15895000 0.04729308
0.15905000 0.04730880
0.15915000 0.04732452
0.15925000 0.04734024
0.15935000 0.04735596
0.15945000 0.04737167
0.15955000 0.04738739
0.15965000 0.04740310
0.15975000 0.04741881
0.15985000 0.04743452
0.15995000 0.04745023
0.16005000 0.04746594
0.16015000 0.04748165
0.16025000 0.04749736
0.16035000 0.04751307
0.16045000 0.04752877
0.16055000 0.04754448
0.16065000 0.04756018
0.16075000 0.04757588
0.16085000 0.04759158
0.16095000 0.04760728
0.16105000 0.04762298
0.16115000 0.04763868
0.16125000 0.04765438
0.16135000 0.04767008
0.16145000 0.04768577
0.16155000 0.04770147
0.16165000 0.04771716
0.16175000 0.04773285
0.16185000 0.04774855
0.16195000 0.04776424
0.16205000 0.04777993
0.16215000 0.04779562
0.16225000 0.04781131
0.16235000 0.04782699
0.16245000 0.04784268
0.16255000 0.04785836
0.16265000 0.04787405
0.16275000 0.04788973
0.16285000 0.04790542
0.16295000 0.04792110
0.16305000 0.04793678
0.16315000 0.04795246
0.16325000 0.04796814
0.16335000 0.04798381
0.16345000 0.04799949
0.16355000 0.04801517
0.16365000 0.04803084
0.16375000 0.04804652
0.16385000 0.04806219
0.16395000 0.04807786
0.16405000 0.04809353
0.16415000 0.04810920
0.16425000 0.04812487
0.16435000 0.04814054
0.16445000 0.04815621
0.16455000 0.04817187
0.16465000 0.04818754
0.16475000 0.04820320
0.16485000 0.04821887
0.16495000 0.04823453
0.16505000 0.04825019
0.16515000 0.04826585
0.16525000 0.04828151
0.16535000 0.04829717
0.16545000 0.04831283
0.16555000 0.04832849
0.16565000 0.04834415
0.16575000 0.04835980
0.16585000 0.04837546
0.16595000 0.04839111
0.16605000 0.04840676
0.16615000 0.04842241
0.16625000 0.04843807
0.16635000 0.04845372
0.16645000 0.04846937
0.16655000 0.04848501
0.16665000 0.04850066
0.16675000 0.04851631
0.16685000 0.04853195
0.16695000 0.04854760
0.16705000 0.04820042
0.16715000 0.04821615
0.16725000 0.04823188
0.16735000 0.04824762
0.16745000 0.04826335
0.16755000 0.04827908
0.16765000 0.04829480
0.16775000 0.04831053
0.16785000 0.04832626
0.16795000 0.04834198
0.16805000 0.04835771
0.16815000 0.04837343
0.16825000 0.04838916
0.16835000 0.04840488
0.16845000 0.04842060
0.16855000 0.04843632
0.16865000 0.04845204
0.16875000 0.04846775
0.16885000 0.04848347
0.16895000 0.04849919
0.16905000 0.04851490
0.16915000 0.04853062
0.16925000 0.04854633
0.16935000 0.04856204
0.16945000 0.04857775
0.16955000 0.04859346
0.16965000 0.04860917
0.16975000 0.04862488
0.16985000 0.04864059
0.16995000 0.04865630
0.17005000 0.04867200
0.17015000 0.04868771
0.17025000 0.04870341
0.17035000 0.04871911
0.17045000 0.04873481
0.17055000 0.04875051
0.17065000 0.04876621
0.17075000 0.04878191
0.17085000 0.04879761
0.17095000 0.04881331
0.17105000 0.04882900
0.17115000 0.04884470
0.17125000 0.04886039
0.17135000 0.04887609
0.17145000 0.04889178
0.17155000 0.04890747
0.17165000 0.04892316
0.17175000 0.04893885
0.17185000 0.04895454
0.17195000 0.04897023
0.17205000 0.04898591
0.17215000 0.04900160
0.17225000 0.04901729
0.17235000 0.04903297
0.17245000 0.04904865
0.17255000 0.04906433
0.17265000 0.04908002
0.17275000 0.04909570
0.17285000 0.04911138
0.17295000 0.04912705
0.17305000 0.04914273
0.17315000 0.04915841
0.17325000 0.04917408
0.17335000 0.04918976
0.17345000 0.04920543
0.17355000 0.04922111
0.17365000 0.04923678
0.17375000 0.04925245
0.17385000 0.04926812
0.17395000 0.04928379
0.17405000 0.04929946
0.17415000 0.04931513
0.17425000 0.04933079
0.17435000 0.04934646
0.17445000 0.04936212
0.17455000 0.04937779
0.17465000 0.04939345
0.17475000 0.04940911
0.17485000 0.04942477
0.17495000 0.04944043
0.17505000 0.04945609
0.17515000 0.04947175
0.17525000 0.04948741
0.17535000 0.04950307
0.17545000 0.04951872
0.17555000 0.04953438
0.17565000 0.04955003
0.17575000 0.04956568
0.17585000 0.04958134
0.17595000 0.04959699
0.17605000 0.04961264
0.17615000 0.04962829
0.17625000 0.04964394
0.17635000 0.04965959
0.17645000 0.04967523
0.17655000 0.04969088
0.17665000 0.04970652
0.17675000 0.04972217
0.17685000 0.04973781
0.17695000 0.04975345
0.17705000 0.04976910
0.17715000 0.04978474
0.17725000 0.04980038
0.17735000 0.04981602
0.17745000 0.04983165
0.17755000 0.04984729
0.17765000 0.04986293
0.17775000 0.04987856
0.17785000 0.04989420
0.17795000 0.04990983
0.17805000 0.04992547
0.17815000 0.04994110
0.17825000 0.04995673
0.17835000 0.04997236
0.17845000 0.04998799
0.17855000 0.05000362
0.17865000 0.05001924
0.17875000 0.05003487
0.17885000 0.05005050
0.17895000 0.05006612
0.17905000 0.05008175
0.17915000 0.05009737
0.17925000 0.05011299
0.17935000 0.05012862
0.17945000 0.04978857
0.17955000 0.04980428
0.17965000 0.04981998
0.17975000 0.04983568
0.17985000 0.04985139
0.17995000 0.04986709
0.18005000 0.04988279
0.18015000 0.04989849
0.18025000 0.04991419
0.18035000 0.04992988
0.18045000 0.04994558
0.18055000 0.04996128
0.18065000 0.04997697
0.18075000 0.04999267
0.18085000 0.05000836
0.18095000 0.05002405
0.18105000 0.05003974
0.18115000 0.05005543
0.18125000 0.05007112
0.18135000 0.05008681
0.18145000 0.05010250
0.18155000 0.05011818
0.18165000 0.05013387
0.18175000 0.05014955
0.18185000 0.05016524
0.18195000 0.05018092
0.18205000 0.05019660
0.18215000 0.05021229
0.18225000 0.05022797
0.18235000 0.05024365
0.18245000 0.05025932
0.18255000 0.05027500
0.18265000 0.05029068
0.18275000 0.05030635
0.18285000 0.05032203
0.18295000 0.05033770
0.18305000 0.05035338
0.18315000 0.05036905
0.18325000 0.05038472
0.18335000 0.05040039
0.18345000 0.05041606
0.18355000 0.05043173
0.18365000 0.05044740
0.18375000 0.05046306
0.18385000 0.05047873
0.18395000 0.05049440
0.18405000 0.05051006
0.18415000 0.05052572
0.18425000 0.05054139
0.18435000 0.05055705
0.18445000 0.05057271
0.18455000 0.05058837
0.18465000 0.05060403
0.18475000 0.05061969
0.18485000 0.05063534
0.18495000 0.05065100
0.18505000 0.05066666
0.18515000 0.05068231
0.18525000 0.05069796
0.18535000 0.05071362
0.18545000 0.05072927
0.18555000 0.05074492
0.18565000 0.05076057
0.18575000 0.05077622
0.18585000 0.05079187
0.18595000 0.05080752
0.18605000 0.05082316
0.18615000 0.05083881
0.18625000 0.05085445
0.18635000 0.05087010
0.18645000 0.05088574
0.18655000 0.05090138
0.18665000 0.05091703
0.18675000 0.05093267
0.18685000 0.05094831
0.18695000 0.05096395
0.18705000 0.05097958
0.18715000 0.05099522
0.18725000 0.05101086
0.18735000 0.05102649
0.18745000 0.05104213
0.18755000 0.05105776
0.18765000 0.05107340
0.18775000 0.05108903
0.18785000 0.05110466
0.18795000 0.05112029
0.18805000 0.05113592
0.18815000 0.05115155
0.18825000 0.05116718
0.18835000 0.05118280
0.18845000 0.05119843
0.18855000 0.05121406
0.18865000 0.05122968
0.18875000 0.05124530
0.18885000 0.05126093
0.18895000 0.05127655
0.18905000 0.05129217
0.18915000 0.05130779
0.18925000 0.05132341
0.18935000 0.05133903
0.18945000 0.05135465
0.18955000 0.05137026
0.18965000 0.05138588
0.18975000 0.05140150
0.18985000 0.05141711
0.18995000 0.05143272
0.19005000 0.05144834
0.19015000 0.05146395
0.19025000 0.05147956
0.19035000 0.05149517
0.19045000 0.05151078
0.19055000 0.05152639
0.19065000 0.05154200
0.19075000 0.05155760
0.19085000 0.05157321
0.19095000 0.05158882
0.19105000 0.05125489
0.19115000 0.05127057
0.19125000 0.05128626
0.19135000 0.05130194
0.19145000 0.05131762
0.19155000 0.05133330
0.19165000 0.05134898
0.19175000 0.05136466
0.19185000 0.05138034
0.19195000 0.05139602
0.19205000 0.05141169
0.19215000 0.05142737
0.19225000 0.05144304
0.19235000 0.05145871
0.19245000 0.05147439
0.19255000 0.05149006
0.19265000 0.05150573
0.19275000 0.05152140
0.19285000 0.05153707
0.19295000 0.05155274
0.19305000 0.05156841
0.19315000 0.05158407
0.19325000 0.05159974
0.19335000 0.05161540
0.19345000 0.05163107
0.19355000 0.05164673
0.19365000 0.05166239
0.19375000 0.05167805
0.19385000 0.05169371
0.19395000 0.05170937
0.19405000 0.05172503
0.19415000 0.05174069
0.19425000 0.05175635
0.19435000 0.05177200
0.19445000 0.05178766
0.19455000 0.05180331
0.19465000 0.05181897
0.19475000 0.05183462
0.19485000 0.05185027
0.19495000 0.05186592
0.19505000 0.05188157
0.19515000 0.05189722
0.19525000 0.05191287
0.19535000 0.05192852
0.19545000 0.05194416
0.19555000 0.05195981
0.19565000 0.05197546
0.19575000 0.05199110
0.19585000 0.05200674
0.19595000 0.05202239
0.19605000 0.05203803
0.19615000 0.05205367
0.19625000 0.05206931
0.19635000 0.05208495
0.19645000 0.05210059
0.19655000 0.05211622
0.19665000 0.05213186
0.19675000 0.05214750
0.19685000 0.05216313
0.19695000 0.05217876
0.19705000 0.05219440
0.19715000 0.05221003
0.19725000 0.05222566
0.19735000 0.05224129
0.19745000 0.05225692
0.19755000 0.05227255
0.19765000 0.05228818
0.19775000 0.05230381
0.19785000 0.05231943
0.19795000 0.05233506
0.19805000 0.05235068
0.19815000 0.05236631
0.19825000 0.05238193
0.19835000 0.05239755
0.19845000 0.05241318
0.19855000 0.05242880
0.19865000 0.05244442
0.19875000 0.05246004
0.19885000 0.05247565
0.19895000 0.05249127
0.19905000 0.05250689
0.19915000 0.05252250
0.19925000 0.05253812
0.19935000 0.05255373
0.19945000 0.05256935
0.19955000 0.05258496
0.19965000 0.05260057
0.19975000 0.05261618
0.19985000 0.05263179
0.19995000 0.05264740
0.20005000 0.05266301
0.20015000 0.05267862
0.20025000 0.05269422
0.20035000 0.05270983
0.20045000 0.05272543
0.20055000 0.05274104
0.20065000 0.05275664
0.20075000 0.05277224
0.20085000 0.05278785
0.20095000 0.05280345
0.20105000 0.05281905
0.20115000 0.05283465
0.20125000 0.05285025
0.20135000 0.05286584
0.20145000 0.05288144
0.20155000 0.05289704
0.20165000 0.05291263
0.20175000 0.05292823
0.20185000 0.05294382
0.20195000 0.05261521
0.20205000 0.05263087
0.20215000 0.05264654
0.20225000 0.05266221
0.20235000 0.05267787
0.20245000 0.05269354
0.20255000 0.05270920
0.20265000 0.05272487
0.20275000 0.05274053
0.20285000 0.05275619
0.20295000 0.05277185
0.20305000 0.05278751
0.20315000 0.05280317
0.20325000 0.05281883
0.20335000 0.05283449
0.20345000 0.05285015
0.20355000 0.05286580
0.20365000 0.05288146
0.20375000 0.05289711
0.20385000 0.05291277
0.20395000 0.05292842
0.20405000 0.05294407
0.20415000 0.05295972
0.20425000 0.05297537
0.20435000 0.05299102
0.20445000 0.05300667
0.20455000 0.05302232
0.20465000 0.05303796
0.20475000 0.05305361
0.20485000 0.05306925
0.20495000 0.05308490
0.20505000 0.05310054
0.20515000 0.05311618
0.20525000 0.05313182
0.20535000 0.05314746
0.20545000 0.05316310
0.20555000 0.05317874
0.20565000 0.05319438
0.20575000 0.05321002
0.20585000 0.05322566
0.20595000 0.05324129
0.20605000 0.05325693
0.20615000 0.05327256
0.20625000 0.05328819
0.20635000 0.05330383
0.20645000 0.05331946
0.20655000 0.05333509
0.20665000 0.05335072
0.20675000 0.05336635
0.20685000 0.05338198
0.20695000 0.05339760
0.20705000 0.05341323
0.20715000 0.05342886
0.20725000 0.05344448
0.20735000 0.05346011
0.20745000 0.05347573
0.20755000 0.05349135
0.20765000 0.05350697
0.20775000 0.05352259
0.20785000 0.05353821
0.20795000 0.05355383
0.20805000 0.05356945
0.20815000 0.05358507
0.20825000 0.05360069
0.20835000 0.05361630
0.20845000 0.05363192
0.20855000 0.05364753
0.20865000 0.05366315
0.20875000 0.05367876
0.20885000 0.05369437
0.20895000 0.05370998
0.20905000 0.05372559
0.20915000 0.05374120
0.20925000 0.05375681
0.20935000 0.05377242
0.20945000 0.05378802
0.20955000 0.05380363
0.20965000 0.05381924
0.20975000 0.05383484
0.20985000 0.05385044
0.20995000 0.05386605
0.21005000 0.05388165
0.21015000 0.05389725
0.21025000 0.05391285
0.21035000 0.05392845
0.21045000 0.05394405
0.21055000 0.05395965
0.21065000 0.05397525
0.21075000 0.05399084
0.21085000 0.05400644
0.21095000 0.05402203
0.21105000 0.05403763
0.21115000 0.05405322
0.21125000 0.05406881
0.21135000 0.05408441
0.21145000 0.05410000
0.21155000 0.05411559
0.21165000 0.05413118
0.21175000 0.05414676
0.21185000 0.05416235
0.21195000 0.05417794
0.21205000 0.05419353
0.21215000 0.05420911
0.21225000 0.05422470
0.21235000 0.05390083
0.21245000 0.05391648
0.21255000 0.05393214
0.21265000 0.05394779
0.21275000 0.05396345
0.21285000 0.05397910
0.21295000 0.05399475
0.21305000 0.05401040
0.21315000 0.05402605
0.21325000 0.05404170
0.21335000 0.05405735
0.21345000 0.05407300
0.21355000 0.05408865
0.21365000 0.05410429
0.21375000 0.05411994
0.21385000 0.05413558
0.21395000 0.05415123
0.21405000 0.05416687
0.21415000 0.05418251
0.21425000 0.05419816
0.21435000 0.05421380
0.21445000 0.05422944
0.21455000 0.05424507
0.21465000 0.05426071
0.21475000 0.05427635
0.21485000 0.05429199
0.21495000 0.05430762
0.21505000 0.05432326
0.21515000 0.05433889
0.21525000 0.05435452
0.21535000 0.05437016
0.21545000 0.05438579
0.21555000 0.05440142
0.21565000 0.05441705
0.21575000 0.05443268
0.21585000 0.05444830
0.21595000 0.05446393
0.21605000 0.05447956
0.21615000 0.05449518
0.21625000 0.05451081
0.21635000 0.05452643
0.21645000 0.05454206
0.21655000 0.05455768
0.21665000 0.05457330
0.21675000 0.05458892
0.21685000 0.05460454
0.21695000 0.05462016
0.21705000 0.05463578
0.21715000 0.05465140
0.21725000 0.05466701
0.21735000 0.05468263
0.21745000 0.05469825
0.21755000 0.05471386
0.21765000 0.05472947
0.21775000 0.05474509
0.21785000 0.05476070
0.21795000 0.05477631
0.21805000 0.05479192
0.21815000 0.05480753
0.21825000 0.05482314
0.21835000 0.05483875
0.21845000 0.05485435
0.21855000 0.05486996
0.21865000 0.05488556
0.21875000 0.05490117
0.21885000 0.05491677
0.21895000 0.05493238
0.21905000 0.05494798
0.21915000 0.05496358
0.21925000 0.05497918
0.21935000 0.05499478
0.21945000 0.05501038
0.21955000 0.05502598
0.21965000 0.05504157
0.21975000 0.05505717
0.21985000 0.05507277
0.21995000 0.05508836
0.22005000 0.05510396
0.22015000 0.05511955
0.22025000 0.05513514
0.22035000 0.05515074
0.22045000 0.05516633
0.22055000 0.05518192
0.22065000 0.05519751
0.22075000 0.05521309
0.22085000 0.05522868
0.22095000 0.05524427
0.22105000 0.05525986
0.22115000 0.05527544
0.22125000 0.05529103
0.22135000 0.05530661
0.22145000 0.05532219
0.22155000 0.05533778
0.22165000 0.05535336
0.22175000 0.05536894
0.22185000 0.05538452
0.22195000 0.05540010
0.22205000 0.05541568
0.22215000 0.05543125
0.22225000 0.05511162
0.22235000 0.05512727
0.22245000 0.05514292
0.22255000 0.05515856
0.22265000 0.05517421
0.22275000 0.05518985
0.22285000 0.05520549
0.22295000 0.05522113
0.22305000 0.05523677
0.22315000 0.05525241
0.22325000 0.05526805
0.22335000 0.05528369
0.22345000 0.05529933
0.22355000 0.05531497
0.22365000 0.05533060
0.22375000 0.05534624
0.22385000 0.05536187
0.22395000 0.05537751
0.22405000 0.05539314
0.22415000 0.05540877
0.22425000 0.05542440
0.22435000 0.05544003
0.22445000 0.05545566
0.22455000 0.05547129
0.22465000 0.05548692
0.22475000 0.05550255
0.22485000 0.05551817
0.22495000 0.05553380
0.22505000 0.05554942
0.22515000 0.05556505
0.22525000 0.05558067
0.22535000 0.05559629
0.22545000 0.05561191
0.22555000 0.05562753
0.22565000 0.05564315
0.22575000 0.05565877
0.22585000 0.05567439
0.22595000 0.05569001
0.22605000 0.05570562
0.22615000 0.05572124
0.22625000 0.05573685
0.22635000 0.05575247
0.22645000 0.05576808
0.22655000 0.05578369
0.22665000 0.05579931
0.22675000 0.05581492
0.22685000 0.05583053
0.22695000 0.05584614
0.22705000 0.05586174
0.22715000 0.05587735
0.22725000 0.05589296
0.22735000 0.05590857
0.22745000 0.05592417
0.22755000 0.05593978
0.22765000 0.05595538
0.22775000 0.05597098
0.22785000 0.05598658
0.22795000 0.05600219
0.22805000 0.05601779
0.22815000 0.05603339
0.22825000 0.05604898
0.22835000 0.05606458
0.22845000 0.05608018
0.22855000 0.05609578
0.22865000 0.05611137
0.22875000 0.05612697
0.22885000 0.05614256
0.22895000 0.05615815
0.22905000 0.05617375
0.22915000 0.05618934
0.22925000 0.05620493
0.22935000 0.05622052
0.22945000 0.05623611
0.22955000 0.05625170
0.22965000 0.05626729
0.22975000 0.05628287
0.22985000 0.05629846
0.22995000 0.05631404
0.23005000 0.05632963
0.23015000 0.05634521
0.23025000 0.05636080
0.23035000 0.05637638
0.23045000 0.05639196
0.23055000 0.05640754
0.23065000 0.05642312
0.23075000 0.05643870
0.23085000 0.05645428
0.23095000 0.05646986
0.23105000 0.05648543
0.23115000 0.05650101
0.23125000 0.05651658
0.23135000 0.05653216
0.23145000 0.05654773
0.23155000 0.05656330
0.23165000 0.05657888
0.23175000 0.05626309
0.23185000 0.05627873
0.23195000 0.05629437
0.23205000 0.05631001
0.23215000 0.05632564
0.23225000 0.05634128
0.23235000 0.05635691
0.23245000 0.05637255
0.23255000 0.05638818
0.23265000 0.05640381
0.23275000 0.05641944
0.23285000 0.05643507
0.23295000 0.05645070
0.23305000 0.05646633
0.23315000 0.05648196
0.23325000 0.05649759
0.23335000 0.05651321
0.23345000 0.05652884
0.23355000 0.05654447
0.23365000 0.05656009
0.23375000 0.05657571
0.23385000 0.05659134
0.23395000 0.05660696
0.23405000 0.05662258
0.23415000 0.05663820
0.23425000 0.05665382
0.23435000 0.05666944
0.23445000 0.05668505
0.23455000 0.05670067
0.23465000 0.05671629
0.23475000 0.05673190
0.23485000 0.05674752
0.23495000 0.05676313
0.23505000 0.05677874
0.23515000 0.05679435
0.23525000 0.05680997
0.23535000 0.05682558
0.23545000 0.05684118
0.23555000 0.05685679
0.23565000 0.05687240
0.23575000 0.05688801
0.23585000 0.05690362
0.23595000 0.05691922
0.23605000 0.05693483
0.23615000 0.05695043
0.23625000 0.05696603
0.23635000 0.05698163
0.23645000 0.05699724
0.23655000 0.05701284
0.23665000 0.05702844
0.23675000 0.05704404
0.23685000 0.05705963
0.23695000 0.05707523
0.23705000 0.05709083
0.23715000 0.05710643
0.23725000 0.05712202
0.23735000 0.05713761
0.23745000 0.05715321
0.23755000 0.05716880
0.23765000 0.05718439
0.23775000 0.05719998
0.23785000 0.05721557
0.23795000 0.05723116
0.23805000 0.05724675
0.23815000 0.05726234
0.23825000 0.05727793
0.23835000 0.05729352
0.23845000 0.05730910
0.23855000 0.05732469
0.23865000 0.05734027
0.23875000 0.05735585
0.23885000 0.05737144
0.23895000 0.05738702
0.23905000 0.05740260
0.23915000 0.05741818
0.23925000 0.05743376
0.23935000 0.05744934
0.23945000 0.05746491
0.23955000 0.05748049
0.23965000 0.05749607
0.23975000 0.05751164
0.23985000 0.05752722
0.23995000 0.05754279
0.24005000 0.05755837
0.24015000 0.05757394
0.24025000 0.05758951
0.24035000 0.05760508
0.24045000 0.05762065
0.24055000 0.05763622
0.24065000 0.05765179
0.24075000 0.05733943
0.24085000 0.05735506
0.24095000 0.05737070
0.24105000 0.05738633
0.24115000 0.05740196
0.24125000 0.05741759
0.24135000 0.05743322
0.24145000 0.05744884
0.24155000 0.05746447
0.24165000 0.05748010
0.24175000 0.05749572
0.24185000 0.05751135
0.24195000 0.05752697
0.24205000 0.05754260
0.24215000 0.05755822
0.24225000 0.05757384
0.24235000 0.05758946
0.24245000 0.05760508
0.24255000 0.05762070
0.24265000 0.05763632
0.24275000 0.05765194
0.24285000 0.05766755
0.24295000 0.05768317
0.24305000 0.05769879
0.24315000 0.05771440
0.24325000 0.05773001
0.24335000 0.05774563
0.24345000 0.05776124
0.24355000 0.05777685
0.24365000 0.05779246
0.24375000 0.05780807
0.24385000 0.05782368
0.24395000 0.05783929
0.24405000 0.05785489
0.24415000 0.05787050
0.24425000 0.05788610
0.24435000 0.05790171
0.24445000 0.05791731
0.24455000 0.05793292
0.24465000 0.05794852
0.24475000 0.05796412
0.24485000 0.05797972
0.24495000 0.05799532
0.24505000 0.05801092
0.24515000 0.05802652
0.24525000 0.05804212
0.24535000 0.05805771
0.24545000 0.05807331
0.24555000 0.05808890
0.24565000 0.05810450
0.24575000 0.05812009
0.24585000 0.05813569
0.24595000 0.05815128
0.24605000 0.05816687
0.24615000 0.05818246
0.24625000 0.05819805
0.24635000 0.05821364
0.24645000 0.05822923
0.24655000 0.05824481
0.24665000 0.05826040
0.24675000 0.05827598
0.24685000 0.05829157
0.24695000 0.05830715
0.24705000 0.05832274
0.24715000 0.05833832
0.24725000 0.05835390
0.24735000 0.05836948
0.24745000 0.05838506
0.24755000 0.05840064
0.24765000 0.05841622
0.24775000 0.05843180
0.24785000 0.05844738
0.24795000 0.05846295
0.24805000 0.05847853
0.24815000 0.05849410
0.24825000 0.05850968
0.24835000 0.05852525
0.24845000 0.05854082
0.24855000 0.05855639
0.24865000 0.05857196
0.24875000 0.05858753
0.24885000 0.05860310
0.24895000 0.05861867
0.24905000 0.05863424
0.24915000 0.05864981
0.24925000 0.05866537
0.24935000 0.05868094
0.24945000 0.05869650
0.24955000 0.05838737
0.24965000 0.05840300
0.24975000 0.05841862
0.24985000 0.05843425
0.24995000 0.05844987
0.25005000 0.05846550
0.25015000 0.05848112
0.25025000 0.05849674
0.25035000 0.05851236
0.25045000 0.05852799
0.25055000 0.05854361
0.25065000 0.05855922
0.25075000 0.05857484
0.25085000 0.05859046
0.25095000 0.05860608
0.25105000 0.05862169
0.25115000 0.05863731
0.25125000 0.05865292
0.25135000 0.05866854
0.25145000 0.05868415
0.25155000 0.05869976
0.25165000 0.05871537
0.25175000 0.05873098
0.25185000 0.05874659
0.25195000 0.05876220
0.25205000 0.05877781
0.25215000 0.05879341
0.25225000 0.05880902
0.25235000 0.05882462
0.25245000 0.05884023
0.25255000 0.05885583
0.25265000 0.05887144
0.25275000 0.05888704
0.25285000 0.05890264
0.25295000 0.05891824
0.25305000 0.05893384
0.25315000 0.05894944
0.25325000 0.05896504
0.25335000 0.05898063
0.25345000 0.05899623
0.25355000 0.05901183
0.25365000 0.05902742
0.25375000 0.05904302
0.25385000 0.05905861
0.25395000 0.05907420
0.25405000 0.05908979
0.25415000 0.05910538
0.25425000 0.05912097
0.25435000 0.05913656
0.25445000 0.05915215
0.25455000 0.05916774
0.25465000 0.05918333
0.25475000 0.05919891
0.25485000 0.05921450
0.25495000 0.05923008
0.25505000 0.05924567
0.25515000 0.05926125
0.25525000 0.05927683
0.25535000 0.05929241
0.25545000 0.05930799
0.25555000 0.05932357
0.25565000 0.05933915
0.25575000 0.05935473
0.25585000 0.05937031
0.25595000 0.05938589
0.25605000 0.05940146
0.25615000 0.05941704
0.25625000 0.05943261
0.25635000 0.05944818
0.25645000 0.05946376
0.25655000 0.05947933
0.25665000 0.05949490
0.25675000 0.05951047
0.25685000 0.05952604
0.25695000 0.05954161
0.25705000 0.05955718
0.25715000 0.05957274
0.25725000 0.05958831
0.25735000 0.05960388
0.25745000 0.05961944
0.25755000 0.05963500
0.25765000 0.05965057
0.25775000 0.05966613
0.25785000 0.05968169
0.25795000 0.05969725
0.25805000 0.05939110
0.25815000 0.05940672
0.25825000 0.05942235
0.25835000 0.05943797
0.25845000 0.05945358
0.25855000 0.05946920
0.25865000 0.05948482
0.25875000 0.05950044
0.25885000 0.05951606
0.25895000 0.05953167
0.25905000 0.05954729
0.25915000 0.05956290
0.25925000 0.05957851
0.25935000 0.05959412
0.25945000 0.05960974
0.25955000 0.05962535
0.25965000 0.05964096
0.25975000 0.05965656
0.25985000 0.05967217
0.25995000 0.05968778
0.26005000 0.05970339
0.26015000 0.05971899
0.26025000 0.05973460
0.26035000 0.05975020
0.26045000 0.05976581
0.26055000 0.05978141
0.26065000 0.05979701
0.26075000 0.05981261
0.26085000 0.05982821
0.26095000 0.05984381
0.26105000 0.05985941
0.26115000 0.05987501
0.26125000 0.05989060
0.26135000 0.05990620
0.26145000 0.05992179
0.26155000 0.05993739
0.26165000 0.05995298
0.26175000 0.05996857
0.26185000 0.05998417
0.26195000 0.05999976
0.26205000 0.06001535
0.26215000 0.06003094
0.26225000 0.06004653
0.26235000 0.06006211
0.26245000 0.06007770
0.26255000 0.06009329
0.26265000 0.06010887
0.26275000 0.06012446
0.26285000 0.06014004
0.26295000 0.06015563
0.26305000 0.06017121
0.26315000 0.06018679
0.26325000 0.06020237
0.26335000 0.06021795
0.26345000 0.06023353
0.26355000 0.06024911
0.26365000 0.06026469
0.26375000 0.06028026
0.26385000 0.06029584
0.26395000 0.06031141
0.26405000 0.06032699
0.26415000 0.06034256
0.26425000 0.06035814
0.26435000 0.06037371
0.26445000 0.06038928
0.26455000 0.06040485
0.26465000 0.06042042
0.26475000 0.06043599
0.26485000 0.06045156
0.26495000 0.06046712
0.26505000 0.06048269
0.26515000 0.06049826
0.26525000 0.06051382
0.26535000 0.06052939
0.26545000 0.06054495
0.26555000 0.06056051
0.26565000 0.06057607
0.26575000 0.06059163
0.26585000 0.06060719
0.26595000 0.06062275
0.26605000 0.06063831
0.26615000 0.06065387
0.26625000 0.06035047
0.26635000 0.06036609
0.26645000 0.06038170
0.26655000 0.06039732
0.26665000 0.06041293
0.26675000 0.06042855
0.26685000 0.06044416
0.26695000 0.06045977
0.26705000 0.06047539
0.26715000 0.06049100
0.26725000 0.06050661
0.26735000 0.06052222
0.26745000 0.06053782
0.26755000 0.06055343
0.26765000 0.06056904
0.26775000 0.06058464
0.26785000 0.06060025
0.26795000 0.06061585
0.26805000 0.06063146
0.26815000 0.06064706
0.26825000 0.06066266
0.26835000 0.06067826
0.26845000 0.06069386
0.26855000 0.06070946
0.26865000 0.06072506
0.26875000 0.06074066
0.26885000 0.06075626
0.26895000 0.06077185
0.26905000 0.06078745
0.26915000 0.06080304
0.26925000 0.06081864
0.26935000 0.06083423
0.26945000 0.06084982
0.26955000 0.06086541
0.26965000 0.06088100
0.26975000 0.06089659
0.26985000 0.06091218
0.26995000 0.06092777
0.27005000 0.06094336
0.27015000 0.06095894
0.27025000 0.06097453
0.27035000 0.06099011
0.27045000 0.06100570
0.27055000 0.06102128
0.27065000 0.06103686
0.27075000 0.06105245
0.27085000 0.06106803
0.27095000 0.06108361
0.27105000 0.06109919
0.27115000 0.06111477
0.27125000 0.06113034
0.27135000 0.06114592
0.27145000 0.06116150
0.27155000 0.06117707
0.27165000 0.06119265
0.27175000 0.06120822
0.27185000 0.06122379
0.27195000 0.06123936
0.27205000 0.06125494
0.27215000 0.06127051
0.27225000 0.06128608
0.27235000 0.06130164
0.27245000 0.06131721
0.27255000 0.06133278
0.27265000 0.06134835
0.27275000 0.06136391
0.27285000 0.06137948
0.27295000 0.06139504
0.27305000 0.06141060
0.27315000 0.06142617
0.27325000 0.06144173
0.27335000 0.06145729
0.27345000 0.06147285
0.27355000 0.06148841
0.27365000 0.06150397
0.27375000 0.06151953
0.27385000 0.06153508
0.27395000 0.06155064
0.27405000 0.06156619
0.27415000 0.06126533
0.27425000 0.06128094
0.27435000 0.06129655
0.27445000 0.06131216
0.27455000 0.06132778
0.27465000 0.06134339
0.27475000 0.06135900
0.27485000 0.06137460
0.27495000 0.06139021
0.27505000 0.06140582
0.27515000 0.06142143
0.27525000 0.06143703
0.27535000 0.06145263
0.27545000 0.06146824
0.27555000 0.06148384
0.27565000 0.06149944
0.27575000 0.06151504
0.27585000 0.06153065
0.27595000 0.06154624
0.27605000 0.06156184
0.27615000 0.06157744
0.27625000 0.06159304
0.27635000 0.06160863
0.27645000 0.06162423
0.27655000 0.06163982
0.27665000 0.06165542
0.27675000 0.06167101
0.27685000 0.06168660
0.27695000 0.06170220
0.27705000 0.06171779
0.27715000 0.06173338
0.27725000 0.06174896
0.27735000 0.06176455
0.27745000 0.06178014
0.27755000 0.06179573
0.27765000 0.06181131
0.27775000 0.06182690
0.27785000 0.06184248
0.27795000 0.06185806
0.27805000 0.06187365
0.27815000 0.06188923
0.27825000 0.06190481
0.27835000 0.06192039
0.27845000 0.06193597
0.27855000 0.06195155
0.27865000 0.06196712
0.27875000 0.06198270
0.27885000 0.06199828
0.27895000 0.06201385
0.27905000 0.06202943
0.27915000 0.06204500
0.27925000 0.06206057
0.27935000 0.06207615
0.27945000 0.06209172
0.27955000 0.06210729
0.27965000 0.06212286
0.27975000 0.06213842
0.27985000 0.06215399
0.27995000 0.06216956
0.28005000 0.06218513
0.28015000 0.06220069
0.28025000 0.06221626
0.28035000 0.06223182
0.28045000 0.06224738
0.28055000 0.06226295
0.28065000 0.06227851
0.28075000 0.06229407
0.28085000 0.06230963
0.28095000 0.06232519
0.28105000 0.06234074
0.28115000 0.06235630
0.28125000 0.06237186
0.28135000 0.06238741
0.28145000 0.06240297
0.28155000 0.06241852
0.28165000 0.06243408
0.28175000 0.06244963
0.28185000 0.06215115
0.28195000 0.06216676
0.28205000 0.06218237
0.28215000 0.06219798
0.28225000 0.06221359
0.28235000 0.06222919
0.28245000 0.06224480
0.28255000 0.06226040
0.28265000 0.06227601
0.28275000 0.06229161
0.28285000 0.06230721
0.28295000 0.06232281
0.28305000 0.06233841
0.28315000 0.06235401
0.28325000 0.06236961
0.28335000 0.06238521
0.28345000 0.06240081
0.28355000 0.06241640
0.28365000 0.06243200
0.28375000 0.06244759
0.28385000 0.06246319
0.28395000 0.06247878
0.28405000 0.06249437
0.28415000 0.06250996
0.28425000 0.06252555
0.28435000 0.06254114
0.28445000 0.06255673
0.28455000 0.06257232
0.28465000 0.06258791
0.28475000 0.06260349
0.28485000 0.06261908
0.28495000 0.06263466
0.28505000 0.06265025
0.28515000 0.06266583
0.28525000 0.06268141
0.28535000 0.06269700
0.28545000 0.06271258
0.28555000 0.06272816
0.28565000 0.06274374
0.28575000 0.06275931
0.28585000 0.06277489
0.28595000 0.06279047
0.28605000 0.06280604
0.28615000 0.06282162
0.28625000 0.06283719
0.28635000 0.06285277
0.28645000 0.06286834
0.28655000 0.06288391
0.28665000 0.06289948
0.28675000 0.06291505
0.28685000 0.06293062
0.28695000 0.06294619
0.28705000 0.06296176
0.28715000 0.06297732
0.28725000 0.06299289
0.28735000 0.06300846
0.28745000 0.06302402
0.28755000 0.06303958
0.28765000 0.06305515
0.28775000 0.06307071
0.28785000 0.06308627
0.28795000 0.06310183
0.28805000 0.06311739
0.28815000 0.06313295
0.28825000 0.06314851
0.28835000 0.06316406
0.28845000 0.06317962
0.28855000 0.06319517
0.28865000 0.06321073
0.28875000 0.06322628
0.28885000 0.06324184
0.28895000 0.06325739
0.28905000 0.06327294
0.28915000 0.06328849
0.28925000 0.06330404
0.28935000 0.06300781
0.28945000 0.06302342
0.28955000 0.06303902
0.28965000 0.06305463
0.28975000 0.06307023
0.28985000 0.06308583
0.28995000 0.06310143
0.29005000 0.06311703
0.29015000 0.06313263
0.29025000 0.06314823
0.29035000 0.06316383
0.29045000 0.06317943
0.29055000 0.06319502
0.29065000 0.06321062
0.29075000 0.06322622
0.29085000 0.06324181
0.29095000 0.06325740
0.29105000 0.06327299
0.29115000 0.06328859
0.29125000 0.06330418
0.29135000 0.06331977
0.29145000 0.06333536
0.29155000 0.06335094
0.29165000 0.06336653
0.29175000 0.06338212
0.29185000 0.06339770
0.29195000 0.06341329
0.29205000 0.06342887
0.29215000 0.06344445
0.29225000 0.06346004
0.29235000 0.06347562
0.29245000 0.06349120
0.29255000 0.06350678
0.29265000 0.06352236
0.29275000 0.06353794
0.29285000 0.06355351
0.29295000 0.06356909
0.29305000 0.06358467
0.29315000 0.06360024
0.29325000 0.06361581
0.29335000 0.06363139
0.29345000 0.06364696
0.29355000 0.06366253
0.29365000 0.06367810
0.29375000 0.06369367
0.29385000 0.06370924
0.29395000 0.06372481
0.29405000 0.06374038
0.29415000 0.06375594
0.29425000 0.06377151
0.29435000 0.06378707
0.29445000 0.06380264
0.29455000 0.06381820
0.29465000 0.06383376
0.29475000 0.06384933
0.29485000 0.06386489
0.29495000 0.06388045
0.29505000 0.06389601
0.29515000 0.06391157
0.29525000 0.06392712
0.29535000 0.06394268
0.29545000 0.06395824
0.29555000 0.06397379
0.29565000 0.06398934
0.29575000 0.06400490
0.29585000 0.06402045
0.29595000 0.06403600
0.29605000 0.06405155
0.29615000 0.06406710
0.29625000 0.06408265
0.29635000 0.06409820
0.29645000 0.06411375
0.29655000 0.06412930
0.29665000 0.06414484
0.29675000 0.06385079
0.29685000 0.06386639
0.29695000 0.06388199
0.29705000 0.06389759
0.29715000 0.06391319
0.29725000 0.06392879
0.29735000 0.06394438
0.29745000 0.06395998
0.29755000 0.06397557
0.29765000 0.06399117
0.29775000 0.06400676
0.29785000 0.06402235
0.29795000 0.06403794
0.29805000 0.06405354
0.29815000 0.06406912
0.29825000 0.06408471
0.29835000 0.06410030
0.29845000 0.06411589
0.29855000 0.06413148
0.29865000 0.06414706
0.29875000 0.06416265
0.29885000 0.06417823
0.29895000 0.06419381
0.29905000 0.06420940
0.29915000 0.06422498
0.29925000 0.06424056
0.29935000 0.06425614
0.29945000 0.06427172
0.29955000 0.06428730
0.29965000 0.06430287
0.29975000 0.06431845
0.29985000 0.06433403
0.29995000 0.06434960
0.30005000 0.06436517
0.30015000 0.06438075
0.30025000 0.06439632
0.30035000 0.06441189
0.30045000 0.06442746
0.30055000 0.06444303
0.30065000 0.06445860
0.30075000 0.06447417
0.30085000 0.06448974
0.30095000 0.06450530
0.30105000 0.06452087
0.30115000 0.06453643
0.30125000 0.06455200
0.30135000 0.06456756
0.30145000 0.06458312
0.30155000 0.06459868
0.30165000 0.06461425
0.30175000 0.06462980
0.30185000 0.06464536
0.30195000 0.06466092
0.30205000 0.06467648
0.30215000 0.06469204
0.30225000 0.06470759
0.30235000 0.06472315
0.30245000 0.06473870
0.30255000 0.06475425
0.30265000 0.06476981
0.30275000 0.06478536
0.30285000 0.06480091
0.30295000 0.06481646
0.30305000 0.06483201
0.30315000 0.06484756
0.30325000 0.06486310
0.30335000 0.06487865
0.30345000 0.06489420
0.30355000 0.06490974
0.30365000 0.06492528
0.30375000 0.06494083
0.30385000 0.06464877
0.30395000 0.06466436
0.30405000 0.06467996
0.30415000 0.06469555
0.30425000 0.06471115
0.30435000 0.06472674
0.30445000 0.06474234
0.30455000 0.06475793
0.30465000 0.06477352
0.30475000 0.06478911
0.30485000 0.06480470
0.30495000 0.06482029
0.30505000 0.06483588
0.30515000 0.06485146
0.30525000 0.06486705
0.30535000 0.06488263
0.30545000 0.06489822
0.30555000 0.06491380
0.30565000 0.06492938
0.30575000 0.06494497
0.30585000 0.06496055
0.30595000 0.06497613
0.30605000 0.06499171
0.30615000 0.06500728
0.30625000 0.06502286
0.30635000 0.06503844
0.30645000 0.06505401
0.30655000 0.06506959
0.30665000 0.06508516
0.30675000 0.06510074
0.30685000 0.06511631
0.30695000 0.06513188
0.30705000 0.06514745
0.30715000 0.06516302
0.30725000 0.06517859
0.30735000 0.06519416
0.30745000 0.06520973
0.30755000 0.06522529
0.30765000 0.06524086
0.30775000 0.06525642
0.30785000 0.06527199
0.30795000 0.06528755
0.30805000 0.06530311
0.30815000 0.06531867
0.30825000 0.06533424
0.30835000 0.06534979
0.30845000 0.06536535
0.30855000 0.06538091
0.30865000 0.06539647
0.30875000 0.06541203
0.30885000 0.06542758
0.30895000 0.06544314
0.30905000 0.06545869
0.30915000 0.06547424
0.30925000 0.06548980
0.30935000 0.06550535
0.30945000 0.06552090
0.30955000 0.06553645
0.30965000 0.06555200
0.30975000 0.06556754
0.30985000 0.06558309
0.30995000 0.06559864
0.31005000 0.06561418
0.31015000 0.06562973
0.31025000 0.06564527
0.31035000 0.06566082
0.31045000 0.06567636
0.31055000 0.06569190
0.31065000 0.06570744
0.31075000 0.06572298
0.31085000 0.06543284
0.31095000 0.06544844
0.31105000 0.06546403
0.31115000 0.06547962
0.31125000 0.06549521
0.31135000 0.06551080
0.31145000 0.06552639
0.31155000 0.06554197
0.31165000 0.06555756
0.31175000 0.06557315
0.31185000 0.06558873
0.31195000 0.06560431
0.31205000 0.06561990
0.31215000 0.06563548
0.31225000 0.06565106
0.31235000 0.06566664
0.31245000 0.06568222
0.31255000 0.06569780
0.31265000 0.06571338
0.31275000 0.06572896
0.31285000 0.06574453
0.31295000 0.06576011
0.31305000 0.06577568
0.31315000 0.06579126
0.31325000 0.06580683
0.31335000 0.06582240
0.31345000 0.06583797
0.31355000 0.06585354
0.31365000 0.06586911
0.31375000 0.06588468
0.31385000 0.06590025
0.31395000 0.06591581
0.31405000 0.06593138
0.31415000 0.06594695
0.31425000 0.06596251
0.31435000 0.06597807
0.31445000 0.06599364
0.31455000 0.06600920
0.31465000 0.06602476
0.31475000 0.06604032
0.31485000 0.06605588
0.31495000 0.06607144
0.31505000 0.06608699
0.31515000 0.06610255
0.31525000 0.06611811
0.31535000 0.06613366
0.31545000 0.06614922
0.31555000 0.06616477
0.31565000 0.06618032
0.31575000 0.06619587
0.31585000 0.06621142
0.31595000 0.06622697
0.31605000 0.06624252
0.31615000 0.06625807
0.31625000 0.06627362
0.31635000 0.06628916
0.31645000 0.06630471
0.31655000 0.06632025
0.31665000 0.06633580
0.31675000 0.06635134
0.31685000 0.06636688
0.31695000 0.06638243
0.31705000 0.06639797
0.31715000 0.06641351
0.31725000 0.06642904
0.31735000 0.06644458
0.31745000 0.06646012
0.31755000 0.06647566
0.31765000 0.06618733
0.31775000 0.06620292
0.31785000 0.06621850
0.31795000 0.06623409
0.31805000 0.06624968
0.31815000 0.06626526
0.31825000 0.06628085
0.31835000 0.06629643
0.31845000 0.06631201
0.31855000 0.06632759
0.31865000 0.06634317
0.31875000 0.06635875
0.31885000 0.06637433
0.31895000 0.06638991
0.31905000 0.06640549
0.31915000 0.06642106
0.31925000 0.06643664
0.31935000 0.06645221
0.31945000 0.06646779
0.31955000 0.06648336
0.31965000 0.06649893
0.31975000 0.06651450
0.31985000 0.06653007
0.31995000 0.06654564
0.32005000 0.06656121
0.32015000 0.06657678
0.32025000 0.06659234
0.32035000 0.06660791
0.32045000 0.06662347
0.32055000 0.06663904
0.32065000 0.06665460
0.32075000 0.06667016
0.32085000 0.06668573
0.32095000 0.06670129
0.32105000 0.06671685
0.32115000 0.06673240
0.32125000 0.06674796
0.32135000 0.06676352
0.32145000 0.06677908
0.32155000 0.06679463
0.32165000 0.06681019
0.32175000 0.06682574
0.32185000 0.06684129
0.32195000 0.06685685
0.32205000 0.06687240
0.32215000 0.06688795
0.32225000 0.06690350
0.32235000 0.06691904
0.32245000 0.06693459
0.32255000 0.06695014
0.32265000 0.06696569
0.32275000 0.06698123
0.32285000 0.06699677
0.32295000 0.06701232
0.32305000 0.06702786
0.32315000 0.06704340
0.32325000 0.06705894
0.32335000 0.06707448
0.32345000 0.06709002
0.32355000 0.06710556
0.32365000 0.06712110
0.32375000 0.06713663
0.32385000 0.06715217
0.32395000 0.06716770
0.32405000 0.06718324
0.32415000 0.06719877
0.32425000 0.06721430
0.32435000 0.06692772
0.32445000 0.06694331
0.32455000 0.06695889
0.32465000 0.06697447
0.32475000 0.06699005
0.32485000 0.06700563
0.32495000 0.06702121
0.32505000 0.06703679
0.32515000 0.06705237
0.32525000 0.06706795
0.32535000 0.06708352
0.32545000 0.06709910
0.32555000 0.06711467
0.32565000 0.06713024
0.32575000 0.06714582
0.32585000 0.06716139
0.32595000 0.06717696
0.32605000 0.06719253
0.32615000 0.06720810
0.32625000 0.06722366
0.32635000 0.06723923
0.32645000 0.06725480
0.32655000 0.06727036
0.32665000 0.06728593
0.32675000 0.06730149
0.32685000 0.06731705
0.32695000 0.06733261
0.32705000 0.06734817
0.32715000 0.06736373
0.32725000 0.06737929
0.32735000 0.06739485
0.32745000 0.06741041
0.32755000 0.06742596
0.32765000 0.06744152
0.32775000 0.06745707
0.32785000 0.06747263
0.32795000 0.06748818
0.32805000 0.06750373
0.32815000 0.06751928
0.32825000 0.06753483
0.32835000 0.06755038
0.32845000 0.06756593
0.32855000 0.06758148
0.32865000 0.06759703
0.32875000 0.06761257
0.32885000 0.06762812
0.32895000 0.06764366
0.32905000 0.06765921
0.32915000 0.06767475
0.32925000 0.06769029
0.32935000 0.06770583
0.32945000 0.06772137
0.32955000 0.06773691
0.32965000 0.06775245
0.32975000 0.06776798
0.32985000 0.06778352
0.32995000 0.06779906
0.33005000 0.06781459
0.33015000 0.06783012
0.33025000 0.06784566
0.33035000 0.06786119
0.33045000 0.06787672
0.33055000 0.06789225
0.33065000 0.06790778
0.33075000 0.06792331
0.33085000 0.06793884
0.33095000 0.06765395
0.33105000 0.06766953
0.33115000 0.06768510
0.33125000 0.06770068
0.33135000 0.06771625
0.33145000 0.06773183
0.33155000 0.06774740
0.33165000 0.06776298
0.33175000 0.06777855
0.33185000 0.06779412
0.33195000 0.06780969
0.33205000 0.06782526
0.33215000 0.06784083
0.33225000 0.06785639
0.33235000 0.06787196
0.33245000 0.06788753
0.33255000 0.06790309
0.33265000 0.06791866
0.33275000 0.06793422
0.33285000 0.06794978
0.33295000 0.06796534
0.33305000 0.06798090
0.33315000 0.06799646
0.33325000 0.06801202
0.33335000 0.06802758
0.33345000 0.06804314
0.33355000 0.06805869
0.33365000 0.06807425
0.33375000 0.06808980
0.33385000 0.06810536
0.33395000 0.06812091
0.33405000 0.06813646
0.33415000 0.06815201
0.33425000 0.06816756
0.33435000 0.06818311
0.33445000 0.06819866
0.33455000 0.06821420
0.33465000 0.06822975
0.33475000 0.06824530
0.33485000 0.06826084
0.33495000 0.06827638
0.33505000 0.06829193
0.33515000 0.06830747
0.33525000 0.06832301
0.33535000 0.06833855
0.33545000 0.06835409
0.33555000 0.06836963
0.33565000 0.06838517
0.33575000 0.06840070
0.33585000 0.06841624
0.33595000 0.06843177
0.33605000 0.06844731
0.33615000 0.06846284
0.33625000 0.06847837
0.33635000 0.06849390
0.33645000 0.06850943
0.33655000 0.06852496
0.33665000 0.06854049
0.33675000 0.06855602
0.33685000 0.06857155
0.33695000 0.06858707
0.33705000 0.06860260
0.33715000 0.06861812
0.33725000 0.06863365
0.33735000 0.06835034
0.33745000 0.06836591
0.33755000 0.06838149
0.33765000 0.06839706
0.33775000 0.06841263
0.33785000 0.06842820
0.33795000 0.06844377
0.33805000 0.06845933
0.33815000 0.06847490
0.33825000 0.06849047
0.33835000 0.06850603
0.33845000 0.06852160
0.33855000 0.06853716
0.33865000 0.06855272
0.33875000 0.06856829
0.33885000 0.06858385
0.33895000 0.06859941
0.33905000 0.06861496
0.33915000 0.06863052
0.33925000 0.06864608
0.33935000 0.06866164
0.33945000 0.06867719
0.33955000 0.06869275
0.33965000 0.06870830
0.33975000 0.06872385
0.33985000 0.06873940
0.33995000 0.06875496
0.34005000 0.06877051
0.34015000 0.06878605
0.34025000 0.06880160
0.34035000 0.06881715
0.34045000 0.06883270
0.34055000 0.06884824
0.34065000 0.06886379
0.34075000 0.06887933
0.34085000 0.06889487
0.34095000 0.06891041
0.34105000 0.06892596
0.34115000 0.06894150
0.34125000 0.06895704
0.34135000 0.06897257
0.34145000 0.06898811
0.34155000 0.06900365
0.34165000 0.06901918
0.34175000 0.06903472
0.34185000 0.06905025
0.34195000 0.06906579
0.34205000 0.06908132
0.34215000 0.06909685
0.34225000 0.06911238
0.34235000 0.06912791
0.34245000 0.06914344
0.34255000 0.06915897
0.34265000 0.06917449
0.34275000 0.06919002
0.34285000 0.06920554
0.34295000 0.06922107
0.34305000 0.06923659
0.34315000 0.06925211
0.34325000 0.06926763
0.34335000 0.06928315
0.34345000 0.06929867
0.34355000 0.06931419
0.34365000 0.06903241
0.34375000 0.06904798
0.34385000 0.06906355
0.34395000 0.06907912
0.34405000 0.06909468
0.34415000 0.06911025
0.34425000 0.06912581
0.34435000 0.06914137
0.34445000 0.06915693
0.34455000 0.06917249
0.34465000 0.06918805
0.34475000 0.06920361
0.34485000 0.06921917
0.34495000 0.06923473
0.34505000 0.06925028
0.34515000 0.06926584
0.34525000 0.06928139
0.34535000 0.06929695
0.34545000 0.06931250
0.34555000 0.06932805
0.34565000 0.06934360
0.34575000 0.06935915
0.34585000 0.06937470
0.34595000 0.06939025
0.34605000 0.06940580
0.34615000 0.06942134
0.34625000 0.06943689
0.34635000 0.06945243
0.34645000 0.06946798
0.34655000 0.06948352
0.34665000 0.06949906
0.34675000 0.06951460
0.34685000 0.06953014
0.34695000 0.06954568
0.34705000 0.06956122
0.34715000 0.06957676
0.34725000 0.06959229
0.34735000 0.06960783
0.34745000 0.06962336
0.34755000 0.06963890
0.34765000 0.06965443
0.34775000 0.06966996
0.34785000 0.06968549
0.34795000 0.06970102
0.34805000 0.06971655
0.34815000 0.06973208
0.34825000 0.06974761
0.34835000 0.06976313
0.34845000 0.06977866
0.34855000 0.06979418
0.34865000 0.06980971
0.34875000 0.06982523
0.34885000 0.06984075
0.34895000 0.06985627
0.34905000 0.06987179
0.34915000 0.06988731
0.34925000 0.06990283
0.34935000 0.06991835
0.34945000 0.06993386
0.34955000 0.06994938
0.34965000 0.06996489
0.34975000 0.06998041
0.34985000 0.06970010
0.34995000 0.06971567
0.35005000 0.06973123
0.35015000 0.06974679
0.35025000 0.06976235
0.35035000 0.06977791
0.35045000 0.06979347
0.35055000 0.06980902
0.35065000 0.06982458
0.35075000 0.06984013
0.35085000 0.06985569
0.35095000 0.06987124
0.35105000 0.06988679
0.35115000 0.06990234
0.35125000 0.06991789
0.35135000 0.06993344
0.35145000 0.06994899
0.35155000 0.06996454
0.35165000 0.06998009
0.35175000 0.06999563
0.35185000 0.07001118
0.35195000 0.07002672
0.35205000 0.07004227
0.35215000 0.07005781
0.35225000 0.07007335
0.35235000 0.07008889
0.35245000 0.07010443
0.35255000 0.07011997
0.35265000 0.07013550
0.35275000 0.07015104
0.35285000 0.07016658
0.35295000 0.07018211
0.35305000 0.07019765
0.35315000 0.07021318
0.35325000 0.07022871
0.35335000 0.07024424
0.35345000 0.07025977
0.35355000 0.07027530
0.35365000 0.07029083
0.35375000 0.07030636
0.35385000 0.07032188
0.35395000 0.07033741
0.35405000 0.07035293
0.35415000 0.07036846
0.35425000 0.07038398
0.35435000 0.07039950
0.35445000 0.07041502
0.35455000 0.07043054
0.35465000 0.07044606
0.35475000 0.07046158
0.35485000 0.07047710
0.35495000 0.07049262
0.35505000 0.07050813
0.35515000 0.07052365
0.35525000 0.07053916
0.35535000 0.07055467
0.35545000 0.07057019
0.35555000 0.07058570
0.35565000 0.07060121
0.35575000 0.07061672
0.35585000 0.07063222
0.35595000 0.07035335
0.35605000 0.07036890
0.35615000 0.07038446
0.35625000 0.07040001
0.35635000 0.07041557
0.35645000 0.07043112
0.35655000 0.07044667
0.35665000 0.07046222
0.35675000 0.07047777
0.35685000 0.07049332
0.35695000 0.07050887
0.35705000 0.07052442
0.35715000 0.07053996
0.35725000 0.07055551
0.35735000 0.07057105
0.35745000 0.07058660
0.35755000 0.07060214
0.35765000 0.07061768
0.35775000 0.07063322
0.35785000 0.07064876
0.35795000 0.07066430
0.35805000 0.07067984
0.35815000 0.07069537
0.35825000 0.07071091
0.35835000 0.07072645
0.35845000 0.07074198
0.35855000 0.07075751
0.35865000 0.07077305
0.35875000 0.07078858
0.35885000 0.07080411
0.35895000 0.07081964
0.35905000 0.07083516
0.35915000 0.07085069
0.35925000 0.07086622
0.35935000 0.07088174
0.35945000 0.07089727
0.35955000 0.07091279
0.35965000 0.07092832
0.35975000 0.07094384
0.35985000 0.07095936
0.35995000 0.07097488
0.36005000 0.07099040
0.36015000 0.07100592
0.36025000 0.07102143
0.36035000 0.07103695
0.36045000 0.07105247
0.36055000 0.07106798
0.36065000 0.07108350
0.36075000 0.07109901
0.36085000 0.07111452
0.36095000 0.07113003
0.36105000 0.07114554
0.36115000 0.07116105
0.36125000 0.07117656
0.36135000 0.07119207
0.36145000 0.07120757
0.36155000 0.07122308
0.36165000 0.07123858
0.36175000 0.07125409
0.36185000 0.07126959
0.36195000 0.07099209
0.36205000 0.07100764
0.36215000 0.07102319
0.36225000 0.07103874
0.36235000 0.07105428
0.36245000 0.07106983
0.36255000 0.07108538
0.36265000 0.07110092
0.36275000 0.07111646
0.36285000 0.07113201
0.36295000 0.07114755
0.36305000 0.07116309
0.36315000 0.07117863
0.36325000 0.07119417
0.36335000 0.07120971
0.36345000 0.07122524
0.36355000 0.07124078
0.36365000 0.07125631
0.36375000 0.07127185
0.36385000 0.07128738
0.36395000 0.07130291
0.36405000 0.07131844
0.36415000 0.07133398
0.36425000 0.07134950
0.36435000 0.07136503
0.36445000 0.07138056
0.36455000 0.07139609
0.36465000 0.07141161
0.36475000 0.07142714
0.36485000 0.07144266
0.36495000 0.07145818
0.36505000 0.07147371
0.36515000 0.07148923
0.36525000 0.07150475
0.36535000 0.07152027
0.36545000 0.07153578
0.36555000 0.07155130
0.36565000 0.07156682
0.36575000 0.07158233
0.36585000 0.07159785
0.36595000 0.07161336
0.36605000 0.07162887
0.36615000 0.07164439
0.36625000 0.07165990
0.36635000 0.07167541
0.36645000 0.07169092
0.36655000 0.07170642
0.36665000 0.07172193
0.36675000 0.07173744
0.36685000 0.07175294
0.36695000 0.07176845
0.36705000 0.07178395
0.36715000 0.07179945
0.36725000 0.07181495
0.36735000 0.07183045
0.36745000 0.07184595
0.36755000 0.07186145
0.36765000 0.07187695
0.36775000 0.07189245
0.36785000 0.07161627
0.36795000 0.07163182
0.36805000 0.07164736
0.36815000 0.07166290
0.36825000 0.07167844
0.36835000 0.07169398
0.36845000 0.07170952
0.36855000 0.07172506
0.36865000 0.07174060
0.36875000 0.07175613
0.36885000 0.07177167
0.36895000 0.07178720
0.36905000 0.07180274
0.36915000 0.07181827
0.36925000 0.07183380
0.36935000 0.07184933
0.36945000 0.07186486
0.36955000 0.07188039
0.36965000 0.07189592
0.36975000 0.07191144
0.36985000 0.07192697
0.36995000 0.07194249
0.37005000 0.07195802
0.37015000 0.07197354
0.37025000 0.07198906
0.37035000 0.07200458
0.37045000 0.07202010
0.37055000 0.07203562
0.37065000 0.07205114
0.37075000 0.07206666
0.37085000 0.07208217
0.37095000 0.07209769
0.37105000 0.07211320
0.37115000 0.07212871
0.37125000 0.07214423
0.37135000 0.07215974
0.37145000 0.07217525
0.37155000 0.07219076
0.37165000 0.07220627
0.37175000 0.07222177
0.37185000 0.07223728
0.37195000 0.07225279
0.37205000 0.07226829
0.37215000 0.07228379
0.37225000 0.07229930
0.37235000 0.07231480
0.37245000 0.07233030
0.37255000 0.07234580
0.37265000 0.07236130
0.37275000 0.07237680
0.37285000 0.07239229
0.37295000 0.07240779
0.37305000 0.07242329
0.37315000 0.07243878
0.37325000 0.07245427
0.37335000 0.07246977
0.37345000 0.07248526
0.37355000 0.07250075
0.37365000 0.07222586
0.37375000 0.07224139
0.37385000 0.07225693
0.37395000 0.07227247
0.37405000 0.07228800
0.37415000 0.07230353
0.37425000 0.07231907
0.37435000 0.07233460
0.37445000 0.07235013
0.37455000 0.07236566
0.37465000 0.07238118
0.37475000 0.07239671
0.37485000 0.07241224
0.37495000 0.07242776
0.37505000 0.07244329
0.37515000 0.07245881
0.37525000 0.07247434
0.37535000 0.07248986
0.37545000 0.07250538
0.37555000 0.07252090
0.37565000 0.07253642
0.37575000 0.07255193
0.37585000 0.07256745
0.37595000 0.07258297
0.37605000 0.07259848
0.37615000 0.07261400
0.37625000 0.07262951
0.37635000 0.07264502
0.37645000 0.07266053
0.37655000 0.07267604
0.37665000 0.07269155
0.37675000 0.07270706
0.37685000 0.07272257
0.37695000 0.07273807
0.37705000 0.07275358
0.37715000 0.07276908
0.37725000 0.07278459
0.37735000 0.07280009
0.37745000 0.07281559
0.37755000 0.07283109
0.37765000 0.07284659
0.37775000 0.07286209
0.37785000 0.07287759
0.37795000 0.07289308
0.37805000 0.07290858
0.37815000 0.07292407
0.37825000 0.07293957
0.37835000 0.07295506
0.37845000 0.07297055
0.37855000 0.07298604
0.37865000 0.07300153
0.37875000 0.07301702
0.37885000 0.07303251
0.37895000 0.07304800
0.37905000 0.07306348
0.37915000 0.07307897
0.37925000 0.07309445
0.37935000 0.07282080
0.37945000 0.07283633
0.37955000 0.07285186
0.37965000 0.07286738
0.37975000 0.07288291
0.37985000 0.07289844
0.37995000 0.07291396
0.38005000 0.07292949
0.38015000 0.07294501
0.38025000 0.07296053
0.38035000 0.07297606
0.38045000 0.07299158
0.38055000 0.07300710
0.38065000 0.07302261
0.38075000 0.07303813
0.38085000 0.07305365
0.38095000 0.07306916
0.38105000 0.07308468
0.38115000 0.07310019
0.38125000 0.07311571
0.38135000 0.07313122
0.38145000 0.07314673
0.38155000 0.07316224
0.38165000 0.07317775
0.38175000 0.07319325
0.38185000 0.07320876
0.38195000 0.07322427
0.38205000 0.07323977
0.38215000 0.07325528
0.38225000 0.07327078
0.38235000 0.07328628
0.38245000 0.07330178
0.38255000 0.07331728
0.38265000 0.07333278
0.38275000 0.07334828
0.38285000 0.07336378
0.38295000 0.07337927
0.38305000 0.07339477
0.38315000 0.07341026
0.38325000 0.07342576
0.38335000 0.07344125
0.38345000 0.07345674
0.38355000 0.07347223
0.38365000 0.07348772
0.38375000 0.07350321
0.38385000 0.07351870
0.38395000 0.07353418
0.38405000 0.07354967
0.38415000 0.07356515
0.38425000 0.07358064
0.38435000 0.07359612
0.38445000 0.07361160
0.38455000 0.07362708
0.38465000 0.07364256
0.38475000 0.07365804
0.38485000 0.07367352
0.38495000 0.07340105
0.38505000 0.07341657
0.38515000 0.07343210
0.38525000 0.07344762
0.38535000 0.07346314
0.38545000 0.07347866
0.38555000 0.07349418
0.38565000 0.07350969
0.38575000 0.07352521
0.38585000 0.07354073
0.38595000 0.07355624
0.38605000 0.07357175
0.38615000 0.07358727
0.38625000 0.07360278
0.38635000 0.07361829
0.38645000 0.07363380
0.38655000 0.07364931
0.38665000 0.07366482
0.38675000 0.07368032
0.38685000 0.07369583
0.38695000 0.07371133
0.38705000 0.07372684
0.38715000 0.07374234
0.38725000 0.07375784
0.38735000 0.07377334
0.38745000 0.07378884
0.38755000 0.07380434
0.38765000 0.07381984
0.38775000 0.07383534
0.38785000 0.07385083
0.38795000 0.07386633
0.38805000 0.07388182
0.38815000 0.07389731
0.38825000 0.07391280
0.38835000 0.07392830
0.38845000 0.07394379
0.38855000 0.07395927
0.38865000 0.07397476
0.38875000 0.07399025
0.38885000 0.07400574
0.38895000 0.07402122
0.38905000 0.07403670
0.38915000 0.07405219
0.38925000 0.07406767
0.38935000 0.07408315
0.38945000 0.07409863
0.38955000 0.07411411
0.38965000 0.07412959
0.38975000 0.07414507
0.38985000 0.07416054
0.38995000 0.07417602
0.39005000 0.07419149
0.39015000 0.07420697
0.39025000 0.07422244
0.39035000 0.07423791
0.39045000 0.07396659
0.39055000 0.07398210
0.39065000 0.07399762
0.39075000 0.07401313
0.39085000 0.07402865
0.39095000 0.07404416
0.39105000 0.07405967
0.39115000 0.07407518
0.39125000 0.07409069
0.39135000 0.07410620
0.39145000 0.07412171
0.39155000 0.07413721
0.39165000 0.07415272
0.39175000 0.07416822
0.39185000 0.07418373
0.39195000 0.07419923
0.39205000 0.07421473
0.39215000 0.07423023
0.39225000 0.07424573
0.39235000 0.07426123
0.39245000 0.07427673
0.39255000 0.07429223
0.39265000 0.07430772
0.39275000 0.07432322
0.39285000 0.07433871
0.39295000 0.07435420
0.39305000 0.07436969
0.39315000 0.07438518
0.39325000 0.07440067
0.39335000 0.07441616
0.39345000 0.07443165
0.39355000 0.07444714
0.39365000 0.07446262
0.39375000 0.07447811
0.39385000 0.07449359
0.39395000 0.07450907
0.39405000 0.07452456
0.39415000 0.07454004
0.39425000 0.07455552
0.39435000 0.07457099
0.39445000 0.07458647
0.39455000 0.07460195
0.39465000 0.07461742
0.39475000 0.07463290
0.39485000 0.07464837
0.39495000 0.07466385
0.39505000 0.07467932
0.39515000 0.07469479
0.39525000 0.07471026
0.39535000 0.07472573
0.39545000 0.07474120
0.39555000 0.07475666
0.39565000 0.07477213
0.39575000 0.07478759
0.39585000 0.07480306
0.39595000 0.07453288
0.39605000 0.07454839
0.39615000 0.07456390
0.39625000 0.07457941
0.39635000 0.07459491
0.39645000 0.07461042
0.39655000 0.07462592
0.39665000 0.07464142
0.39675000 0.07465692
0.39685000 0.07467242
0.39695000 0.07468792
0.39705000 0.07470342
0.39715000 0.07471892
0.39725000 0.07473442
0.39735000 0.07474991
0.39745000 0.07476541
0.39755000 0.07478090
0.39765000 0.07479639
0.39775000 0.07481188
0.39785000 0.07482737
0.39795000 0.07484286
0.39805000 0.07485835
0.39815000 0.07487384
0.39825000 0.07488933
0.39835000 0.07490481
0.39845000 0.07492030
0.39855000 0.07493578
0.39865000 0.07495126
0.39875000 0.07496674
0.39885000 0.07498222
0.39895000 0.07499770
0.39905000 0.07501318
0.39915000 0.07502866
0.39925000 0.07504414
0.39935000 0.07505961
0.39945000 0.07507509
0.39955000 0.07509056
0.39965000 0.07510603
0.39975000 0.07512150
0.39985000 0.07513697
0.39995000 0.07515244
0.40005000 0.07516791
0.40015000 0.07518338
0.40025000 0.07519884
0.40035000 0.07521431
0.40045000 0.07522977
0.40055000 0.07524524
0.40065000 0.07526070
0.40075000 0.07527616
0.40085000 0.07529162
0.40095000 0.07530708
0.40105000 0.07532254
0.40115000 0.07533800
0.40125000 0.07535345
0.40135000 0.07508438
0.40145000 0.07509988
0.40155000 0.07511538
0.40165000 0.07513088
0.40175000 0.07514638
0.40185000 0.07516188
0.40195000 0.07517737
0.40205000 0.07519287
0.40215000 0.07520836
0.40225000 0.07522385
0.40235000 0.07523935
0.40245000 0.07525484
0.40255000 0.07527033
0.40265000 0.07528581
0.40275000 0.07530130
0.40285000 0.07531679
0.40295000 0.07533227
0.40305000 0.07534776
0.40315000 0.07536324
0.40325000 0.07537872
0.40335000 0.07539421
0.40345000 0.07540969
0.40355000 0.07542516
0.40365000 0.07544064
0.40375000 0.07545612
0.40385000 0.07547160
0.40395000 0.07548707
0.40405000 0.07550255
0.40415000 0.07551802
0.40425000 0.07553349
0.40435000 0.07554896
0.40445000 0.07556443
0.40455000 0.07557990
0.40465000 0.07559537
0.40475000 0.07561084
0.40485000 0.07562630
0.40495000 0.07564177
0.40505000 0.07565723
0.40515000 0.07567270
0.40525000 0.07568816
0.40535000 0.07570362
0.40545000 0.07571908
0.40555000 0.07573454
0.40565000 0.07575000
0.40575000 0.07576545
0.40585000 0.07578091
0.40595000 0.07579636
0.40605000 0.07581182
0.40615000 0.07582727
0.40625000 0.07584272
0.40635000 0.07585817
0.40645000 0.07587362
0.40655000 0.07588907
0.40665000 0.07562106
0.40675000 0.07563656
0.40685000 0.07565205
0.40695000 0.07566754
0.40705000 0.07568303
0.40715000 0.07569852
0.40725000 0.07571401
0.40735000 0.07572949
0.40745000 0.07574498
0.40755000 0.07576046
0.40765000 0.07577595
0.40775000 0.07579143
0.40785000 0.07580691
0.40795000 0.07582239
0.40805000 0.07583787
0.40815000 0.07585335
0.40825000 0.07586883
0.40835000 0.07588431
0.40845000 0.07589978
0.40855000 0.07591525
0.40865000 0.07593073
0.40875000 0.07594620
0.40885000 0.07596167
0.40895000 0.07597714
0.40905000 0.07599261
0.40915000 0.07600808
0.40925000 0.07602355
0.40935000 0.07603901
0.40945000 0.07605448
0.40955000 0.07606994
0.40965000 0.07608541
0.40975000 0.07610087
0.40985000 0.07611633
0.40995000 0.07613179
0.41005000 0.07614725
0.41015000 0.07616271
0.41025000 0.07617816
0.41035000 0.07619362
0.41045000 0.07620907
0.41055000 0.07622453
0.41065000 0.07623998
0.41075000 0.07625543
0.41085000 0.07627088
0.41095000 0.07628633
0.41105000 0.07630178
0.41115000 0.07631723
0.41125000 0.07633268
0.41135000 0.07634812
0.41145000 0.07636357
0.41155000 0.07637901
0.41165000 0.07639445
0.41175000 0.07640989
0.41185000 0.07614290
0.41195000 0.07615839
0.41205000 0.07617387
0.41215000 0.07618936
0.41225000 0.07620484
0.41235000 0.07622032
0.41245000 0.07623580
0.41255000 0.07625128
0.41265000 0.07626676
0.41275000 0.07628223
0.41285000 0.07629771
0.41295000 0.07631318
0.41305000 0.07632866
0.41315000 0.07634413
0.41325000 0.07635960
0.41335000 0.07637507
0.41345000 0.07639054
0.41355000 0.07640601
0.41365000 0.07642148
0.41375000 0.07643695
0.41385000 0.07645241
0.41395000 0.07646788
0.41405000 0.07648334
0.41415000 0.07649880
0.41425000 0.07651426
0.41435000 0.07652972
0.41445000 0.07654518
0.41455000 0.07656064
0.41465000 0.07657610
0.41475000 0.07659155
0.41485000 0.07660701
0.41495000 0.07662246
0.41505000 0.07663792
0.41515000 0.07665337
0.41525000 0.07666882
0.41535000 0.07668427
0.41545000 0.07669972
0.41555000 0.07671517
0.41565000 0.07673061
0.41575000 0.07674606
0.41585000 0.07676150
0.41595000 0.07677695
0.41605000 0.07679239
0.41615000 0.07680783
0.41625000 0.07682327
0.41635000 0.07683871
0.41645000 0.07685415
0.41655000 0.07686959
0.41665000 0.07688502
0.41675000 0.07690046
0.41685000 0.07691589
0.41695000 0.07693133
0.41705000 0.07666536
0.41715000 0.07668084
0.41725000 0.07669631
0.41735000 0.07671179
0.41745000 0.07672726
0.41755000 0.07674273
0.41765000 0.07675820
0.41775000 0.07677367
0.41785000 0.07678914
0.41795000 0.07680461
0.41805000 0.07682008
0.41815000 0.07683554
0.41825000 0.07685101
0.41835000 0.07686647
0.41845000 0.07688194
0.41855000 0.07689740
0.41865000 0.07691286
0.41875000 0.07692832
0.41885000 0.07694378
0.41895000 0.07695924
0.41905000 0.07697469
0.41915000 0.07699015
0.41925000 0.07700560
0.41935000 0.07702106
0.41945000 0.07703651
0.41955000 0.07705196
0.41965000 0.07706741
0.41975000 0.07708286
0.41985000 0.07709831
0.41995000 0.07711375
0.42005000 0.07712920
0.42015000 0.07714465
0.42025000 0.07716009
0.42035000 0.07717553
0.42045000 0.07719097
0.42055000 0.07720642
0.42065000 0.07722186
0.42075000 0.07723729
0.42085000 0.07725273
0.42095000 0.07726817
0.42105000 0.07728360
0.42115000 0.07729904
0.42125000 0.07731447
0.42135000 0.07732991
0.42145000 0.07734534
0.42155000 0.07736077
0.42165000 0.07737620
0.42175000 0.07739162
0.42185000 0.07740705
0.42195000 0.07742248
0.42205000 0.07743790
0.42215000 0.07717292
0.42225000 0.07718839
0.42235000 0.07720385
0.42245000 0.07721932
0.42255000 0.07723479
0.42265000 0.07725025
0.42275000 0.07726571
0.42285000 0.07728117
0.42295000 0.07729663
0.42305000 0.07731209
0.42315000 0.07732755
0.42325000 0.07734301
0.42335000 0.07735847
0.42345000 0.07737392
0.42355000 0.07738938
0.42365000 0.07740483
0.42375000 0.07742028
0.42385000 0.07743573
0.42395000 0.07745118
0.42405000 0.07746663
0.42415000 0.07748208
0.42425000 0.07749753
0.42435000 0.07751297
0.42445000 0.07752842
0.42455000 0.07754386
0.42465000 0.07755930
0.42475000 0.07757475
0.42485000 0.07759019
0.42495000 0.07760563
0.42505000 0.07762106
0.42515000 0.07763650
0.42525000 0.07765194
0.42535000 0.07766737
0.42545000 0.07768281
0.42555000 0.07769824
0.42565000 0.07771367
0.42575000 0.07772910
0.42585000 0.07774453
0.42595000 0.07775996
0.42605000 0.07777539
0.42615000 0.07779082
0.42625000 0.07780624
0.42635000 0.07782167
0.42645000 0.07783709
0.42655000 0.07785251
0.42665000 0.07786794
0.42675000 0.07788336
0.42685000 0.07789878
0.42695000 0.07791419
0.42705000 0.07792961
0.42715000 0.07794503
0.42725000 0.07768103
0.42735000 0.07769649
0.42745000 0.07771194
0.42755000 0.07772740
0.42765000 0.07774286
0.42775000 0.07775831
0.42785000 0.07777376
0.42795000 0.07778922
0.42805000 0.07780467
0.42815000 0.07782012
0.42825000 0.07783557
0.42835000 0.07785102
0.42845000 0.07786646
0.42855000 0.07788191
0.42865000 0.07789735
0.42875000 0.07791280
0.42885000 0.07792824
0.42895000 0.07794368
0.42905000 0.07795912
0.42915000 0.07797456
0.42925000 0.07799000
0.42935000 0.07800544
0.42945000 0.07802088
0.42955000 0.07803631
0.42965000 0.07805174
0.42975000 0.07806718
0.42985000 0.07808261
0.42995000 0.07809804
0.43005000 0.07811347
0.43015000 0.07812890
0.43025000 0.07814433
0.43035000 0.07815975
0.43045000 0.07817518
0.43055000 0.07819060
0.43065000 0.07820603
0.43075000 0.07822145
0.43085000 0.07823687
0.43095000 0.07825229
0.43105000 0.07826771
0.43115000 0.07828313
0.43125000 0.07829855
0.43135000 0.07831396
0.43145000 0.07832938
0.43155000 0.07834479
0.43165000 0.07836020
0.43175000 0.07837561
0.43185000 0.07839103
0.43195000 0.07840643
0.43205000 0.07842184
0.43215000 0.07843725
0.43225000 0.07817420
0.43235000 0.07818965
0.43245000 0.07820509
0.43255000 0.07822054
0.43265000 0.07823599
0.43275000 0.07825143
0.43285000 0.07826688
0.43295000 0.07828232
0.43305000 0.07829776
0.43315000 0.07831321
0.43325000 0.07832865
0.43335000 0.07834408
0.43345000 0.07835952
0.43355000 0.07837496
0.43365000 0.07839039
0.43375000 0.07840583
0.43385000 0.07842126
0.43395000 0.07843670
0.43405000 0.07845213
0.43415000 0.07846756
0.43425000 0.07848299
0.43435000 0.07849841
0.43445000 0.07851384
0.43455000 0.07852927
0.43465000 0.07854469
0.43475000 0.07856012
0.43485000 0.07857554
0.43495000 0.07859096
0.43505000 0.07860638
0.43515000 0.07862180
0.43525000 0.07863722
0.43535000 0.07865264
0.43545000 0.07866805
0.43555000 0.07868347
0.43565000 0.07869888
0.43575000 0.07871429
0.43585000 0.07872971
0.43595000 0.07874512
0.43605000 0.07876053
0.43615000 0.07877593
0.43625000 0.07879134
0.43635000 0.07880675
0.43645000 0.07882215
0.43655000 0.07883756
0.43665000 0.07885296
0.43675000 0.07886836
0.43685000 0.07888376
0.43695000 0.07889916
0.43705000 0.07891456
0.43715000 0.07865241
0.43725000 0.07866785
0.43735000 0.07868329
0.43745000 0.07869873
0.43755000 0.07871417
0.43765000 0.07872961
0.43775000 0.07874504
0.43785000 0.07876048
0.43795000 0.07877591
0.43805000 0.07879134
0.43815000 0.07880677
0.43825000 0.07882220
0.43835000 0.07883763
0.43845000 0.07885306
0.43855000 0.07886849
0.43865000 0.07888391
0.43875000 0.07889934
0.43885000 0.07891476
0.43895000 0.07893018
0.43905000 0.07894561
0.43915000 0.07896103
0.43925000 0.07897644
0.43935000 0.07899186
0.43945000 0.07900728
0.43955000 0.07902270
0.43965000 0.07903811
0.43975000 0.07905352
0.43985000 0.07906894
0.43995000 0.07908435
0.44005000 0.07909976
0.44015000 0.07911517
0.44025000 0.07913058
0.44035000 0.07914598
0.44045000 0.07916139
0.44055000 0.07917679
0.44065000 0.07919220
0.44075000 0.07920760
0.44085000 0.07922300
0.44095000 0.07923840
0.44105000 0.07925380
0.44115000 0.07926920
0.44125000 0.07928460
0.44135000 0.07929999
0.44145000 0.07931539
0.44155000 0.07933078
0.44165000 0.07934617
0.44175000 0.07936157
0.44185000 0.07937696
0.44195000 0.07939235
0.44205000 0.07913110
0.44215000 0.07914654
0.44225000 0.07916197
0.44235000 0.07917740
0.44245000 0.07919282
0.44255000 0.07920825
0.44265000 0.07922368
0.44275000 0.07923910
0.44285000 0.07925452
0.44295000 0.07926995
0.44305000 0.07928537
0.44315000 0.07930079
0.44325000 0.07931621
0.44335000 0.07933163
0.44345000 0.07934704
0.44355000 0.07936246
0.44365000 0.07937787
0.44375000 0.07939329
0.44385000 0.07940870
0.44395000 0.07942411
0.44405000 0.07943952
0.44415000 0.07945493
0.44425000 0.07947034
0.44435000 0.07948575
0.44445000 0.07950115
0.44455000 0.07951656
0.44465000 0.07953196
0.44475000 0.07954736
0.44485000 0.07956277
0.44495000 0.07957817
0.44505000 0.07959356
0.44515000 0.07960896
0.44525000 0.07962436
0.44535000 0.07963976
0.44545000 0.07965515
0.44555000 0.07967054
0.44565000 0.07968594
0.44575000 0.07970133
0.44585000 0.07971672
0.44595000 0.07973211
0.44605000 0.07974750
0.44615000 0.07976288
0.44625000 0.07977827
0.44635000 0.07979366
0.44645000 0.07980904
0.44655000 0.07982442
0.44665000 0.07983980
0.44675000 0.07985518
0.44685000 0.07959481
0.44695000 0.07961023
0.44705000 0.07962565
0.44715000 0.07964107
0.44725000 0.07965649
0.44735000 0.07967191
0.44745000 0.07968733
0.44755000 0.07970274
0.44765000 0.07971816
0.44775000 0.07973357
0.44785000 0.07974898
0.44795000 0.07976439
0.44805000 0.07977980
0.44815000 0.07979521
0.44825000 0.07981062
0.44835000 0.07982603
0.44845000 0.07984143
0.44855000 0.07985684
0.44865000 0.07987224
0.44875000 0.07988764
0.44885000 0.07990304
0.44895000 0.07991844
0.44905000 0.07993384
0.44915000 0.07994924
0.44925000 0.07996463
0.44935000 0.07998003
0.44945000 0.07999542
0.44955000 0.08001082
0.44965000 0.08002621
0.44975000 0.08004160
0.44985000 0.08005699
0.44995000 0.08007238
0.45005000 0.08008776
0.45015000 0.08010315
0.45025000 0.08011854
0.45035000 0.08013392
0.45045000 0.08014930
0.45055000 0.08016469
0.45065000 0.08018007
0.45075000 0.08019545
0.45085000 0.08021082
0.45095000 0.08022620
0.45105000 0.08024158
0.45115000 0.08025695
0.45125000 0.08027233
0.45135000 0.08028770
0.45145000 0.08030307
0.45155000 0.08031844
0.45165000 0.08005894
0.45175000 0.08007436
0.45185000 0.08008977
0.45195000 0.08010518
0.45205000 0.08012058
0.45215000 0.08013599
0.45225000 0.08015140
0.45235000 0.08016680
0.45245000 0.08018221
0.45255000 0.08019761
0.45265000 0.08021301
0.45275000 0.08022841
0.45285000 0.08024381
0.45295000 0.08025921
0.45305000 0.08027461
0.45315000 0.08029001
0.45325000 0.08030540
0.45335000 0.08032079
0.45345000 0.08033619
0.45355000 0.08035158
0.45365000 0.08036697
0.45375000 0.08038236
0.45385000 0.08039775
0.45395000 0.08041314
0.45405000 0.08042852
0.45415000 0.08044391
0.45425000 0.08045929
0.45435000 0.08047467
0.45445000 0.08049005
0.45455000 0.08050543
0.45465000 0.08052081
0.45475000 0.08053619
0.45485000 0.08055157
0.45495000 0.08056695
0.45505000 0.08058232
0.45515000 0.08059769
0.45525000 0.08061307
0.45535000 0.08062844
0.45545000 0.08064381
0.45555000 0.08065918
0.45565000 0.08067455
0.45575000 0.08068991
0.45585000 0.08070528
0.45595000 0.08072064
0.45605000 0.08073601
0.45615000 0.08075137
0.45625000 0.08076673
0.45635000 0.08078209
0.45645000 0.08052347
0.45655000 0.08053887
0.45665000 0.08055427
0.45675000 0.08056967
0.45685000 0.08058507
0.45695000 0.08060046
0.45705000 0.08061586
0.45715000 0.08063125
0.45725000 0.08064665
0.45735000 0.08066204
0.45745000 0.08067743
0.45755000 0.08069282
0.45765000 0.08070821
0.45775000 0.08072360
0.45785000 0.08073898
0.45795000 0.08075437
0.45805000 0.08076975
0.45815000 0.08078513
0.45825000 0.08080052
0.45835000 0.08081590
0.45845000 0.08083128
0.45855000 0.08084665
0.45865000 0.08086203
0.45875000 0.08087741
0.45885000 0.08089278
0.45895000 0.08090816
0.45905000 0.08092353
0.45915000 0.08093890
0.45925000 0.08095427
0.45935000 0.08096964
0.45945000 0.08098501
0.45955000 0.08100038
0.45965000 0.08101574
0.45975000 0.08103111
0.45985000 0.08104647
0.45995000 0.08106183
0.46005000 0.08107719
0.46015000 0.08109256
0.46025000 0.08110791
0.46035000 0.08112327
0.46045000 0.08113863
0.46055000 0.08115398
0.46065000 0.08116934
0.46075000 0.08118469
0.46085000 0.08120004
0.46095000 0.08121540
0.46105000 0.08095757
0.46115000 0.08097296
0.46125000 0.08098835
0.46135000 0.08100374
0.46145000 0.08101913
0.46155000 0.08103452
0.46165000 0.08104990
0.46175000 0.08106529
0.46185000 0.08108067
0.46195000 0.08109606
0.46205000 0.08111144
0.46215000 0.08112682
0.46225000 0.08114220
0.46235000 0.08115758
0.46245000 0.08117295
0.46255000 0.08118833
0.46265000 0.08120370
0.46275000 0.08121908
0.46285000 0.08123445
0.46295000 0.08124982
0.46305000 0.08126519
0.46315000 0.08128056
0.46325000 0.08129593
0.46335000 0.08131129
0.46345000 0.08132666
0.46355000 0.08134202
0.46365000 0.08135739
0.46375000 0.08137275
0.46385000 0.08138811
0.46395000 0.08140347
0.46405000 0.08141883
0.46415000 0.08143419
0.46425000 0.08144954
0.46435000 0.08146490
0.46445000 0.08148025
0.46455000 0.08149560
0.46465000 0.08151096
0.46475000 0.08152631
0.46485000 0.08154166
0.46495000 0.08155700
0.46505000 0.08157235
0.46515000 0.08158770
0.46525000 0.08160304
0.46535000 0.08161839
0.46545000 0.08163373
0.46555000 0.08164907
0.46565000 0.08166441
0.46575000 0.08140743
0.46585000 0.08142281
0.46595000 0.08143819
0.46605000 0.08145356
0.46615000 0.08146894
0.46625000 0.08148432
0.46635000 0.08149969
0.46645000 0.08151507
0.46655000 0.08153044
0.46665000 0.08154581
0.46675000 0.08156118
0.46685000 0.08157655
0.46695000 0.08159192
0.46705000 0.08160729
0.46715000 0.08162265
0.46725000 0.08163802
0.46735000 0.08165338
0.46745000 0.08166874
0.46755000 0.08168410
0.46765000 0.08169946
0.46775000 0.08171482
0.46785000 0.08173018
0.46795000 0.08174554
0.46805000 0.08176089
0.46815000 0.08177625
0.46825000 0.08179160
0.46835000 0.08180695
0.46845000 0.08182230
0.46855000 0.08183765
0.46865000 0.08185300
0.46875000 0.08186835
0.46885000 0.08188369
0.46895000 0.08189904
0.46905000 0.08191438
0.46915000 0.08192972
0.46925000 0.08194506
0.46935000 0.08196040
0.46945000 0.08197574
0.46955000 0.08199108
0.46965000 0.08200642
0.46975000 0.08202175
0.46985000 0.08203709
0.46995000 0.08205242
0.47005000 0.08206775
0.47015000 0.08208309
0.47025000 0.08209841
0.47035000 0.08184223
0.47045000 0.08185760
0.47055000 0.08187297
0.47065000 0.08188834
0.47075000 0.08190371
0.47085000 0.08191907
0.47095000 0.08193444
0.47105000 0.08194980
0.47115000 0.08196516
0.47125000 0.08198052
0.47135000 0.08199588
0.47145000 0.08201124
0.47155000 0.08202660
0.47165000 0.08204195
0.47175000 0.08205731
0.47185000 0.08207266
0.47195000 0.08208802
0.47205000 0.08210337
0.47215000 0.08211872
0.47225000 0.08213407
0.47235000 0.08214941
0.47245000 0.08216476
0.47255000 0.08218011
0.47265000 0.08219545
0.47275000 0.08221079
0.47285000 0.08222614
0.47295000 0.08224148
0.47305000 0.08225682
0.47315000 0.08227216
0.47325000 0.08228749
0.47335000 0.08230283
0.47345000 0.08231816
0.47355000 0.08233350
0.47365000 0.08234883
0.47375000 0.08236416
0.47385000 0.08237949
0.47395000 0.08239482
0.47405000 0.08241015
0.47415000 0.08242548
0.47425000 0.08244080
0.47435000 0.08245613
0.47445000 0.08247145
0.47455000 0.08248677
0.47465000 0.08250209
0.47475000 0.08251741
0.47485000 0.08226200
0.47495000 0.08227736
0.47505000 0.08229272
0.47515000 0.08230807
0.47525000 0.08232343
0.47535000 0.08233879
0.47545000 0.08235414
0.47555000 0.08236949
0.47565000 0.08238484
0.47575000 0.08240019
0.47585000 0.08241554
0.47595000 0.08243089
0.47605000 0.08244624
0.47615000 0.08246158
0.47625000 0.08247693
0.47635000 0.08249227
0.47645000 0.08250762
0.47655000 0.08252296
0.47665000 0.08253830
0.47675000 0.08255363
0.47685000 0.08256897
0.47695000 0.08258431
0.47705000 0.08259964
0.47715000 0.08261498
0.47725000 0.08263031
0.47735000 0.08264564
0.47745000 0.08266097
0.47755000 0.08267630
0.47765000 0.08269163
0.47775000 0.08270696
0.47785000 0.08272228
0.47795000 0.08273761
0.47805000 0.08275293
0.47815000 0.08276825
0.47825000 0.08278357
0.47835000 0.08279889
0.47845000 0.08281421
0.47855000 0.08282953
0.47865000 0.08284485
0.47875000 0.08286016
0.47885000 0.08287547
0.47895000 0.08289079
0.47905000 0.08290610
0.47915000 0.08292141
0.47925000 0.08293672
0.47935000 0.08268207
0.47945000 0.08269742
0.47955000 0.08271277
0.47965000 0.08272812
0.47975000 0.08274346
0.47985000 0.08275881
0.47995000 0.08277415
0.48005000 0.08278949
0.48015000 0.08280483
0.48025000 0.08282017
0.48035000 0.08283551
0.48045000 0.08285085
0.48055000 0.08286618
0.48065000 0.08288152
0.48075000 0.08289685
0.48085000 0.08291218
0.48095000 0.08292752
0.48105000 0.08294285
0.48115000 0.08295817
0.48125000 0.08297350
0.48135000 0.08298883
0.48145000 0.08300415
0.48155000 0.08301948
0.48165000 0.08303480
0.48175000 0.08305012
0.48185000 0.08306544
0.48195000 0.08308076
0.48205000 0.08309608
0.48215000 0.08311140
0.48225000 0.08312671
0.48235000 0.08314203
0.48245000 0.08315734
0.48255000 0.08317265
0.48265000 0.08318796
0.48275000 0.08320327
0.48285000 0.08321858
0.48295000 0.08323389
0.48305000 0.08324920
0.48315000 0.08326450
0.48325000 0.08327980
0.48335000 0.08329511
0.48345000 0.08331041
0.48355000 0.08332571
0.48365000 0.08334101
0.48375000 0.08335631
0.48385000 0.08310243
0.48395000 0.08311777
0.48405000 0.08313311
0.48415000 0.08314844
0.48425000 0.08316378
0.48435000 0.08317911
0.48445000 0.08319444
0.48455000 0.08320977
0.48465000 0.08322510
0.48475000 0.08324043
0.48485000 0.08325575
0.48495000 0.08327108
0.48505000 0.08328640
0.48515000 0.08330173
0.48525000 0.08331705
0.48535000 0.08333237
0.48545000 0.08334769
0.48555000 0.08336301
0.48565000 0.08337833
0.48575000 0.08339364
0.48585000 0.08340896
0.48595000 0.08342427
0.48605000 0.08343958
0.48615000 0.08345489
0.48625000 0.08347020
0.48635000 0.08348551
0.48645000 0.08350082
0.48655000 0.08351613
0.48665000 0.08353143
0.48675000 0.08354673
0.48685000 0.08356204
0.48695000 0.08357734
0.48705000 0.08359264
0.48715000 0.08360794
0.48725000 0.08362324
0.48735000 0.08363853
0.48745000 0.08365383
0.48755000 0.08366912
0.48765000 0.08368442
0.48775000 0.08369971
0.48785000 0.08371500
0.48795000 0.08373029
0.48805000 0.08374558
0.48815000 0.08376086
0.48825000 0.08350773
0.48835000 0.08352305
0.48845000 0.08353838
0.48855000 0.08355370
0.48865000 0.08356903
0.48875000 0.08358435
0.48885000 0.08359967
0.48895000 0.08361499
0.48905000 0.08363031
0.48915000 0.08364562
0.48925000 0.08366094
0.48935000 0.08367625
0.48945000 0.08369157
0.48955000 0.08370688
0.48965000 0.08372219
0.48975000 0.08373750
0.48985000 0.08375281
0.48995000 0.08376811
0.49005000 0.08378342
0.49015000 0.08379872
0.49025000 0.08381403
0.49035000 0.08382933
0.49045000 0.08384463
0.49055000 0.08385993
0.49065000 0.08387523
0.49075000 0.08389053
0.49085000 0.08390582
0.49095000 0.08392112
0.49105000 0.08393641
0.49115000 0.08395171
0.49125000 0.08396700
0.49135000 0.08398229
0.49145000 0.08399758
0.49155000 0.08401286
0.49165000 0.08402815
0.49175000 0.08404344
0.49185000 0.08405872
0.49195000 0.08407400
0.49205000 0.08408928
0.49215000 0.08410457
0.49225000 0.08411984
0.49235000 0.08413512
0.49245000 0.08415040
0.49255000 0.08416568
0.49265000 0.08391328
0.49275000 0.08392859
0.49285000 0.08394391
0.49295000 0.08395922
0.49305000 0.08397453
0.49315000 0.08398984
0.49325000 0.08400515
0.49335000 0.08402046
0.49345000 0.08403576
0.49355000 0.08405107
0.49365000 0.08406637
0.49375000 0.08408168
0.49385000 0.08409698
0.49395000 0.08411228
0.49405000 0.08412758
0.49415000 0.08414288
0.49425000 0.08415817
0.49435000 0.08417347
0.49445000 0.08418876
0.49455000 0.08420405
0.49465000 0.08421935
0.49475000 0.08423464
0.49485000 0.08424993
0.49495000 0.08426521
0.49505000 0.08428050
0.49515000 0.08429579
0.49525000 0.08431107
0.49535000 0.08432635
0.49545000 0.08434164
0.49555000 0.08435692
0.49565000 0.08437220
0.49575000 0.08438747
0.49585000 0.08440275
0.49595000 0.08441803
0.49605000 0.08443330
0.49615000 0.08444858
0.49625000 0.08446385
0.49635000 0.08447912
0.49645000 0.08449439
0.49655000 0.08450966
0.49665000 0.08452492
0.49675000 0.08454019
0.49685000 0.08455546
0.49695000 0.08430376
0.49705000 0.08431907
0.49715000 0.08433437
0.49725000 0.08434967
0.49735000 0.08436497
0.49745000 0.08438027
0.49755000 0.08439557
0.49765000 0.08441086
0.49775000 0.08442616
0.49785000 0.08444145
0.49795000 0.08445675
0.49805000 0.08447204
0.49815000 0.08448733
0.49825000 0.08450262
0.49835000 0.08451791
0.49845000 0.08453319
0.49855000 0.08454848
0.49865000 0.08456376
0.49875000 0.08457905
0.49885000 0.08459433
0.49895000 0.08460961
0.49905000 0.08462489
0.49915000 0.08464016
0.49925000 0.08465544
0.49935000 0.08467072
0.49945000 0.08468599
0.49955000 0.08470126
0.49965000 0.08471654
0.49975000 0.08473181
0.49985000 0.08474708
0.49995000 0.08476234
0.50005000 0.08477761
0.50015000 0.08479288
0.50025000 0.08480814
0.50035000 0.08482341
0.50045000 0.08483867
0.50055000 0.08485393
0.50065000 0.08486919
0.50075000 0.08488445
0.50085000 0.08489970
0.50095000 0.08491496
0.50105000 0.08493021
0.50115000 0.08494547
0.50125000 0.08469448
0.50135000 0.08470977
0.50145000 0.08472506
0.50155000 0.08474035
0.50165000 0.08475564
0.50175000 0.08477093
0.50185000 0.08478622
0.50195000 0.08480150
0.50205000 0.08481679
0.50215000 0.08483207
0.50225000 0.08484735
0.50235000 0.08486263
0.50245000 0.08487791
0.50255000 0.08489318
0.50265000 0.08490846
0.50275000 0.08492374
0.50285000 0.08493901
0.50295000 0.08495428
0.50305000 0.08496955
0.50315000 0.08498482
0.50325000 0.08500009
0.50335000 0.08501536
0.50345000 0.08503063
0.50355000 0.08504589
0.50365000 0.08506115
0.50375000 0.08507642
0.50385000 0.08509168
0.50395000 0.08510694
0.50405000 0.08512220
0.50415000 0.08513745
0.50425000 0.08515271
0.50435000 0.08516797
0.50445000 0.08518322
0.50455000 0.08519847
0.50465000 0.08521372
0.50475000 0.08522897
0.50485000 0.08524422
0.50495000 0.08525947
0.50505000 0.08527472
0.50515000 0.08528996
0.50525000 0.08530521
0.50535000 0.08532045
0.50545000 0.08533569
0.50555000 0.08508541
0.50565000 0.08510069
0.50575000 0.08511597
0.50585000 0.08513125
0.50595000 0.08514653
0.50605000 0.08516180
0.50615000 0.08517708
0.50625000 0.08519235
0.50635000 0.08520762
0.50645000 0.08522289
0.50655000 0.08523816
0.50665000 0.08525343
0.50675000 0.08526869
0.50685000 0.08528396
0.50695000 0.08529922
0.50705000 0.08531448
0.50715000 0.08532975
0.50725000 0.08534501
0.50735000 0.08536026
0.50745000 0.08537552
0.50755000 0.08539078
0.50765000 0.08540603
0.50775000 0.08542129
0.50785000 0.08543654
0.50795000 0.08545179
0.50805000 0.08546704
0.50815000 0.08548229
0.50825000 0.08549754
0.50835000 0.08551278
0.50845000 0.08552803
0.50855000 0.08554327
0.50865000 0.08555852
0.50875000 0.08557376
0.50885000 0.08558900
0.50895000 0.08560424
0.50905000 0.08561947
0.50915000 0.08563471
0.50925000 0.08564994
0.50935000 0.08566518
0.50945000 0.08568041
0.50955000 0.08569564
0.50965000 0.08571087
0.50975000 0.08546127
0.50985000 0.08547654
0.50995000 0.08549181
0.51005000 0.08550707
0.51015000 0.08552234
0.51025000 0.08553760
0.51035000 0.08555286
0.51045000 0.08556812
0.51055000 0.08558338
0.51065000 0.08559864
0.51075000 0.08561390
0.51085000 0.08562916
0.51095000 0.08564441
0.51105000 0.08565966
0.51115000 0.08567492
0.51125000 0.08569017
0.51135000 0.08570542
0.51145000 0.08572066
0.51155000 0.08573591
0.51165000 0.08575116
0.51175000 0.08576640
0.51185000 0.08578164
0.51195000 0.08579689
0.51205000 0.08581213
0.51215000 0.08582737
0.51225000 0.08584261
0.51235000 0.08585784
0.51245000 0.08587308
0.51255000 0.08588831
0.51265000 0.08590355
0.51275000 0.08591878
0.51285000 0.08593401
0.51295000 0.08594924
0.51305000 0.08596447
0.51315000 0.08597969
0.51325000 0.08599492
0.51335000 0.08601014
0.51345000 0.08602537
0.51355000 0.08604059
0.51365000 0.08605581
0.51375000 0.08607103
0.51385000 0.08608625
0.51395000 0.08583732
0.51405000 0.08585258
0.51415000 0.08586783
0.51425000 0.08588309
0.51435000 0.08589834
0.51445000 0.08591359
0.51455000 0.08592884
0.51465000 0.08594409
0.51475000 0.08595934
0.51485000 0.08597458
0.51495000 0.08598983
0.51505000 0.08600507
0.51515000 0.08602032
0.51525000 0.08603556
0.51535000 0.08605080
0.51545000 0.08606604
0.51555000 0.08608127
0.51565000 0.08609651
0.51575000 0.08611174
0.51585000 0.08612698
0.51595000 0.08614221
0.51605000 0.08615744
0.51615000 0.08617267
0.51625000 0.08618790
0.51635000 0.08620313
0.51645000 0.08621835
0.51655000 0.08623358
0.51665000 0.08624880
0.51675000 0.08626402
0.51685000 0.08627924
0.51695000 0.08629446
0.51705000 0.08630968
0.51715000 0.08632490
0.51725000 0.08634011
0.51735000 0.08635533
0.51745000 0.08637054
0.51755000 0.08638575
0.51765000 0.08640096
0.51775000 0.08641617
0.51785000 0.08643138
0.51795000 0.08644659
0.51805000 0.08646179
0.51815000 0.08621355
0.51825000 0.08622879
0.51835000 0.08624404
0.51845000 0.08625928
0.51855000 0.08627452
0.51865000 0.08628976
0.51875000 0.08630499
0.51885000 0.08632023
0.51895000 0.08633546
0.51905000 0.08635070
0.51915000 0.08636593
0.51925000 0.08638116
0.51935000 0.08639639
0.51945000 0.08641162
0.51955000 0.08642685
0.51965000 0.08644207
0.51975000 0.08645730
0.51985000 0.08647252
0.51995000 0.08648774
0.52005000 0.08650296
0.52015000 0.08651818
0.52025000 0.08653340
0.52035000 0.08654862
0.52045000 0.08656383
0.52055000 0.08657905
0.52065000 0.08659426
0.52075000 0.08660947
0.52085000 0.08662468
0.52095000 0.08663989
0.52105000 0.08665510
0.52115000 0.08667030
0.52125000 0.08668551
0.52135000 0.08670071
0.52145000 0.08671592
0.52155000 0.08673112
0.52165000 0.08674632
0.52175000 0.08676152
0.52185000 0.08677671
0.52195000 0.08679191
0.52205000 0.08680711
0.52215000 0.08682230
0.52225000 0.08657470
0.52235000 0.08658993
0.52245000 0.08660516
0.52255000 0.08662039
0.52265000 0.08663562
0.52275000 0.08665085
0.52285000 0.08666607
0.52295000 0.08668130
0.52305000 0.08669652
0.52315000 0.08671174
0.52325000 0.08672696
0.52335000 0.08674218
0.52345000 0.08675740
0.52355000 0.08677261
0.52365000 0.08678783
0.52375000 0.08680304
0.52385000 0.08681825
0.52395000 0.08683347
0.52405000 0.08684868
0.52415000 0.08686388
0.52425000 0.08687909
0.52435000 0.08689430
0.52445000 0.08690950
0.52455000 0.08692471
0.52465000 0.08693991
0.52475000 0.08695511
0.52485000 0.08697031
0.52495000 0.08698551
0.52505000 0.08700070
0.52515000 0.08701590
0.52525000 0.08703109
0.52535000 0.08704629
0.52545000 0.08706148
0.52555000 0.08707667
0.52565000 0.08709186
0.52575000 0.08710704
0.52585000 0.08712223
0.52595000 0.08713742
0.52605000 0.08715260
0.52615000 0.08716778
0.52625000 0.08718296
0.52635000 0.08693602
0.52645000 0.08695124
0.52655000 0.08696645
0.52665000 0.08698167
0.52675000 0.08699688
0.52685000 0.08701210
0.52695000 0.08702731
0.52705000 0.08704252
0.52715000 0.08705773
0.52725000 0.08707294
0.52735000 0.08708815
0.52745000 0.08710336
0.52755000 0.08711856
0.52765000 0.08713376
0.52775000 0.08714897
0.52785000 0.08716417
0.52795000 0.08717937
0.52805000 0.08719457
0.52815000 0.08720976
0.52825000 0.08722496
0.52835000 0.08724015
0.52845000 0.08725535
0.52855000 0.08727054
0.52865000 0.08728573
0.52875000 0.08730092
0.52885000 0.08731611
0.52895000 0.08733129
0.52905000 0.08734648
0.52915000 0.08736166
0.52925000 0.08737684
0.52935000 0.08739203
0.52945000 0.08740721
0.52955000 0.08742239
0.52965000 0.08743756
0.52975000 0.08745274
0.52985000 0.08746791
0.52995000 0.08748309
0.53005000 0.08749826
0.53015000 0.08751343
0.53025000 0.08752860
0.53035000 0.08728227
0.53045000 0.08729747
0.53055000 0.08731268
0.53065000 0.08732788
0.53075000 0.08734309
0.53085000 0.08735829
0.53095000 0.08737349
0.53105000 0.08738869
0.53115000 0.08740389
0.53125000 0.08741909
0.53135000 0.08743428
0.53145000 0.08744948
0.53155000 0.08746467
0.53165000 0.08747986
0.53175000 0.08749505
0.53185000 0.08751024
0.53195000 0.08752543
0.53205000 0.08754061
0.53215000 0.08755580
0.53225000 0.08757098
0.53235000 0.08758617
0.53245000 0.08760135
0.53255000 0.08761653
0.53265000 0.08763171
0.53275000 0.08764688
0.53285000 0.08766206
0.53295000 0.08767723
0.53305000 0.08769241
0.53315000 0.08770758
0.53325000 0.08772275
0.53335000 0.08773792
0.53345000 0.08775309
0.53355000 0.08776825
0.53365000 0.08778342
0.53375000 0.08779858
0.53385000 0.08781375
0.53395000 0.08782891
0.53405000 0.08784407
0.53415000 0.08785923
0.53425000 0.08787439
0.53435000 0.08788954
0.53445000 0.08764386
0.53455000 0.08765906
0.53465000 0.08767425
0.53475000 0.08768944
0.53485000 0.08770463
0.53495000 0.08771982
0.53505000 0.08773501
0.53515000 0.08775019
0.53525000 0.08776538
0.53535000 0.08778056
0.53545000 0.08779574
0.53555000 0.08781092
0.53565000 0.08782610
0.53575000 0.08784128
0.53585000 0.08785646
0.53595000 0.08787163
0.53605000 0.08788681
0.53615000 0.08790198
0.53625000 0.08791715
0.53635000 0.08793232
0.53645000 0.08794749
0.53655000 0.08796266
0.53665000 0.08797782
0.53675000 0.08799299
0.53685000 0.08800815
0.53695000 0.08802331
0.53705000 0.08803847
0.53715000 0.08805363
0.53725000 0.08806879
0.53735000 0.08808395
0.53745000 0.08809910
0.53755000 0.08811426
0.53765000 0.08812941
0.53775000 0.08814456
0.53785000 0.08815971
0.53795000 0.08817486
0.53805000 0.08819001
0.53815000 0.08820516
0.53825000 0.08822030
0.53835000 0.08823545
0.53845000 0.08799039
0.53855000 0.08800557
0.53865000 0.08802075
0.53875000 0.08803593
0.53885000 0.08805110
0.53895000 0.08806628
0.53905000 0.08808145
0.53915000 0.08809663
0.53925000 0.08811180
0.53935000 0.08812697
0.53945000 0.08814214
0.53955000 0.08815730
0.53965000 0.08817247
0.53975000 0.08818764
0.53985000 0.08820280
0.53995000 0.08821796
0.54005000 0.08823312
0.54015000 0.08824828
0.54025000 0.08826344
0.54035000 0.08827860
0.54045000 0.08829375
0.54055000 0.08830891
0.54065000 0.08832406
0.54075000 0.08833921
0.54085000 0.08835436
0.54095000 0.08836951
0.54105000 0.08838466
0.54115000 0.08839981
0.54125000 0.08841495
0.54135000 0.08843010
0.54145000 0.08844524
0.54155000 0.08846038
0.54165000 0.08847552
0.54175000 0.08849066
0.54185000 0.08850580
0.54195000 0.08852093
0.54205000 0.08853607
0.54215000 0.08855120
0.54225000 0.08856633
0.54235000 0.08858146
0.54245000 0.08833703
0.54255000 0.08835219
0.54265000 0.08836736
0.54275000 0.08838253
0.54285000 0.08839769
0.54295000 0.08841285
0.54305000 0.08842801
0.54315000 0.08844317
0.54325000 0.08845833
0.54335000 0.08847349
0.54345000 0.08848864
0.54355000 0.08850380
0.54365000 0.08851895
0.54375000 0.08853410
0.54385000 0.08854925
0.54395000 0.08856440
0.54405000 0.08857955
0.54415000 0.08859470
0.54425000 0.08860984
0.54435000 0.08862498
0.54445000 0.08864013
0.54455000 0.08865527
0.54465000 0.08867041
0.54475000 0.08868555
0.54485000 0.08870068
0.54495000 0.08871582
0.54505000 0.08873095
0.54515000 0.08874609
0.54525000 0.08876122
0.54535000 0.08877635
0.54545000 0.08879148
0.54555000 0.08880660
0.54565000 0.08882173
0.54575000 0.08883686
0.54585000 0.08885198
0.54595000 0.08886710
0.54605000 0.08888222
0.54615000 0.08889734
0.54625000 0.08891246
0.54635000 0.08866861
0.54645000 0.08868377
0.54655000 0.08869892
0.54665000 0.08871407
0.54675000 0.08872923
0.54685000 0.08874438
0.54695000 0.08875952
0.54705000 0.08877467
0.54715000 0.08878982
0.54725000 0.08880496
0.54735000 0.08882010
0.54745000 0.08883525
0.54755000 0.08885039
0.54765000 0.08886553
0.54775000 0.08888066
0.54785000 0.08889580
0.54795000 0.08891093
0.54805000 0.08892607
0.54815000 0.08894120
0.54825000 0.08895633
0.54835000 0.08897146
0.54845000 0.08898659
0.54855000 0.08900172
0.54865000 0.08901684
0.54875000 0.08903197
0.54885000 0.08904709
0.54895000 0.08906221
0.54905000 0.08907733
0.54915000 0.08909245
0.54925000 0.08910757
0.54935000 0.08912268
0.54945000 0.08913780
0.54955000 0.08915291
0.54965000 0.08916802
0.54975000 0.08918313
0.54985000 0.08919824
0.54995000 0.08921335
0.55005000 0.08922846
0.55015000 0.08924356
0.55025000 0.08900031
0.55035000 0.08901545
0.55045000 0.08903059
0.55055000 0.08904573
0.55065000 0.08906087
0.55075000 0.08907601
0.55085000 0.08909114
0.55095000 0.08910628
0.55105000 0.08912141
0.55115000 0.08913654
0.55125000 0.08915167
0.55135000 0.08916680
0.55145000 0.08918193
0.55155000 0.08919705
0.55165000 0.08921218
0.55175000 0.08922730
0.55185000 0.08924242
0.55195000 0.08925754
0.55205000 0.08927266
0.55215000 0.08928778
0.55225000 0.08930290
0.55235000 0.08931801
0.55245000 0.08933313
0.55255000 0.08934824
0.55265000 0.08936335
0.55275000 0.08937846
0.55285000 0.08939357
0.55295000 0.08940867
0.55305000 0.08942378
0.55315000 0.08943888
0.55325000 0.08945399
0.55335000 0.08946909
0.55345000 0.08948419
0.55355000 0.08949929
0.55365000 0.08951439
0.55375000 0.08952948
0.55385000 0.08954458
0.55395000 0.08955967
0.55405000 0.08957476
0.55415000 0.08933210
0.55425000 0.08934723
0.55435000 0.08936236
0.55445000 0.08937748
0.55455000 0.08939261
0.55465000 0.08940773
0.55475000 0.08942285
0.55485000 0.08943797
0.55495000 0.08945309
0.55505000 0.08946821
0.55515000 0.08948333
0.55525000 0.08949844
0.55535000 0.08951356
0.55545000 0.08952867
0.55555000 0.08954378
0.55565000 0.08955889
0.55575000 0.08957400
0.55585000 0.08958911
0.55595000 0.08960421
0.55605000 0.08961932
0.55615000 0.08963442
0.55625000 0.08964952
0.55635000 0.08966462
0.55645000 0.08967972
0.55655000 0.08969482
0.55665000 0.08970991
0.55675000 0.08972501
0.55685000 0.08974010
0.55695000 0.08975519
0.55705000 0.08977028
0.55715000 0.08978537
0.55725000 0.08980046
0.55735000 0.08981555
0.55745000 0.08983063
0.55755000 0.08984572
0.55765000 0.08986080
0.55775000 0.08987588
0.55785000 0.08989096
0.55795000 0.08990604
0.55805000 0.08966397
0.55815000 0.08967909
0.55825000 0.08969420
0.55835000 0.08970931
0.55845000 0.08972443
0.55855000 0.08973954
0.55865000 0.08975464
0.55875000 0.08976975
0.55885000 0.08978486
0.55895000 0.08979996
0.55905000 0.08981506
0.55915000 0.08983016
0.55925000 0.08984526
0.55935000 0.08986036
0.55945000 0.08987546
0.55955000 0.08989055
0.55965000 0.08990565
0.55975000 0.08992074
0.55985000 0.08993583
0.55995000 0.08995092
0.56005000 0.08996601
0.56015000 0.08998110
0.56025000 0.08999618
0.56035000 0.09001127
0.56045000 0.09002635
0.56055000 0.09004143
0.56065000 0.09005652
0.56075000 0.09007159
0.56085000 0.09008667
0.56095000 0.09010175
0.56105000 0.09011682
0.56115000 0.09013190
0.56125000 0.09014697
0.56135000 0.09016204
0.56145000 0.09017711
0.56155000 0.09019218
0.56165000 0.09020724
0.56175000 0.09022231
0.56185000 0.08998081
0.56195000 0.08999591
0.56205000 0.09001101
0.56215000 0.09002611
0.56225000 0.09004121
0.56235000 0.09005631
0.56245000 0.09007140
0.56255000 0.09008649
0.56265000 0.09010159
0.56275000 0.09011668
0.56285000 0.09013177
0.56295000 0.09014686
0.56305000 0.09016194
0.56315000 0.09017703
0.56325000 0.09019211
0.56335000 0.09020719
0.56345000 0.09022227
0.56355000 0.09023735
0.56365000 0.09025243
0.56375000 0.09026751
0.56385000 0.09028259
0.56395000 0.09029766
0.56405000 0.09031273
0.56415000 0.09032780
0.56425000 0.09034287
0.56435000 0.09035794
0.56445000 0.09037301
0.56455000 0.09038808
0.56465000 0.09040314
0.56475000 0.09041820
0.56485000 0.09043326
0.56495000 0.09044833
0.56505000 0.09046338
0.56515000 0.09047844
0.56525000 0.09049350
0.56535000 0.09050855
0.56545000 0.09052361
0.56555000 0.09053866
0.56565000 0.09029772
0.56575000 0.09031281
0.56585000 0.09032790
0.56595000 0.09034299
0.56605000 0.09035807
0.56615000 0.09037315
0.56625000 0.09038823
0.56635000 0.09040331
0.56645000 0.09041839
0.56655000 0.09043347
0.56665000 0.09044855
0.56675000 0.09046362
0.56685000 0.09047869
0.56695000 0.09049377
0.56705000 0.09050884
0.56715000 0.09052390
0.56725000 0.09053897
0.56735000 0.09055404
0.56745000 0.09056910
0.56755000 0.09058417
0.56765000 0.09059923
0.56775000 0.09061429
0.56785000 0.09062935
0.56795000 0.09064441
0.56805000 0.09065946
0.56815000 0.09067452
0.56825000 0.09068957
0.56835000 0.09070462
0.56845000 0.09071967
0.56855000 0.09073472
0.56865000 0.09074977
0.56875000 0.09076482
0.56885000 0.09077986
0.56895000 0.09079491
0.56905000 0.09080995
0.56915000 0.09082499
0.56925000 0.09084003
0.56935000 0.09085507
0.56945000 0.09061470
0.56955000 0.09062978
0.56965000 0.09064485
0.56975000 0.09065992
0.56985000 0.09067499
0.56995000 0.09069006
0.57005000 0.09070513
0.57015000 0.09072020
0.57025000 0.09073526
0.57035000 0.09075032
0.57045000 0.09076539
0.57055000 0.09078045
0.57065000 0.09079550
0.57075000 0.09081056
0.57085000 0.09082562
0.57095000 0.09084067
0.57105000 0.09085573
0.57115000 0.09087078
0.57125000 0.09088583
0.57135000 0.09090088
0.57145000 0.09091593
0.57155000 0.09093097
0.57165000 0.09094602
0.57175000 0.09096106
0.57185000 0.09097610
0.57195000 0.09099114
0.57205000 0.09100618
0.57215000 0.09102122
0.57225000 0.09103626
0.57235000 0.09105129
0.57245000 0.09106633
0.57255000 0.09108136
0.57265000 0.09109639
0.57275000 0.09111142
0.57285000 0.09112645
0.57295000 0.09114147
0.57305000 0.09115650
0.57315000 0.09117152
0.57325000 0.09093173
0.57335000 0.09094679
0.57345000 0.09096185
0.57355000 0.09097691
0.57365000 0.09099196
0.57375000 0.09100702
0.57385000 0.09102207
0.57395000 0.09103712
0.57405000 0.09105217
0.57415000 0.09106722
0.57425000 0.09108227
0.57435000 0.09109732
0.57445000 0.09111236
0.57455000 0.09112740
0.57465000 0.09114245
0.57475000 0.09115749
0.57485000 0.09117252
0.57495000 0.09118756
0.57505000 0.09120260
0.57515000 0.09121763
0.57525000 0.09123267
0.57535000 0.09124770
0.57545000 0.09126273
0.57555000 0.09127776
0.57565000 0.09129278
0.57575000 0.09130781
0.57585000 0.09132284
0.57595000 0.09133786
0.57605000 0.09135288
0.57615000 0.09136790
0.57625000 0.09138292
0.57635000 0.09139794
0.57645000 0.09141295
0.57655000 0.09142797
0.57665000 0.09144298
0.57675000 0.09145799
0.57685000 0.09147301
0.57695000 0.09123375
0.57705000 0.09124880
0.57715000 0.09126384
0.57725000 0.09127889
0.57735000 0.09129393
0.57745000 0.09130897
0.57755000 0.09132401
0.57765000 0.09133905
0.57775000 0.09135409
0.57785000 0.09136912
0.57795000 0.09138415
0.57805000 0.09139919
0.57815000 0.09141422
0.57825000 0.09142925
0.57835000 0.09144428
0.57845000 0.09145930
0.57855000 0.09147433
0.57865000 0.09148935
0.57875000 0.09150437
0.57885000 0.09151940
0.57895000 0.09153441
0.57905000 0.09154943
0.57915000 0.09156445
0.57925000 0.09157947
0.57935000 0.09159448
0.57945000 0.09160949
0.57955000 0.09162450
0.57965000 0.09163951
0.57975000 0.09165452
0.57985000 0.09166953
0.57995000 0.09168453
0.58005000 0.09169954
0.58015000 0.09171454
0.58025000 0.09172954
0.58035000 0.09174454
0.58045000 0.09175954
0.58055000 0.09177454
0.58065000 0.09153582
0.58075000 0.09155086
0.58085000 0.09156589
0.58095000 0.09158092
0.58105000 0.09159595
0.58115000 0.09161097
0.58125000 0.09162600
0.58135000 0.09164102
0.58145000 0.09165605
0.58155000 0.09167107
0.58165000 0.09168609
0.58175000 0.09170111
0.58185000 0.09171612
0.58195000 0.09173114
0.58205000 0.09174615
0.58215000 0.09176116
0.58225000 0.09177618
0.58235000 0.09179119
0.58245000 0.09180619
0.58255000 0.09182120
0.58265000 0.09183621
0.58275000 0.09185121
0.58285000 0.09186621
0.58295000 0.09188122
0.58305000 0.09189622
0.58315000 0.09191121
0.58325000 0.09192621
0.58335000 0.09194121
0.58345000 0.09195620
0.58355000 0.09197119
0.58365000 0.09198618
0.58375000 0.09200117
0.58385000 0.09201616
0.58395000 0.09203115
0.58405000 0.09204614
0.58415000 0.09206112
0.58425000 0.09207610
0.58435000 0.09183793
0.58445000 0.09185295
0.58455000 0.09186797
0.58465000 0.09188298
0.58475000 0.09189800
0.58485000 0.09191301
0.58495000 0.09192802
0.58505000 0.09194303
0.58515000 0.09195804
0.58525000 0.09197305
0.58535000 0.09198805
0.58545000 0.09200306
0.58555000 0.09201806
0.58565000 0.09203306
0.58575000 0.09204806
0.58585000 0.09206306
0.58595000 0.09207806
0.58605000 0.09209305
0.58615000 0.09210805
0.58625000 0.09212304
0.58635000 0.09213803
0.58645000 0.09215302
0.58655000 0.09216801
0.58665000 0.09218299
0.58675000 0.09219798
0.58685000 0.09221296
0.58695000 0.09222795
0.58705000 0.09224293
0.58715000 0.09225791
0.58725000 0.09227289
0.58735000 0.09228786
0.58745000 0.09230284
0.58755000 0.09231781
0.58765000 0.09233278
0.58775000 0.09234775
0.58785000 0.09236272
0.58795000 0.09237769
0.58805000 0.09214007
0.58815000 0.09215507
0.58825000 0.09217008
0.58835000 0.09218508
0.58845000 0.09220008
0.58855000 0.09221508
0.58865000 0.09223007
0.58875000 0.09224507
0.58885000 0.09226006
0.58895000 0.09227505
0.58905000 0.09229004
0.58915000 0.09230503
0.58925000 0.09232002
0.58935000 0.09233501
0.58945000 0.09234999
0.58955000 0.09236498
0.58965000 0.09237996
0.58975000 0.09239494
0.58985000 0.09240992
0.58995000 0.09242489
0.59005000 0.09243987
0.59015000 0.09245485
0.59025000 0.09246982
0.59035000 0.09248479
0.59045000 0.09249976
0.59055000 0.09251473
0.59065000 0.09252970
0.59075000 0.09254466
0.59085000 0.09255963
0.59095000 0.09257459
0.59105000 0.09258955
0.59115000 0.09260451
0.59125000 0.09261947
0.59135000 0.09263443
0.59145000 0.09264939
0.59155000 0.09266434
0.59165000 0.09242723
0.59175000 0.09244222
0.59185000 0.09245721
0.59195000 0.09247220
0.59205000 0.09248718
0.59215000 0.09250217
0.59225000 0.09251715
0.59235000 0.09253213
0.59245000 0.09254711
0.59255000 0.09256209
0.59265000 0.09257707
0.59275000 0.09259204
0.59285000 0.09260702
0.59295000 0.09262199
0.59305000 0.09263696
0.59315000 0.09265193
0.59325000 0.09266690
0.59335000 0.09268187
0.59345000 0.09269683
0.59355000 0.09271179
0.59365000 0.09272676
0.59375000 0.09274172
0.59385000 0.09275668
0.59395000 0.09277164
0.59405000 0.09278659
0.59415000 0.09280155
0.59425000 0.09281650
0.59435000 0.09283145
0.59445000 0.09284640
0.59455000 0.09286135
0.59465000 0.09287630
0.59475000 0.09289125
0.59485000 0.09290619
0.59495000 0.09292114
0.59505000 0.09293608
0.59515000 0.09295102
0.59525000 0.09271442
0.59535000 0.09272940
0.59545000 0.09274437
0.59555000 0.09275935
0.59565000 0.09277432
0.59575000 0.09278929
0.59585000 0.09280426
0.59595000 0.09281923
0.59605000 0.09283419
0.59615000 0.09284916
0.59625000 0.09286412
0.59635000 0.09287908
0.59645000 0.09289404
0.59655000 0.09290900
0.59665000 0.09292395
0.59675000 0.09293891
0.59685000 0.09295386
0.59695000 0.09296882
0.59705000 0.09298377
0.59715000 0.09299872
0.59725000 0.09301367
0.59735000 0.09302861
0.59745000 0.09304356
0.59755000 0.09305850
0.59765000 0.09307344
0.59775000 0.09308838
0.59785000 0.09310332
0.59795000 0.09311826
0.59805000 0.09313320
0.59815000 0.09314813
0.59825000 0.09316307
0.59835000 0.09317800
0.59845000 0.09319293
0.59855000 0.09320786
0.59865000 0.09322279
0.59875000 0.09323771
0.59885000 0.09300164
0.59895000 0.09301660
0.59905000 0.09303156
0.59915000 0.09304652
0.59925000 0.09306147
0.59935000 0.09307643
0.59945000 0.09309138
0.59955000 0.09310634
0.59965000 0.09312129
0.59975000 0.09313624
0.59985000 0.09315118
0.59995000 0.09316613
0.60005000 0.09318108
0.60015000 0.09319602
0.60025000 0.09321096
0.60035000 0.09322590
0.60045000 0.09324084
0.60055000 0.09325578
0.60065000 0.09327072
0.60075000 0.09328565
0.60085000 0.09330059
0.60095000 0.09331552
0.60105000 0.09333045
0.60115000 0.09334538
0.60125000 0.09336030
0.60135000 0.09337523
0.60145000 0.09339016
0.60155000 0.09340508
0.60165000 0.09342000
0.60175000 0.09343492
0.60185000 0.09344984
0.60195000 0.09346476
0.60205000 0.09347967
0.60215000 0.09349459
0.60225000 0.09350950
0.60235000 0.09352441
0.60245000 0.09328886
0.60255000 0.09330380
0.60265000 0.09331875
0.60275000 0.09333369
0.60285000 0.09334863
0.60295000 0.09336358
0.60305000 0.09337851
0.60315000 0.09339345
0.60325000 0.09340839
0.60335000 0.09342332
0.60345000 0.09343826
0.60355000 0.09345319
0.60365000 0.09346812
0.60375000 0.09348305
0.60385000 0.09349797
0.60395000 0.09351290
0.60405000 0.09352782
0.60415000 0.09354275
0.60425000 0.09355767
0.60435000 0.09357259
0.60445000 0.09358751
0.60455000 0.09360242
0.60465000 0.09361734
0.60475000 0.09363225
0.60485000 0.09364717
0.60495000 0.09366208
0.60505000 0.09367699
0.60515000 0.09369189
0.60525000 0.09370680
0.60535000 0.09372171
0.60545000 0.09373661
0.60555000 0.09375151
0.60565000 0.09376641
0.60575000 0.09378131
0.60585000 0.09379621
0.60595000 0.09356114
0.60605000 0.09357607
0.60615000 0.09359101
0.60625000 0.09360594
0.60635000 0.09362086
0.60645000 0.09363579
0.60655000 0.09365072
0.60665000 0.09366564
0.60675000 0.09368056
0.60685000 0.09369548
0.60695000 0.09371040
0.60705000 0.09372532
0.60715000 0.09374024
0.60725000 0.09375515
0.60735000 0.09377006
0.60745000 0.09378498
0.60755000 0.09379989
0.60765000 0.09381480
0.60775000 0.09382970
0.60785000 0.09384461
0.60795000 0.09385951
0.60805000 0.09387442
0.60815000 0.09388932
0.60825000 0.09390422
0.60835000 0.09391912
0.60845000 0.09393401
0.60855000 0.09394891
0.60865000 0.09396380
0.60875000 0.09397870
0.60885000 0.09399359
0.60895000 0.09400848
0.60905000 0.09402336
0.60915000 0.09403825
0.60925000 0.09405314
0.60935000 0.09406802
0.60945000 0.09408290
0.60955000 0.09384836
0.60965000 0.09386328
0.60975000 0.09387819
0.60985000 0.09389311
0.60995000 0.09390802
0.61005000 0.09392293
0.61015000 0.09393784
0.61025000 0.09395275
0.61035000 0.09396766
0.61045000 0.09398256
0.61055000 0.09399746
0.61065000 0.09401237
0.61075000 0.09402727
0.61085000 0.09404217
0.61095000 0.09405706
0.61105000 0.09407196
0.61115000 0.09408685
0.61125000 0.09410175
0.61135000 0.09411664
0.61145000 0.09413153
0.61155000 0.09414642
0.61165000 0.09416130
0.61175000 0.09417619
0.61185000 0.09419107
0.61195000 0.09420596
0.61205000 0.09422084
0.61215000 0.09423572
0.61225000 0.09425059
0.61235000 0.09426547
0.61245000 0.09428035
0.61255000 0.09429522
0.61265000 0.09431009
0.61275000 0.09432496
0.61285000 0.09433983
0.61295000 0.09435470
0.61305000 0.09412065
0.61315000 0.09413555
0.61325000 0.09415046
0.61335000 0.09416536
0.61345000 0.09418025
0.61355000 0.09419515
0.61365000 0.09421004
0.61375000 0.09422494
0.61385000 0.09423983
0.61395000 0.09425472
0.61405000 0.09426961
0.61415000 0.09428450
0.61425000 0.09429938
0.61435000 0.09431427
0.61445000 0.09432915
0.61455000 0.09434403
0.61465000 0.09435891
0.61475000 0.09437379
0.61485000 0.09438867
0.61495000 0.09440354
0.61505000 0.09441841
0.61515000 0.09443329
0.61525000 0.09444816
0.61535000 0.09446303
0.61545000 0.09447789
0.61555000 0.09449276
0.61565000 0.09450763
0.61575000 0.09452249
0.61585000 0.09453735
0.61595000 0.09455221
0.61605000 0.09456707
0.61615000 0.09458193
0.61625000 0.09459678
0.61635000 0.09461164
0.61645000 0.09462649
0.61655000 0.09439294
0.61665000 0.09440783
0.61675000 0.09442271
0.61685000 0.09443760
0.61695000 0.09445248
0.61705000 0.09446736
0.61715000 0.09448224
0.61725000 0.09449712
0.61735000 0.09451200
0.61745000 0.09452687
0.61755000 0.09454174
0.61765000 0.09455662
0.61775000 0.09457149
0.61785000 0.09458636
0.61795000 0.09460122
0.61805000 0.09461609
0.61815000 0.09463096
0.61825000 0.09464582
0.61835000 0.09466068
0.61845000 0.09467554
0.61855000 0.09469040
0.61865000 0.09470526
0.61875000 0.09472011
0.61885000 0.09473497
0.61895000 0.09474982
0.61905000 0.09476467
0.61915000 0.09477952
0.61925000 0.09479437
0.61935000 0.09480921
0.61945000 0.09482406
0.61955000 0.09483890
0.61965000 0.09485374
0.61975000 0.09486859
0.61985000 0.09488342
0.61995000 0.09465033
0.62005000 0.09466521
0.62015000 0.09468008
0.62025000 0.09469495
0.62035000 0.09470982
0.62045000 0.09472469
0.62055000 0.09473955
0.62065000 0.09475442
0.62075000 0.09476928
0.62085000 0.09478414
0.62095000 0.09479900
0.62105000 0.09481386
0.62115000 0.09482872
0.62125000 0.09484357
0.62135000 0.09485843
0.62145000 0.09487328
0.62155000 0.09488813
0.62165000 0.09490298
0.62175000 0.09491783
0.62185000 0.09493267
0.62195000 0.09494752
0.62205000 0.09496236
0.62215000 0.09497720
0.62225000 0.09499204
0.62235000 0.09500688
0.62245000 0.09502172
0.62255000 0.09503655
0.62265000 0.09505139
0.62275000 0.09506622
0.62285000 0.09508105
0.62295000 0.09509588
0.62305000 0.09511071
0.62315000 0.09512554
0.62325000 0.09514036
0.62335000 0.09515518
0.62345000 0.09492260
0.62355000 0.09493745
0.62365000 0.09495231
0.62375000 0.09496716
0.62385000 0.09498202
0.62395000 0.09499687
0.62405000 0.09501172
0.62415000 0.09502657
0.62425000 0.09504142
0.62435000 0.09505626
0.62445000 0.09507111
0.62455000 0.09508595
0.62465000 0.09510079
0.62475000 0.09511563
0.62485000 0.09513047
0.62495000 0.09514530
0.62505000 0.09516014
0.62515000 0.09517497
0.62525000 0.09518980
0.62535000 0.09520463
0.62545000 0.09521946
0.62555000 0.09523429
0.62565000 0.09524912
0.62575000 0.09526394
0.62585000 0.09527876
0.62595000 0.09529358
0.62605000 0.09530840
0.62615000 0.09532322
0.62625000 0.09533804
0.62635000 0.09535285
0.62645000 0.09536767
0.62655000 0.09538248
0.62665000 0.09539729
0.62675000 0.09541210
0.62685000 0.09517998
0.62695000 0.09519482
0.62705000 0.09520966
0.62715000 0.09522450
0.62725000 0.09523934
0.62735000 0.09525418
0.62745000 0.09526901
0.62755000 0.09528385
0.62765000 0.09529868
0.62775000 0.09531351
0.62785000 0.09532834
0.62795000 0.09534317
0.62805000 0.09535800
0.62815000 0.09537282
0.62825000 0.09538764
0.62835000 0.09540247
0.62845000 0.09541729
0.62855000 0.09543210
0.62865000 0.09544692
0.62875000 0.09546174
0.62885000 0.09547655
0.62895000 0.09549136
0.62905000 0.09550618
0.62915000 0.09552098
0.62925000 0.09553579
0.62935000 0.09555060
0.62945000 0.09556540
0.62955000 0.09558021
0.62965000 0.09559501
0.62975000 0.09560981
0.62985000 0.09562461
0.62995000 0.09563941
0.63005000 0.09565420
0.63015000 0.09566899
0.63025000 0.09568379
0.63035000 0.09545217
0.63045000 0.09546700
0.63055000 0.09548182
0.63065000 0.09549665
0.63075000 0.09551147
0.63085000 0.09552629
0.63095000 0.09554111
0.63105000 0.09555593
0.63115000 0.09557074
0.63125000 0.09558556
0.63135000 0.09560037
0.63145000 0.09561518
0.63155000 0.09562999
0.63165000 0.09564480
0.63175000 0.09565961
0.63185000 0.09567441
0.63195000 0.09568922
0.63205000 0.09570402
0.63215000 0.09571882
0.63225000 0.09573362
0.63235000 0.09574842
0.63245000 0.09576321
0.63255000 0.09577801
0.63265000 0.09579280
0.63275000 0.09580759
0.63285000 0.09582238
0.63295000 0.09583717
0.63305000 0.09585196
0.63315000 0.09586674
0.63325000 0.09588152
0.63335000 0.09589631
0.63345000 0.09591109
0.63355000 0.09592587
0.63365000 0.09594064
0.63375000 0.09570950
0.63385000 0.09572431
0.63395000 0.09573912
0.63405000 0.09575393
0.63415000 0.09576874
0.63425000 0.09578354
0.63435000 0.09579835
0.63445000 0.09581315
0.63455000 0.09582795
0.63465000 0.09584275
0.63475000 0.09585755
0.63485000 0.09587234
0.63495000 0.09588714
0.63505000 0.09590193
0.63515000 0.09591672
0.63525000 0.09593151
0.63535000 0.09594630
0.63545000 0.09596109
0.63555000 0.09597587
0.63565000 0.09599065
0.63575000 0.09600544
0.63585000 0.09602022
0.63595000 0.09603500
0.63605000 0.09604977
0.63615000 0.09606455
0.63625000 0.09607932
0.63635000 0.09609410
0.63645000 0.09610887
0.63655000 0.09612364
0.63665000 0.09613841
0.63675000 0.09615317
0.63685000 0.09616794
0.63695000 0.09618270
0.63705000 0.09595200
0.63715000 0.09596679
0.63725000 0.09598159
0.63735000 0.09599638
0.63745000 0.09601118
0.63755000 0.09602597
0.63765000 0.09604076
0.63775000 0.09605555
0.63785000 0.09607033
0.63795000 0.09608512
0.63805000 0.09609990
0.63815000 0.09611468
0.63825000 0.09612946
0.63835000 0.09614424
0.63845000 0.09615902
0.63855000 0.09617380
0.63865000 0.09618857
0.63875000 0.09620334
0.63885000 0.09621811
0.63895000 0.09623288
0.63905000 0.09624765
0.63915000 0.09626242
0.63925000 0.09627718
0.63935000 0.09629194
0.63945000 0.09630671
0.63955000 0.09632147
0.63965000 0.09633623
0.63975000 0.09635098
0.63985000 0.09636574
0.63995000 0.09638049
0.64005000 0.09639524
0.64015000 0.09640999
0.64025000 0.09642474
0.64035000 0.09643949
0.64045000 0.09620926
0.64055000 0.09622404
0.64065000 0.09623882
0.64075000 0.09625360
0.64085000 0.09626838
0.64095000 0.09628316
0.64105000 0.09629793
0.64115000 0.09631270
0.64125000 0.09632747
0.64135000 0.09634224
0.64145000 0.09635701
0.64155000 0.09637177
0.64165000 0.09638654
0.64175000 0.09640130
0.64185000 0.09641606
0.64195000 0.09643082
0.64205000 0.09644558
0.64215000 0.09646034
0.64225000 0.09647509
0.64235000 0.09648985
0.64245000 0.09650460
0.64255000 0.09651935
0.64265000 0.09653410
0.64275000 0.09654884
0.64285000 0.09656359
0.64295000 0.09657833
0.64305000 0.09659308
0.64315000 0.09660782
0.64325000 0.09662255
0.64335000 0.09663729
0.64345000 0.09665203
0.64355000 0.09666676
0.64365000 0.09668150
0.64375000 0.09645171
0.64385000 0.09646648
0.64395000 0.09648124
0.64405000 0.09649601
0.64415000 0.09651077
0.64425000 0.09652553
0.64435000 0.09654029
0.64445000 0.09655505
0.64455000 0.09656980
0.64465000 0.09658456
0.64475000 0.09659931
0.64485000 0.09661406
0.64495000 0.09662881
0.64505000 0.09664356
0.64515000 0.09665831
0.64525000 0.09667305
0.64535000 0.09668779
0.64545000 0.09670254
0.64555000 0.09671728
0.64565000 0.09673201
0.64575000 0.09674675
0.64585000 0.09676149
0.64595000 0.09677622
0.64605000 0.09679095
0.64615000 0.09680568
0.64625000 0.09682041
0.64635000 0.09683514
0.64645000 0.09684986
0.64655000 0.09686459
0.64665000 0.09687931
0.64675000 0.09689403
0.64685000 0.09690875
0.64695000 0.09692347
0.64705000 0.09693819
0.64715000 0.09670888
0.64725000 0.09672363
0.64735000 0.09673838
0.64745000 0.09675313
0.64755000 0.09676788
0.64765000 0.09678262
0.64775000 0.09679736
0.64785000 0.09681210
0.64795000 0.09682684
0.64805000 0.09684158
0.64815000 0.09685632
0.64825000 0.09687105
0.64835000 0.09688578
0.64845000 0.09690051
0.64855000 0.09691524
0.64865000 0.09692997
0.64875000 0.09694470
0.64885000 0.09695942
0.64895000 0.09697415
0.64905000 0.09698887
0.64915000 0.09700359
0.64925000 0.09701831
0.64935000 0.09703302
0.64945000 0.09704774
0.64955000 0.09706245
0.64965000 0.09707716
0.64975000 0.09709188
0.64985000 0.09710658
0.64995000 0.09712129
0.65005000 0.09713600
0.65015000 0.09715070
0.65025000 0.09716540
0.65035000 0.09718011
0.65045000 0.09695125
0.65055000 0.09696599
0.65065000 0.09698072
0.65075000 0.09699545
0.65085000 0.09701018
0.65095000 0.09702491
0.65105000 0.09703964
0.65115000 0.09705436
0.65125000 0.09706909
0.65135000 0.09708381
0.65145000 0.09709853
0.65155000 0.09711325
0.65165000 0.09712797
0.65175000 0.09714268
0.65185000 0.09715739
0.65195000 0.09717211
0.65205000 0.09718682
0.65215000 0.09720153
0.65225000 0.09721624
0.65235000 0.09723094
0.65245000 0.09724565
0.65255000 0.09726035
0.65265000 0.09727505
0.65275000 0.09728975
0.65285000 0.09730445
0.65295000 0.09731914
0.65305000 0.09733384
0.65315000 0.09734853
0.65325000 0.09736323
0.65335000 0.09737792
0.65345000 0.09739260
0.65355000 0.09740729
0.65365000 0.09742198
0.65375000 0.09719357
0.65385000 0.09720829
0.65395000 0.09722301
0.65405000 0.09723773
0.65415000 0.09725244
0.65425000 0.09726715
0.65435000 0.09728186
0.65445000 0.09729657
0.65455000 0.09731128
0.65465000 0.09732599
0.65475000 0.09734069
0.65485000 0.09735540
0.65495000 0.09737010
0.65505000 0.09738480
0.65515000 0.09739950
0.65525000 0.09741419
0.65535000 0.09742889
0.65545000 0.09744358
0.65555000 0.09745827
0.65565000 0.09747296
0.65575000 0.09748765
0.65585000 0.09750234
0.65595000 0.09751702
0.65605000 0.09753171
0.65615000 0.09754639
0.65625000 0.09756107
0.65635000 0.09757575
0.65645000 0.09759043
0.65655000 0.09760510
0.65665000 0.09761978
0.65675000 0.09763445
0.65685000 0.09764912
0.65695000 0.09742114
0.65705000 0.09743584
0.65715000 0.09745055
0.65725000 0.09746525
0.65735000 0.09747995
0.65745000 0.09749464
0.65755000 0.09750934
0.65765000 0.09752404
0.65775000 0.09753873
0.65785000 0.09755342
0.65795000 0.09756811
0.65805000 0.09758280
0.65815000 0.09759749
0.65825000 0.09761217
0.65835000 0.09762686
0.65845000 0.09764154
0.65855000 0.09765622
0.65865000 0.09767090
0.65875000 0.09768558
0.65885000 0.09770025
0.65895000 0.09771492
0.65905000 0.09772960
0.65915000 0.09774427
0.65925000 0.09775894
0.65935000 0.09777361
0.65945000 0.09778827
0.65955000 0.09780294
0.65965000 0.09781760
0.65975000 0.09783226
0.65985000 0.09784692
0.65995000 0.09786158
0.66005000 0.09787623
0.66015000 0.09789089
0.66025000 0.09766336
0.66035000 0.09767805
0.66045000 0.09769273
0.66055000 0.09770742
0.66065000 0.09772210
0.66075000 0.09773678
0.66085000 0.09775147
0.66095000 0.09776614
0.66105000 0.09778082
0.66115000 0.09779550
0.66125000 0.09781017
0.66135000 0.09782484
0.66145000 0.09783951
0.66155000 0.09785418
0.66165000 0.09786885
0.66175000 0.09788351
0.66185000 0.09789818
0.66195000 0.09791284
0.66205000 0.09792750
0.66215000 0.09794216
0.66225000 0.09795682
0.66235000 0.09797147
0.66245000 0.09798613
0.66255000 0.09800078
0.66265000 0.09801543
0.66275000 0.09803008
0.66285000 0.09804473
0.66295000 0.09805938
0.66305000 0.09807402
0.66315000 0.09808866
0.66325000 0.09810330
0.66335000 0.09811794
0.66345000 0.09813258
0.66355000 0.09790551
0.66365000 0.09792018
0.66375000 0.09793485
0.66385000 0.09794952
0.66395000 0.09796419
0.66405000 0.09797885
0.66415000 0.09799352
0.66425000 0.09800818
0.66435000 0.09802284
0.66445000 0.09803750
0.66455000 0.09805215
0.66465000 0.09806681
0.66475000 0.09808146
0.66485000 0.09809612
0.66495000 0.09811077
0.66505000 0.09812541
0.66515000 0.09814006
0.66525000 0.09815471
0.66535000 0.09816935
0.66545000 0.09818399
0.66555000 0.09819863
0.66565000 0.09821327
0.66575000 0.09822791
0.66585000 0.09824255
0.66595000 0.09825718
0.66605000 0.09827181
0.66615000 0.09828644
0.66625000 0.09830107
0.66635000 0.09831570
0.66645000 0.09833033
0.66655000 0.09834495
0.66665000 0.09835957
0.66675000 0.09813293
0.66685000 0.09814759
0.66695000 0.09816224
0.66705000 0.09817689
0.66715000 0.09819154
0.66725000 0.09820619
0.66735000 0.09822084
0.66745000 0.09823549
0.66755000 0.09825013
0.66765000 0.09826478
0.66775000 0.09827942
0.66785000 0.09829406
0.66795000 0.09830870
0.66805000 0.09832333
0.66815000 0.09833797
0.66825000 0.09835260
0.66835000 0.09836723
0.66845000 0.09838186
0.66855000 0.09839649
0.66865000 0.09841112
0.66875000 0.09842574
0.66885000 0.09844037
0.66895000 0.09845499
0.66905000 0.09846961
0.66915000 0.09848423
0.66925000 0.09849884
0.66935000 0.09851346
0.66945000 0.09852807
0.66955000 0.09854268
0.66965000 0.09855730
0.66975000 0.09857190
0.66985000 0.09858651
0.66995000 0.09836029
0.67005000 0.09837493
0.67015000 0.09838957
0.67025000 0.09840421
0.67035000 0.09841885
0.67045000 0.09843348
0.67055000 0.09844811
0.67065000 0.09846274
0.67075000 0.09847737
0.67085000 0.09849200
0.67095000 0.09850662
0.67105000 0.09852125
0.67115000 0.09853587
0.67125000 0.09855049
0.67135000 0.09856511
0.67145000 0.09857973
0.67155000 0.09859434
0.67165000 0.09860896
0.67175000 0.09862357
0.67185000 0.09863818
0.67195000 0.09865279
0.67205000 0.09866740
0.67215000 0.09868200
0.67225000 0.09869661
0.67235000 0.09871121
0.67245000 0.09872581
0.67255000 0.09874041
0.67265000 0.09875501
0.67275000 0.09876961
0.67285000 0.09878420
0.67295000 0.09879879
0.67305000 0.09881338
0.67315000 0.09858760
0.67325000 0.09860222
0.67335000 0.09861684
0.67345000 0.09863146
0.67355000 0.09864608
0.67365000 0.09866070
0.67375000 0.09867532
0.67385000 0.09868993
0.67395000 0.09870455
0.67405000 0.09871916
0.67415000 0.09873377
0.67425000 0.09874837
0.67435000 0.09876298
0.67445000 0.09877759
0.67455000 0.09879219
0.67465000 0.09880679
0.67475000 0.09882139
0.67485000 0.09883599
0.67495000 0.09885058
0.67505000 0.09886518
0.67515000 0.09887977
0.67525000 0.09889436
0.67535000 0.09890895
0.67545000 0.09892354
0.67555000 0.09893813
0.67565000 0.09895271
0.67575000 0.09896730
0.67585000 0.09898188
0.67595000 0.09899646
0.67605000 0.09901104
0.67615000 0.09902561
0.67625000 0.09904019
0.67635000 0.09881483
0.67645000 0.09882944
0.67655000 0.09884405
0.67665000 0.09885865
0.67675000 0.09887325
0.67685000 0.09888785
0.67695000 0.09890245
0.67705000 0.09891705
0.67715000 0.09893165
0.67725000 0.09894624
0.67735000 0.09896084
0.67745000 0.09897543
0.67755000 0.09899002
0.67765000 0.09900461
0.67775000 0.09901919
0.67785000 0.09903378
0.67795000 0.09904836
0.67805000 0.09906294
0.67815000 0.09907752
0.67825000 0.09909210
0.67835000 0.09910668
0.67845000 0.09912125
0.67855000 0.09913583
0.67865000 0.09915040
0.67875000 0.09916497
0.67885000 0.09917954
0.67895000 0.09919410
0.67905000 0.09920867
0.67915000 0.09922323
0.67925000 0.09923779
0.67935000 0.09925235
0.67945000 0.09902740
0.67955000 0.09904199
0.67965000 0.09905658
0.67975000 0.09907117
0.67985000 0.09908576
0.67995000 0.09910035
0.68005000 0.09911493
0.68015000 0.09912951
0.68025000 0.09914410
0.68035000 0.09915868
0.68045000 0.09917325
0.68055000 0.09918783
0.68065000 0.09920240
0.68075000 0.09921698
0.68085000 0.09923155
0.68095000 0.09924612
0.68105000 0.09926069
0.68115000 0.09927525
0.68125000 0.09928982
0.68135000 0.09930438
0.68145000 0.09931894
0.68155000 0.09933350
0.68165000 0.09934806
0.68175000 0.09936262
0.68185000 0.09937717
0.68195000 0.09939173
0.68205000 0.09940628
0.68215000 0.09942083
0.68225000 0.09943538
0.68235000 0.09944992
0.68245000 0.09946447
0.68255000 0.09947901
0.68265000 0.09925449
0.68275000 0.09926907
0.68285000 0.09928364
0.68295000 0.09929821
0.68305000 0.09931278
0.68315000 0.09932735
0.68325000 0.09934192
0.68335000 0.09935649
0.68345000 0.09937105
0.68355000 0.09938562
0.68365000 0.09940018
0.68375000 0.09941474
0.68385000 0.09942929
0.68395000 0.09944385
0.68405000 0.09945841
0.68415000 0.09947296
0.68425000 0.09948751
0.68435000 0.09950206
0.68445000 0.09951661
0.68455000 0.09953115
0.68465000 0.09954570
0.68475000 0.09956024
0.68485000 0.09957478
0.68495000 0.09958932
0.68505000 0.09960386
0.68515000 0.09961839
0.68525000 0.09963293
0.68535000 0.09964746
0.68545000 0.09966199
0.68555000 0.09967652
0.68565000 0.09969105
0.68575000 0.09946693
0.68585000 0.09948149
0.68595000 0.09949605
0.68605000 0.09951061
0.68615000 0.09952516
0.68625000 0.09953972
0.68635000 0.09955427
0.68645000 0.09956882
0.68655000 0.09958337
0.68665000 0.09959792
0.68675000 0.09961246
0.68685000 0.09962701
0.68695000 0.09964155
0.68705000 0.09965609
0.68715000 0.09967063
0.68725000 0.09968517
0.68735000 0.09969970
0.68745000 0.09971424
0.68755000 0.09972877
0.68765000 0.09974330
0.68775000 0.09975783
0.68785000 0.09977235
0.68795000 0.09978688
0.68805000 0.09980140
0.68815000 0.09981593
0.68825000 0.09983045
0.68835000 0.09984497
0.68845000 0.09985948
0.68855000 0.09987400
0.68865000 0.09988851
0.68875000 0.09990302
0.68885000 0.09991753
0.68895000 0.09969385
0.68905000 0.09970840
0.68915000 0.09972294
0.68925000 0.09973748
0.68935000 0.09975202
0.68945000 0.09976655
0.68955000 0.09978109
0.68965000 0.09979562
0.68975000 0.09981015
0.68985000 0.09982468
0.68995000 0.09983921
0.69005000 0.09985374
0.69015000 0.09986826
0.69025000 0.09988278
0.69035000 0.09989731
0.69045000 0.09991183
0.69055000 0.09992634
0.69065000 0.09994086
0.69075000 0.09995537
0.69085000 0.09996989
0.69095000 0.09998440
0.69105000 0.09999891
0.69115000 0.10001342
0.69125000 0.10002792
0.69135000 0.10004243
0.69145000 0.10005693
0.69155000 0.10007143
0.69165000 0.10008593
0.69175000 0.10010043
0.69185000 0.10011492
0.69195000 0.10012942
0.69205000 0.09990615
0.69215000 0.09992067
0.69225000 0.09993520
0.69235000 0.09994972
0.69245000 0.09996424
0.69255000 0.09997876
0.69265000 0.09999328
0.69275000 0.10000780
0.69285000 0.10002231
0.69295000 0.10003683
0.69305000 0.10005134
0.69315000 0.10006585
0.69325000 0.10008036
0.69335000 0.10009487
0.69345000 0.10010937
0.69355000 0.10012387
0.69365000 0.10013838
0.69375000 0.10015288
0.69385000 0.10016737
0.69395000 0.10018187
0.69405000 0.10019637
0.69415000 0.10021086
0.69425000 0.10022535
0.69435000 0.10023984
0.69445000 0.10025433
0.69455000 0.10026882
0.69465000 0.10028330
0.69475000 0.10029778
0.69485000 0.10031226
0.69495000 0.10032674
0.69505000 0.10034122
0.69515000 0.10011836
0.69525000 0.10013287
0.69535000 0.10014738
0.69545000 0.10016189
0.69555000 0.10017639
0.69565000 0.10019090
0.69575000 0.10020540
0.69585000 0.10021990
0.69595000 0.10023440
0.69605000 0.10024889
0.69615000 0.10026339
0.69625000 0.10027788
0.69635000 0.10029238
0.69645000 0.10030687
0.69655000 0.10032135
0.69665000 0.10033584
0.69675000 0.10035033
0.69685000 0.10036481
0.69695000 0.10037929
0.69705000 0.10039377
0.69715000 0.10040825
0.69725000 0.10042273
0.69735000 0.10043720
0.69745000 0.10045168
0.69755000 0.10046615
0.69765000 0.10048062
0.69775000 0.10049509
0.69785000 0.10050955
0.69795000 0.10052402
0.69805000 0.10053848
0.69815000 0.10031599
0.69825000 0.10033049
0.69835000 0.10034498
0.69845000 0.10035948
0.69855000 0.10037397
0.69865000 0.10038846
0.69875000 0.10040294
0.69885000 0.10041743
0.69895000 0.10043191
0.69905000 0.10044639
0.69915000 0.10046087
0.69925000 0.10047535
0.69935000 0.10048983
0.69945000 0.10050430
0.69955000 0.10051878
0.69965000 0.10053325
0.69975000 0.10054772
0.69985000 0.10056219
0.69995000 0.10057666
0.70005000 0.10059112
0.70015000 0.10060558
0.70025000 0.10062005
0.70035000 0.10063451
0.70045000 0.10064896
0.70055000 0.10066342
0.70065000 0.10067787
0.70075000 0.10069233
0.70085000 0.10070678
0.70095000 0.10072123
0.70105000 0.10073568
0.70115000 0.10075012
0.70125000 0.10052805
0.70135000 0.10054253
0.70145000 0.10055701
0.70155000 0.10057148
0.70165000 0.10058596
0.70175000 0.10060043
0.70185000 0.10061490
0.70195000 0.10062937
0.70205000 0.10064383
0.70215000 0.10065830
0.70225000 0.10067276
0.70235000 0.10068722
0.70245000 0.10070168
0.70255000 0.10071614
0.70265000 0.10073060
0.70275000 0.10074505
0.70285000 0.10075950
0.70295000 0.10077396
0.70305000 0.10078841
0.70315000 0.10080285
0.70325000 0.10081730
0.70335000 0.10083174
0.70345000 0.10084619
0.70355000 0.10086063
0.70365000 0.10087507
0.70375000 0.10088951
0.70385000 0.10090394
0.70395000 0.10091838
0.70405000 0.10093281
0.70415000 0.10094724
0.70425000 0.10096167
0.70435000 0.10074001
0.70445000 0.10075447
0.70455000 0.10076893
0.70465000 0.10078339
0.70475000 0.10079785
0.70485000 0.10081230
0.70495000 0.10082675
0.70505000 0.10084120
0.70515000 0.10085565
0.70525000 0.10087010
0.70535000 0.10088455
0.70545000 0.10089899
0.70555000 0.10091343
0.70565000 0.10092788
0.70575000 0.10094231
0.70585000 0.10095675
0.70595000 0.10097119
0.70605000 0.10098562
0.70615000 0.10100005
0.70625000 0.10101448
0.70635000 0.10102891
0.70645000 0.10104334
0.70655000 0.10105777
0.70665000 0.10107219
0.70675000 0.10108661
0.70685000 0.10110103
0.70695000 0.10111545
0.70705000 0.10112987
0.70715000 0.10114428
0.70725000 0.10115870
0.70735000 0.10093742
0.70745000 0.10095187
0.70755000 0.10096631
0.70765000 0.10098075
0.70775000 0.10099519
0.70785000 0.10100963
0.70795000 0.10102407
0.70805000 0.10103850
0.70815000 0.10105294
0.70825000 0.10106737
0.70835000 0.10108180
0.70845000 0.10109623
0.70855000 0.10111066
0.70865000 0.10112508
0.70875000 0.10113950
0.70885000 0.10115393
0.70895000 0.10116835
0.70905000 0.10118276
0.70915000 0.10119718
0.70925000 0.10121159
0.70935000 0.10122601
0.70945000 0.10124042
0.70955000 0.10125483
0.70965000 0.10126924
0.70975000 0.10128364
0.70985000 0.10129805
0.70995000 0.10131245
0.71005000 0.10132685
0.71015000 0.10134125
0.71025000 0.10135565
0.71035000 0.10113476
0.71045000 0.10114919
0.71055000 0.10116361
0.71065000 0.10117804
0.71075000 0.10119246
0.71085000 0.10120689
0.71095000 0.10122131
0.71105000 0.10123573
0.71115000 0.10125014
0.71125000 0.10126456
0.71135000 0.10127897
0.71145000 0.10129339
0.71155000 0.10130780
0.71165000 0.10132221
0.71175000 0.10133661
0.71185000 0.10135102
0.71195000 0.10136542
0.71205000 0.10137982
0.71215000 0.10139422
0.71225000 0.10140862
0.71235000 0.10142302
0.71245000 0.10143741
0.71255000 0.10145181
0.71265000 0.10146620
0.71275000 0.10148059
0.71285000 0.10149498
0.71295000 0.10150936
0.71305000 0.10152375
0.71315000 0.10153813
0.71325000 0.10155251
0.71335000 0.10156689
0.71345000 0.10134642
0.71355000 0.10136083
0.71365000 0.10137524
0.71375000 0.10138965
0.71385000 0.10140406
0.71395000 0.10141846
0.71405000 0.10143287
0.71415000 0.10144727
0.71425000 0.10146167
0.71435000 0.10147606
0.71445000 0.10149046
0.71455000 0.10150485
0.71465000 0.10151925
0.71475000 0.10153364
0.71485000 0.10154803
0.71495000 0.10156241
0.71505000 0.10157680
0.71515000 0.10159118
0.71525000 0.10160556
0.71535000 0.10161995
0.71545000 0.10163432
0.71555000 0.10164870
0.71565000 0.10166308
0.71575000 0.10167745
0.71585000 0.10169182
0.71595000 0.10170619
0.71605000 0.10172056
0.71615000 0.10173492
0.71625000 0.10174929
0.71635000 0.10176365
0.71645000 0.10154357
0.71655000 0.10155797
0.71665000 0.10157236
0.71675000 0.10158675
0.71685000 0.10160114
0.71695000 0.10161553
0.71705000 0.10162992
0.71715000 0.10164430
0.71725000 0.10165868
0.71735000 0.10167306
0.71745000 0.10168744
0.71755000 0.10170182
0.71765000 0.10171620
0.71775000 0.10173057
0.71785000 0.10174494
0.71795000 0.10175931
0.71805000 0.10177368
0.71815000 0.10178805
0.71825000 0.10180241
0.71835000 0.10181678
0.71845000 0.10183114
0.71855000 0.10184550
0.71865000 0.10185986
0.71875000 0.10187421
0.71885000 0.10188857
0.71895000 0.10190292
0.71905000 0.10191727
0.71915000 0.10193162
0.71925000 0.10194597
0.71935000 0.10196032
0.71945000 0.10174063
0.71955000 0.10175501
0.71965000 0.10176938
0.71975000 0.10178376
0.71985000 0.10179813
0.71995000 0.10181250
0.72005000 0.10182687
0.72015000 0.10184124
0.72025000 0.10185560
0.72035000 0.10186997
0.72045000 0.10188433
0.72055000 0.10189869
0.72065000 0.10191305
0.72075000 0.10192741
0.72085000 0.10194176
0.72095000 0.10195612
0.72105000 0.10197047
0.72115000 0.10198482
0.72125000 0.10199917
0.72135000 0.10201351
0.72145000 0.10202786
0.72155000 0.10204220
0.72165000 0.10205654
0.72175000 0.10207088
0.72185000 0.10208522
0.72195000 0.10209955
0.72205000 0.10211389
0.72215000 0.10212822
0.72225000 0.10214255
0.72235000 0.10192322
0.72245000 0.10193758
0.72255000 0.10195195
0.72265000 0.10196630
0.72275000 0.10198066
0.72285000 0.10199502
0.72295000 0.10200937
0.72305000 0.10202372
0.72315000 0.10203807
0.72325000 0.10205242
0.72335000 0.10206677
0.72345000 0.10208112
0.72355000 0.10209546
0.72365000 0.10210980
0.72375000 0.10212414
0.72385000 0.10213848
0.72395000 0.10215281
0.72405000 0.10216715
0.72415000 0.10218148
0.72425000 0.10219581
0.72435000 0.10221014
0.72445000 0.10222447
0.72455000 0.10223880
0.72465000 0.10225312
0.72475000 0.10226744
0.72485000 0.10228176
0.72495000 0.10229608
0.72505000 0.10231040
0.72515000 0.10232471
0.72525000 0.10233903
0.72535000 0.10212009
0.72545000 0.10213444
0.72555000 0.10214878
0.72565000 0.10216312
0.72575000 0.10217746
0.72585000 0.10219180
0.72595000 0.10220614
0.72605000 0.10222047
0.72615000 0.10223480
0.72625000 0.10224914
0.72635000 0.10226347
0.72645000 0.10227779
0.72655000 0.10229212
0.72665000 0.10230644
0.72675000 0.10232077
0.72685000 0.10233509
0.72695000 0.10234940
0.72705000 0.10236372
0.72715000 0.10237804
0.72725000 0.10239235
0.72735000 0.10240666
0.72745000 0.10242097
0.72755000 0.10243528
0.72765000 0.10244959
0.72775000 0.10246389
0.72785000 0.10247820
0.72795000 0.10249250
0.72805000 0.10250680
0.72815000 0.10252109
0.72825000 0.10253539
0.72835000 0.10231685
0.72845000 0.10233118
0.72855000 0.10234550
0.72865000 0.10235983
0.72875000 0.10237415
0.72885000 0.10238847
0.72895000 0.10240279
0.72905000 0.10241711
0.72915000 0.10243142
0.72925000 0.10244574
0.72935000 0.10246005
0.72945000 0.10247436
0.72955000 0.10248867
0.72965000 0.10250297
0.72975000 0.10251728
0.72985000 0.10253158
0.72995000 0.10254588
0.73005000 0.10256018
0.73015000 0.10257448
0.73025000 0.10258877
0.73035000 0.10260307
0.73045000 0.10261736
0.73055000 0.10263165
0.73065000 0.10264594
0.73075000 0.10266023
0.73085000 0.10267451
0.73095000 0.10268879
0.73105000 0.10270308
0.73115000 0.10271736
0.73125000 0.10249918
0.73135000 0.10251349
0.73145000 0.10252780
0.73155000 0.10254211
0.73165000 0.10255642
0.73175000 0.10257072
0.73185000 0.10258502
0.73195000 0.10259932
0.73205000 0.10261362
0.73215000 0.10262792
0.73225000 0.10264222
0.73235000 0.10265651
0.73245000 0.10267080
0.73255000 0.10268509
0.73265000 0.10269938
0.73275000 0.10271367
0.73285000 0.10272795
0.73295000 0.10274224
0.73305000 0.10275652
0.73315000 0.10277080
0.73325000 0.10278507
0.73335000 0.10279935
0.73345000 0.10281362
0.73355000 0.10282790
0.73365000 0.10284217
0.73375000 0.10285644
0.73385000 0.10287070
0.73395000 0.10288497
0.73405000 0.10289923
0.73415000 0.10268142
0.73425000 0.10269572
0.73435000 0.10271001
0.73445000 0.10272430
0.73455000 0.10273859
0.73465000 0.10275288
0.73475000 0.10276717
0.73485000 0.10278145
0.73495000 0.10279573
0.73505000 0.10281002
0.73515000 0.10282430
0.73525000 0.10283857
0.73535000 0.10285285
0.73545000 0.10286712
0.73555000 0.10288139
0.73565000 0.10289566
0.73575000 0.10290993
0.73585000 0.10292420
0.73595000 0.10293846
0.73605000 0.10295273
0.73615000 0.10296699
0.73625000 0.10298125
0.73635000 0.10299551
0.73645000 0.10300976
0.73655000 0.10302402
0.73665000 0.10303827
0.73675000 0.10305252
0.73685000 0.10306677
0.73695000 0.10308102
0.73705000 0.10286357
0.73715000 0.10287785
0.73725000 0.10289213
0.73735000 0.10290640
0.73745000 0.10292068
0.73755000 0.10293495
0.73765000 0.10294922
0.73775000 0.10296349
0.73785000 0.10297775
0.73795000 0.10299202
0.73805000 0.10300628
0.73815000 0.10302054
0.73825000 0.10303480
0.73835000 0.10304906
0.73845000 0.10306331
0.73855000 0.10307757
0.73865000 0.10309182
0.73875000 0.10310607
0.73885000 0.10312032
0.73895000 0.10313456
0.73905000 0.10314881
0.73915000 0.10316305
0.73925000 0.10317729
0.73935000 0.10319153
0.73945000 0.10320577
0.73955000 0.10322000
0.73965000 0.10323424
0.73975000 0.10324847
0.73985000 0.10326270
0.73995000 0.10327693
0.74005000 0.10305989
0.74015000 0.10307415
0.74025000 0.10308841
0.74035000 0.10310266
0.74045000 0.10311692
0.74055000 0.10313117
0.74065000 0.10314542
0.74075000 0.10315967
0.74085000 0.10317392
0.74095000 0.10318816
0.74105000 0.10320241
0.74115000 0.10321665
0.74125000 0.10323089
0.74135000 0.10324513
0.74145000 0.10325936
0.74155000 0.10327360
0.74165000 0.10328783
0.74175000 0.10330206
0.74185000 0.10331629
0.74195000 0.10333052
0.74205000 0.10334475
0.74215000 0.10335897
0.74225000 0.10337319
0.74235000 0.10338741
0.74245000 0.10340163
0.74255000 0.10341585
0.74265000 0.10343006
0.74275000 0.10344428
0.74285000 0.10345849
0.74295000 0.10324182
0.74305000 0.10325606
0.74315000 0.10327030
0.74325000 0.10328454
0.74335000 0.10329878
0.74345000 0.10331302
0.74355000 0.10332725
0.74365000 0.10334148
0.74375000 0.10335571
0.74385000 0.10336994
0.74395000 0.10338417
0.74405000 0.10339839
0.74415000 0.10341262
0.74425000 0.10342684
0.74435000 0.10344106
0.74445000 0.10345527
0.74455000 0.10346949
0.74465000 0.10348370
0.74475000 0.10349792
0.74485000 0.10351213
0.74495000 0.10352634
0.74505000 0.10354054
0.74515000 0.10355475
0.74525000 0.10356895
0.74535000 0.10358315
0.74545000 0.10359735
0.74555000 0.10361155
0.74565000 0.10362575
0.74575000 0.10340942
0.74585000 0.10342364
0.74595000 0.10343787
0.74605000 0.10345209
0.74615000 0.10346632
0.74625000 0.10348054
0.74635000 0.10349475
0.74645000 0.10350897
0.74655000 0.10352319
0.74665000 0.10353740
0.74675000 0.10355161
0.74685000 0.10356582
0.74695000 0.10358003
0.74705000 0.10359423
0.74715000 0.10360844
0.74725000 0.10362264
0.74735000 0.10363684
0.74745000 0.10365104
0.74755000 0.10366523
0.74765000 0.10367943
0.74775000 0.10369362
0.74785000 0.10370781
0.74795000 0.10372200
0.74805000 0.10373619
0.74815000 0.10375038
0.74825000 0.10376456
0.74835000 0.10377874
0.74845000 0.10379292
0.74855000 0.10380710
0.74865000 0.10359115
0.74875000 0.10360536
0.74885000 0.10361956
0.74895000 0.10363377
0.74905000 0.10364797
0.74915000 0.10366218
0.74925000 0.10367638
0.74935000 0.10369058
0.74945000 0.10370477
0.74955000 0.10371897
0.74965000 0.10373316
0.74975000 0.10374735
0.74985000 0.10376154
0.74995000 0.10377573
0.75005000 0.10378992
0.75015000 0.10380410
0.75025000 0.10381829
0.75035000 0.10383247
0.75045000 0.10384665
0.75055000 0.10386082
0.75065000 0.10387500
0.75075000 0.10388917
0.75085000 0.10390334
0.75095000 0.10391751
0.75105000 0.10393168
0.75115000 0.10394585
0.75125000 0.10396001
0.75135000 0.10397418
0.75145000 0.10398834
0.75155000 0.10377276
0.75165000 0.10378695
0.75175000 0.10380114
0.75185000 0.10381533
0.75195000 0.10382951
0.75205000 0.10384370
0.75215000 0.10385788
0.75225000 0.10387206
0.75235000 0.10388624
0.75245000 0.10390042
0.75255000 0.10391460
0.75265000 0.10392877
0.75275000 0.10394294
0.75285000 0.10395711
0.75295000 0.10397128
0.75305000 0.10398545
0.75315000 0.10399961
0.75325000 0.10401377
0.75335000 0.10402794
0.75345000 0.10404209
0.75355000 0.10405625
0.75365000 0.10407041
0.75375000 0.10408456
0.75385000 0.10409871
0.75395000 0.10411286
0.75405000 0.10412701
0.75415000 0.10414116
0.75425000 0.10415530
0.75435000 0.10394007
0.75445000 0.10395424
0.75455000 0.10396842
0.75465000 0.10398259
0.75475000 0.10399676
0.75485000 0.10401093
0.75495000 0.10402510
0.75505000 0.10403926
0.75515000 0.10405342
0.75525000 0.10406759
0.75535000 0.10408174
0.75545000 0.10409590
0.75555000 0.10411006
0.75565000 0.10412421
0.75575000 0.10413836
0.75585000 0.10415251
0.75595000 0.10416666
0.75605000 0.10418081
0.75615000 0.10419495
0.75625000 0.10420910
0.75635000 0.10422324
0.75645000 0.10423738
0.75655000 0.10425152
0.75665000 0.10426565
0.75675000 0.10427978
0.75685000 0.10429392
0.75695000 0.10430805
0.75705000 0.10432218
0.75715000 0.10433630
0.75725000 0.10412145
0.75735000 0.10413560
0.75745000 0.10414976
0.75755000 0.10416391
0.75765000 0.10417807
0.75775000 0.10419222
0.75785000 0.10420636
0.75795000 0.10422051
0.75805000 0.10423466
0.75815000 0.10424880
0.75825000 0.10426294
0.75835000 0.10427708
0.75845000 0.10429122
0.75855000 0.10430535
0.75865000 0.10431949
0.75875000 0.10433362
0.75885000 0.10434775
0.75895000 0.10436188
0.75905000 0.10437600
0.75915000 0.10439013
0.75925000 0.10440425
0.75935000 0.10441837
0.75945000 0.10443249
0.75955000 0.10444661
0.75965000 0.10446072
0.75975000 0.10447484
0.75985000 0.10448895
0.75995000 0.10450306
0.76005000 0.10428855
0.76015000 0.10430269
0.76025000 0.10431683
0.76035000 0.10433097
0.76045000 0.10434510
0.76055000 0.10435924
0.76065000 0.10437337
0.76075000 0.10438750
0.76085000 0.10440163
0.76095000 0.10441575
0.76105000 0.10442988
0.76115000 0.10444400
0.76125000 0.10445812
0.76135000 0.10447224
0.76145000 0.10448636
0.76155000 0.10450047
0.76165000 0.10451458
0.76175000 0.10452870
0.76185000 0.10454281
0.76195000 0.10455691
0.76205000 0.10457102
0.76215000 0.10458512
0.76225000 0.10459923
0.76235000 0.10461333
0.76245000 0.10462742
0.76255000 0.10464152
0.76265000 0.10465562
0.76275000 0.10466971
0.76285000 0.10445555
0.76295000 0.10446967
0.76305000 0.10448380
0.76315000 0.10449792
0.76325000 0.10451204
0.76335000 0.10452615
0.76345000 0.10454027
0.76355000 0.10455438
0.76365000 0.10456849
0.76375000 0.10458260
0.76385000 0.10459671
0.76395000 0.10461081
0.76405000 0.10462492
0.76415000 0.10463902
0.76425000 0.10465312
0.76435000 0.10466722
0.76445000 0.10468131
0.76455000 0.10469541
0.76465000 0.10470950
0.76475000 0.10472359
0.76485000 0.10473768
0.76495000 0.10475177
0.76505000 0.10476585
0.76515000 0.10477994
0.76525000 0.10479402
0.76535000 0.10480810
0.76545000 0.10482218
0.76555000 0.10483625
0.76565000 0.10462244
0.76575000 0.10463655
0.76585000 0.10465066
0.76595000 0.10466476
0.76605000 0.10467886
0.76615000 0.10469296
0.76625000 0.10470706
0.76635000 0.10472115
0.76645000 0.10473525
0.76655000 0.10474934
0.76665000 0.10476343
0.76675000 0.10477752
0.76685000 0.10479161
0.76695000 0.10480569
0.76705000 0.10481977
0.76715000 0.10483385
0.76725000 0.10484793
0.76735000 0.10486201
0.76745000 0.10487609
0.76755000 0.10489016
0.76765000 0.10490423
0.76775000 0.10491830
0.76785000 0.10493237
0.76795000 0.10494644
0.76805000 0.10496050
0.76815000 0.10497456
0.76825000 0.10498862
0.76835000 0.10500268
0.76845000 0.10478923
0.76855000 0.10480332
0.76865000 0.10481740
0.76875000 0.10483149
0.76885000 0.10484557
0.76895000 0.10485966
0.76905000 0.10487374
0.76915000 0.10488782
0.76925000 0.10490189
0.76935000 0.10491597
0.76945000 0.10493004
0.76955000 0.10494411
0.76965000 0.10495818
0.76975000 0.10497225
0.76985000 0.10498631
0.76995000 0.10500038
0.77005000 0.10501444
0.77015000 0.10502850
0.77025000 0.10504256
0.77035000 0.10505661
0.77045000 0.10507067
0.77055000 0.10508472
0.77065000 0.10509877
0.77075000 0.10511282
0.77085000 0.10512687
0.77095000 0.10514091
0.77105000 0.10515495
0.77115000 0.10516899
0.77125000 0.10495589
0.77135000 0.10496996
0.77145000 0.10498403
0.77155000 0.10499810
0.77165000 0.10501217
0.77175000 0.10502623
0.77185000 0.10504030
0.77195000 0.10505436
0.77205000 0.10506842
0.77215000 0.10508247
0.77225000 0.10509653
0.77235000 0.10511058
0.77245000 0.10512464
0.77255000 0.10513869
0.77265000 0.10515273
0.77275000 0.10516678
0.77285000 0.10518082
0.77295000 0.10519487
0.77305000 0.10520891
0.77315000 0.10522294
0.77325000 0.10523698
0.77335000 0.10525102
0.77345000 0.10526505
0.77355000 0.10527908
0.77365000 0.10529311
0.77375000 0.10530714
0.77385000 0.10532116
0.77395000 0.10533519
0.77405000 0.10512244
0.77415000 0.10513649
0.77425000 0.10515055
0.77435000 0.10516460
0.77445000 0.10517864
0.77455000 0.10519269
0.77465000 0.10520674
0.77475000 0.10522078
0.77485000 0.10523482
0.77495000 0.10524886
0.77505000 0.10526290
0.77515000 0.10527693
0.77525000 0.10529097
0.77535000 0.10530500
0.77545000 0.10531903
0.77555000 0.10533306
0.77565000 0.10534708
0.77575000 0.10536111
0.77585000 0.10537513
0.77595000 0.10538915
0.77605000 0.10540317
0.77615000 0.10541719
0.77625000 0.10543120
0.77635000 0.10544522
0.77645000 0.10545923
0.77655000 0.10547324
0.77665000 0.10548724
0.77675000 0.10550125
0.77685000 0.10528886
0.77695000 0.10530290
0.77705000 0.10531693
0.77715000 0.10533096
0.77725000 0.10534499
0.77735000 0.10535902
0.77745000 0.10537305
0.77755000 0.10538708
0.77765000 0.10540110
0.77775000 0.10541512
0.77785000 0.10542914
0.77795000 0.10544316
0.77805000 0.10545717
0.77815000 0.10547119
0.77825000 0.10548520
0.77835000 0.10549921
0.77845000 0.10551322
0.77855000 0.10552722
0.77865000 0.10554123
0.77875000 0.10555523
0.77885000 0.10556923
0.77895000 0.10558323
0.77905000 0.10559723
0.77915000 0.10561122
0.77925000 0.10562522
0.77935000 0.10563921
0.77945000 0.10565320
0.77955000 0.10544113
0.77965000 0.10545515
0.77975000 0.10546917
0.77985000 0.10548319
0.77995000 0.10549720
0.78005000 0.10551121
0.78015000 0.10552522
0.78025000 0.10553923
0.78035000 0.10555324
0.78045000 0.10556724
0.78055000 0.10558125
0.78065000 0.10559525
0.78075000 0.10560925
0.78085000 0.10562325
0.78095000 0.10563724
0.78105000 0.10565124
0.78115000 0.10566523
0.78125000 0.10567922
0.78135000 0.10569321
0.78145000 0.10570719
0.78155000 0.10572118
0.78165000 0.10573516
0.78175000 0.10574914
0.78185000 0.10576312
0.78195000 0.10577709
0.78205000 0.10579107
0.78215000 0.10580504
0.78225000 0.10581901
0.78235000 0.10560731
0.78245000 0.10562131
0.78255000 0.10563531
0.78265000 0.10564931
0.78275000 0.10566330
0.78285000 0.10567730
0.78295000 0.10569129
0.78305000 0.10570528
0.78315000 0.10571927
0.78325000 0.10573326
0.78335000 0.10574724
0.78345000 0.10576122
0.78355000 0.10577520
0.78365000 0.10578918
0.78375000 0.10580316
0.78385000 0.10581714
0.78395000 0.10583111
0.78405000 0.10584508
0.78415000 0.10585905
0.78425000 0.10587302
0.78435000 0.10588698
0.78445000 0.10590095
0.78455000 0.10591491
0.78465000 0.10592887
0.78475000 0.10594283
0.78485000 0.10595678
0.78495000 0.10597074
0.78505000 0.10575936
0.78515000 0.10577335
0.78525000 0.10578733
0.78535000 0.10580131
0.78545000 0.10581529
0.78555000 0.10582927
0.78565000 0.10584324
0.78575000 0.10585722
0.78585000 0.10587119
0.78595000 0.10588516
0.78605000 0.10589913
0.78615000 0.10591309
0.78625000 0.10592706
0.78635000 0.10594102
0.78645000 0.10595498
0.78655000 0.10596894
0.78665000 0.10598289
0.78675000 0.10599685
0.78685000 0.10601080
0.78695000 0.10602475
0.78705000 0.10603870
0.78715000 0.10605265
0.78725000 0.10606659
0.78735000 0.10608054
0.78745000 0.10609448
0.78755000 0.10610842
0.78765000 0.10612235
0.78775000 0.10591131
0.78785000 0.10592528
0.78795000 0.10593924
0.78805000 0.10595321
0.78815000 0.10596717
0.78825000 0.10598113
0.78835000 0.10599509
0.78845000 0.10600904
0.78855000 0.10602300
0.78865000 0.10603695
0.78875000 0.10605090
0.78885000 0.10606485
0.78895000 0.10607880
0.78905000 0.10609274
0.78915000 0.10610669
0.78925000 0.10612063
0.78935000 0.10613457
0.78945000 0.10614851
0.78955000 0.10616244
0.78965000 0.10617638
0.78975000 0.10619031
0.78985000 0.10620424
0.78995000 0.10621817
0.79005000 0.10623209
0.79015000 0.10624602
0.79025000 0.10625994
0.79035000 0.10627386
0.79045000 0.10628778
0.79055000 0.10607710
0.79065000 0.10609104
0.79075000 0.10610499
0.79085000 0.10611894
0.79095000 0.10613288
0.79105000 0.10614682
0.79115000 0.10616076
0.79125000 0.10617470
0.79135000 0.10618863
0.79145000 0.10620257
0.79155000 0.10621650
0.79165000 0.10623043
0.79175000 0.10624436
0.79185000 0.10625828
0.79195000 0.10627221
0.79205000 0.10628613
0.79215000 0.10630005
0.79225000 0.10631397
0.79235000 0.10632789
0.79245000 0.10634180
0.79255000 0.10635571
0.79265000 0.10636962
0.79275000 0.10638353
0.79285000 0.10639744
0.79295000 0.10641134
0.79305000 0.10642525
0.79315000 0.10643915
0.79325000 0.10622880
0.79335000 0.10624273
0.79345000 0.10625666
0.79355000 0.10627059
0.79365000 0.10628452
0.79375000 0.10629844
0.79385000 0.10631236
0.79395000 0.10632628
0.79405000 0.10634020
0.79415000 0.10635412
0.79425000 0.10636803
0.79435000 0.10638194
0.79445000 0.10639585
0.79455000 0.10640976
0.79465000 0.10642367
0.79475000 0.10643757
0.79485000 0.10645148
0.79495000 0.10646538
0.79505000 0.10647928
0.79515000 0.10649317
0.79525000 0.10650707
0.79535000 0.10652096
0.79545000 0.10653485
0.79555000 0.10654874
0.79565000 0.10656263
0.79575000 0.10657652
0.79585000 0.10659040
0.79595000 0.10638039
0.79605000 0.10639430
0.79615000 0.10640821
0.79625000 0.10642212
0.79635000 0.10643603
0.79645000 0.10644994
0.79655000 0.10646384
0.79665000 0.10647774
0.79675000 0.10649165
0.79685000 0.10650554
0.79695000 0.10651944
0.79705000 0.10653334
0.79715000 0.10654723
0.79725000 0.10656112
0.79735000 0.10657501
0.79745000 0.10658890
0.79755000 0.10660278
0.79765000 0.10661666
0.79775000 0.10663055
0.79785000 0.10664443
0.79795000 0.10665830
0.79805000 0.10667218
0.79815000 0.10668605
0.79825000 0.10669992
0.79835000 0.10671379
0.79845000 0.10672766
0.79855000 0.10674153
0.79865000 0.10653185
0.79875000 0.10654575
0.79885000 0.10655964
0.79895000 0.10657353
0.79905000 0.10658742
0.79915000 0.10660131
0.79925000 0.10661520
0.79935000 0.10662908
0.79945000 0.10664297
0.79955000 0.10665685
0.79965000 0.10667073
0.79975000 0.10668460
0.79985000 0.10669848
0.79995000 0.10671235
0.80005000 0.10672622
0.80015000 0.10674009
0.80025000 0.10675396
0.80035000 0.10676783
0.80045000 0.10678169
0.80055000 0.10679555
0.80065000 0.10680941
0.80075000 0.10682327
0.80085000 0.10683712
0.80095000 0.10685098
0.80105000 0.10686483
0.80115000 0.10687868
0.80125000 0.10689253
0.80135000 0.10668319
0.80145000 0.10669707
0.80155000 0.10671094
0.80165000 0.10672482
0.80175000 0.10673869
0.80185000 0.10675256
0.80195000 0.10676643
0.80205000 0.10678030
0.80215000 0.10679416
0.80225000 0.10680802
0.80235000 0.10682188
0.80245000 0.10683574
0.80255000 0.10684960
0.80265000 0.10686346
0.80275000 0.10687731
0.80285000 0.10689116
0.80295000 0.10690501
0.80305000 0.10691886
0.80315000 0.10693270
0.80325000 0.10694655
0.80335000 0.10696039
0.80345000 0.10697423
0.80355000 0.10698807
0.80365000 0.10700190
0.80375000 0.10701574
0.80385000 0.10702957
0.80395000 0.10682053
0.80405000 0.10683439
0.80415000 0.10684825
0.80425000 0.10686211
0.80435000 0.10687597
0.80445000 0.10688982
0.80455000 0.10690368
0.80465000 0.10691753
0.80475000 0.10693138
0.80485000 0.10694522
0.80495000 0.10695907
0.80505000 0.10697291
0.80515000 0.10698675
0.80525000 0.10700059
0.80535000 0.10701443
0.80545000 0.10702826
0.80555000 0.10704209
0.80565000 0.10705593
0.80575000 0.10706976
0.80585000 0.10708358
0.80595000 0.10709741
0.80605000 0.10711123
0.80615000 0.10712505
0.80625000 0.10713887
0.80635000 0.10715269
0.80645000 0.10716651
0.80655000 0.10718032
0.80665000 0.10697162
0.80675000 0.10698547
0.80685000 0.10699931
0.80695000 0.10701315
0.80705000 0.10702699
0.80715000 0.10704082
0.80725000 0.10705466
0.80735000 0.10706849
0.80745000 0.10708232
0.80755000 0.10709615
0.80765000 0.10710997
0.80775000 0.10712380
0.80785000 0.10713762
0.80795000 0.10715144
0.80805000 0.10716526
0.80815000 0.10717908
0.80825000 0.10719289
0.80835000 0.10720670
0.80845000 0.10722052
0.80855000 0.10723432
0.80865000 0.10724813
0.80875000 0.10726194
0.80885000 0.10727574
0.80895000 0.10728954
0.80905000 0.10730334
0.80915000 0.10731714
0.80925000 0.10733093
0.80935000 0.10712258
0.80945000 0.10713640
0.80955000 0.10715023
0.80965000 0.10716405
0.80975000 0.10717787
0.80985000 0.10719168
0.80995000 0.10720550
0.81005000 0.10721931
0.81015000 0.10723313
0.81025000 0.10724693
0.81035000 0.10726074
0.81045000 0.10727455
0.81055000 0.10728835
0.81065000 0.10730215
0.81075000 0.10731595
0.81085000 0.10732975
0.81095000 0.10734355
0.81105000 0.10735734
0.81115000 0.10737113
0.81125000 0.10738493
0.81135000 0.10739871
0.81145000 0.10741250
0.81155000 0.10742628
0.81165000 0.10744007
0.81175000 0.10745385
0.81185000 0.10746763
0.81195000 0.10725958
0.81205000 0.10727339
0.81215000 0.10728720
0.81225000 0.10730100
0.81235000 0.10731480
0.81245000 0.10732860
0.81255000 0.10734240
0.81265000 0.10735620
0.81275000 0.10736999
0.81285000 0.10738379
0.81295000 0.10739758
0.81305000 0.10741137
0.81315000 0.10742515
0.81325000 0.10743894
0.81335000 0.10745272
0.81345000 0.10746650
0.81355000 0.10748028
0.81365000 0.10749406
0.81375000 0.10750784
0.81385000 0.10752161
0.81395000 0.10753538
0.81405000 0.10754915
0.81415000 0.10756292
0.81425000 0.10757668
0.81435000 0.10759045
0.81445000 0.10760421
0.81455000 0.10739647
0.81465000 0.10741027
0.81475000 0.10742406
0.81485000 0.10743784
0.81495000 0.10745163
0.81505000 0.10746541
0.81515000 0.10747919
0.81525000 0.10749297
0.81535000 0.10750675
0.81545000 0.10752053
0.81555000 0.10753430
0.81565000 0.10754807
0.81575000 0.10756184
0.81585000 0.10757561
0.81595000 0.10758938
0.81605000 0.10760314
0.81615000 0.10761690
0.81625000 0.10763067
0.81635000 0.10764442
0.81645000 0.10765818
0.81655000 0.10767193
0.81665000 0.10768569
0.81675000 0.10769944
0.81685000 0.10771319
0.81695000 0.10772693
0.81705000 0.10774068
0.81715000 0.10775442
0.81725000 0.10754703
0.81735000 0.10756080
0.81745000 0.10757457
0.81755000 0.10758834
0.81765000 0.10760211
0.81775000 0.10761587
0.81785000 0.10762964
0.81795000 0.10764340
0.81805000 0.10765715
0.81815000 0.10767091
0.81825000 0.10768467
0.81835000 0.10769842
0.81845000 0.10771217
0.81855000 0.10772592
0.81865000 0.10773967
0.81875000 0.10775341
0.81885000 0.10776715
0.81895000 0.10778089
0.81905000 0.10779463
0.81915000 0.10780837
0.81925000 0.10782211
0.81935000 0.10783584
0.81945000 0.10784957
0.81955000 0.10786330
0.81965000 0.10787703
0.81975000 0.10789075
0.81985000 0.10768368
0.81995000 0.10769743
0.82005000 0.10771119
0.82015000 0.10772494
0.82025000 0.10773869
0.82035000 0.10775243
0.82045000 0.10776618
0.82055000 0.10777992
0.82065000 0.10779366
0.82075000 0.10780740
0.82085000 0.10782114
0.82095000 0.10783488
0.82105000 0.10784861
0.82115000 0.10786234
0.82125000 0.10787607
0.82135000 0.10788980
0.82145000 0.10790352
0.82155000 0.10791725
0.82165000 0.10793097
0.82175000 0.10794469
0.82185000 0.10795841
0.82195000 0.10797212
0.82205000 0.10798583
0.82215000 0.10799955
0.82225000 0.10801326
0.82235000 0.10802696
0.82245000 0.10782021
0.82255000 0.10783394
0.82265000 0.10784768
0.82275000 0.10786141
0.82285000 0.10787514
0.82295000 0.10788887
0.82305000 0.10790260
0.82315000 0.10791633
0.82325000 0.10793005
0.82335000 0.10794377
0.82345000 0.10795749
0.82355000 0.10797121
0.82365000 0.10798493
0.82375000 0.10799864
0.82385000 0.10801235
0.82395000 0.10802606
0.82405000 0.10803977
0.82415000 0.10805348
0.82425000 0.10806718
0.82435000 0.10808088
0.82445000 0.10809458
0.82455000 0.10810828
0.82465000 0.10812198
0.82475000 0.10813567
0.82485000 0.10814936
0.82495000 0.10816305
0.82505000 0.10795661
0.82515000 0.10797033
0.82525000 0.10798405
0.82535000 0.10799776
0.82545000 0.10801148
0.82555000 0.10802519
0.82565000 0.10803890
0.82575000 0.10805261
0.82585000 0.10806631
0.82595000 0.10808002
0.82605000 0.10809372
0.82615000 0.10810742
0.82625000 0.10812112
0.82635000 0.10813481
0.82645000 0.10814851
0.82655000 0.10816220
0.82665000 0.10817589
0.82675000 0.10818958
0.82685000 0.10820326
0.82695000 0.10821695
0.82705000 0.10823063
0.82715000 0.10824431
0.82725000 0.10825799
0.82735000 0.10827167
0.82745000 0.10828534
0.82755000 0.10829901
0.82765000 0.10809289
0.82775000 0.10810659
0.82785000 0.10812029
0.82795000 0.10813399
0.82805000 0.10814768
0.82815000 0.10816138
0.82825000 0.10817507
0.82835000 0.10818876
0.82845000 0.10820245
0.82855000 0.10821613
0.82865000 0.10822982
0.82875000 0.10824350
0.82885000 0.10825718
0.82895000 0.10827086
0.82905000 0.10828453
0.82915000 0.10829821
0.82925000 0.10831188
0.82935000 0.10832555
0.82945000 0.10833922
0.82955000 0.10835289
0.82965000 0.10836655
0.82975000 0.10838021
0.82985000 0.10839387
0.82995000 0.10840753
0.83005000 0.10842119
0.83015000 0.10843484
0.83025000 0.10822904
0.83035000 0.10824272
0.83045000 0.10825640
0.83055000 0.10827008
0.83065000 0.10828376
0.83075000 0.10829744
0.83085000 0.10831111
0.83095000 0.10832478
0.83105000 0.10833845
0.83115000 0.10835212
0.83125000 0.10836579
0.83135000 0.10837945
0.83145000 0.10839311
0.83155000 0.10840677
0.83165000 0.10842043
0.83175000 0.10843409
0.83185000 0.10844774
0.83195000 0.10846139
0.83205000 0.10847504
0.83215000 0.10848869
0.83225000 0.10850234
0.83235000 0.10851598
0.83245000 0.10852962
0.83255000 0.10854326
0.83265000 0.10855690
0.83275000 0.10857054
0.83285000 0.10836505
0.83295000 0.10837872
0.83305000 0.10839238
0.83315000 0.10840604
0.83325000 0.10841970
0.83335000 0.10843336
0.83345000 0.10844702
0.83355000 0.10846067
0.83365000 0.10847432
0.83375000 0.10848797
0.83385000 0.10850162
0.83395000 0.10851526
0.83405000 0.10852891
0.83415000 0.10854255
0.83425000 0.10855619
0.83435000 0.10856983
0.83445000 0.10858346
0.83455000 0.10859710
0.83465000 0.10861073
0.83475000 0.10862436
0.83485000 0.10863798
0.83495000 0.10865161
0.83505000 0.10866523
0.83515000 0.10867886
0.83525000 0.10869248
0.83535000 0.10870609
0.83545000 0.10850093
0.83555000 0.10851458
0.83565000 0.10852822
0.83575000 0.10854187
0.83585000 0.10855551
0.83595000 0.10856915
0.83605000 0.10858278
0.83615000 0.10859642
0.83625000 0.10861005
0.83635000 0.10862368
0.83645000 0.10863731
0.83655000 0.10865094
0.83665000 0.10866456
0.83675000 0.10867819
0.83685000 0.10869181
0.83695000 0.10870543
0.83705000 0.10871904
0.83715000 0.10873266
0.83725000 0.10874627
0.83735000 0.10875988
0.83745000 0.10877349
0.83755000 0.10878710
0.83765000 0.10880071
0.83775000 0.10881431
0.83785000 0.10882791
0.83795000 0.10862304
0.83805000 0.10863667
0.83815000 0.10865030
0.83825000 0.10866392
0.83835000 0.10867755
0.83845000 0.10869117
0.83855000 0.10870479
0.83865000 0.10871841
0.83875000 0.10873203
0.83885000 0.10874564
0.83895000 0.10875925
0.83905000 0.10877286
0.83915000 0.10878647
0.83925000 0.10880008
0.83935000 0.10881368
0.83945000 0.10882729
0.83955000 0.10884089
0.83965000 0.10885448
0.83975000 0.10886808
0.83985000 0.10888168
0.83995000 0.10889527
0.84005000 0.10890886
0.84015000 0.10892245
0.84025000 0.10893603
0.84035000 0.10894962
0.84045000 0.10896320
0.84055000 0.10875865
0.84065000 0.10877226
0.84075000 0.10878587
0.84085000 0.10879948
0.84095000 0.10881309
0.84105000 0.10882669
0.84115000 0.10884029
0.84125000 0.10885389
0.84135000 0.10886749
0.84145000 0.10888109
0.84155000 0.10889468
0.84165000 0.10890827
0.84175000 0.10892186
0.84185000 0.10893545
0.84195000 0.10894903
0.84205000 0.10896262
0.84215000 0.10897620
0.84225000 0.10898978
0.84235000 0.10900336
0.84245000 0.10901693
0.84255000 0.10903050
0.84265000 0.10904408
0.84275000 0.10905765
0.84285000 0.10907121
0.84295000 0.10908478
0.84305000 0.10888052
0.84315000 0.10889412
0.84325000 0.10890771
0.84335000 0.10892130
0.84345000 0.10893489
0.84355000 0.10894848
0.84365000 0.10896206
0.84375000 0.10897565
0.84385000 0.10898923
0.84395000 0.10900281
0.84405000 0.10901638
0.84415000 0.10902996
0.84425000 0.10904353
0.84435000 0.10905710
0.84445000 0.10907067
0.84455000 0.10908423
0.84465000 0.10909780
0.84475000 0.10911136
0.84485000 0.10912492
0.84495000 0.10913848
0.84505000 0.10915204
0.84515000 0.10916559
0.84525000 0.10917914
0.84535000 0.10919269
0.84545000 0.10920624
0.84555000 0.10921979
0.84565000 0.10901586
0.84575000 0.10902944
0.84585000 0.10904301
0.84595000 0.10905658
0.84605000 0.10907015
0.84615000 0.10908372
0.84625000 0.10909728
0.84635000 0.10911085
0.84645000 0.10912441
0.84655000 0.10913797
0.84665000 0.10915153
0.84675000 0.10916508
0.84685000 0.10917864
0.84695000 0.10919219
0.84705000 0.10920574
0.84715000 0.10921928
0.84725000 0.10923283
0.84735000 0.10924637
0.84745000 0.10925991
0.84755000 0.10927345
0.84765000 0.10928699
0.84775000 0.10930053
0.84785000 0.10931406
0.84795000 0.10932759
0.84805000 0.10934112
0.84815000 0.10913749
0.84825000 0.10915104
0.84835000 0.10916460
0.84845000 0.10917816
0.84855000 0.10919171
0.84865000 0.10920526
0.84875000 0.10921881
0.84885000 0.10923235
0.84895000 0.10924590
0.84905000 0.10925944
0.84915000 0.10927298
0.84925000 0.10928652
0.84935000 0.10930005
0.84945000 0.10931359
0.84955000 0.10932712
0.84965000 0.10934065
0.84975000 0.10935418
0.84985000 0.10936770
0.84995000 0.10938123
0.85005000 0.10939475
0.85015000 0.10940827
0.85025000 0.10942179
0.85035000 0.10943530
0.85045000 0.10944882
0.85055000 0.10946233
0.85065000 0.10947584
0.85075000 0.10927253
0.85085000 0.10928607
0.85095000 0.10929961
0.85105000 0.10931314
0.85115000 0.10932668
0.85125000 0.10934021
0.85135000 0.10935374
0.85145000 0.10936726
0.85155000 0.10938079
0.85165000 0.10939431
0.85175000 0.10940783
0.85185000 0.10942135
0.85195000 0.10943487
0.85205000 0.10944838
0.85215000 0.10946189
0.85225000 0.10947540
0.85235000 0.10948891
0.85245000 0.10950242
0.85255000 0.10951592
0.85265000 0.10952942
0.85275000 0.10954292
0.85285000 0.10955642
0.85295000 0.10956992
0.85305000 0.10958341
0.85315000 0.10959690
0.85325000 0.10939390
0.85335000 0.10940742
0.85345000 0.10942094
0.85355000 0.10943446
0.85365000 0.10944797
0.85375000 0.10946149
0.85385000 0.10947500
0.85395000 0.10948851
0.85405000 0.10950201
0.85415000 0.10951552
0.85425000 0.10952902
0.85435000 0.10954252
0.85445000 0.10955602
0.85455000 0.10956952
0.85465000 0.10958301
0.85475000 0.10959650
0.85485000 0.10960999
0.85495000 0.10962348
0.85505000 0.10963697
0.85515000 0.10965045
0.85525000 0.10966394
0.85535000 0.10967742
0.85545000 0.10969090
0.85555000 0.10970437
0.85565000 0.10971785
0.85575000 0.10951514
0.85585000 0.10952864
0.85595000 0.10954214
0.85605000 0.10955564
0.85615000 0.10956914
0.85625000 0.10958264
0.85635000 0.10959613
0.85645000 0.10960962
0.85655000 0.10962311
0.85665000 0.10963660
0.85675000 0.10965008
0.85685000 0.10966357
0.85695000 0.10967705
0.85705000 0.10969052
0.85715000 0.10970400
0.85725000 0.10971748
0.85735000 0.10973095
0.85745000 0.10974442
0.85755000 0.10975789
0.85765000 0.10977136
0.85775000 0.10978482
0.85785000 0.10979828
0.85795000 0.10981174
0.85805000 0.10982520
0.85815000 0.10983866
0.85825000 0.10963625
0.85835000 0.10964974
0.85845000 0.10966322
0.85855000 0.10967670
0.85865000 0.10969018
0.85875000 0.10970366
0.85885000 0.10971713
0.85895000 0.10973061
0.85905000 0.10974408
0.85915000 0.10975755
0.85925000 0.10977101
0.85935000 0.10978448
0.85945000 0.10979794
0.85955000 0.10981140
0.85965000 0.10982486
0.85975000 0.10983832
0.85985000 0.10985177
0.85995000 0.10986523
0.86005000 0.10987868
0.86015000 0.10989213
0.86025000 0.10990557
0.86035000 0.10991902
0.86045000 0.10993246
0.86055000 0.10994590
0.86065000 0.10995934
0.86075000 0.10975723
0.86085000 0.10977070
0.86095000 0.10978417
0.86105000 0.10979763
0.86115000 0.10981109
0.86125000 0.10982455
0.86135000 0.10983801
0.86145000 0.10985146
0.86155000 0.10986491
0.86165000 0.10987836
0.86175000 0.10989181
0.86185000 0.10990526
0.86195000 0.10991871
0.86205000 0.10993215
0.86215000 0.10994559
0.86225000 0.10995903
0.86235000 0.10997246
0.86245000 0.10998590
0.86255000 0.10999933
0.86265000 0.11001276
0.86275000 0.11002619
0.86285000 0.11003962
0.86295000 0.11005304
0.86305000 0.11006646
0.86315000 0.11007988
0.86325000 0.10987808
0.86335000 0.10989153
0.86345000 0.10990498
0.86355000 0.10991842
0.86365000 0.10993186
0.86375000 0.10994530
0.86385000 0.10995874
0.86395000 0.10997218
0.86405000 0.10998561
0.86415000 0.10999905
0.86425000 0.11001248
0.86435000 0.11002591
0.86445000 0.11003933
0.86455000 0.11005276
0.86465000 0.11006618
0.86475000 0.11007960
0.86485000 0.11009302
0.86495000 0.11010643
0.86505000 0.11011985
0.86515000 0.11013326
0.86525000 0.11014667
0.86535000 0.11016008
0.86545000 0.11017348
0.86555000 0.11018689
0.86565000 0.11020029
0.86575000 0.10999879
0.86585000 0.11001222
0.86595000 0.11002565
0.86605000 0.11003908
0.86615000 0.11005250
0.86625000 0.11006592
0.86635000 0.11007934
0.86645000 0.11009276
0.86655000 0.11010618
0.86665000 0.11011959
0.86675000 0.11013300
0.86685000 0.11014641
0.86695000 0.11015982
0.86705000 0.11017323
0.86715000 0.11018663
0.86725000 0.11020003
0.86735000 0.11021343
0.86745000 0.11022683
0.86755000 0.11024022
0.86765000 0.11025362
0.86775000 0.11026701
0.86785000 0.11028040
0.86795000 0.11029378
0.86805000 0.11030717
0.86815000 0.11010595
0.86825000 0.11011936
0.86835000 0.11013277
0.86845000 0.11014618
0.86855000 0.11015959
0.86865000 0.11017300
0.86875000 0.11018640
0.86885000 0.11019980
0.86895000 0.11021320
0.86905000 0.11022660
0.86915000 0.11023999
0.86925000 0.11025339
0.86935000 0.11026678
0.86945000 0.11028017
0.86955000 0.11029355
0.86965000 0.11030694
0.86975000 0.11032032
0.86985000 0.11033370
0.86995000 0.11034708
0.87005000 0.11036046
0.87015000 0.11037383
0.87025000 0.11038721
0.87035000 0.11040058
0.87045000 0.11041394
0.87055000 0.11042731
0.87065000 0.11022639
0.87075000 0.11023979
0.87085000 0.11025318
0.87095000 0.11026657
0.87105000 0.11027996
0.87115000 0.11029335
0.87125000 0.11030673
0.87135000 0.11032012
0.87145000 0.11033350
0.87155000 0.11034687
0.87165000 0.11036025
0.87175000 0.11037363
0.87185000 0.11038700
0.87195000 0.11040037
0.87205000 0.11041374
0.87215000 0.11042710
0.87225000 0.11044047
0.87235000 0.11045383
0.87245000 0.11046719
0.87255000 0.11048055
0.87265000 0.11049390
0.87275000 0.11050726
0.87285000 0.11052061
0.87295000 0.11053396
0.87305000 0.11054730
0.87315000 0.11034669
0.87325000 0.11036007
0.87335000 0.11037344
0.87345000 0.11038682
0.87355000 0.11040019
0.87365000 0.11041355
0.87375000 0.11042692
0.87385000 0.11044028
0.87395000 0.11045365
0.87405000 0.11046700
0.87415000 0.11048036
0.87425000 0.11049372
0.87435000 0.11050707
0.87445000 0.11052042
0.87455000 0.11053377
0.87465000 0.11054712
0.87475000 0.11056046
0.87485000 0.11057381
0.87495000 0.11058715
0.87505000 0.11060049
0.87515000 0.11061382
0.87525000 0.11062716
0.87535000 0.11064049
0.87545000 0.11065382
0.87555000 0.11045349
0.87565000 0.11046685
0.87575000 0.11048020
0.87585000 0.11049356
0.87595000 0.11050691
0.87605000 0.11052026
0.87615000 0.11053361
0.87625000 0.11054696
0.87635000 0.11056030
0.87645000 0.11057364
0.87655000 0.11058699
0.87665000 0.11060032
0.87675000 0.11061366
0.87685000 0.11062699
0.87695000 0.11064033
0.87705000 0.11065366
0.87715000 0.11066698
0.87725000 0.11068031
0.87735000 0.11069363
0.87745000 0.11070696
0.87755000 0.11072027
0.87765000 0.11073359
0.87775000 0.11074691
0.87785000 0.11076022
0.87795000 0.11077353
0.87805000 0.11057351
0.87815000 0.11058685
0.87825000 0.11060018
0.87835000 0.11061352
0.87845000 0.11062685
0.87855000 0.11064019
0.87865000 0.11065352
0.87875000 0.11066684
0.87885000 0.11068017
0.87895000 0.11069349
0.87905000 0.11070681
0.87915000 0.11072013
0.87925000 0.11073345
0.87935000 0.11074676
0.87945000 0.11076008
0.87955000 0.11077339
0.87965000 0.11078670
0.87975000 0.11080000
0.87985000 0.11081331
0.87995000 0.11082661
0.88005000 0.11083991
0.88015000 0.11085321
0.88025000 0.11086650
0.88035000 0.11087980
0.88045000 0.11068005
0.88055000 0.11069337
0.88065000 0.11070669
0.88075000 0.11072001
0.88085000 0.11073333
0.88095000 0.11074664
0.88105000 0.11075996
0.88115000 0.11077327
0.88125000 0.11078657
0.88135000 0.11079988
0.88145000 0.11081318
0.88155000 0.11082648
0.88165000 0.11083978
0.88175000 0.11085308
0.88185000 0.11086638
0.88195000 0.11087967
0.88205000 0.11089296
0.88215000 0.11090625
0.88225000 0.11091954
0.88235000 0.11093282
0.88245000 0.11094610
0.88255000 0.11095939
0.88265000 0.11097266
0.88275000 0.11098594
0.88285000 0.11099921
0.88295000 0.11079978
0.88305000 0.11081308
0.88315000 0.11082638
0.88325000 0.11083968
0.88335000 0.11085298
0.88345000 0.11086627
0.88355000 0.11087957
0.88365000 0.11089286
0.88375000 0.11090615
0.88385000 0.11091943
0.88395000 0.11093272
0.88405000 0.11094600
0.88415000 0.11095928
0.88425000 0.11097256
0.88435000 0.11098583
0.88445000 0.11099910
0.88455000 0.11101238
0.88465000 0.11102565
0.88475000 0.11103891
0.88485000 0.11105218
0.88495000 0.11106544
0.88505000 0.11107870
0.88515000 0.11109196
0.88525000 0.11110522
0.88535000 0.11090606
0.88545000 0.11091935
0.88555000 0.11093263
0.88565000 0.11094591
0.88575000 0.11095919
0.88585000 0.11097247
0.88595000 0.11098574
0.88605000 0.11099902
0.88615000 0.11101229
0.88625000 0.11102556
0.88635000 0.11103882
0.88645000 0.11105209
0.88655000 0.11106535
0.88665000 0.11107861
0.88675000 0.11109187
0.88685000 0.11110512
0.88695000 0.11111838
0.88705000 0.11113163
0.88715000 0.11114488
0.88725000 0.11115813
0.88735000 0.11117137
0.88745000 0.11118461
0.88755000 0.11119786
0.88765000 0.11121109
0.88775000 0.11101222
0.88785000 0.11102549
0.88795000 0.11103876
0.88805000 0.11105202
0.88815000 0.11106528
0.88825000 0.11107854
0.88835000 0.11109180
0.88845000 0.11110505
0.88855000 0.11111830
0.88865000 0.11113156
0.88875000 0.11114480
0.88885000 0.11115805
0.88895000 0.11117129
0.88905000 0.11118454
0.88915000 0.11119778
0.88925000 0.11121102
0.88935000 0.11122425
0.88945000 0.11123748
0.88955000 0.11125072
0.88965000 0.11126395
0.88975000 0.11127717
0.88985000 0.11129040
0.88995000 0.11130362
0.89005000 0.11131684
0.89015000 0.11111825
0.89025000 0.11113150
0.89035000 0.11114475
0.89045000 0.11115800
0.89055000 0.11117124
0.89065000 0.11118448
0.89075000 0.11119772
0.89085000 0.11121096
0.89095000 0.11122419
0.89105000 0.11123743
0.89115000 0.11125066
0.89125000 0.11126388
0.89135000 0.11127711
0.89145000 0.11129033
0.89155000 0.11130356
0.89165000 0.11131678
0.89175000 0.11132999
0.89185000 0.11134321
0.89195000 0.11135642
0.89205000 0.11136964
0.89215000 0.11138285
0.89225000 0.11139605
0.89235000 0.11140926
0.89245000 0.11142246
0.89255000 0.11122416
0.89265000 0.11123739
0.89275000 0.11125062
0.89285000 0.11126384
0.89295000 0.11127707
0.89305000 0.11129029
0.89315000 0.11130351
0.89325000 0.11131673
0.89335000 0.11132995
0.89345000 0.11134316
0.89355000 0.11135638
0.89365000 0.11136959
0.89375000 0.11138279
0.89385000 0.11139600
0.89395000 0.11140921
0.89405000 0.11142241
0.89415000 0.11143561
0.89425000 0.11144880
0.89435000 0.11146200
0.89445000 0.11147519
0.89455000 0.11148838
0.89465000 0.11150157
0.89475000 0.11151476
0.89485000 0.11152795
0.89495000 0.11132993
0.89505000 0.11134314
0.89515000 0.11135635
0.89525000 0.11136956
0.89535000 0.11138277
0.89545000 0.11139597
0.89555000 0.11140917
0.89565000 0.11142237
0.89575000 0.11143557
0.89585000 0.11144877
0.89595000 0.11146196
0.89605000 0.11147516
0.89615000 0.11148835
0.89625000 0.11150153
0.89635000 0.11151472
0.89645000 0.11152790
0.89655000 0.11154108
0.89665000 0.11155426
0.89675000 0.11156744
0.89685000 0.11158062
0.89695000 0.11159379
0.89705000 0.11160696
0.89715000 0.11162013
0.89725000 0.11163329
0.89735000 0.11143556
0.89745000 0.11144876
0.89755000 0.11146195
0.89765000 0.11147514
0.89775000 0.11148833
0.89785000 0.11150151
0.89795000 0.11151470
0.89805000 0.11152788
0.89815000 0.11154106
0.89825000 0.11155424
0.89835000 0.11156741
0.89845000 0.11158059
0.89855000 0.11159376
0.89865000 0.11160693
0.89875000 0.11162010
0.89885000 0.11163326
0.89895000 0.11164642
0.89905000 0.11165958
0.89915000 0.11167274
0.89925000 0.11168590
0.89935000 0.11169905
0.89945000 0.11171221
0.89955000 0.11172536
0.89965000 0.11173850
0.89975000 0.11154106
0.89985000 0.11155423
0.89995000 0.11156741
0.90005000 0.11158058
0.90015000 0.11159375
0.90025000 0.11160692
0.90035000 0.11162008
0.90045000 0.11163325
0.90055000 0.11164641
0.90065000 0.11165957
0.90075000 0.11167273
0.90085000 0.11168588
0.90095000 0.11169903
0.90105000 0.11171218
0.90115000 0.11172533
0.90125000 0.11173848
0.90135000 0.11175162
0.90145000 0.11176477
0.90155000 0.11177791
0.90165000 0.11179104
0.90175000 0.11180418
0.90185000 0.11181731
0.90195000 0.11183045
0.90205000 0.11184357
0.90215000 0.11164642
0.90225000 0.11165957
0.90235000 0.11167273
0.90245000 0.11168588
0.90255000 0.11169903
0.90265000 0.11171218
0.90275000 0.11172533
0.90285000 0.11173848
0.90295000 0.11175162
0.90305000 0.11176476
0.90315000 0.11177790
0.90325000 0.11179103
0.90335000 0.11180417
0.90345000 0.11181730
0.90355000 0.11183043
0.90365000 0.11184356
0.90375000 0.11185668
0.90385000 0.11186981
0.90395000 0.11188293
0.90405000 0.11189605
0.90415000 0.11190916
0.90425000 0.11192228
0.90435000 0.11193539
0.90445000 0.11194850
0.90455000 0.11175163
0.90465000 0.11176477
0.90475000 0.11177791
0.90485000 0.11179104
0.90495000 0.11180417
0.90505000 0.11181730
0.90515000 0.11183043
0.90525000 0.11184356
0.90535000 0.11185668
0.90545000 0.11186980
0.90555000 0.11188292
0.90565000 0.11189604
0.90575000 0.11190916
0.90585000 0.11192227
0.90595000 0.11193538
0.90605000 0.11194849
0.90615000 0.11196160
0.90625000 0.11197470
0.90635000 0.11198780
0.90645000 0.11200090
0.90655000 0.11201400
0.90665000 0.11202710
0.90675000 0.11204019
0.90685000 0.11205328
0.90695000 0.11185670
0.90705000 0.11186982
0.90715000 0.11188294
0.90725000 0.11189606
0.90735000 0.11190917
0.90745000 0.11192228
0.90755000 0.11193539
0.90765000 0.11194850
0.90775000 0.11196160
0.90785000 0.11197470
0.90795000 0.11198780
0.90805000 0.11200090
0.90815000 0.11201400
0.90825000 0.11202709
0.90835000 0.11204019
0.90845000 0.11205328
0.90855000 0.11206636
0.90865000 0.11207945
0.90875000 0.11209253
0.90885000 0.11210561
0.90895000 0.11211869
0.90905000 0.11213177
0.90915000 0.11214484
0.90925000 0.11194852
0.90935000 0.11196163
0.90945000 0.11197473
0.90955000 0.11198783
0.90965000 0.11200092
0.90975000 0.11201402
0.90985000 0.11202711
0.90995000 0.11204020
0.91005000 0.11205329
0.91015000 0.11206637
0.91025000 0.11207946
0.91035000 0.11209254
0.91045000 0.11210562
0.91055000 0.11211869
0.91065000 0.11213177
0.91075000 0.11214484
0.91085000 0.11215791
0.91095000 0.11217098
0.91105000 0.11218405
0.91115000 0.11219711
0.91125000 0.11221017
0.91135000 0.11222323
0.91145000 0.11223629
0.91155000 0.11224935
0.91165000 0.11205332
0.91175000 0.11206640
0.91185000 0.11207948
0.91195000 0.11209256
0.91205000 0.11210564
0.91215000 0.11211871
0.91225000 0.11213179
0.91235000 0.11214486
0.91245000 0.11215793
0.91255000 0.11217099
0.91265000 0.11218406
0.91275000 0.11219712
0.91285000 0.11221018
0.91295000 0.11222324
0.91305000 0.11223629
0.91315000 0.11224935
0.91325000 0.11226240
0.91335000 0.11227545
0.91345000 0.11228849
0.91355000 0.11230154
0.91365000 0.11231458
0.91375000 0.11232762
0.91385000 0.11234066
0.91395000 0.11214489
0.91405000 0.11215796
0.91415000 0.11217102
0.91425000 0.11218409
0.91435000 0.11219715
0.91445000 0.11221020
0.91455000 0.11222326
0.91465000 0.11223631
0.91475000 0.11224936
0.91485000 0.11226241
0.91495000 0.11227546
0.91505000 0.11228850
0.91515000 0.11230155
0.91525000 0.11231459
0.91535000 0.11232763
0.91545000 0.11234066
0.91555000 0.11235370
0.91565000 0.11236673
0.91575000 0.11237976
0.91585000 0.11239278
0.91595000 0.11240581
0.91605000 0.11241883
0.91615000 0.11243185
0.91625000 0.11244487
0.91635000 0.11224940
0.91645000 0.11226245
0.91655000 0.11227549
0.91665000 0.11228853
0.91675000 0.11230157
0.91685000 0.11231461
0.91695000 0.11232765
0.91705000 0.11234068
0.91715000 0.11235371
0.91725000 0.11236674
0.91735000 0.11237977
0.91745000 0.11239280
0.91755000 0.11240582
0.91765000 0.11241884
0.91775000 0.11243186
0.91785000 0.11244487
0.91795000 0.11245789
0.91805000 0.11247090
0.91815000 0.11248391
0.91825000 0.11249692
0.91835000 0.11250992
0.91845000 0.11252293
0.91855000 0.11253593
0.91865000 0.11234072
0.91875000 0.11235375
0.91885000 0.11236678
0.91895000 0.11237980
0.91905000 0.11239282
0.91915000 0.11240584
0.91925000 0.11241886
0.91935000 0.11243188
0.91945000 0.11244489
0.91955000 0.11245791
0.91965000 0.11247092
0.91975000 0.11248392
0.91985000 0.11249693
0.91995000 0.11250993
0.92005000 0.11252293
0.92015000 0.11253593
0.92025000 0.11254893
0.92035000 0.11256192
0.92045000 0.11257491
0.92055000 0.11258791
0.92065000 0.11260089
0.92075000 0.11261388
0.92085000 0.11262686
0.92095000 0.11263984
0.92105000 0.11244493
0.92115000 0.11245794
0.92125000 0.11247095
0.92135000 0.11248395
0.92145000 0.11249696
0.92155000 0.11250996
0.92165000 0.11252295
0.92175000 0.11253595
0.92185000 0.11254895
0.92195000 0.11256194
0.92205000 0.11257493
0.92215000 0.11258791
0.92225000 0.11260090
0.92235000 0.11261388
0.92245000 0.11262686
0.92255000 0.11263984
0.92265000 0.11265282
0.92275000 0.11266580
0.92285000 0.11267877
0.92295000 0.11269174
0.92305000 0.11270471
0.92315000 0.11271767
0.92325000 0.11273064
0.92335000 0.11253599
0.92345000 0.11254898
0.92355000 0.11256197
0.92365000 0.11257496
0.92375000 0.11258794
0.92385000 0.11260092
0.92395000 0.11261391
0.92405000 0.11262688
0.92415000 0.11263986
0.92425000 0.11265283
0.92435000 0.11266581
0.92445000 0.11267878
0.92455000 0.11269174
0.92465000 0.11270471
0.92475000 0.11271767
0.92485000 0.11273063
0.92495000 0.11274359
0.92505000 0.11275655
0.92515000 0.11276950
0.92525000 0.11278246
0.92535000 0.11279541
0.92545000 0.11280835
0.92555000 0.11282130
0.92565000 0.11262692
0.92575000 0.11263989
0.92585000 0.11265286
0.92595000 0.11266583
0.92605000 0.11267880
0.92615000 0.11269177
0.92625000 0.11270473
0.92635000 0.11271769
0.92645000 0.11273065
0.92655000 0.11274360
0.92665000 0.11275656
0.92675000 0.11276951
0.92685000 0.11278246
0.92695000 0.11279541
0.92705000 0.11280835
0.92715000 0.11282130
0.92725000 0.11283424
0.92735000 0.11284717
0.92745000 0.11286011
0.92755000 0.11287305
0.92765000 0.11288598
0.92775000 0.11289891
0.92785000 0.11291184
0.92795000 0.11271772
0.92805000 0.11273068
0.92815000 0.11274363
0.92825000 0.11275658
0.92835000 0.11276953
0.92845000 0.11278248
0.92855000 0.11279542
0.92865000 0.11280837
0.92875000 0.11282131
0.92885000 0.11283424
0.92895000 0.11284718
0.92905000 0.11286011
0.92915000 0.11287305
0.92925000 0.11288597
0.92935000 0.11289890
0.92945000 0.11291183
0.92955000 0.11292475
0.92965000 0.11293767
0.92975000 0.11295059
0.92985000 0.11296350
0.92995000 0.11297642
0.93005000 0.11298933
0.93015000 0.11300224
0.93025000 0.11280840
0.93035000 0.11282133
0.93045000 0.11283427
0.93055000 0.11284720
0.93065000 0.11286013
0.93075000 0.11287306
0.93085000 0.11288599
0.93095000 0.11289891
0.93105000 0.11291183
0.93115000 0.11292475
0.93125000 0.11293767
0.93135000 0.11295059
0.93145000 0.11296350
0.93155000 0.11297641
0.93165000 0.11298932
0.93175000 0.11300223
0.93185000 0.11301513
0.93195000 0.11302803
0.93205000 0.11304093
0.93215000 0.11305383
0.93225000 0.11306673
0.93235000 0.11307962
0.93245000 0.11309251
0.93255000 0.11289894
0.93265000 0.11291185
0.93275000 0.11292477
0.93285000 0.11293769
0.93295000 0.11295060
0.93305000 0.11296351
0.93315000 0.11297642
0.93325000 0.11298932
0.93335000 0.11300223
0.93345000 0.11301513
0.93355000 0.11302803
0.93365000 0.11304092
0.93375000 0.11305382
0.93385000 0.11306671
0.93395000 0.11307960
0.93405000 0.11309249
0.93415000 0.11310538
0.93425000 0.11311826
0.93435000 0.11313114
0.93445000 0.11314402
0.93455000 0.11315690
0.93465000 0.11316977
0.93475000 0.11318265
0.93485000 0.11298934
0.93495000 0.11300224
0.93505000 0.11301514
0.93515000 0.11302804
0.93525000 0.11304093
0.93535000 0.11305382
0.93545000 0.11306671
0.93555000 0.11307960
0.93565000 0.11309249
0.93575000 0.11310537
0.93585000 0.11311825
0.93595000 0.11313113
0.93605000 0.11314400
0.93615000 0.11315688
0.93625000 0.11316975
0.93635000 0.11318262
0.93645000 0.11319549
0.93655000 0.11320835
0.93665000 0.11322122
0.93675000 0.11323408
0.93685000 0.11324694
0.93695000 0.11325979
0.93705000 0.11327265
0.93715000 0.11307961
0.93725000 0.11309249
0.93735000 0.11310537
0.93745000 0.11311825
0.93755000 0.11313113
0.93765000 0.11314400
0.93775000 0.11315687
0.93785000 0.11316974
0.93795000 0.11318261
0.93805000 0.11319547
0.93815000 0.11320833
0.93825000 0.11322119
0.93835000 0.11323405
0.93845000 0.11324691
0.93855000 0.11325976
0.93865000 0.11327261
0.93875000 0.11328546
0.93885000 0.11329831
0.93895000 0.11331115
0.93905000 0.11332399
0.93915000 0.11333683
0.93925000 0.11334967
0.93935000 0.11336251
0.93945000 0.11316974
0.93955000 0.11318261
0.93965000 0.11319547
0.93975000 0.11320833
0.93985000 0.11322118
0.93995000 0.11323404
0.94005000 0.11324689
0.94015000 0.11325974
0.94025000 0.11327259
0.94035000 0.11328543
0.94045000 0.11329828
0.94055000 0.11331112
0.94065000 0.11332396
0.94075000 0.11333679
0.94085000 0.11334963
0.94095000 0.11336246
0.94105000 0.11337529
0.94115000 0.11338812
0.94125000 0.11340094
0.94135000 0.11341377
0.94145000 0.11342659
0.94155000 0.11343941
0.94165000 0.11345222
0.94175000 0.11325973
0.94185000 0.11327258
0.94195000 0.11328542
0.94205000 0.11329826
0.94215000 0.11331110
0.94225000 0.11332393
0.94235000 0.11333677
0.94245000 0.11334960
0.94255000 0.11336243
0.94265000 0.11337525
0.94275000 0.11338808
0.94285000 0.11340090
0.94295000 0.11341372
0.94305000 0.11342654
0.94315000 0.11343935
0.94325000 0.11345217
0.94335000 0.11346498
0.94345000 0.11347779
0.94355000 0.11349059
0.94365000 0.11350340
0.94375000 0.11351620
0.94385000 0.11352900
0.94395000 0.11354180
0.94405000 0.11334958
0.94415000 0.11336241
0.94425000 0.11337523
0.94435000 0.11338805
0.94445000 0.11340087
0.94455000 0.11341369
0.94465000 0.11342650
0.94475000 0.11343931
0.94485000 0.11345212
0.94495000 0.11346493
0.94505000 0.11347773
0.94515000 0.11349054
0.94525000 0.11350334
0.94535000 0.11351614
0.94545000 0.11352893
0.94555000 0.11354173
0.94565000 0.11355452
0.94575000 0.11356731
0.94585000 0.11358010
0.94595000 0.11359288
0.94605000 0.11360567
0.94615000 0.11361845
0.94625000 0.11363123
0.94635000 0.11343928
0.94645000 0.11345209
0.94655000 0.11346489
0.94665000 0.11347770
0.94675000 0.11349050
0.94685000 0.11350329
0.94695000 0.11351609
0.94705000 0.11352888
0.94715000 0.11354167
0.94725000 0.11355446
0.94735000 0.11356725
0.94745000 0.11358003
0.94755000 0.11359281
0.94765000 0.11360559
0.94775000 0.11361837
0.94785000 0.11363114
0.94795000 0.11364392
0.94805000 0.11365669
0.94815000 0.11366946
0.94825000 0.11368222
0.94835000 0.11369499
0.94845000 0.11370775
0.94855000 0.11351605
0.94865000 0.11352884
0.94875000 0.11354163
0.94885000 0.11355441
0.94895000 0.11356719
0.94905000 0.11357997
0.94915000 0.11359275
0.94925000 0.11360553
0.94935000 0.11361830
0.94945000 0.11363107
0.94955000 0.11364384
0.94965000 0.11365661
0.94975000 0.11366937
0.94985000 0.11368214
0.94995000 0.11369490
0.95005000 0.11370765
0.95015000 0.11372041
0.95025000 0.11373316
0.95035000 0.11374591
0.95045000 0.11375866
0.95055000 0.11377141
0.95065000 0.11378416
0.95075000 0.11379690
0.95085000 0.11360548
0.95095000 0.11361825
0.95105000 0.11363101
0.95115000 0.11364378
0.95125000 0.11365654
0.95135000 0.11366930
0.95145000 0.11368206
0.95155000 0.11369482
0.95165000 0.11370757
0.95175000 0.11372032
0.95185000 0.11373307
0.95195000 0.11374582
0.95205000 0.11375857
0.95215000 0.11377131
0.95225000 0.11378405
0.95235000 0.11379679
0.95245000 0.11380953
0.95255000 0.11382226
0.95265000 0.11383499
0.95275000 0.11384772
0.95285000 0.11386045
0.95295000 0.11387317
0.95305000 0.11368200
0.95315000 0.11369475
0.95325000 0.11370750
0.95335000 0.11372025
0.95345000 0.11373300
0.95355000 0.11374574
0.95365000 0.11375848
0.95375000 0.11377122
0.95385000 0.11378396
0.95395000 0.11379669
0.95405000 0.11380942
0.95415000 0.11382215
0.95425000 0.11383488
0.95435000 0.11384761
0.95445000 0.11386033
0.95455000 0.11387305
0.95465000 0.11388577
0.95475000 0.11389849
0.95485000 0.11391120
0.95495000 0.11392391
0.95505000 0.11393662
0.95515000 0.11394933
0.95525000 0.11396204
0.95535000 0.11377114
0.95545000 0.11378387
0.95555000 0.11379660
0.95565000 0.11380933
0.95575000 0.11382206
0.95585000 0.11383478
0.95595000 0.11384750
0.95605000 0.11386022
0.95615000 0.11387294
0.95625000 0.11388566
0.95635000 0.11389837
0.95645000 0.11391108
0.95655000 0.11392379
0.95665000 0.11393649
0.95675000 0.11394920
0.95685000 0.11396190
0.95695000 0.11397460
0.95705000 0.11398729
0.95715000 0.11399999
0.95725000 0.11401268
0.95735000 0.11402537
0.95745000 0.11403806
0.95755000 0.11384741
0.95765000 0.11386013
0.95775000 0.11387284
0.95785000 0.11388555
0.95795000 0.11389826
0.95805000 0.11391097
0.95815000 0.11392367
0.95825000 0.11393637
0.95835000 0.11394907
0.95845000 0.11396177
0.95855000 0.11397446
0.95865000 0.11398716
0.95875000 0.11399985
0.95885000 0.11401254
0.95895000 0.11402522
0.95905000 0.11403791
0.95915000 0.11405059
0.95925000 0.11406327
0.95935000 0.11407594
0.95945000 0.11408862
0.95955000 0.11410129
0.95965000 0.11411396
0.95975000 0.11412663
0.95985000 0.11393626
0.95995000 0.11394896
0.96005000 0.11396165
0.96015000 0.11397434
0.96025000 0.11398703
0.96035000 0.11399971
0.96045000 0.11401240
0.96055000 0.11402508
0.96065000 0.11403776
0.96075000 0.11405044
0.96085000 0.11406311
0.96095000 0.11407579
0.96105000 0.11408846
0.96115000 0.11410113
0.96125000 0.11411379
0.96135000 0.11412646
0.96145000 0.11413912
0.96155000 0.11415178
0.96165000 0.11416443
0.96175000 0.11417709
0.96185000 0.11418974
0.96195000 0.11420239
0.96205000 0.11401227
0.96215000 0.11402495
0.96225000 0.11403762
0.96235000 0.11405030
0.96245000 0.11406297
0.96255000 0.11407564
0.96265000 0.11408830
0.96275000 0.11410097
0.96285000 0.11411363
0.96295000 0.11412629
0.96305000 0.11413895
0.96315000 0.11415160
0.96325000 0.11416426
0.96335000 0.11417691
0.96345000 0.11418955
0.96355000 0.11420220
0.96365000 0.11421484
0.96375000 0.11422749
0.96385000 0.11424012
0.96395000 0.11425276
0.96405000 0.11426540
0.96415000 0.11427803
0.96425000 0.11408816
0.96435000 0.11410082
0.96445000 0.11411348
0.96455000 0.11412613
0.96465000 0.11413879
0.96475000 0.11415144
0.96485000 0.11416409
0.96495000 0.11417673
0.96505000 0.11418938
0.96515000 0.11420202
0.96525000 0.11421466
0.96535000 0.11422729
0.96545000 0.11423993
0.96555000 0.11425256
0.96565000 0.11426519
0.96575000 0.11427782
0.96585000 0.11429045
0.96595000 0.11430307
0.96605000 0.11431569
0.96615000 0.11432831
0.96625000 0.11434093
0.96635000 0.11435354
0.96645000 0.11436615
0.96655000 0.11417657
0.96665000 0.11418921
0.96675000 0.11420184
0.96685000 0.11421448
0.96695000 0.11422711
0.96705000 0.11423974
0.96715000 0.11425237
0.96725000 0.11426499
0.96735000 0.11427762
0.96745000 0.11429024
0.96755000 0.11430286
0.96765000 0.11431548
0.96775000 0.11432809
0.96785000 0.11434070
0.96795000 0.11435331
0.96805000 0.11436592
0.96815000 0.11437853
0.96825000 0.11439113
0.96835000 0.11440373
0.96845000 0.11441633
0.96855000 0.11442893
0.96865000 0.11444152
0.96875000 0.11425218
0.96885000 0.11426481
0.96895000 0.11427742
0.96905000 0.11429004
0.96915000 0.11430266
0.96925000 0.11431527
0.96935000 0.11432788
0.96945000 0.11434049
0.96955000 0.11435309
0.96965000 0.11436569
0.96975000 0.11437830
0.96985000 0.11439089
0.96995000 0.11440349
0.97005000 0.11441609
0.97015000 0.11442868
0.97025000 0.11444127
0.97035000 0.11445385
0.97045000 0.11446644
0.97055000 0.11447902
0.97065000 0.11449160
0.97075000 0.11450418
0.97085000 0.11451676
0.97095000 0.11432767
0.97105000 0.11434028
0.97115000 0.11435288
0.97125000 0.11436548
0.97135000 0.11437807
0.97145000 0.11439067
0.97155000 0.11440326
0.97165000 0.11441585
0.97175000 0.11442844
0.97185000 0.11444102
0.97195000 0.11445360
0.97205000 0.11446618
0.97215000 0.11447876
0.97225000 0.11449134
0.97235000 0.11450391
0.97245000 0.11451648
0.97255000 0.11452905
0.97265000 0.11454162
0.97275000 0.11455418
0.97285000 0.11456674
0.97295000 0.11457930
0.97305000 0.11459186
0.97315000 0.11440303
0.97325000 0.11441562
0.97335000 0.11442820
0.97345000 0.11444078
0.97355000 0.11445336
0.97365000 0.11446593
0.97375000 0.11447851
0.97385000 0.11449108
0.97395000 0.11450365
0.97405000 0.11451621
0.97415000 0.11452878
0.97425000 0.11454134
0.97435000 0.11455390
0.97445000 0.11456646
0.97455000 0.11457901
0.97465000 0.11459157
0.97475000 0.11460412
0.97485000 0.11461666
0.97495000 0.11462921
0.97505000 0.11464175
0.97515000 0.11465430
0.97525000 0.11466684
0.97535000 0.11447826
0.97545000 0.11449083
0.97555000 0.11450339
0.97565000 0.11451595
0.97575000 0.11452851
0.97585000 0.11454107
0.97595000 0.11455362
0.97605000 0.11456618
0.97615000 0.11457873
0.97625000 0.11459127
0.97635000 0.11460382
0.97645000 0.11461636
0.97655000 0.11462891
0.97665000 0.11464144
0.97675000 0.11465398
0.97685000 0.11466652
0.97695000 0.11467905
0.97705000 0.11469158
0.97715000 0.11470410
0.97725000 0.11471663
0.97735000 0.11472915
0.97745000 0.11474167
0.97755000 0.11455335
0.97765000 0.11456590
0.97775000 0.11457845
0.97785000 0.11459099
0.97795000 0.11460353
0.97805000 0.11461607
0.97815000 0.11462861
0.97825000 0.11464114
0.97835000 0.11465367
0.97845000 0.11466620
0.97855000 0.11467873
0.97865000 0.11469125
0.97875000 0.11470377
0.97885000 0.11471630
0.97895000 0.11472881
0.97905000 0.11474133
0.97915000 0.11475384
0.97925000 0.11476635
0.97935000 0.11477886
0.97945000 0.11479137
0.97955000 0.11480387
0.97965000 0.11481637
0.97975000 0.11462831
0.97985000 0.11464084
0.97995000 0.11465337
0.98005000 0.11466589
0.98015000 0.11467841
0.98025000 0.11469093
0.98035000 0.11470345
0.98045000 0.11471597
0.98055000 0.11472848
0.98065000 0.11474099
0.98075000 0.11475350
0.98085000 0.11476600
0.98095000 0.11477851
0.98105000 0.11479101
0.98115000 0.11480351
0.98125000 0.11481600
0.98135000 0.11482850
0.98145000 0.11484099
0.98155000 0.11485348
0.98165000 0.11486597
0.98175000 0.11487846
0.98185000 0.11489094
0.98195000 0.11470313
0.98205000 0.11471564
0.98215000 0.11472815
0.98225000 0.11474065
0.98235000 0.11475316
0.98245000 0.11476566
0.98255000 0.11477816
0.98265000 0.11479065
0.98275000 0.11480315
0.98285000 0.11481564
0.98295000 0.11482813
0.98305000 0.11484062
0.98315000 0.11485310
0.98325000 0.11486558
0.98335000 0.11487806
0.98345000 0.11489054
0.98355000 0.11490302
0.98365000 0.11491549
0.98375000 0.11492796
0.98385000 0.11494043
0.98395000 0.11495290
0.98405000 0.11496536
0.98415000 0.11477781
0.98425000 0.11479030
0.98435000 0.11480279
0.98445000 0.11481528
0.98455000 0.11482776
0.98465000 0.11484024
0.98475000 0.11485272
0.98485000 0.11486520
0.98495000 0.11487768
0.98505000 0.11489015
0.98515000 0.11490262
0.98525000 0.11491509
0.98535000 0.11492755
0.98545000 0.11494002
0.98555000 0.11495248
0.98565000 0.11496494
0.98575000 0.11497739
0.98585000 0.11498985
0.98595000 0.11500230
0.98605000 0.11501475
0.98615000 0.11502720
0.98625000 0.11503964
0.98635000 0.11485235
0.98645000 0.11486482
0.98655000 0.11487729
0.98665000 0.11488976
0.98675000 0.11490223
0.98685000 0.11491469
0.98695000 0.11492715
0.98705000 0.11493961
0.98715000 0.11495206
0.98725000 0.11496452
0.98735000 0.11497697
0.98745000 0.11498942
0.98755000 0.11500186
0.98765000 0.11501431
0.98775000 0.11502675
0.98785000 0.11503919
0.98795000 0.11505163
0.98805000 0.11506406
0.98815000 0.11507650
0.98825000 0.11508893
0.98835000 0.11510136
0.98845000 0.11491429
0.98855000 0.11492675
0.98865000 0.11493920
0.98875000 0.11495165
0.98885000 0.11496410
0.98895000 0.11497655
0.98905000 0.11498899
0.98915000 0.11500143
0.98925000 0.11501387
0.98935000 0.11502631
0.98945000 0.11503874
0.98955000 0.11505117
0.98965000 0.11506360
0.98975000 0.11507603
0.98985000 0.11508846
0.98995000 0.11510088
0.99005000 0.11511330
0.99015000 0.11512572
0.99025000 0.11513813
0.99035000 0.11515055
0.99045000 0.11516296
0.99055000 0.11517537
0.99065000 0.11498857
0.99075000 0.11500100
0.99085000 0.11501343
0.99095000 0.11502587
0.99105000 0.11503830
0.99115000 0.11505072
0.99125000 0.11506315
0.99135000 0.11507557
0.99145000 0.11508799
0.99155000 0.11510041
0.99165000 0.11511282
0.99175000 0.11512523
0.99185000 0.11513764
0.99195000 0.11515005
0.99205000 0.11516246
0.99215000 0.11517486
0.99225000 0.11518726
0.99235000 0.11519966
0.99245000 0.11521206
0.99255000 0.11522445
0.99265000 0.11523684
0.99275000 0.11524923
0.99285000 0.11506269
0.99295000 0.11507511
0.99305000 0.11508752
0.99315000 0.11509993
0.99325000 0.11511234
0.99335000 0.11512475
0.99345000 0.11513715
0.99355000 0.11514956
0.99365000 0.11516196
0.99375000 0.11517436
0.99385000 0.11518675
0.99395000 0.11519914
0.99405000 0.11521154
0.99415000 0.11522392
0.99425000 0.11523631
0.99435000 0.11524869
0.99445000 0.11526108
0.99455000 0.11527346
0.99465000 0.11528583
0.99475000 0.11529821
0.99485000 0.11531058
0.99495000 0.11512427
0.99505000 0.11513667
0.99515000 0.11514907
0.99525000 0.11516146
0.99535000 0.11517385
0.99545000 0.11518624
0.99555000 0.11519863
0.99565000 0.11521102
0.99575000 0.11522340
0.99585000 0.11523578
0.99595000 0.11524816
0.99605000 0.11526053
0.99615000 0.11527291
0.99625000 0.11528528
0.99635000 0.11529765
0.99645000 0.11531001
0.99655000 0.11532238
0.99665000 0.11533474
0.99675000 0.11534710
0.99685000 0.11535946
0.99695000 0.11537181
0.99705000 0.11538417
0.99715000 0.11519812
0.99725000 0.11521050
0.99735000 0.11522287
0.99745000 0.11523525
0.99755000 0.11524762
0.99765000 0.11525999
0.99775000 0.11527236
0.99785000 0.11528473
0.99795000 0.11529709
0.99805000 0.11530945
0.99815000 0.11532181
0.99825000 0.11533416
0.99835000 0.11534652
0.99845000 0.11535887
0.99855000 0.11537122
0.99865000 0.11538357
0.99875000 0.11539591
0.99885000 0.11540825
0.99895000 0.11542059
0.99905000 0.11543293
0.99915000 0.11544527
0.99925000 0.11525945
0.99935000 0.11527181
0.99945000 0.11528417
0.99955000 0.11529653
0.99965000 0.11530889
0.99975000 0.11532124
0.99985000 0.11533359
0.99995000 0.11534594
1.00005000 0.11535828
1.00015000 0.11537063
1.00025000 0.11538297
1.00035000 0.11539531
1.00045000 0.11540764
1.00055000 0.11541998
1.00065000 0.11543231
1.00075000 0.11544464
1.00085000 0.11545697
1.00095000 0.11546929
1.00105000 0.11548161
1.00115000 0.11549393
1.00125000 0.11550625
1.00135000 0.11551857
1.00145000 0.11533301
1.00155000 0.11534536
1.00165000 0.11535770
1.00175000 0.11537003
1.00185000 0.11538237
1.00195000 0.11539470
1.00205000 0.11540703
1.00215000 0.11541936
1.00225000 0.11543169
1.00235000 0.11544401
1.00245000 0.11545633
1.00255000 0.11546865
1.00265000 0.11548097
1.00275000 0.11549328
1.00285000 0.11550559
1.00295000 0.11551790
1.00305000 0.11553021
1.00315000 0.11554251
1.00325000 0.11555482
1.00335000 0.11556712
1.00345000 0.11557942
1.00355000 0.11539410
1.00365000 0.11540642
1.00375000 0.11541874
1.00385000 0.11543106
1.00395000 0.11544338
1.00405000 0.11545570
1.00415000 0.11546801
1.00425000 0.11548032
1.00435000 0.11549263
1.00445000 0.11550493
1.00455000 0.11551724
1.00465000 0.11552954
1.00475000 0.11554184
1.00485000 0.11555413
1.00495000 0.11556643
1.00505000 0.11557872
1.00515000 0.11559101
1.00525000 0.11560330
1.00535000 0.11561558
1.00545000 0.11562787
1.00555000 0.11564015
1.00565000 0.11565242
1.00575000 0.11546737
1.00585000 0.11547967
1.00595000 0.11549198
1.00605000 0.11550427
1.00615000 0.11551657
1.00625000 0.11552887
1.00635000 0.11554116
1.00645000 0.11555345
1.00655000 0.11556574
1.00665000 0.11557802
1.00675000 0.11559031
1.00685000 0.11560259
1.00695000 0.11561487
1.00705000 0.11562714
1.00715000 0.11563942
1.00725000 0.11565169
1.00735000 0.11566396
1.00745000 0.11567623
1.00755000 0.11568849
1.00765000 0.11570075
1.00775000 0.11571301
1.00785000 0.11552820
1.00795000 0.11554048
1.00805000 0.11555277
1.00815000 0.11556505
1.00825000 0.11557733
1.00835000 0.11558960
1.00845000 0.11560188
1.00855000 0.11561415
1.00865000 0.11562642
1.00875000 0.11563869
1.00885000 0.11565096
1.00895000 0.11566322
1.00905000 0.11567548
1.00915000 0.11568774
1.00925000 0.11569999
1.00935000 0.11571225
1.00945000 0.11572450
1.00955000 0.11573675
1.00965000 0.11574900
1.00975000 0.11576124
1.00985000 0.11577348
1.00995000 0.11558890
1.01005000 0.11560117
1.01015000 0.11561343
1.01025000 0.11562570
1.01035000 0.11563796
1.01045000 0.11565022
1.01055000 0.11566248
1.01065000 0.11567473
1.01075000 0.11568698
1.01085000 0.11569923
1.01095000 0.11571148
1.01105000 0.11572373
1.01115000 0.11573597
1.01125000 0.11574821
1.01135000 0.11576045
1.01145000 0.11577268
1.01155000 0.11578492
1.01165000 0.11579715
1.01175000 0.11580938
1.01185000 0.11582160
1.01195000 0.11583383
1.01205000 0.11584605
1.01215000 0.11566173
1.01225000 0.11567398
1.01235000 0.11568623
1.01245000 0.11569847
1.01255000 0.11571071
1.01265000 0.11572295
1.01275000 0.11573519
1.01285000 0.11574742
1.01295000 0.11575965
1.01305000 0.11577188
1.01315000 0.11578411
1.01325000 0.11579633
1.01335000 0.11580856
1.01345000 0.11582078
1.01355000 0.11583299
1.01365000 0.11584521
1.01375000 0.11585742
1.01385000 0.11586963
1.01395000 0.11588184
1.01405000 0.11589405
1.01415000 0.11590625
1.01425000 0.11572217
1.01435000 0.11573440
1.01445000 0.11574663
1.01455000 0.11575885
1.01465000 0.11577108
1.01475000 0.11578330
1.01485000 0.11579552
1.01495000 0.11580773
1.01505000 0.11581994
1.01515000 0.11583216
1.01525000 0.11584436
1.01535000 0.11585657
1.01545000 0.11586878
1.01555000 0.11588098
1.01565000 0.11589318
1.01575000 0.11590537
1.01585000 0.11591757
1.01595000 0.11592976
1.01605000 0.11594195
1.01615000 0.11595414
1.01625000 0.11596632
1.01635000 0.11578248
1.01645000 0.11579469
1.01655000 0.11580690
1.01665000 0.11581911
1.01675000 0.11583132
1.01685000 0.11584352
1.01695000 0.11585572
1.01705000 0.11586792
1.01715000 0.11588011
1.01725000 0.11589230
1.01735000 0.11590449
1.01745000 0.11591668
1.01755000 0.11592887
1.01765000 0.11594105
1.01775000 0.11595323
1.01785000 0.11596541
1.01795000 0.11597759
1.01805000 0.11598976
1.01815000 0.11600193
1.01825000 0.11601410
1.01835000 0.11602627
1.01845000 0.11584267
1.01855000 0.11585486
1.01865000 0.11586705
1.01875000 0.11587924
1.01885000 0.11589143
1.01895000 0.11590361
1.01905000 0.11591579
1.01915000 0.11592797
1.01925000 0.11594015
1.01935000 0.11595232
1.01945000 0.11596449
1.01955000 0.11597666
1.01965000 0.11598883
1.01975000 0.11600100
1.01985000 0.11601316
1.01995000 0.11602532
1.02005000 0.11603748
1.02015000 0.11604963
1.02025000 0.11606179
1.02035000 0.11607394
1.02045000 0.11608609
1.02055000 0.11590272
1.02065000 0.11591490
1.02075000 0.11592707
1.02085000 0.11593924
1.02095000 0.11595141
1.02105000 0.11596357
1.02115000 0.11597574
1.02125000 0.11598790
1.02135000 0.11600006
1.02145000 0.11601221
1.02155000 0.11602436
1.02165000 0.11603652
1.02175000 0.11604866
1.02185000 0.11606081
1.02195000 0.11607296
1.02205000 0.11608510
1.02215000 0.11609724
1.02225000 0.11610937
1.02235000 0.11612151
1.02245000 0.11613364
1.02255000 0.11614577
1.02265000 0.11596265
1.02275000 0.11597480
1.02285000 0.11598696
1.02295000 0.11599911
1.02305000 0.11601126
1.02315000 0.11602341
1.02325000 0.11603555
1.02335000 0.11604769
1.02345000 0.11605983
1.02355000 0.11607197
1.02365000 0.11608410
1.02375000 0.11609624
1.02385000 0.11610837
1.02395000 0.11612049
1.02405000 0.11613262
1.02415000 0.11614474
1.02425000 0.11615686
1.02435000 0.11616898
1.02445000 0.11618110
1.02455000 0.11619321
1.02465000 0.11620532
1.02475000 0.11602244
1.02485000 0.11603458
1.02495000 0.11604671
1.02505000 0.11605885
1.02515000 0.11607098
1.02525000 0.11608310
1.02535000 0.11609523
1.02545000 0.11610735
1.02555000 0.11611947
1.02565000 0.11613159
1.02575000 0.11614371
1.02585000 0.11615582
1.02595000 0.11616793
1.02605000 0.11618004
1.02615000 0.11619215
1.02625000 0.11620425
1.02635000 0.11621636
1.02645000 0.11622846
1.02655000 0.11624055
1.02665000 0.11625265
1.02675000 0.11626474
1.02685000 0.11608210
1.02695000 0.11609422
1.02705000 0.11610634
1.02715000 0.11611845
1.02725000 0.11613056
1.02735000 0.11614267
1.02745000 0.11615478
1.02755000 0.11616688
1.02765000 0.11617898
1.02775000 0.11619108
1.02785000 0.11620318
1.02795000 0.11621527
1.02805000 0.11622737
1.02815000 0.11623946
1.02825000 0.11625155
1.02835000 0.11626363
1.02845000 0.11627571
1.02855000 0.11628779
1.02865000 0.11629987
1.02875000 0.11631195
1.02885000 0.11632402
1.02895000 0.11614162
1.02905000 0.11615372
1.02915000 0.11616582
1.02925000 0.11617792
1.02935000 0.11619001
1.02945000 0.11620210
1.02955000 0.11621419
1.02965000 0.11622627
1.02975000 0.11623836
1.02985000 0.11625044
1.02995000 0.11626251
1.03005000 0.11627459
1.03015000 0.11628666
1.03025000 0.11629874
1.03035000 0.11631080
1.03045000 0.11632287
1.03055000 0.11633493
1.03065000 0.11634700
1.03075000 0.11635906
1.03085000 0.11637111
1.03095000 0.11638317
1.03105000 0.11620101
1.03115000 0.11621309
1.03125000 0.11622517
1.03135000 0.11623725
1.03145000 0.11624932
1.03155000 0.11626139
1.03165000 0.11627346
1.03175000 0.11628553
1.03185000 0.11629759
1.03195000 0.11630965
1.03205000 0.11632171
1.03215000 0.11633377
1.03225000 0.11634582
1.03235000 0.11635788
1.03245000 0.11636993
1.03255000 0.11638197
1.03265000 0.11639402
1.03275000 0.11640606
1.03285000 0.11641810
1.03295000 0.11643014
1.03305000 0.11644217
1.03315000 0.11626026
1.03325000 0.11627232
1.03335000 0.11628438
1.03345000 0.11629644
1.03355000 0.11630849
1.03365000 0.11632055
1.03375000 0.11633260
1.03385000 0.11634464
1.03395000 0.11635669
1.03405000 0.11636873
1.03415000 0.11638077
1.03425000 0.11639281
1.03435000 0.11640484
1.03445000 0.11641688
1.03455000 0.11642891
1.03465000 0.11644094
1.03475000 0.11645296
1.03485000 0.11646498
1.03495000 0.11647701
1.03505000 0.11648902
1.03515000 0.11630733
1.03525000 0.11631937
1.03535000 0.11633142
1.03545000 0.11634346
1.03555000 0.11635549
1.03565000 0.11636753
1.03575000 0.11637956
1.03585000 0.11639159
1.03595000 0.11640362
1.03605000 0.11641564
1.03615000 0.11642767
1.03625000 0.11643969
1.03635000 0.11645171
1.03645000 0.11646372
1.03655000 0.11647574
1.03665000 0.11648775
1.03675000 0.11649976
1.03685000 0.11651176
1.03695000 0.11652377
1.03705000 0.11653577
1.03715000 0.11654777
1.03725000 0.11636632
1.03735000 0.11637834
1.03745000 0.11639037
1.03755000 0.11640239
1.03765000 0.11641440
1.03775000 0.11642642
1.03785000 0.11643843
1.03795000 0.11645044
1.03805000 0.11646245
1.03815000 0.11647446
1.03825000 0.11648646
1.03835000 0.11649846
1.03845000 0.11651046
1.03855000 0.11652246
1.03865000 0.11653445
1.03875000 0.11654645
1.03885000 0.11655844
1.03895000 0.11657042
1.03905000 0.11658241
1.03915000 0.11659439
1.03925000 0.11660637
1.03935000 0.11642516
1.03945000 0.11643717
1.03955000 0.11644917
1.03965000 0.11646117
1.03975000 0.11647317
1.03985000 0.11648517
1.03995000 0.11649716
1.04005000 0.11650915
1.04015000 0.11652114
1.04025000 0.11653313
1.04035000 0.11654512
1.04045000 0.11655710
1.04055000 0.11656908
1.04065000 0.11658105
1.04075000 0.11659303
1.04085000 0.11660500
1.04095000 0.11661697
1.04105000 0.11662894
1.04115000 0.11664090
1.04125000 0.11665287
1.04135000 0.11647188
1.04145000 0.11648387
1.04155000 0.11649585
1.04165000 0.11650784
1.04175000 0.11651982
1.04185000 0.11653180
1.04195000 0.11654377
1.04205000 0.11655575
1.04215000 0.11656772
1.04225000 0.11657969
1.04235000 0.11659166
1.04245000 0.11660362
1.04255000 0.11661559
1.04265000 0.11662755
1.04275000 0.11663950
1.04285000 0.11665146
1.04295000 0.11666341
1.04305000 0.11667536
1.04315000 0.11668731
1.04325000 0.11669926
1.04335000 0.11671120
1.04345000 0.11653045
1.04355000 0.11654242
1.04365000 0.11655439
1.04375000 0.11656636
1.04385000 0.11657832
1.04395000 0.11659028
1.04405000 0.11660223
1.04415000 0.11661419
1.04425000 0.11662614
1.04435000 0.11663809
1.04445000 0.11665004
1.04455000 0.11666198
1.04465000 0.11667393
1.04475000 0.11668587
1.04485000 0.11669781
1.04495000 0.11670974
1.04505000 0.11672167
1.04515000 0.11673360
1.04525000 0.11674553
1.04535000 0.11675746
1.04545000 0.11657693
1.04555000 0.11658889
1.04565000 0.11660083
1.04575000 0.11661278
1.04585000 0.11662473
1.04595000 0.11663667
1.04605000 0.11664861
1.04615000 0.11666055
1.04625000 0.11667248
1.04635000 0.11668441
1.04645000 0.11669634
1.04655000 0.11670827
1.04665000 0.11672020
1.04675000 0.11673212
1.04685000 0.11674404
1.04695000 0.11675596
1.04705000 0.11676788
1.04715000 0.11677979
1.04725000 0.11679170
1.04735000 0.11680361
1.04745000 0.11681551
1.04755000 0.11663524
1.04765000 0.11664717
1.04775000 0.11665910
1.04785000 0.11667102
1.04795000 0.11668295
1.04805000 0.11669487
1.04815000 0.11670679
1.04825000 0.11671871
1.04835000 0.11673062
1.04845000 0.11674254
1.04855000 0.11675445
1.04865000 0.11676636
1.04875000 0.11677826
1.04885000 0.11679016
1.04895000 0.11680207
1.04905000 0.11681396
1.04915000 0.11682586
1.04925000 0.11683775
1.04935000 0.11684964
1.04945000 0.11686153
1.04955000 0.11668147
1.04965000 0.11669339
1.04975000 0.11670530
1.04985000 0.11671721
1.04995000 0.11672912
1.05005000 0.11674102
1.05015000 0.11675293
1.05025000 0.11676483
1.05035000 0.11677672
1.05045000 0.11678862
1.05055000 0.11680051
1.05065000 0.11681240
1.05075000 0.11682429
1.05085000 0.11683618
1.05095000 0.11684806
1.05105000 0.11685994
1.05115000 0.11687182
1.05125000 0.11688369
1.05135000 0.11689557
1.05145000 0.11690744
1.05155000 0.11691931
1.05165000 0.11673950
1.05175000 0.11675139
1.05185000 0.11676328
1.05195000 0.11677517
1.05205000 0.11678706
1.05215000 0.11679894
1.05225000 0.11681083
1.05235000 0.11682271
1.05245000 0.11683458
1.05255000 0.11684646
1.05265000 0.11685833
1.05275000 0.11687020
1.05285000 0.11688207
1.05295000 0.11689394
1.05305000 0.11690580
1.05315000 0.11691766
1.05325000 0.11692952
1.05335000 0.11694137
1.05345000 0.11695323
1.05355000 0.11696508
1.05365000 0.11678549
1.05375000 0.11679737
1.05385000 0.11680924
1.05395000 0.11682111
1.05405000 0.11683298
1.05415000 0.11684485
1.05425000 0.11685671
1.05435000 0.11686858
1.05445000 0.11688044
1.05455000 0.11689229
1.05465000 0.11690415
1.05475000 0.11691600
1.05485000 0.11692785
1.05495000 0.11693970
1.05505000 0.11695154
1.05515000 0.11696339
1.05525000 0.11697523
1.05535000 0.11698707
1.05545000 0.11699890
1.05555000 0.11701074
1.05565000 0.11702257
1.05575000 0.11684323
1.05585000 0.11685508
1.05595000 0.11686694
1.05605000 0.11687879
1.05615000 0.11689064
1.05625000 0.11690248
1.05635000 0.11691433
1.05645000 0.11692617
1.05655000 0.11693801
1.05665000 0.11694985
1.05675000 0.11696168
1.05685000 0.11697351
1.05695000 0.11698534
1.05705000 0.11699717
1.05715000 0.11700900
1.05725000 0.11702082
1.05735000 0.11703264
1.05745000 0.11704446
1.05755000 0.11705627
1.05765000 0.11706809
1.05775000 0.11688897
1.05785000 0.11690081
1.05795000 0.11691264
1.05805000 0.11692448
1.05815000 0.11693631
1.05825000 0.11694814
1.05835000 0.11695996
1.05845000 0.11697179
1.05855000 0.11698361
1.05865000 0.11699543
1.05875000 0.11700725
1.05885000 0.11701906
1.05895000 0.11703087
1.05905000 0.11704268
1.05915000 0.11705449
1.05925000 0.11706629
1.05935000 0.11707810
1.05945000 0.11708990
1.05955000 0.11710169
1.05965000 0.11711349
1.05975000 0.11693459
1.05985000 0.11694641
1.05995000 0.11695823
1.06005000 0.11697005
1.06015000 0.11698186
1.06025000 0.11699367
1.06035000 0.11700548
1.06045000 0.11701729
1.06055000 0.11702909
1.06065000 0.11704089
1.06075000 0.11705269
1.06085000 0.11706449
1.06095000 0.11707628
1.06105000 0.11708807
1.06115000 0.11709986
1.06125000 0.11711165
1.06135000 0.11712343
1.06145000 0.11713521
1.06155000 0.11714699
1.06165000 0.11715877
1.06175000 0.11717054
1.06185000 0.11699190
1.06195000 0.11700370
1.06205000 0.11701550
1.06215000 0.11702729
1.06225000 0.11703909
1.06235000 0.11705088
1.06245000 0.11706266
1.06255000 0.11707445
1.06265000 0.11708623
1.06275000 0.11709801
1.06285000 0.11710979
1.06295000 0.11712157
1.06305000 0.11713334
1.06315000 0.11714511
1.06325000 0.11715688
1.06335000 0.11716865
1.06345000 0.11718041
1.06355000 0.11719217
1.06365000 0.11720393
1.06375000 0.11721569
1.06385000 0.11703727
1.06395000 0.11704905
1.06405000 0.11706083
1.06415000 0.11707260
1.06425000 0.11708438
1.06435000 0.11709615
1.06445000 0.11710792
1.06455000 0.11711969
1.06465000 0.11713145
1.06475000 0.11714322
1.06485000 0.11715498
1.06495000 0.11716673
1.06505000 0.11717849
1.06515000 0.11719024
1.06525000 0.11720199
1.06535000 0.11721374
1.06545000 0.11722549
1.06555000 0.11723723
1.06565000 0.11724897
1.06575000 0.11726071
1.06585000 0.11708251
1.06595000 0.11709427
1.06605000 0.11710603
1.06615000 0.11711779
1.06625000 0.11712955
1.06635000 0.11714130
1.06645000 0.11715306
1.06655000 0.11716480
1.06665000 0.11717655
1.06675000 0.11718830
1.06685000 0.11720004
1.06695000 0.11721178
1.06705000 0.11722351
1.06715000 0.11723525
1.06725000 0.11724698
1.06735000 0.11725871
1.06745000 0.11727044
1.06755000 0.11728216
1.06765000 0.11729388
1.06775000 0.11730560
1.06785000 0.11712763
1.06795000 0.11713938
1.06805000 0.11715112
1.06815000 0.11716286
1.06825000 0.11717460
1.06835000 0.11718633
1.06845000 0.11719807
1.06855000 0.11720980
1.06865000 0.11722152
1.06875000 0.11723325
1.06885000 0.11724497
1.06895000 0.11725669
1.06905000 0.11726841
1.06915000 0.11728013
1.06925000 0.11729184
1.06935000 0.11730355
1.06945000 0.11731526
1.06955000 0.11732697
1.06965000 0.11733867
1.06975000 0.11735038
1.06985000 0.11717263
1.06995000 0.11718435
1.07005000 0.11719608
1.07015000 0.11720780
1.07025000 0.11721952
1.07035000 0.11723124
1.07045000 0.11724295
1.07055000 0.11725466
1.07065000 0.11726637
1.07075000 0.11727808
1.07085000 0.11728979
1.07095000 0.11730149
1.07105000 0.11731319
1.07115000 0.11732489
1.07125000 0.11733658
1.07135000 0.11734827
1.07145000 0.11735996
1.07155000 0.11737165
1.07165000 0.11738334
1.07175000 0.11739502
1.07185000 0.11721750
1.07195000 0.11722921
1.07205000 0.11724091
1.07215000 0.11725261
1.07225000 0.11726432
1.07235000 0.11727601
1.07245000 0.11728771
1.07255000 0.11729940
1.07265000 0.11731110
1.07275000 0.11732278
1.07285000 0.11733447
1.07295000 0.11734616
1.07305000 0.11735784
1.07315000 0.11736952
1.07325000 0.11738119
1.07335000 0.11739287
1.07345000 0.11740454
1.07355000 0.11741621
1.07365000 0.11742787
1.07375000 0.11743954
1.07385000 0.11726224
1.07395000 0.11727393
1.07405000 0.11728562
1.07415000 0.11729730
1.07425000 0.11730899
1.07435000 0.11732067
1.07445000 0.11733234
1.07455000 0.11734402
1.07465000 0.11735569
1.07475000 0.11736736
1.07485000 0.11737903
1.07495000 0.11739069
1.07505000 0.11740236
1.07515000 0.11741402
1.07525000 0.11742568
1.07535000 0.11743733
1.07545000 0.11744898
1.07555000 0.11746063
1.07565000 0.11747228
1.07575000 0.11748393
1.07585000 0.11730686
1.07595000 0.11731853
1.07605000 0.11733020
1.07615000 0.11734186
1.07625000 0.11735353
1.07635000 0.11736519
1.07645000 0.11737685
1.07655000 0.11738850
1.07665000 0.11740016
1.07675000 0.11741181
1.07685000 0.11742346
1.07695000 0.11743510
1.07705000 0.11744675
1.07715000 0.11745839
1.07725000 0.11747003
1.07735000 0.11748167
1.07745000 0.11749330
1.07755000 0.11750493
1.07765000 0.11751656
1.07775000 0.11752819
1.07785000 0.11735134
1.07795000 0.11736300
1.07805000 0.11737465
1.07815000 0.11738629
1.07825000 0.11739794
1.07835000 0.11740958
1.07845000 0.11742122
1.07855000 0.11743286
1.07865000 0.11744449
1.07875000 0.11745613
1.07885000 0.11746776
1.07895000 0.11747938
1.07905000 0.11749101
1.07915000 0.11750263
1.07925000 0.11751425
1.07935000 0.11752587
1.07945000 0.11753749
1.07955000 0.11754910
1.07965000 0.11756071
1.07975000 0.11757232
1.07985000 0.11739570
1.07995000 0.11740733
1.08005000 0.11741897
1.08015000 0.11743059
1.08025000 0.11744222
1.08035000 0.11745384
1.08045000 0.11746546
1.08055000 0.11747708
1.08065000 0.11748870
1.08075000 0.11750031
1.08085000 0.11751192
1.08095000 0.11752353
1.08105000 0.11753514
1.08115000 0.11754674
1.08125000 0.11755834
1.08135000 0.11756994
1.08145000 0.11758154
1.08155000 0.11759313
1.08165000 0.11760473
1.08175000 0.11761631
1.08185000 0.11743993
1.08195000 0.11745154
1.08205000 0.11746315
1.08215000 0.11747476
1.08225000 0.11748637
1.08235000 0.11749797
1.08245000 0.11750958
1.08255000 0.11752117
1.08265000 0.11753277
1.08275000 0.11754437
1.08285000 0.11755596
1.08295000 0.11756755
1.08305000 0.11757914
1.08315000 0.11759072
1.08325000 0.11760230
1.08335000 0.11761388
1.08345000 0.11762546
1.08355000 0.11763704
1.08365000 0.11764861
1.08375000 0.11766018
1.08385000 0.11748402
1.08395000 0.11749561
1.08405000 0.11750721
1.08415000 0.11751880
1.08425000 0.11753038
1.08435000 0.11754197
1.08445000 0.11755355
1.08455000 0.11756513
1.08465000 0.11757671
1.08475000 0.11758829
1.08485000 0.11759986
1.08495000 0.11761143
1.08505000 0.11762300
1.08515000 0.11763456
1.08525000 0.11764613
1.08535000 0.11765769
1.08545000 0.11766925
1.08555000 0.11768080
1.08565000 0.11769236
1.08575000 0.11770391
1.08585000 0.11752798
1.08595000 0.11753955
1.08605000 0.11755113
1.08615000 0.11756270
1.08625000 0.11757427
1.08635000 0.11758583
1.08645000 0.11759740
1.08655000 0.11760896
1.08665000 0.11762052
1.08675000 0.11763207
1.08685000 0.11764363
1.08695000 0.11765518
1.08705000 0.11766673
1.08715000 0.11767827
1.08725000 0.11768982
1.08735000 0.11770136
1.08745000 0.11771290
1.08755000 0.11772443
1.08765000 0.11773597
1.08775000 0.11756024
1.08785000 0.11757180
1.08795000 0.11758336
1.08805000 0.11759491
1.08815000 0.11760646
1.08825000 0.11761801
1.08835000 0.11762956
1.08845000 0.11764110
1.08855000 0.11765265
1.08865000 0.11766419
1.08875000 0.11767572
1.08885000 0.11768726
1.08895000 0.11769879
1.08905000 0.11771032
1.08915000 0.11772185
1.08925000 0.11773337
1.08935000 0.11774489
1.08945000 0.11775641
1.08955000 0.11776793
1.08965000 0.11777945
1.08975000 0.11760395
1.08985000 0.11761549
1.08995000 0.11762702
1.09005000 0.11763856
1.09015000 0.11765009
1.09025000 0.11766162
1.09035000 0.11767315
1.09045000 0.11768467
1.09055000 0.11769620
1.09065000 0.11770772
1.09075000 0.11771923
1.09085000 0.11773075
1.09095000 0.11774226
1.09105000 0.11775377
1.09115000 0.11776528
1.09125000 0.11777679
1.09135000 0.11778829
1.09145000 0.11779979
1.09155000 0.11781129
1.09165000 0.11782278
1.09175000 0.11764751
1.09185000 0.11765904
1.09195000 0.11767055
1.09205000 0.11768207
1.09215000 0.11769358
1.09225000 0.11770509
1.09235000 0.11771660
1.09245000 0.11772811
1.09255000 0.11773961
1.09265000 0.11775111
1.09275000 0.11776261
1.09285000 0.11777410
1.09295000 0.11778560
1.09305000 0.11779709
1.09315000 0.11780858
1.09325000 0.11782006
1.09335000 0.11783155
1.09345000 0.11784303
1.09355000 0.11785451
1.09365000 0.11767944
1.09375000 0.11769094
1.09385000 0.11770245
1.09395000 0.11771394
1.09405000 0.11772544
1.09415000 0.11773693
1.09425000 0.11774842
1.09435000 0.11775991
1.09445000 0.11777140
1.09455000 0.11778288
1.09465000 0.11779436
1.09475000 0.11780584
1.09485000 0.11781732
1.09495000 0.11782879
1.09505000 0.11784026
1.09515000 0.11785173
1.09525000 0.11786320
1.09535000 0.11787466
1.09545000 0.11788613
1.09555000 0.11789758
1.09565000 0.11772275
1.09575000 0.11773423
1.09585000 0.11774572
1.09595000 0.11775719
1.09605000 0.11776867
1.09615000 0.11778015
1.09625000 0.11779162
1.09635000 0.11780309
1.09645000 0.11781455
1.09655000 0.11782602
1.09665000 0.11783748
1.09675000 0.11784894
1.09685000 0.11786039
1.09695000 0.11787185
1.09705000 0.11788330
1.09715000 0.11789475
1.09725000 0.11790620
1.09735000 0.11791764
1.09745000 0.11792908
1.09755000 0.11794052
1.09765000 0.11776592
1.09775000 0.11777738
1.09785000 0.11778884
1.09795000 0.11780030
1.09805000 0.11781176
1.09815000 0.11782321
1.09825000 0.11783467
1.09835000 0.11784612
1.09845000 0.11785756
1.09855000 0.11786901
1.09865000 0.11788045
1.09875000 0.11789189
1.09885000 0.11790333
1.09895000 0.11791476
1.09905000 0.11792619
1.09915000 0.11793762
1.09925000 0.11794905
1.09935000 0.11796047
1.09945000 0.11797189
1.09955000 0.11779750
1.09965000 0.11780894
1.09975000 0.11782039
1.09985000 0.11783183
1.09995000 0.11784327
1.10005000 0.11785471
1.10015000 0.11786614
1.10025000 0.11787757
1.10035000 0.11788900
1.10045000 0.11790043
1.10055000 0.11791185
1.10065000 0.11792328
1.10075000 0.11793470
1.10085000 0.11794611
1.10095000 0.11795753
1.10105000 0.11796894
1.10115000 0.11798035
1.10125000 0.11799176
1.10135000 0.11800316
1.10145000 0.11801456
1.10155000 0.11784040
1.10165000 0.11785183
1.10175000 0.11786325
1.10185000 0.11787467
1.10195000 0.11788609
1.10205000 0.11789751
1.10215000 0.11790892
1.10225000 0.11792034
1.10235000 0.11793175
1.10245000 0.11794315
1.10255000 0.11795456
1.10265000 0.11796596
1.10275000 0.11797736
1.10285000 0.11798876
1.10295000 0.11800015
1.10305000 0.11801154
1.10315000 0.11802293
1.10325000 0.11803432
1.10335000 0.11804571
1.10345000 0.11787175
1.10355000 0.11788316
1.10365000 0.11789456
1.10375000 0.11790597
1.10385000 0.11791737
1.10395000 0.11792877
1.10405000 0.11794017
1.10415000 0.11795156
1.10425000 0.11796295
1.10435000 0.11797434
1.10445000 0.11798573
1.10455000 0.11799712
1.10465000 0.11800850
1.10475000 0.11801988
1.10485000 0.11803126
1.10495000 0.11804263
1.10505000 0.11805400
1.10515000 0.11806537
1.10525000 0.11807674
1.10535000 0.11808810
1.10545000 0.11791438
1.10555000 0.11792577
1.10565000 0.11793716
1.10575000 0.11794854
1.10585000 0.11795992
1.10595000 0.11797130
1.10605000 0.11798268
1.10615000 0.11799405
1.10625000 0.11800543
1.10635000 0.11801680
1.10645000 0.11802816
1.10655000 0.11803953
1.10665000 0.11805089
1.10675000 0.11806225
1.10685000 0.11807361
1.10695000 0.11808496
1.10705000 0.11809631
1.10715000 0.11810766
1.10725000 0.11811901
1.10735000 0.11794549
1.10745000 0.11795686
1.10755000 0.11796823
1.10765000 0.11797960
1.10775000 0.11799096
1.10785000 0.11800233
1.10795000 0.11801369
1.10805000 0.11802504
1.10815000 0.11803640
1.10825000 0.11804775
1.10835000 0.11805910
1.10845000 0.11807045
1.10855000 0.11808179
1.10865000 0.11809313
1.10875000 0.11810447
1.10885000 0.11811581
1.10895000 0.11812714
1.10905000 0.11813848
1.10915000 0.11814981
1.10925000 0.11797649
1.10935000 0.11798785
1.10945000 0.11799920
1.10955000 0.11801055
1.10965000 0.11802190
1.10975000 0.11803324
1.10985000 0.11804458
1.10995000 0.11805592
1.11005000 0.11806726
1.11015000 0.11807859
1.11025000 0.11808992
1.11035000 0.11810125
1.11045000 0.11811258
1.11055000 0.11812391
1.11065000 0.11813523
1.11075000 0.11814655
1.11085000 0.11815786
1.11095000 0.11816918
1.11105000 0.11818049
1.11115000 0.11819180
1.11125000 0.11801872
1.11135000 0.11803006
1.11145000 0.11804139
1.11155000 0.11805272
1.11165000 0.11806404
1.11175000 0.11807537
1.11185000 0.11808669
1.11195000 0.11809801
1.11205000 0.11810932
1.11215000 0.11812064
1.11225000 0.11813195
1.11235000 0.11814326
1.11245000 0.11815456
1.11255000 0.11816587
1.11265000 0.11817717
1.11275000 0.11818847
1.11285000 0.11819977
1.11295000 0.11821106
1.11305000 0.11822235
1.11315000 0.11804948
1.11325000 0.11806080
1.11335000 0.11807211
1.11345000 0.11808342
1.11355000 0.11809473
1.11365000 0.11810604
1.11375000 0.11811734
1.11385000 0.11812864
1.11395000 0.11813994
1.11405000 0.11815124
1.11415000 0.11816253
1.11425000 0.11817382
1.11435000 0.11818511
1.11445000 0.11819640
1.11455000 0.11820768
1.11465000 0.11821896
1.11475000 0.11823024
1.11485000 0.11824152
1.11495000 0.11825279
1.11505000 0.11808013
1.11515000 0.11809143
1.11525000 0.11810272
1.11535000 0.11811402
1.11545000 0.11812531
1.11555000 0.11813660
1.11565000 0.11814788
1.11575000 0.11815917
1.11585000 0.11817045
1.11595000 0.11818172
1.11605000 0.11819300
1.11615000 0.11820427
1.11625000 0.11821554
1.11635000 0.11822681
1.11645000 0.11823808
1.11655000 0.11824934
1.11665000 0.11826060
1.11675000 0.11827186
1.11685000 0.11828311
1.11695000 0.11811066
1.11705000 0.11812194
1.11715000 0.11813322
1.11725000 0.11814450
1.11735000 0.11815577
1.11745000 0.11816704
1.11755000 0.11817831
1.11765000 0.11818957
1.11775000 0.11820084
1.11785000 0.11821210
1.11795000 0.11822335
1.11805000 0.11823461
1.11815000 0.11824586
1.11825000 0.11825711
1.11835000 0.11826836
1.11845000 0.11827960
1.11855000 0.11829085
1.11865000 0.11830209
1.11875000 0.11831332
1.11885000 0.11832456
1.11895000 0.11815234
1.11905000 0.11816360
1.11915000 0.11817486
1.11925000 0.11818612
1.11935000 0.11819737
1.11945000 0.11820862
1.11955000 0.11821986
1.11965000 0.11823111
1.11975000 0.11824235
1.11985000 0.11825359
1.11995000 0.11826483
1.12005000 0.11827606
1.12015000 0.11828729
1.12025000 0.11829852
1.12035000 0.11830975
1.12045000 0.11832097
1.12055000 0.11833220
1.12065000 0.11834341
1.12075000 0.11835463
1.12085000 0.11818263
1.12095000 0.11819387
1.12105000 0.11820511
1.12115000 0.11821634
1.12125000 0.11822758
1.12135000 0.11823881
1.12145000 0.11825004
1.12155000 0.11826126
1.12165000 0.11827249
1.12175000 0.11828371
1.12185000 0.11829493
1.12195000 0.11830614
1.12205000 0.11831736
1.12215000 0.11832857
1.12225000 0.11833978
1.12235000 0.11835098
1.12245000 0.11836219
1.12255000 0.11837339
1.12265000 0.11838459
1.12275000 0.11821279
1.12285000 0.11822402
1.12295000 0.11823524
1.12305000 0.11824646
1.12315000 0.11825767
1.12325000 0.11826888
1.12335000 0.11828010
1.12345000 0.11829130
1.12355000 0.11830251
1.12365000 0.11831371
1.12375000 0.11832491
1.12385000 0.11833611
1.12395000 0.11834731
1.12405000 0.11835850
1.12415000 0.11836969
1.12425000 0.11838088
1.12435000 0.11839206
1.12445000 0.11840324
1.12455000 0.11841443
1.12465000 0.11824284
1.12475000 0.11825405
1.12485000 0.11826525
1.12495000 0.11827645
1.12505000 0.11828765
1.12515000 0.11829884
1.12525000 0.11831003
1.12535000 0.11832122
1.12545000 0.11833241
1.12555000 0.11834359
1.12565000 0.11835478
1.12575000 0.11836596
1.12585000 0.11837713
1.12595000 0.11838831
1.12605000 0.11839948
1.12615000 0.11841065
1.12625000 0.11842182
1.12635000 0.11843298
1.12645000 0.11844414
1.12655000 0.11827277
1.12665000 0.11828396
1.12675000 0.11829514
1.12685000 0.11830632
1.12695000 0.11831750
1.12705000 0.11832868
1.12715000 0.11833985
1.12725000 0.11835102
1.12735000 0.11836219
1.12745000 0.11837336
1.12755000 0.11838452
1.12765000 0.11839568
1.12775000 0.11840684
1.12785000 0.11841800
1.12795000 0.11842915
1.12805000 0.11844030
1.12815000 0.11845145
1.12825000 0.11846260
1.12835000 0.11847374
1.12845000 0.11830258
1.12855000 0.11831375
1.12865000 0.11832491
1.12875000 0.11833608
1.12885000 0.11834724
1.12895000 0.11835839
1.12905000 0.11836955
1.12915000 0.11838070
1.12925000 0.11839185
1.12935000 0.11840300
1.12945000 0.11841415
1.12955000 0.11842529
1.12965000 0.11843643
1.12975000 0.11844757
1.12985000 0.11845870
1.12995000 0.11846983
1.13005000 0.11848096
1.13015000 0.11849209
1.13025000 0.11850322
1.13035000 0.11833227
1.13045000 0.11834342
1.13055000 0.11835456
1.13065000 0.11836571
1.13075000 0.11837685
1.13085000 0.11838799
1.13095000 0.11839913
1.13105000 0.11841026
1.13115000 0.11842139
1.13125000 0.11843252
1.13135000 0.11844365
1.13145000 0.11845477
1.13155000 0.11846589
1.13165000 0.11847701
1.13175000 0.11848813
1.13185000 0.11849924
1.13195000 0.11851035
1.13205000 0.11852146
1.13215000 0.11853257
1.13225000 0.11836183
1.13235000 0.11837296
1.13245000 0.11838409
1.13255000 0.11839522
1.13265000 0.11840634
1.13275000 0.11841746
1.13285000 0.11842858
1.13295000 0.11843969
1.13305000 0.11845081
1.13315000 0.11846192
1.13325000 0.11847303
1.13335000 0.11848413
1.13345000 0.11849523
1.13355000 0.11850633
1.13365000 0.11851743
1.13375000 0.11852853
1.13385000 0.11853962
1.13395000 0.11855071
1.13405000 0.11856180
1.13415000 0.11839127
1.13425000 0.11840239
1.13435000 0.11841350
1.13445000 0.11842460
1.13455000 0.11843571
1.13465000 0.11844681
1.13475000 0.11845791
1.13485000 0.11846900
1.13495000 0.11848010
1.13505000 0.11849119
1.13515000 0.11850228
1.13525000 0.11851337
1.13535000 0.11852445
1.13545000 0.11853553
1.13555000 0.11854661
1.13565000 0.11855769
1.13575000 0.11856876
1.13585000 0.11857983
1.13595000 0.11859090
1.13605000 0.11842059
1.13615000 0.11843169
1.13625000 0.11844278
1.13635000 0.11845386
1.13645000 0.11846495
1.13655000 0.11847603
1.13665000 0.11848711
1.13675000 0.11849819
1.13685000 0.11850927
1.13695000 0.11852034
1.13705000 0.11853141
1.13715000 0.11854248
1.13725000 0.11855354
1.13735000 0.11856461
1.13745000 0.11857567
1.13755000 0.11858672
1.13765000 0.11859778
1.13775000 0.11860883
1.13785000 0.11861988
1.13795000 0.11844978
1.13805000 0.11846086
1.13815000 0.11847193
1.13825000 0.11848300
1.13835000 0.11849407
1.13845000 0.11850513
1.13855000 0.11851619
1.13865000 0.11852725
1.13875000 0.11853831
1.13885000 0.11854936
1.13895000 0.11856041
1.13905000 0.11857146
1.13915000 0.11858251
1.13925000 0.11859355
1.13935000 0.11860459
1.13945000 0.11861563
1.13955000 0.11862667
1.13965000 0.11863770
1.13975000 0.11864873
1.13985000 0.11847885
1.13995000 0.11848991
1.14005000 0.11850096
1.14015000 0.11851201
1.14025000 0.11852306
1.14035000 0.11853410
1.14045000 0.11854515
1.14055000 0.11855619
1.14065000 0.11856722
1.14075000 0.11857826
1.14085000 0.11858929
1.14095000 0.11860032
1.14105000 0.11861135
1.14115000 0.11862237
1.14125000 0.11863339
1.14135000 0.11864441
1.14145000 0.11865543
1.14155000 0.11866645
1.14165000 0.11867746
1.14175000 0.11850779
1.14185000 0.11851883
1.14195000 0.11852986
1.14205000 0.11854089
1.14215000 0.11855192
1.14225000 0.11856295
1.14235000 0.11857397
1.14245000 0.11858499
1.14255000 0.11859601
1.14265000 0.11860703
1.14275000 0.11861804
1.14285000 0.11862905
1.14295000 0.11864006
1.14305000 0.11865106
1.14315000 0.11866207
1.14325000 0.11867307
1.14335000 0.11868407
1.14345000 0.11869506
1.14355000 0.11852558
1.14365000 0.11853660
1.14375000 0.11854762
1.14385000 0.11855863
1.14395000 0.11856965
1.14405000 0.11858066
1.14415000 0.11859166
1.14425000 0.11860267
1.14435000 0.11861367
1.14445000 0.11862467
1.14455000 0.11863567
1.14465000 0.11864666
1.14475000 0.11865765
1.14485000 0.11866864
1.14495000 0.11867963
1.14505000 0.11869061
1.14515000 0.11870159
1.14525000 0.11871257
1.14535000 0.11872355
1.14545000 0.11855428
1.14555000 0.11856529
1.14565000 0.11857628
1.14575000 0.11858728
1.14585000 0.11859827
1.14595000 0.11860926
1.14605000 0.11862025
1.14615000 0.11863124
1.14625000 0.11864222
1.14635000 0.11865320
1.14645000 0.11866418
1.14655000 0.11867515
1.14665000 0.11868612
1.14675000 0.11869709
1.14685000 0.11870806
1.14695000 0.11871903
1.14705000 0.11872999
1.14715000 0.11874095
1.14725000 0.11875190
1.14735000 0.11858286
1.14745000 0.11859384
1.14755000 0.11860482
1.14765000 0.11861579
1.14775000 0.11862677
1.14785000 0.11863774
1.14795000 0.11864871
1.14805000 0.11865967
1.14815000 0.11867064
1.14825000 0.11868160
1.14835000 0.11869255
1.14845000 0.11870351
1.14855000 0.11871446
1.14865000 0.11872541
1.14875000 0.11873636
1.14885000 0.11874731
1.14895000 0.11875825
1.14905000 0.11876919
1.14915000 0.11878013
1.14925000 0.11861130
1.14935000 0.11862226
1.14945000 0.11863322
1.14955000 0.11864418
1.14965000 0.11865513
1.14975000 0.11866608
1.14985000 0.11867703
1.14995000 0.11868798
1.15005000 0.11869892
1.15015000 0.11870986
1.15025000 0.11872080
1.15035000 0.11873174
1.15045000 0.11874267
1.15055000 0.11875360
1.15065000 0.11876453
1.15075000 0.11877546
1.15085000 0.11878638
1.15095000 0.11879730
1.15105000 0.11862866
1.15115000 0.11863961
1.15125000 0.11865055
1.15135000 0.11866149
1.15145000 0.11867243
1.15155000 0.11868336
1.15165000 0.11869429
1.15175000 0.11870522
1.15185000 0.11871615
1.15195000 0.11872707
1.15205000 0.11873800
1.15215000 0.11874892
1.15225000 0.11875983
1.15235000 0.11877075
1.15245000 0.11878166
1.15255000 0.11879257
1.15265000 0.11880348
1.15275000 0.11881438
1.15285000 0.11882528
1.15295000 0.11865686
1.15305000 0.11866778
1.15315000 0.11867870
1.15325000 0.11868963
1.15335000 0.11870054
1.15345000 0.11871146
1.15355000 0.11872237
1.15365000 0.11873328
1.15375000 0.11874419
1.15385000 0.11875509
1.15395000 0.11876600
1.15405000 0.11877690
1.15415000 0.11878779
1.15425000 0.11879869
1.15435000 0.11880958
1.15445000 0.11882047
1.15455000 0.11883136
1.15465000 0.11884224
1.15475000 0.11885313
1.15485000 0.11868492
1.15495000 0.11869582
1.15505000 0.11870673
1.15515000 0.11871763
1.15525000 0.11872853
1.15535000 0.11873942
1.15545000 0.11875032
1.15555000 0.11876121
1.15565000 0.11877209
1.15575000 0.11878298
1.15585000 0.11879386
1.15595000 0.11880474
1.15605000 0.11881562
1.15615000 0.11882650
1.15625000 0.11883737
1.15635000 0.11884824
1.15645000 0.11885911
1.15655000 0.11886997
1.15665000 0.11870195
1.15675000 0.11871284
1.15685000 0.11872373
1.15695000 0.11873461
1.15705000 0.11874550
1.15715000 0.11875637
1.15725000 0.11876725
1.15735000 0.11877812
1.15745000 0.11878900
1.15755000 0.11879986
1.15765000 0.11881073
1.15775000 0.11882159
1.15785000 0.11883245
1.15795000 0.11884331
1.15805000 0.11885417
1.15815000 0.11886502
1.15825000 0.11887587
1.15835000 0.11888672
1.15845000 0.11889756
1.15855000 0.11872977
1.15865000 0.11874063
1.15875000 0.11875150
1.15885000 0.11876237
1.15895000 0.11877323
1.15905000 0.11878409
1.15915000 0.11879494
1.15925000 0.11880580
1.15935000 0.11881665
1.15945000 0.11882750
1.15955000 0.11883834
1.15965000 0.11884919
1.15975000 0.11886003
1.15985000 0.11887087
1.15995000 0.11888170
1.16005000 0.11889254
1.16015000 0.11890337
1.16025000 0.11891419
1.16035000 0.11874659
1.16045000 0.11875744
1.16055000 0.11876829
1.16065000 0.11877914
1.16075000 0.11878998
1.16085000 0.11880082
1.16095000 0.11881166
1.16105000 0.11882250
1.16115000 0.11883333
1.16125000 0.11884416
1.16135000 0.11885499
1.16145000 0.11886582
1.16155000 0.11887664
1.16165000 0.11888746
1.16175000 0.11889828
1.16185000 0.11890910
1.16195000 0.11891991
1.16205000 0.11893072
1.16215000 0.11894153
1.16225000 0.11877414
1.16235000 0.11878497
1.16245000 0.11879580
1.16255000 0.11880663
1.16265000 0.11881746
1.16275000 0.11882828
1.16285000 0.11883910
1.16295000 0.11884991
1.16305000 0.11886073
1.16315000 0.11887154
1.16325000 0.11888235
1.16335000 0.11889316
1.16345000 0.11890396
1.16355000 0.11891476
1.16365000 0.11892556
1.16375000 0.11893636
1.16385000 0.11894715
1.16395000 0.11895794
1.16405000 0.11879074
1.16415000 0.11880156
1.16425000 0.11881237
1.16435000 0.11882318
1.16445000 0.11883399
1.16455000 0.11884479
1.16465000 0.11885560
1.16475000 0.11886640
1.16485000 0.11887719
1.16495000 0.11888799
1.16505000 0.11889878
1.16515000 0.11890957
1.16525000 0.11892035
1.16535000 0.11893114
1.16545000 0.11894192
1.16555000 0.11895270
1.16565000 0.11896348
1.16575000 0.11897425
1.16585000 0.11898502
1.16595000 0.11881804
1.16605000 0.11882884
1.16615000 0.11883963
1.16625000 0.11885042
1.16635000 0.11886121
1.16645000 0.11887199
1.16655000 0.11888277
1.16665000 0.11889355
1.16675000 0.11890433
1.16685000 0.11891510
1.16695000 0.11892588
1.16705000 0.11893665
1.16715000 0.11894741
1.16725000 0.11895818
1.16735000 0.11896894
1.16745000 0.11897970
1.16755000 0.11899045
1.16765000 0.11900121
1.16775000 0.11883442
1.16785000 0.11884520
1.16795000 0.11885597
1.16805000 0.11886675
1.16815000 0.11887752
1.16825000 0.11888828
1.16835000 0.11889905
1.16845000 0.11890981
1.16855000 0.11892057
1.16865000 0.11893133
1.16875000 0.11894208
1.16885000 0.11895283
1.16895000 0.11896358
1.16905000 0.11897433
1.16915000 0.11898507
1.16925000 0.11899581
1.16935000 0.11900655
1.16945000 0.11901729
1.16955000 0.11885070
1.16965000 0.11886146
1.16975000 0.11887222
1.16985000 0.11888297
1.16995000 0.11889372
1.17005000 0.11890447
1.17015000 0.11891522
1.17025000 0.11892596
1.17035000 0.11893671
1.17045000 0.11894744
1.17055000 0.11895818
1.17065000 0.11896892
1.17075000 0.11897965
1.17085000 0.11899038
1.17095000 0.11900110
1.17105000 0.11901183
1.17115000 0.11902255
1.17125000 0.11903327
1.17135000 0.11904398
1.17145000 0.11887761
1.17155000 0.11888835
1.17165000 0.11889909
1.17175000 0.11890982
1.17185000 0.11892056
1.17195000 0.11893128
1.17205000 0.11894201
1.17215000 0.11895274
1.17225000 0.11896346
1.17235000 0.11897418
1.17245000 0.11898489
1.17255000 0.11899561
1.17265000 0.11900632
1.17275000 0.11901703
1.17285000 0.11902773
1.17295000 0.11903844
1.17305000 0.11904914
1.17315000 0.11905984
1.17325000 0.11889366
1.17335000 0.11890438
1.17345000 0.11891510
1.17355000 0.11892582
1.17365000 0.11893653
1.17375000 0.11894724
1.17385000 0.11895795
1.17395000 0.11896866
1.17405000 0.11897936
1.17415000 0.11899007
1.17425000 0.11900076
1.17435000 0.11901146
1.17445000 0.11902215
1.17455000 0.11903284
1.17465000 0.11904353
1.17475000 0.11905422
1.17485000 0.11906490
1.17495000 0.11907558
1.17505000 0.11890960
1.17515000 0.11892031
1.17525000 0.11893101
1.17535000 0.11894171
1.17545000 0.11895240
1.17555000 0.11896310
1.17565000 0.11897379
1.17575000 0.11898448
1.17585000 0.11899516
1.17595000 0.11900585
1.17605000 0.11901653
1.17615000 0.11902721
1.17625000 0.11903788
1.17635000 0.11904856
1.17645000 0.11905923
1.17655000 0.11906989
1.17665000 0.11908056
1.17675000 0.11909122
1.17685000 0.11910188
1.17695000 0.11893612
1.17705000 0.11894681
1.17715000 0.11895749
1.17725000 0.11896817
1.17735000 0.11897884
1.17745000 0.11898952
1.17755000 0.11900019
1.17765000 0.11901086
1.17775000 0.11902152
1.17785000 0.11903219
1.17795000 0.11904285
1.17805000 0.11905350
1.17815000 0.11906416
1.17825000 0.11907481
1.17835000 0.11908546
1.17845000 0.11909611
1.17855000 0.11910675
1.17865000 0.11911740
1.17875000 0.11895183
1.17885000 0.11896250
1.17895000 0.11897316
1.17905000 0.11898382
1.17915000 0.11899448
1.17925000 0.11900514
1.17935000 0.11901579
1.17945000 0.11902644
1.17955000 0.11903709
1.17965000 0.11904773
1.17975000 0.11905838
1.17985000 0.11906902
1.17995000 0.11907965
1.18005000 0.11909029
1.18015000 0.11910092
1.18025000 0.11911155
1.18035000 0.11912218
1.18045000 0.11913280
1.18055000 0.11896743
1.18065000 0.11897808
1.18075000 0.11898873
1.18085000 0.11899937
1.18095000 0.11901001
1.18105000 0.11902065
1.18115000 0.11903128
1.18125000 0.11904191
1.18135000 0.11905254
1.18145000 0.11906317
1.18155000 0.11907380
1.18165000 0.11908442
1.18175000 0.11909504
1.18185000 0.11910566
1.18195000 0.11911627
1.18205000 0.11912688
1.18215000 0.11913749
1.18225000 0.11914810
1.18235000 0.11898292
1.18245000 0.11899355
1.18255000 0.11900418
1.18265000 0.11901481
1.18275000 0.11902543
1.18285000 0.11903605
1.18295000 0.11904667
1.18305000 0.11905728
1.18315000 0.11906789
1.18325000 0.11907850
1.18335000 0.11908911
1.18345000 0.11909971
1.18355000 0.11911031
1.18365000 0.11912091
1.18375000 0.11913151
1.18385000 0.11914210
1.18395000 0.11915269
1.18405000 0.11916328
1.18415000 0.11899830
1.18425000 0.11900892
1.18435000 0.11901953
1.18445000 0.11903013
1.18455000 0.11904074
1.18465000 0.11905134
1.18475000 0.11906194
1.18485000 0.11907253
1.18495000 0.11908313
1.18505000 0.11909372
1.18515000 0.11910431
1.18525000 0.11911489
1.18535000 0.11912548
1.18545000 0.11913606
1.18555000 0.11914664
1.18565000 0.11915721
1.18575000 0.11916778
1.18585000 0.11917835
1.18595000 0.11918892
1.18605000 0.11902417
1.18615000 0.11903476
1.18625000 0.11904535
1.18635000 0.11905593
1.18645000 0.11906652
1.18655000 0.11907710
1.18665000 0.11908768
1.18675000 0.11909825
1.18685000 0.11910883
1.18695000 0.11911940
1.18705000 0.11912996
1.18715000 0.11914053
1.18725000 0.11915109
1.18735000 0.11916165
1.18745000 0.11917221
1.18755000 0.11918276
1.18765000 0.11919332
1.18775000 0.11920386
1.18785000 0.11903931
1.18795000 0.11904988
1.18805000 0.11906045
1.18815000 0.11907102
1.18825000 0.11908159
1.18835000 0.11909215
1.18845000 0.11910271
1.18855000 0.11911327
1.18865000 0.11912382
1.18875000 0.11913437
1.18885000 0.11914492
1.18895000 0.11915547
1.18905000 0.11916601
1.18915000 0.11917655
1.18925000 0.11918709
1.18935000 0.11919763
1.18945000 0.11920816
1.18955000 0.11921869
1.18965000 0.11905434
1.18975000 0.11906489
1.18985000 0.11907544
1.18995000 0.11908599
1.19005000 0.11909654
1.19015000 0.11910708
1.19025000 0.11911763
1.19035000 0.11912816
1.19045000 0.11913870
1.19055000 0.11914923
1.19065000 0.11915977
1.19075000 0.11917029
1.19085000 0.11918082
1.19095000 0.11919134
1.19105000 0.11920186
1.19115000 0.11921238
1.19125000 0.11922290
1.19135000 0.11923341
1.19145000 0.11906925
1.19155000 0.11907979
1.19165000 0.11909032
1.19175000 0.11910085
1.19185000 0.11911138
1.19195000 0.11912191
1.19205000 0.11913243
1.19215000 0.11914295
1.19225000 0.11915347
1.19235000 0.11916398
1.19245000 0.11917450
1.19255000 0.11918501
1.19265000 0.11919551
1.19275000 0.11920602
1.19285000 0.11921652
1.19295000 0.11922702
1.19305000 0.11923752
1.19315000 0.11924801
1.19325000 0.11908405
1.19335000 0.11909457
1.19345000 0.11910508
1.19355000 0.11911560
1.19365000 0.11912611
1.19375000 0.11913661
1.19385000 0.11914712
1.19395000 0.11915762
1.19405000 0.11916812
1.19415000 0.11917862
1.19425000 0.11918911
1.19435000 0.11919960
1.19445000 0.11921009
1.19455000 0.11922058
1.19465000 0.11923106
1.19475000 0.11924154
1.19485000 0.11925202
1.19495000 0.11926250
1.19505000 0.11909874
1.19515000 0.11910923
1.19525000 0.11911973
1.19535000 0.11913023
1.19545000 0.11914072
1.19555000 0.11915121
1.19565000 0.11916169
1.19575000 0.11917218
1.19585000 0.11918266
1.19595000 0.11919314
1.19605000 0.11920361
1.19615000 0.11921408
1.19625000 0.11922456
1.19635000 0.11923502
1.19645000 0.11924549
1.19655000 0.11925595
1.19665000 0.11926641
1.19675000 0.11927687
1.19685000 0.11911330
1.19695000 0.11912379
1.19705000 0.11913426
1.19715000 0.11914474
1.19725000 0.11915521
1.19735000 0.11916568
1.19745000 0.11917615
1.19755000 0.11918662
1.19765000 0.11919708
1.19775000 0.11920754
1.19785000 0.11921799
1.19795000 0.11922845
1.19805000 0.11923890
1.19815000 0.11924935
1.19825000 0.11925980
1.19835000 0.11927024
1.19845000 0.11928068
1.19855000 0.11929112
1.19865000 0.11912776
1.19875000 0.11913822
1.19885000 0.11914868
1.19895000 0.11915914
1.19905000 0.11916959
1.19915000 0.11918004
1.19925000 0.11919049
1.19935000 0.11920094
1.19945000 0.11921138
1.19955000 0.11922182
1.19965000 0.11923226
1.19975000 0.11924270
1.19985000 0.11925313
1.19995000 0.11926356
1.20005000 0.11927399
1.20015000 0.11928441
1.20025000 0.11929484
1.20035000 0.11930526
1.20045000 0.11914209
1.20055000 0.11915254
1.20065000 0.11916298
1.20075000 0.11917342
1.20085000 0.11918385
1.20095000 0.11919428
1.20105000 0.11920471
1.20115000 0.11921514
1.20125000 0.11922557
1.20135000 0.11923599
1.20145000 0.11924641
1.20155000 0.11925683
1.20165000 0.11926724
1.20175000 0.11927765
1.20185000 0.11928806
1.20195000 0.11929847
1.20205000 0.11930887
1.20215000 0.11914588
1.20225000 0.11915631
1.20235000 0.11916673
1.20245000 0.11917716
1.20255000 0.11918758
1.20265000 0.11919799
1.20275000 0.11920841
1.20285000 0.11921882
1.20295000 0.11922923
1.20305000 0.11923963
1.20315000 0.11925004
1.20325000 0.11926044
1.20335000 0.11927084
1.20345000 0.11928123
1.20355000 0.11929163
1.20365000 0.11930202
1.20375000 0.11931241
1.20385000 0.11932279
1.20395000 0.11916000
1.20405000 0.11917041
1.20415000 0.11918081
1.20425000 0.11919122
1.20435000 0.11920162
1.20445000 0.11921202
1.20455000 0.11922241
1.20465000 0.11923280
1.20475000 0.11924319
1.20485000 0.11925358
1.20495000 0.11926397
1.20505000 0.11927435
1.20515000 0.11928473
1.20525000 0.11929511
1.20535000 0.11930548
1.20545000 0.11931585
1.20555000 0.11932622
1.20565000 0.11933659
1.20575000 0.11917400
1.20585000 0.11918439
1.20595000 0.11919477
1.20605000 0.11920516
1.20615000 0.11921554
1.20625000 0.11922592
1.20635000 0.11923630
1.20645000 0.11924667
1.20655000 0.11925704
1.20665000 0.11926741
1.20675000 0.11927778
1.20685000 0.11928814
1.20695000 0.11929850
1.20705000 0.11930886
1.20715000 0.11931921
1.20725000 0.11932957
1.20735000 0.11933992
1.20745000 0.11935026
1.20755000 0.11918787
1.20765000 0.11919824
1.20775000 0.11920861
1.20785000 0.11921898
1.20795000 0.11922934
1.20805000 0.11923970
1.20815000 0.11925006
1.20825000 0.11926041
1.20835000 0.11927077
1.20845000 0.11928112
1.20855000 0.11929146
1.20865000 0.11930181
1.20875000 0.11931215
1.20885000 0.11932249
1.20895000 0.11933283
1.20905000 0.11934316
1.20915000 0.11935349
1.20925000 0.11936382
1.20935000 0.11920163
1.20945000 0.11921198
1.20955000 0.11922233
1.20965000 0.11923268
1.20975000 0.11924302
1.20985000 0.11925336
1.20995000 0.11926370
1.21005000 0.11927404
1.21015000 0.11928437
1.21025000 0.11929470
1.21035000 0.11930503
1.21045000 0.11931535
1.21055000 0.11932568
1.21065000 0.11933600
1.21075000 0.11934632
1.21085000 0.11935663
1.21095000 0.11936694
1.21105000 0.11920493
1.21115000 0.11921526
1.21125000 0.11922560
1.21135000 0.11923593
1.21145000 0.11924625
1.21155000 0.11925658
1.21165000 0.11926690
1.21175000 0.11927722
1.21185000 0.11928754
1.21195000 0.11929785
1.21205000 0.11930816
1.21215000 0.11931847
1.21225000 0.11932878
1.21235000 0.11933908
1.21245000 0.11934938
1.21255000 0.11935968
1.21265000 0.11936998
1.21275000 0.11938027
1.21285000 0.11921846
1.21295000 0.11922878
1.21305000 0.11923909
1.21315000 0.11924940
1.21325000 0.11925971
1.21335000 0.11927001
1.21345000 0.11928032
1.21355000 0.11929062
1.21365000 0.11930092
1.21375000 0.11931121
1.21385000 0.11932150
1.21395000 0.11933179
1.21405000 0.11934208
1.21415000 0.11935236
1.21425000 0.11936265
1.21435000 0.11937293
1.21445000 0.11938320
1.21455000 0.11939348
1.21465000 0.11923187
1.21475000 0.11924216
1.21485000 0.11925246
1.21495000 0.11926275
1.21505000 0.11927304
1.21515000 0.11928332
1.21525000 0.11929361
1.21535000 0.11930389
1.21545000 0.11931417
1.21555000 0.11932444
1.21565000 0.11933472
1.21575000 0.11934499
1.21585000 0.11935526
1.21595000 0.11936552
1.21605000 0.11937578
1.21615000 0.11938604
1.21625000 0.11939630
1.21635000 0.11923487
1.21645000 0.11924515
1.21655000 0.11925543
1.21665000 0.11926570
1.21675000 0.11927597
1.21685000 0.11928624
1.21695000 0.11929651
1.21705000 0.11930678
1.21715000 0.11931704
1.21725000 0.11932730
1.21735000 0.11933755
1.21745000 0.11934781
1.21755000 0.11935806
1.21765000 0.11936831
1.21775000 0.11937855
1.21785000 0.11938880
1.21795000 0.11939904
1.21805000 0.11940928
1.21815000 0.11924805
1.21825000 0.11925831
1.21835000 0.11926856
1.21845000 0.11927882
1.21855000 0.11928907
1.21865000 0.11929932
1.21875000 0.11930957
1.21885000 0.11931982
1.21895000 0.11933006
1.21905000 0.11934030
1.21915000 0.11935054
1.21925000 0.11936077
1.21935000 0.11937100
1.21945000 0.11938123
1.21955000 0.11939146
1.21965000 0.11940168
1.21975000 0.11941191
1.21985000 0.11942212
1.21995000 0.11926110
1.22005000 0.11927134
1.22015000 0.11928158
1.22025000 0.11929181
1.22035000 0.11930205
1.22045000 0.11931228
1.22055000 0.11932251
1.22065000 0.11933273
1.22075000 0.11934296
1.22085000 0.11935318
1.22095000 0.11936339
1.22105000 0.11937361
1.22115000 0.11938382
1.22125000 0.11939403
1.22135000 0.11940424
1.22145000 0.11941444
1.22155000 0.11942465
1.22165000 0.11926380
1.22175000 0.11927402
1.22185000 0.11928424
1.22195000 0.11929446
1.22205000 0.11930468
1.22215000 0.11931489
1.22225000 0.11932511
1.22235000 0.11933532
1.22245000 0.11934552
1.22255000 0.11935573
1.22265000 0.11936593
1.22275000 0.11937612
1.22285000 0.11938632
1.22295000 0.11939651
1.22305000 0.11940670
1.22315000 0.11941689
1.22325000 0.11942708
1.22335000 0.11943726
1.22345000 0.11927661
1.22355000 0.11928682
1.22365000 0.11929702
1.22375000 0.11930722
1.22385000 0.11931742
1.22395000 0.11932761
1.22405000 0.11933781
1.22415000 0.11934800
1.22425000 0.11935818
1.22435000 0.11936837
1.22445000 0.11937855
1.22455000 0.11938873
1.22465000 0.11939890
1.22475000 0.11940908
1.22485000 0.11941925
1.22495000 0.11942942
1.22505000 0.11943958
1.22515000 0.11927911
1.22525000 0.11928930
1.22535000 0.11929949
1.22545000 0.11930967
1.22555000 0.11931985
1.22565000 0.11933003
1.22575000 0.11934020
1.22585000 0.11935038
1.22595000 0.11936055
1.22605000 0.11937071
1.22615000 0.11938088
1.22625000 0.11939104
1.22635000 0.11940120
1.22645000 0.11941136
1.22655000 0.11942151
1.22665000 0.11943166
1.22675000 0.11944181
1.22685000 0.11945196
1.22695000 0.11929169
1.22705000 0.11930186
1.22715000 0.11931203
1.22725000 0.11932219
1.22735000 0.11933235
1.22745000 0.11934251
1.22755000 0.11935267
1.22765000 0.11936282
1.22775000 0.11937297
1.22785000 0.11938312
1.22795000 0.11939326
1.22805000 0.11940340
1.22815000 0.11941354
1.22825000 0.11942368
1.22835000 0.11943382
1.22845000 0.11944395
1.22855000 0.11945408
1.22865000 0.11929399
1.22875000 0.11930414
1.22885000 0.11931429
1.22895000 0.11932444
1.22905000 0.11933458
1.22915000 0.11934472
1.22925000 0.11935486
1.22935000 0.11936500
1.22945000 0.11937513
1.22955000 0.11938526
1.22965000 0.11939539
1.22975000 0.11940552
1.22985000 0.11941564
1.22995000 0.11942576
1.23005000 0.11943587
1.23015000 0.11944599
1.23025000 0.11945610
1.23035000 0.11946621
1.23045000 0.11930633
1.23055000 0.11931646
1.23065000 0.11932659
1.23075000 0.11933672
1.23085000 0.11934684
1.23095000 0.11935696
1.23105000 0.11936708
1.23115000 0.11937720
1.23125000 0.11938731
1.23135000 0.11939742
1.23145000 0.11940753
1.23155000 0.11941764
1.23165000 0.11942774
1.23175000 0.11943784
1.23185000 0.11944794
1.23195000 0.11945803
1.23205000 0.11946812
1.23215000 0.11930842
1.23225000 0.11931854
1.23235000 0.11932865
1.23245000 0.11933876
1.23255000 0.11934887
1.23265000 0.11935897
1.23275000 0.11936907
1.23285000 0.11937917
1.23295000 0.11938927
1.23305000 0.11939936
1.23315000 0.11940945
1.23325000 0.11941954
1.23335000 0.11942963
1.23345000 0.11943971
1.23355000 0.11944979
1.23365000 0.11945987
1.23375000 0.11946994
1.23385000 0.11948002
1.23395000 0.11932052
1.23405000 0.11933061
1.23415000 0.11934071
1.23425000 0.11935080
1.23435000 0.11936088
1.23445000 0.11937097
1.23455000 0.11938105
1.23465000 0.11939113
1.23475000 0.11940121
1.23485000 0.11941128
1.23495000 0.11942135
1.23505000 0.11943142
1.23515000 0.11944148
1.23525000 0.11945155
1.23535000 0.11946161
1.23545000 0.11947167
1.23555000 0.11948172
1.23565000 0.11932241
1.23575000 0.11933248
1.23585000 0.11934256
1.23595000 0.11935263
1.23605000 0.11936270
1.23615000 0.11937277
1.23625000 0.11938283
1.23635000 0.11939289
1.23645000 0.11940295
1.23655000 0.11941301
1.23665000 0.11942306
1.23675000 0.11943311
1.23685000 0.11944316
1.23695000 0.11945321
1.23705000 0.11946325
1.23715000 0.11947329
1.23725000 0.11948333
1.23735000 0.11932419
1.23745000 0.11933426
1.23755000 0.11934431
1.23765000 0.11935437
1.23775000 0.11936442
1.23785000 0.11937447
1.23795000 0.11938452
1.23805000 0.11939456
1.23815000 0.11940460
1.23825000 0.11941464
1.23835000 0.11942468
1.23845000 0.11943471
1.23855000 0.11944474
1.23865000 0.11945477
1.23875000 0.11946480
1.23885000 0.11947482
1.23895000 0.11948484
1.23905000 0.11949486
1.23915000 0.11933593
1.23925000 0.11934597
1.23935000 0.11935601
1.23945000 0.11936604
1.23955000 0.11937608
1.23965000 0.11938611
1.23975000 0.11939613
1.23985000 0.11940616
1.23995000 0.11941618
1.24005000 0.11942620
1.24015000 0.11943622
1.24025000 0.11944623
1.24035000 0.11945624
1.24045000 0.11946625
1.24055000 0.11947625
1.24065000 0.11948626
1.24075000 0.11949626
1.24085000 0.11933751
1.24095000 0.11934753
1.24105000 0.11935755
1.24115000 0.11936757
1.24125000 0.11937759
1.24135000 0.11938760
1.24145000 0.11939761
1.24155000 0.11940761
1.24165000 0.11941762
1.24175000 0.11942762
1.24185000 0.11943762
1.24195000 0.11944762
1.24205000 0.11945761
1.24215000 0.11946760
1.24225000 0.11947759
1.24235000 0.11948757
1.24245000 0.11949756
1.24255000 0.11933899
1.24265000 0.11934899
1.24275000 0.11935900
1.24285000 0.11936900
1.24295000 0.11937900
1.24305000 0.11938899
1.24315000 0.11939898
1.24325000 0.11940897
1.24335000 0.11941896
1.24345000 0.11942894
1.24355000 0.11943892
1.24365000 0.11944890
1.24375000 0.11945888
1.24385000 0.11946885
1.24395000 0.11947882
1.24405000 0.11948879
1.24415000 0.11949876
1.24425000 0.11950872
1.24435000 0.11935036
1.24445000 0.11936034
1.24455000 0.11937033
1.24465000 0.11938031
1.24475000 0.11939028
1.24485000 0.11940026
1.24495000 0.11941023
1.24505000 0.11942020
1.24515000 0.11943017
1.24525000 0.11944013
1.24535000 0.11945009
1.24545000 0.11946005
1.24555000 0.11947001
1.24565000 0.11947996
1.24575000 0.11948991
1.24585000 0.11949986
1.24595000 0.11950980
1.24605000 0.11935162
1.24615000 0.11936159
1.24625000 0.11937156
1.24635000 0.11938152
1.24645000 0.11939148
1.24655000 0.11940144
1.24665000 0.11941139
1.24675000 0.11942134
1.24685000 0.11943129
1.24695000 0.11944124
1.24705000 0.11945118
1.24715000 0.11946112
1.24725000 0.11947106
1.24735000 0.11948099
1.24745000 0.11949093
1.24755000 0.11950086
1.24765000 0.11951079
1.24775000 0.11935279
1.24785000 0.11936274
1.24795000 0.11937269
1.24805000 0.11938263
1.24815000 0.11939257
1.24825000 0.11940251
1.24835000 0.11941245
1.24845000 0.11942238
1.24855000 0.11943231
1.24865000 0.11944224
1.24875000 0.11945217
1.24885000 0.11946209
1.24895000 0.11947201
1.24905000 0.11948193
1.24915000 0.11949185
1.24925000 0.11950176
1.24935000 0.11951167
1.24945000 0.11935385
1.24955000 0.11936379
1.24965000 0.11937372
1.24975000 0.11938364
1.24985000 0.11939357
1.24995000 0.11940349
1.25005000 0.11941341
1.25015000 0.11942332
1.25025000 0.11943324
1.25035000 0.11944315
1.25045000 0.11945306
1.25055000 0.11946296
1.25065000 0.11947286
1.25075000 0.11948276
1.25085000 0.11949266
1.25095000 0.11950256
1.25105000 0.11951245
1.25115000 0.11952234
1.25125000 0.11936473
1.25135000 0.11937464
1.25145000 0.11938455
1.25155000 0.11939446
1.25165000 0.11940436
1.25175000 0.11941426
1.25185000 0.11942416
1.25195000 0.11943406
1.25205000 0.11944395
1.25215000 0.11945384
1.25225000 0.11946373
1.25235000 0.11947361
1.25245000 0.11948350
1.25255000 0.11949338
1.25265000 0.11950325
1.25275000 0.11951313
1.25285000 0.11952300
1.25295000 0.11936557
1.25305000 0.11937547
1.25315000 0.11938536
1.25325000 0.11939525
1.25335000 0.11940514
1.25345000 0.11941502
1.25355000 0.11942490
1.25365000 0.11943478
1.25375000 0.11944465
1.25385000 0.11945452
1.25395000 0.11946439
1.25405000 0.11947426
1.25415000 0.11948413
1.25425000 0.11949399
1.25435000 0.11950385
1.25445000 0.11951370
1.25455000 0.11952356
1.25465000 0.11936632
1.25475000 0.11937619
1.25485000 0.11938607
1.25495000 0.11939594
1.25505000 0.11940580
1.25515000 0.11941567
1.25525000 0.11942553
1.25535000 0.11943539
1.25545000 0.11944525
1.25555000 0.11945511
1.25565000 0.11946496
1.25575000 0.11947481
1.25585000 0.11948465
1.25595000 0.11949450
1.25605000 0.11950434
1.25615000 0.11951418
1.25625000 0.11952401
1.25635000 0.11936695
1.25645000 0.11937681
1.25655000 0.11938667
1.25665000 0.11939652
1.25675000 0.11940637
1.25685000 0.11941622
1.25695000 0.11942606
1.25705000 0.11943591
1.25715000 0.11944575
1.25725000 0.11945558
1.25735000 0.11946542
1.25745000 0.11947525
1.25755000 0.11948508
1.25765000 0.11949490
1.25775000 0.11950472
1.25785000 0.11951455
1.25795000 0.11952436
1.25805000 0.11936749
1.25815000 0.11937733
1.25825000 0.11938717
1.25835000 0.11939700
1.25845000 0.11940683
1.25855000 0.11941666
1.25865000 0.11942649
1.25875000 0.11943631
1.25885000 0.11944614
1.25895000 0.11945595
1.25905000 0.11946577
1.25915000 0.11947558
1.25925000 0.11948539
1.25935000 0.11949520
1.25945000 0.11950501
1.25955000 0.11951481
1.25965000 0.11952461
1.25975000 0.11936792
1.25985000 0.11937774
1.25995000 0.11938756
1.26005000 0.11939738
1.26015000 0.11940719
1.26025000 0.11941700
1.26035000 0.11942681
1.26045000 0.11943662
1.26055000 0.11944642
1.26065000 0.11945622
1.26075000 0.11946602
1.26085000 0.11947582
1.26095000 0.11948561
1.26105000 0.11949540
1.26115000 0.11950519
1.26125000 0.11951497
1.26135000 0.11952475
1.26145000 0.11936825
1.26155000 0.11937805
1.26165000 0.11938785
1.26175000 0.11939765
1.26185000 0.11940745
1.26195000 0.11941724
1.26205000 0.11942703
1.26215000 0.11943682
1.26225000 0.11944660
1.26235000 0.11945639
1.26245000 0.11946617
1.26255000 0.11947594
1.26265000 0.11948572
1.26275000 0.11949549
1.26285000 0.11950526
1.26295000 0.11951502
1.26305000 0.11952479
1.26315000 0.11936847
1.26325000 0.11937825
1.26335000 0.11938804
1.26345000 0.11939782
1.26355000 0.11940759
1.26365000 0.11941737
1.26375000 0.11942714
1.26385000 0.11943691
1.26395000 0.11944668
1.26405000 0.11945644
1.26415000 0.11946620
1.26425000 0.11947596
1.26435000 0.11948572
1.26445000 0.11949547
1.26455000 0.11950522
1.26465000 0.11951497
1.26475000 0.11952472
1.26485000 0.11936858
1.26495000 0.11937835
1.26505000 0.11938811
1.26515000 0.11939788
1.26525000 0.11940764
1.26535000 0.11941739
1.26545000 0.11942715
1.26555000 0.11943690
1.26565000 0.11944665
1.26575000 0.11945639
1.26585000 0.11946614
1.26595000 0.11947588
1.26605000 0.11948561
1.26615000 0.11949535
1.26625000 0.11950508
1.26635000 0.11951481
1.26645000 0.11952454
1.26655000 0.11936859
1.26665000 0.11937834
1.26675000 0.11938808
1.26685000 0.11939783
1.26695000 0.11940757
1.26705000 0.11941731
1.26715000 0.11942704
1.26725000 0.11943678
1.26735000 0.11944651
1.26745000 0.11945624
1.26755000 0.11946596
1.26765000 0.11947568
1.26775000 0.11948540
1.26785000 0.11949512
1.26795000 0.11950483
1.26805000 0.11951455
1.26815000 0.11952425
1.26825000 0.11936849
1.26835000 0.11937822
1.26845000 0.11938795
1.26855000 0.11939767
1.26865000 0.11940740
1.26875000 0.11941712
1.26885000 0.11942683
1.26895000 0.11943655
1.26905000 0.11944626
1.26915000 0.11945597
1.26925000 0.11946568
1.26935000 0.11947538
1.26945000 0.11948508
1.26955000 0.11949478
1.26965000 0.11950448
1.26975000 0.11951417
1.26985000 0.11952386
1.26995000 0.11936828
1.27005000 0.11937799
1.27015000 0.11938770
1.27025000 0.11939741
1.27035000 0.11940712
1.27045000 0.11941682
1.27055000 0.11942652
1.27065000 0.11943621
1.27075000 0.11944591
1.27085000 0.11945560
1.27095000 0.11946529
1.27105000 0.11947497
1.27115000 0.11948465
1.27125000 0.11949433
1.27135000 0.11950401
1.27145000 0.11951369
1.27155000 0.11952336
1.27165000 0.11936796
1.27175000 0.11937766
1.27185000 0.11938735
1.27195000 0.11939704
1.27205000 0.11940673
1.27215000 0.11941641
1.27225000 0.11942609
1.27235000 0.11943577
1.27245000 0.11944544
1.27255000 0.11945512
1.27265000 0.11946479
1.27275000 0.11947445
1.27285000 0.11948412
1.27295000 0.11949378
1.27305000 0.11950344
1.27315000 0.11951309
1.27325000 0.11952275
1.27335000 0.11936754
1.27345000 0.11937721
1.27355000 0.11938689
1.27365000 0.11939656
1.27375000 0.11940623
1.27385000 0.11941589
1.27395000 0.11942555
1.27405000 0.11943521
1.27415000 0.11944487
1.27425000 0.11945452
1.27435000 0.11946417
1.27445000 0.11947382
1.27455000 0.11948347
1.27465000 0.11949311
1.27475000 0.11950275
1.27485000 0.11951239
1.27495000 0.11952203
1.27505000 0.11936700
1.27515000 0.11937666
1.27525000 0.11938632
1.27535000 0.11939597
1.27545000 0.11940562
1.27555000 0.11941526
1.27565000 0.11942491
1.27575000 0.11943455
1.27585000 0.11944419
1.27595000 0.11945382
1.27605000 0.11946345
1.27615000 0.11947308
1.27625000 0.11948271
1.27635000 0.11949234
1.27645000 0.11950196
1.27655000 0.11951158
1.27665000 0.11935672
1.27675000 0.11936636
1.27685000 0.11937600
1.27695000 0.11938563
1.27705000 0.11939527
1.27715000 0.11940490
1.27725000 0.11941452
1.27735000 0.11942415
1.27745000 0.11943377
1.27755000 0.11944339
1.27765000 0.11945301
1.27775000 0.11946262
1.27785000 0.11947223
1.27795000 0.11948184
1.27805000 0.11949145
1.27815000 0.11950105
1.27825000 0.11951065
1.27835000 0.11935598
1.27845000 0.11936560
1.27855000 0.11937522
1.27865000 0.11938484
1.27875000 0.11939445
1.27885000 0.11940407
1.27895000 0.11941368
1.27905000 0.11942328
1.27915000 0.11943289
1.27925000 0.11944249
1.27935000 0.11945208
1.27945000 0.11946168
1.27955000 0.11947127
1.27965000 0.11948086
1.27975000 0.11949045
1.27985000 0.11950003
1.27995000 0.11950962
1.28005000 0.11935513
1.28015000 0.11936473
1.28025000 0.11937434
1.28035000 0.11938393
1.28045000 0.11939353
1.28055000 0.11940312
1.28065000 0.11941271
1.28075000 0.11942230
1.28085000 0.11943189
1.28095000 0.11944147
1.28105000 0.11945105
1.28115000 0.11946062
1.28125000 0.11947020
1.28135000 0.11947977
1.28145000 0.11948934
1.28155000 0.11949890
1.28165000 0.11950847
1.28175000 0.11935417
1.28185000 0.11936375
1.28195000 0.11937334
1.28205000 0.11938292
1.28215000 0.11939249
1.28225000 0.11940207
1.28235000 0.11941164
1.28245000 0.11942121
1.28255000 0.11943077
1.28265000 0.11944034
1.28275000 0.11944990
1.28285000 0.11945946
1.28295000 0.11946901
1.28305000 0.11947856
1.28315000 0.11948811
1.28325000 0.11949766
1.28335000 0.11950721
1.28345000 0.11935309
1.28355000 0.11936266
1.28365000 0.11937222
1.28375000 0.11938179
1.28385000 0.11939134
1.28395000 0.11940090
1.28405000 0.11941045
1.28415000 0.11942000
1.28425000 0.11942955
1.28435000 0.11943909
1.28445000 0.11944864
1.28455000 0.11945818
1.28465000 0.11946771
1.28475000 0.11947725
1.28485000 0.11948678
1.28495000 0.11949630
1.28505000 0.11934236
1.28515000 0.11935191
1.28525000 0.11936145
1.28535000 0.11937100
1.28545000 0.11938054
1.28555000 0.11939008
1.28565000 0.11939962
1.28575000 0.11940915
1.28585000 0.11941868
1.28595000 0.11942821
1.28605000 0.11943774
1.28615000 0.11944726
1.28625000 0.11945678
1.28635000 0.11946630
1.28645000 0.11947581
1.28655000 0.11948532
1.28665000 0.11949483
1.28675000 0.11934107
1.28685000 0.11935060
1.28695000 0.11936013
1.28705000 0.11936966
1.28715000 0.11937918
1.28725000 0.11938870
1.28735000 0.11939822
1.28745000 0.11940774
1.28755000 0.11941725
1.28765000 0.11942676
1.28775000 0.11943626
1.28785000 0.11944577
1.28795000 0.11945527
1.28805000 0.11946477
1.28815000 0.11947426
1.28825000 0.11948376
1.28835000 0.11949325
1.28845000 0.11933968
1.28855000 0.11934919
1.28865000 0.11935870
1.28875000 0.11936820
1.28885000 0.11937771
1.28895000 0.11938721
1.28905000 0.11939671
1.28915000 0.11940621
1.28925000 0.11941570
1.28935000 0.11942519
1.28945000 0.11943468
1.28955000 0.11944416
1.28965000 0.11945364
1.28975000 0.11946312
1.28985000 0.11947260
1.28995000 0.11948208
1.29005000 0.11932867
1.29015000 0.11933816
1.29025000 0.11934766
1.29035000 0.11935715
1.29045000 0.11936663
1.29055000 0.11937612
1.29065000 0.11938560
1.29075000 0.11939508
1.29085000 0.11940456
1.29095000 0.11941403
1.29105000 0.11942351
1.29115000 0.11943297
1.29125000 0.11944244
1.29135000 0.11945190
1.29145000 0.11946136
1.29155000 0.11947082
1.29165000 0.11948028
1.29175000 0.11932706
1.29185000 0.11933653
1.29195000 0.11934601
1.29205000 0.11935548
1.29215000 0.11936495
1.29225000 0.11937442
1.29235000 0.11938388
1.29245000 0.11939334
1.29255000 0.11940280
1.29265000 0.11941225
1.29275000 0.11942171
1.29285000 0.11943115
1.29295000 0.11944060
1.29305000 0.11945005
1.29315000 0.11945949
1.29325000 0.11946893
1.29335000 0.11947836
1.29345000 0.11932533
1.29355000 0.11933479
1.29365000 0.11934424
1.29375000 0.11935370
1.29385000 0.11936315
1.29395000 0.11937259
1.29405000 0.11938204
1.29415000 0.11939148
1.29425000 0.11940092
1.29435000 0.11941035
1.29445000 0.11941979
1.29455000 0.11942922
1.29465000 0.11943865
1.29475000 0.11944807
1.29485000 0.11945749
1.29495000 0.11946691
1.29505000 0.11931405
1.29515000 0.11932349
1.29525000 0.11933293
1.29535000 0.11934236
1.29545000 0.11935180
1.29555000 0.11936123
1.29565000 0.11937066
1.29575000 0.11938008
1.29585000 0.11938950
1.29595000 0.11939892
1.29605000 0.11940834
1.29615000 0.11941775
1.29625000 0.11942716
1.29635000 0.11943657
1.29645000 0.11944598
1.29655000 0.11945538
1.29665000 0.11946478
1.29675000 0.11931211
1.29685000 0.11932153
1.29695000 0.11933095
1.29705000 0.11934036
1.29715000 0.11934978
1.29725000 0.11935919
1.29735000 0.11936860
1.29745000 0.11937800
1.29755000 0.11938741
1.29765000 0.11939681
1.29775000 0.11940621
1.29785000 0.11941560
1.29795000 0.11942499
1.29805000 0.11943438
1.29815000 0.11944377
1.29825000 0.11945315
1.29835000 0.11930064
1.29845000 0.11931005
1.29855000 0.11931945
1.29865000 0.11932885
1.29875000 0.11933825
1.29885000 0.11934764
1.29895000 0.11935703
1.29905000 0.11936642
1.29915000 0.11937581
1.29925000 0.11938519
1.29935000 0.11939457
1.29945000 0.11940395
1.29955000 0.11941333
1.29965000 0.11942270
1.29975000 0.11943207
1.29985000 0.11944144
1.29995000 0.11945080
1.30005000 0.11929848
1.30015000 0.11930787
1.30025000 0.11931725
1.30035000 0.11932663
1.30045000 0.11933601
1.30055000 0.11934539
1.30065000 0.11935476
1.30075000 0.11936413
1.30085000 0.11937350
1.30095000 0.11938286
1.30105000 0.11939222
1.30115000 0.11940158
1.30125000 0.11941094
1.30135000 0.11942029
1.30145000 0.11942964
1.30155000 0.11943899
1.30165000 0.11928683
1.30175000 0.11929620
1.30185000 0.11930557
1.30195000 0.11931493
1.30205000 0.11932430
1.30215000 0.11933365
1.30225000 0.11934301
1.30235000 0.11935236
1.30245000 0.11936172
1.30255000 0.11937106
1.30265000 0.11938041
1.30275000 0.11938975
1.30285000 0.11939909
1.30295000 0.11940843
1.30305000 0.11941776
1.30315000 0.11942709
1.30325000 0.11943642
1.30335000 0.11928445
1.30345000 0.11929380
1.30355000 0.11930315
1.30365000 0.11931250
1.30375000 0.11932184
1.30385000 0.11933118
1.30395000 0.11934052
1.30405000 0.11934985
1.30415000 0.11935918
1.30425000 0.11936851
1.30435000 0.11937783
1.30445000 0.11938716
1.30455000 0.11939648
1.30465000 0.11940580
1.30475000 0.11941511
1.30485000 0.11942442
1.30495000 0.11927262
1.30505000 0.11928195
1.30515000 0.11929129
1.30525000 0.11930061
1.30535000 0.11930994
1.30545000 0.11931926
1.30555000 0.11932858
1.30565000 0.11933790
1.30575000 0.11934721
1.30585000 0.11935653
1.30595000 0.11936583
1.30605000 0.11937514
1.30615000 0.11938444
1.30625000 0.11939374
1.30635000 0.11940304
1.30645000 0.11941234
1.30655000 0.11942163
1.30665000 0.11927002
1.30675000 0.11927933
1.30685000 0.11928865
1.30695000 0.11929795
1.30705000 0.11930726
1.30715000 0.11931656
1.30725000 0.11932586
1.30735000 0.11933516
1.30745000 0.11934446
1.30755000 0.11935375
1.30765000 0.11936304
1.30775000 0.11937232
1.30785000 0.11938161
1.30795000 0.11939089
1.30805000 0.11940017
1.30815000 0.11940944
1.30825000 0.11925800
1.30835000 0.11926730
1.30845000 0.11927659
1.30855000 0.11928588
1.30865000 0.11929517
1.30875000 0.11930446
1.30885000 0.11931374
1.30895000 0.11932302
1.30905000 0.11933230
1.30915000 0.11934158
1.30925000 0.11935085
1.30935000 0.11936012
1.30945000 0.11936939
1.30955000 0.11937865
1.30965000 0.11938791
1.30975000 0.11939717
1.30985000 0.11940643
1.30995000 0.11925517
1.31005000 0.11926445
1.31015000 0.11927373
1.31025000 0.11928300
1.31035000 0.11929227
1.31045000 0.11930154
1.31055000 0.11931080
1.31065000 0.11932006
1.31075000 0.11932932
1.31085000 0.11933857
1.31095000 0.11934783
1.31105000 0.11935708
1.31115000 0.11936633
1.31125000 0.11937557
1.31135000 0.11938481
1.31145000 0.11939405
1.31155000 0.11924296
1.31165000 0.11925223
1.31175000 0.11926148
1.31185000 0.11927074
1.31195000 0.11927999
1.31205000 0.11928924
1.31215000 0.11929849
1.31225000 0.11930773
1.31235000 0.11931697
1.31245000 0.11932621
1.31255000 0.11933545
1.31265000 0.11934468
1.31275000 0.11935391
1.31285000 0.11936314
1.31295000 0.11937237
1.31305000 0.11938159
1.31315000 0.11923067
1.31325000 0.11923991
1.31335000 0.11924915
1.31345000 0.11925839
1.31355000 0.11926763
1.31365000 0.11927686
1.31375000 0.11928609
1.31385000 0.11929532
1.31395000 0.11930454
1.31405000 0.11931376
1.31415000 0.11932298
1.31425000 0.11933220
1.31435000 0.11934141
1.31445000 0.11935062
1.31455000 0.11935983
1.31465000 0.11936904
1.31475000 0.11937824
1.31485000 0.11922751
1.31495000 0.11923674
1.31505000 0.11924596
1.31515000 0.11925518
1.31525000 0.11926439
1.31535000 0.11927360
1.31545000 0.11928282
1.31555000 0.11929202
1.31565000 0.11930123
1.31575000 0.11931043
1.31585000 0.11931963
1.31595000 0.11932883
1.31605000 0.11933802
1.31615000 0.11934721
1.31625000 0.11935640
1.31635000 0.11936558
1.31645000 0.11921502
1.31655000 0.11922423
1.31665000 0.11923343
1.31675000 0.11924264
1.31685000 0.11925184
1.31695000 0.11926103
1.31705000 0.11927022
1.31715000 0.11927941
1.31725000 0.11928860
1.31735000 0.11929779
1.31745000 0.11930697
1.31755000 0.11931615
1.31765000 0.11932533
1.31775000 0.11933450
1.31785000 0.11934367
1.31795000 0.11935284
1.31805000 0.11920245
1.31815000 0.11921164
1.31825000 0.11922082
1.31835000 0.11923001
1.31845000 0.11923919
1.31855000 0.11924837
1.31865000 0.11925755
1.31875000 0.11926672
1.31885000 0.11927589
1.31895000 0.11928506
1.31905000 0.11929422
1.31915000 0.11930338
1.31925000 0.11931254
1.31935000 0.11932170
1.31945000 0.11933085
1.31955000 0.11934001
1.31965000 0.11934915
1.31975000 0.11919895
1.31985000 0.11920812
1.31995000 0.11921729
1.32005000 0.11922646
1.32015000 0.11923562
1.32025000 0.11924478
1.32035000 0.11925393
1.32045000 0.11926309
1.32055000 0.11927224
1.32065000 0.11928139
1.32075000 0.11929053
1.32085000 0.11929967
1.32095000 0.11930881
1.32105000 0.11931795
1.32115000 0.11932708
1.32125000 0.11933621
1.32135000 0.11918618
1.32145000 0.11919534
1.32155000 0.11920449
1.32165000 0.11921363
1.32175000 0.11922278
1.32185000 0.11923192
1.32195000 0.11924106
1.32205000 0.11925019
1.32215000 0.11925933
1.32225000 0.11926846
1.32235000 0.11927759
1.32245000 0.11928671
1.32255000 0.11929583
1.32265000 0.11930495
1.32275000 0.11931407
1.32285000 0.11932318
1.32295000 0.11917332
1.32305000 0.11918246
1.32315000 0.11919159
1.32325000 0.11920072
1.32335000 0.11920985
1.32345000 0.11921897
1.32355000 0.11922809
1.32365000 0.11923721
1.32375000 0.11924633
1.32385000 0.11925544
1.32395000 0.11926455
1.32405000 0.11927366
1.32415000 0.11928277
1.32425000 0.11929187
1.32435000 0.11930097
1.32445000 0.11931006
1.32455000 0.11916037
1.32465000 0.11916949
1.32475000 0.11917860
1.32485000 0.11918772
1.32495000 0.11919683
1.32505000 0.11920593
1.32515000 0.11921504
1.32525000 0.11922414
1.32535000 0.11923324
1.32545000 0.11924233
1.32555000 0.11925143
1.32565000 0.11926052
1.32575000 0.11926961
1.32585000 0.11927869
1.32595000 0.11928777
1.32605000 0.11929685
1.32615000 0.11914733
1.32625000 0.11915643
1.32635000 0.11916553
1.32645000 0.11917462
1.32655000 0.11918371
1.32665000 0.11919280
1.32675000 0.11920189
1.32685000 0.11921097
1.32695000 0.11922006
1.32705000 0.11922914
1.32715000 0.11923821
1.32725000 0.11924728
1.32735000 0.11925636
1.32745000 0.11926542
1.32755000 0.11927449
1.32765000 0.11928355
1.32775000 0.11929261
1.32785000 0.11914328
1.32795000 0.11915236
1.32805000 0.11916143
1.32815000 0.11917051
1.32825000 0.11917958
1.32835000 0.11918865
1.32845000 0.11919772
1.32855000 0.11920678
1.32865000 0.11921584
1.32875000 0.11922490
1.32885000 0.11923396
1.32895000 0.11924301
1.32905000 0.11925206
1.32915000 0.11926111
1.32925000 0.11927016
1.32935000 0.11927920
1.32945000 0.11913003
1.32955000 0.11913910
1.32965000 0.11914816
1.32975000 0.11915722
1.32985000 0.11916627
1.32995000 0.11917532
1.33005000 0.11918437
1.33015000 0.11919342
1.33025000 0.11920246
1.33035000 0.11921150
1.33045000 0.11922054
1.33055000 0.11922958
1.33065000 0.11923861
1.33075000 0.11924764
1.33085000 0.11925667
1.33095000 0.11926569
1.33105000 0.11911670
1.33115000 0.11912574
1.33125000 0.11913479
1.33135000 0.11914383
1.33145000 0.11915287
1.33155000 0.11916190
1.33165000 0.11917093
1.33175000 0.11917996
1.33185000 0.11918899
1.33195000 0.11919801
1.33205000 0.11920703
1.33215000 0.11921605
1.33225000 0.11922507
1.33235000 0.11923408
1.33245000 0.11924309
1.33255000 0.11925210
1.33265000 0.11910327
1.33275000 0.11911230
1.33285000 0.11912132
1.33295000 0.11913035
1.33305000 0.11913937
1.33315000 0.11914838
1.33325000 0.11915740
1.33335000 0.11916641
1.33345000 0.11917542
1.33355000 0.11918443
1.33365000 0.11919343
1.33375000 0.11920243
1.33385000 0.11921143
1.33395000 0.11922042
1.33405000 0.11922942
1.33415000 0.11923840
1.33425000 0.11908975
1.33435000 0.11909876
1.33445000 0.11910777
1.33455000 0.11911677
1.33465000 0.11912578
1.33475000 0.11913478
1.33485000 0.11914377
1.33495000 0.11915277
1.33505000 0.11916176
1.33515000 0.11917075
1.33525000 0.11917973
1.33535000 0.11918872
1.33545000 0.11919770
1.33555000 0.11920667
1.33565000 0.11921565
1.33575000 0.11922462
1.33585000 0.11907614
1.33595000 0.11908513
1.33605000 0.11909412
1.33615000 0.11910311
1.33625000 0.11911209
1.33635000 0.11912107
1.33645000 0.11913005
1.33655000 0.11913903
1.33665000 0.11914800
1.33675000 0.11915697
1.33685000 0.11916594
1.33695000 0.11917491
1.33705000 0.11918387
1.33715000 0.11919283
1.33725000 0.11920179
1.33735000 0.11921074
1.33745000 0.11906243
1.33755000 0.11907140
1.33765000 0.11908038
1.33775000 0.11908935
1.33785000 0.11909831
1.33795000 0.11910728
1.33805000 0.11911624
1.33815000 0.11912520
1.33825000 0.11913415
1.33835000 0.11914311
1.33845000 0.11915206
1.33855000 0.11916101
1.33865000 0.11916995
1.33875000 0.11917889
1.33885000 0.11918783
1.33895000 0.11919677
1.33905000 0.11904862
1.33915000 0.11905758
1.33925000 0.11906654
1.33935000 0.11907549
1.33945000 0.11908444
1.33955000 0.11909339
1.33965000 0.11910233
1.33975000 0.11911127
1.33985000 0.11912021
1.33995000 0.11912914
1.34005000 0.11913808
1.34015000 0.11914701
1.34025000 0.11915593
1.34035000 0.11916486
1.34045000 0.11917378
1.34055000 0.11918270
1.34065000 0.11903473
1.34075000 0.11904367
1.34085000 0.11905260
1.34095000 0.11906154
1.34105000 0.11907047
1.34115000 0.11907940
1.34125000 0.11908833
1.34135000 0.11909725
1.34145000 0.11910617
1.34155000 0.11911509
1.34165000 0.11912400
1.34175000 0.11913291
1.34185000 0.11914182
1.34195000 0.11915073
1.34205000 0.11915963
1.34215000 0.11916854
1.34225000 0.11902073
1.34235000 0.11902966
1.34245000 0.11903857
1.34255000 0.11904749
1.34265000 0.11905641
1.34275000 0.11906532
1.34285000 0.11907423
1.34295000 0.11908313
1.34305000 0.11909203
1.34315000 0.11910093
1.34325000 0.11910983
1.34335000 0.11911873
1.34345000 0.11912762
1.34355000 0.11913651
1.34365000 0.11914539
1.34375000 0.11915428
1.34385000 0.11900664
1.34395000 0.11901555
1.34405000 0.11902445
1.34415000 0.11903335
1.34425000 0.11904224
1.34435000 0.11905114
1.34445000 0.11906003
1.34455000 0.11906892
1.34465000 0.11907780
1.34475000 0.11908668
1.34485000 0.11909556
1.34495000 0.11910444
1.34505000 0.11911331
1.34515000 0.11912218
1.34525000 0.11913105
1.34535000 0.11913992
1.34545000 0.11899246
1.34555000 0.11900134
1.34565000 0.11901023
1.34575000 0.11901911
1.34585000 0.11902799
1.34595000 0.11903686
1.34605000 0.11904574
1.34615000 0.11905461
1.34625000 0.11906347
1.34635000 0.11907234
1.34645000 0.11908120
1.34655000 0.11909006
1.34665000 0.11909891
1.34675000 0.11910777
1.34685000 0.11911662
1.34695000 0.11912546
1.34705000 0.11897818
1.34715000 0.11898704
1.34725000 0.11899591
1.34735000 0.11900477
1.34745000 0.11901363
1.34755000 0.11902249
1.34765000 0.11903135
1.34775000 0.11904020
1.34785000 0.11904905
1.34795000 0.11905789
1.34805000 0.11906674
1.34815000 0.11907558
1.34825000 0.11908442
1.34835000 0.11909325
1.34845000 0.11910208
1.34855000 0.11911091
1.34865000 0.11896380
1.34875000 0.11897265
1.34885000 0.11898149
1.34895000 0.11899034
1.34905000 0.11899918
1.34915000 0.11900802
1.34925000 0.11901686
1.34935000 0.11902569
1.34945000 0.11903452
1.34955000 0.11904335
1.34965000 0.11905218
1.34975000 0.11906100
1.34985000 0.11906982
1.34995000 0.11907864
1.35005000 0.11908745
1.35015000 0.11909626
1.35025000 0.11894932
1.35035000 0.11895815
1.35045000 0.11896698
1.35055000 0.11897581
1.35065000 0.11898463
1.35075000 0.11899345
1.35085000 0.11900227
1.35095000 0.11901109
1.35105000 0.11901990
1.35115000 0.11902871
1.35125000 0.11903752
1.35135000 0.11904632
1.35145000 0.11905513
1.35155000 0.11906392
1.35165000 0.11907272
1.35175000 0.11908151
1.35185000 0.11893474
1.35195000 0.11894356
1.35205000 0.11895237
1.35215000 0.11896118
1.35225000 0.11896998
1.35235000 0.11897879
1.35245000 0.11898759
1.35255000 0.11899639
1.35265000 0.11900518
1.35275000 0.11901397
1.35285000 0.11902276
1.35295000 0.11903155
1.35305000 0.11904033
1.35315000 0.11904911
1.35325000 0.11905789
1.35335000 0.11906667
1.35345000 0.11892007
1.35355000 0.11892886
1.35365000 0.11893766
1.35375000 0.11894645
1.35385000 0.11895524
1.35395000 0.11896402
1.35405000 0.11897280
1.35415000 0.11898158
1.35425000 0.11899036
1.35435000 0.11899913
1.35445000 0.11900791
1.35455000 0.11901667
1.35465000 0.11902544
1.35475000 0.11903420
1.35485000 0.11904296
1.35495000 0.11905172
1.35505000 0.11890529
1.35515000 0.11891407
1.35525000 0.11892285
1.35535000 0.11893162
1.35545000 0.11894039
1.35555000 0.11894916
1.35565000 0.11895792
1.35575000 0.11896668
1.35585000 0.11897544
1.35595000 0.11898420
1.35605000 0.11899295
1.35615000 0.11900170
1.35625000 0.11901045
1.35635000 0.11901919
1.35645000 0.11902794
1.35655000 0.11903667
1.35665000 0.11889042
1.35675000 0.11889918
1.35685000 0.11890794
1.35695000 0.11891669
1.35705000 0.11892544
1.35715000 0.11893419
1.35725000 0.11894294
1.35735000 0.11895168
1.35745000 0.11896042
1.35755000 0.11896916
1.35765000 0.11897789
1.35775000 0.11898663
1.35785000 0.11899536
1.35795000 0.11900408
1.35805000 0.11901281
1.35815000 0.11886670
1.35825000 0.11887544
1.35835000 0.11888419
1.35845000 0.11889293
1.35855000 0.11890166
1.35865000 0.11891040
1.35875000 0.11891913
1.35885000 0.11892785
1.35895000 0.11893658
1.35905000 0.11894530
1.35915000 0.11895402
1.35925000 0.11896274
1.35935000 0.11897145
1.35945000 0.11898016
1.35955000 0.11898887
1.35965000 0.11899758
1.35975000 0.11885164
1.35985000 0.11886037
1.35995000 0.11886909
1.36005000 0.11887781
1.36015000 0.11888653
1.36025000 0.11889525
1.36035000 0.11890396
1.36045000 0.11891267
1.36055000 0.11892138
1.36065000 0.11893008
1.36075000 0.11893878
1.36085000 0.11894748
1.36095000 0.11895618
1.36105000 0.11896487
1.36115000 0.11897356
1.36125000 0.11898225
1.36135000 0.11883649
1.36145000 0.11884519
1.36155000 0.11885390
1.36165000 0.11886260
1.36175000 0.11887130
1.36185000 0.11888000
1.36195000 0.11888869
1.36205000 0.11889738
1.36215000 0.11890607
1.36225000 0.11891476
1.36235000 0.11892344
1.36245000 0.11893212
1.36255000 0.11894080
1.36265000 0.11894947
1.36275000 0.11895815
1.36285000 0.11896681
1.36295000 0.11882123
1.36305000 0.11882992
1.36315000 0.11883860
1.36325000 0.11884729
1.36335000 0.11885597
1.36345000 0.11886465
1.36355000 0.11887332
1.36365000 0.11888200
1.36375000 0.11889067
1.36385000 0.11889933
1.36395000 0.11890800
1.36405000 0.11891666
1.36415000 0.11892532
1.36425000 0.11893398
1.36435000 0.11894263
1.36445000 0.11895128
1.36455000 0.11880587
1.36465000 0.11881454
1.36475000 0.11882321
1.36485000 0.11883187
1.36495000 0.11884053
1.36505000 0.11884919
1.36515000 0.11885785
1.36525000 0.11886651
1.36535000 0.11887516
1.36545000 0.11888381
1.36555000 0.11889245
1.36565000 0.11890110
1.36575000 0.11890974
1.36585000 0.11891838
1.36595000 0.11892701
1.36605000 0.11878175
1.36615000 0.11879040
1.36625000 0.11879905
1.36635000 0.11880770
1.36645000 0.11881635
1.36655000 0.11882500
1.36665000 0.11883364
1.36675000 0.11884228
1.36685000 0.11885091
1.36695000 0.11885955
1.36705000 0.11886818
1.36715000 0.11887681
1.36725000 0.11888543
1.36735000 0.11889405
1.36745000 0.11890267
1.36755000 0.11891129
1.36765000 0.11876620
1.36775000 0.11877483
1.36785000 0.11878347
1.36795000 0.11879210
1.36805000 0.11880073
1.36815000 0.11880936
1.36825000 0.11881798
1.36835000 0.11882660
1.36845000 0.11883522
1.36855000 0.11884383
1.36865000 0.11885244
1.36875000 0.11886105
1.36885000 0.11886966
1.36895000 0.11887826
1.36905000 0.11888686
1.36915000 0.11889546
1.36925000 0.11875055
1.36935000 0.11875916
1.36945000 0.11876778
1.36955000 0.11877639
1.36965000 0.11878500
1.36975000 0.11879361
1.36985000 0.11880222
1.36995000 0.11881082
1.37005000 0.11881942
1.37015000 0.11882801
1.37025000 0.11883661
1.37035000 0.11884520
1.37045000 0.11885379
1.37055000 0.11886237
1.37065000 0.11887095
1.37075000 0.11872619
1.37085000 0.11873479
1.37095000 0.11874339
1.37105000 0.11875199
1.37115000 0.11876058
1.37125000 0.11876917
1.37135000 0.11877776
1.37145000 0.11878635
1.37155000 0.11879493
1.37165000 0.11880351
1.37175000 0.11881209
1.37185000 0.11882067
1.37195000 0.11882924
1.37205000 0.11883781
1.37215000 0.11884637
1.37225000 0.11885494
1.37235000 0.11871035
1.37245000 0.11871893
1.37255000 0.11872751
1.37265000 0.11873609
1.37275000 0.11874467
1.37285000 0.11875324
1.37295000 0.11876181
1.37305000 0.11877038
1.37315000 0.11877894
1.37325000 0.11878751
1.37335000 0.11879606
1.37345000 0.11880462
1.37355000 0.11881317
1.37365000 0.11882172
1.37375000 0.11883027
1.37385000 0.11883882
1.37395000 0.11869440
1.37405000 0.11870297
1.37415000 0.11871153
1.37425000 0.11872009
1.37435000 0.11872865
1.37445000 0.11873720
1.37455000 0.11874575
1.37465000 0.11875430
1.37475000 0.11876285
1.37485000 0.11877139
1.37495000 0.11877993
1.37505000 0.11878847
1.37515000 0.11879700
1.37525000 0.11880554
1.37535000 0.11881407
1.37545000 0.11866980
1.37555000 0.11867835
1.37565000 0.11868690
1.37575000 0.11869544
1.37585000 0.11870398
1.37595000 0.11871252
1.37605000 0.11872106
1.37615000 0.11872959
1.37625000 0.11873812
1.37635000 0.11874665
1.37645000 0.11875517
1.37655000 0.11876369
1.37665000 0.11877221
1.37675000 0.11878073
1.37685000 0.11878924
1.37695000 0.11879775
1.37705000 0.11865366
1.37715000 0.11866219
1.37725000 0.11867072
1.37735000 0.11867925
1.37745000 0.11868777
1.37755000 0.11869629
1.37765000 0.11870481
1.37775000 0.11871332
1.37785000 0.11872183
1.37795000 0.11873034
1.37805000 0.11873885
1.37815000 0.11874735
1.37825000 0.11875585
1.37835000 0.11876435
1.37845000 0.11877284
1.37855000 0.11862890
1.37865000 0.11863742
1.37875000 0.11864593
1.37885000 0.11865444
1.37895000 0.11866295
1.37905000 0.11867145
1.37915000 0.11867995
1.37925000 0.11868845
1.37935000 0.11869694
1.37945000 0.11870544
1.37955000 0.11871393
1.37965000 0.11872241
1.37975000 0.11873090
1.37985000 0.11873938
1.37995000 0.11874786
1.38005000 0.11875633
1.38015000 0.11861257
1.38025000 0.11862107
1.38035000 0.11862956
1.38045000 0.11863805
1.38055000 0.11864654
1.38065000 0.11865502
1.38075000 0.11866351
1.38085000 0.11867198
1.38095000 0.11868046
1.38105000 0.11868894
1.38115000 0.11869741
1.38125000 0.11870587
1.38135000 0.11871434
1.38145000 0.11872280
1.38155000 0.11873126
1.38165000 0.11873972
1.38175000 0.11859613
1.38185000 0.11860461
1.38195000 0.11861308
1.38205000 0.11862155
1.38215000 0.11863002
1.38225000 0.11863849
1.38235000 0.11864695
1.38245000 0.11865541
1.38255000 0.11866387
1.38265000 0.11867233
1.38275000 0.11868078
1.38285000 0.11868923
1.38295000 0.11869767
1.38305000 0.11870612
1.38315000 0.11871456
1.38325000 0.11857112
1.38335000 0.11857958
1.38345000 0.11858804
1.38355000 0.11859650
1.38365000 0.11860495
1.38375000 0.11861340
1.38385000 0.11862185
1.38395000 0.11863029
1.38405000 0.11863873
1.38415000 0.11864717
1.38425000 0.11865561
1.38435000 0.11866404
1.38445000 0.11867247
1.38455000 0.11868090
1.38465000 0.11868933
1.38475000 0.11869775
1.38485000 0.11855449
1.38495000 0.11856293
1.38505000 0.11857137
1.38515000 0.11857980
1.38525000 0.11858824
1.38535000 0.11859667
1.38545000 0.11860510
1.38555000 0.11861352
1.38565000 0.11862195
1.38575000 0.11863037
1.38585000 0.11863878
1.38595000 0.11864720
1.38605000 0.11865561
1.38615000 0.11866402
1.38625000 0.11867242
1.38635000 0.11852931
1.38645000 0.11853774
1.38655000 0.11854616
1.38665000 0.11855459
1.38675000 0.11856300
1.38685000 0.11857142
1.38695000 0.11857983
1.38705000 0.11858824
1.38715000 0.11859665
1.38725000 0.11860505
1.38735000 0.11861345
1.38745000 0.11862185
1.38755000 0.11863025
1.38765000 0.11863864
1.38775000 0.11864703
1.38785000 0.11865541
1.38795000 0.11851248
1.38805000 0.11852089
1.38815000 0.11852929
1.38825000 0.11853769
1.38835000 0.11854609
1.38845000 0.11855449
1.38855000 0.11856288
1.38865000 0.11857127
1.38875000 0.11857966
1.38885000 0.11858805
1.38895000 0.11859643
1.38905000 0.11860481
1.38915000 0.11861318
1.38925000 0.11862156
1.38935000 0.11862993
1.38945000 0.11848715
1.38955000 0.11849554
1.38965000 0.11850393
1.38975000 0.11851231
1.38985000 0.11852069
1.38995000 0.11852907
1.39005000 0.11853745
1.39015000 0.11854583
1.39025000 0.11855420
1.39035000 0.11856256
1.39045000 0.11857093
1.39055000 0.11857929
1.39065000 0.11858765
1.39075000 0.11859601
1.39085000 0.11860437
1.39095000 0.11861272
1.39105000 0.11847011
1.39115000 0.11847848
1.39125000 0.11848685
1.39135000 0.11849522
1.39145000 0.11850358
1.39155000 0.11851194
1.39165000 0.11852030
1.39175000 0.11852866
1.39185000 0.11853701
1.39195000 0.11854536
1.39205000 0.11855371
1.39215000 0.11856205
1.39225000 0.11857039
1.39235000 0.11857873
1.39245000 0.11858706
1.39255000 0.11844461
1.39265000 0.11845297
1.39275000 0.11846132
1.39285000 0.11846967
1.39295000 0.11847802
1.39305000 0.11848636
1.39315000 0.11849470
1.39325000 0.11850304
1.39335000 0.11851138
1.39345000 0.11851971
1.39355000 0.11852804
1.39365000 0.11853637
1.39375000 0.11854469
1.39385000 0.11855302
1.39395000 0.11856134
1.39405000 0.11841904
1.39415000 0.11842738
1.39425000 0.11843571
1.39435000 0.11844405
1.39445000 0.11845238
1.39455000 0.11846071
1.39465000 0.11846903
1.39475000 0.11847735
1.39485000 0.11848567
1.39495000 0.11849399
1.39505000 0.11850230
1.39515000 0.11851061
1.39525000 0.11851892
1.39535000 0.11852723
1.39545000 0.11853553
1.39555000 0.11854383
1.39565000 0.11840171
1.39575000 0.11841003
1.39585000 0.11841835
1.39595000 0.11842666
1.39605000 0.11843497
1.39615000 0.11844328
1.39625000 0.11845159
1.39635000 0.11845989
1.39645000 0.11846819
1.39655000 0.11847649
1.39665000 0.11848478
1.39675000 0.11849308
1.39685000 0.11850136
1.39695000 0.11850965
1.39705000 0.11851793
1.39715000 0.11837597
1.39725000 0.11838427
1.39735000 0.11839257
1.39745000 0.11840087
1.39755000 0.11840916
1.39765000 0.11841746
1.39775000 0.11842575
1.39785000 0.11843403
1.39795000 0.11844232
1.39805000 0.11845060
1.39815000 0.11845888
1.39825000 0.11846715
1.39835000 0.11847542
1.39845000 0.11848369
1.39855000 0.11849196
1.39865000 0.11835015
1.39875000 0.11835843
1.39885000 0.11836672
1.39895000 0.11837500
1.39905000 0.11838328
1.39915000 0.11839155
1.39925000 0.11839983
1.39935000 0.11840810
1.39945000 0.11841637
1.39955000 0.11842463
1.39965000 0.11843289
1.39975000 0.11844115
1.39985000 0.11844941
1.39995000 0.11845766
1.40005000 0.11846591
1.40015000 0.11847416
1.40025000 0.11833252
1.40035000 0.11834079
1.40045000 0.11834905
1.40055000 0.11835732
1.40065000 0.11836558
1.40075000 0.11837383
1.40085000 0.11838209
1.40095000 0.11839034
1.40105000 0.11839859
1.40115000 0.11840683
1.40125000 0.11841507
1.40135000 0.11842331
1.40145000 0.11843155
1.40155000 0.11843978
1.40165000 0.11844801
1.40175000 0.11830653
1.40185000 0.11831478
1.40195000 0.11832303
1.40205000 0.11833128
1.40215000 0.11833952
1.40225000 0.11834776
1.40235000 0.11835600
1.40245000 0.11836423
1.40255000 0.11837246
1.40265000 0.11838069
1.40275000 0.11838892
1.40285000 0.11839714
1.40295000 0.11840536
1.40305000 0.11841358
1.40315000 0.11842179
1.40325000 0.11828046
1.40335000 0.11828870
1.40345000 0.11829693
1.40355000 0.11830516
1.40365000 0.11831339
1.40375000 0.11832161
1.40385000 0.11832983
1.40395000 0.11833805
1.40405000 0.11834626
1.40415000 0.11835448
1.40425000 0.11836269
1.40435000 0.11837089
1.40445000 0.11837910
1.40455000 0.11838730
1.40465000 0.11839549
1.40475000 0.11840369
1.40485000 0.11826254
1.40495000 0.11827075
1.40505000 0.11827897
1.40515000 0.11828718
1.40525000 0.11829538
1.40535000 0.11830359
1.40545000 0.11831179
1.40555000 0.11831999
1.40565000 0.11832818
1.40575000 0.11833638
1.40585000 0.11834457
1.40595000 0.11835275
1.40605000 0.11836094
1.40615000 0.11836912
1.40625000 0.11837730
1.40635000 0.11823630
1.40645000 0.11824450
1.40655000 0.11825269
1.40665000 0.11826089
1.40675000 0.11826908
1.40685000 0.11827727
1.40695000 0.11828545
1.40705000 0.11829363
1.40715000 0.11830181
1.40725000 0.11830999
1.40735000 0.11831816
1.40745000 0.11832633
1.40755000 0.11833450
1.40765000 0.11834266
1.40775000 0.11835082
1.40785000 0.11820998
1.40795000 0.11821816
1.40805000 0.11822634
1.40815000 0.11823452
1.40825000 0.11824269
1.40835000 0.11825086
1.40845000 0.11825903
1.40855000 0.11826720
1.40865000 0.11827536
1.40875000 0.11828352
1.40885000 0.11829167
1.40895000 0.11829983
1.40905000 0.11830798
1.40915000 0.11831613
1.40925000 0.11832427
1.40935000 0.11833241
1.40945000 0.11819175
1.40955000 0.11819991
1.40965000 0.11820807
1.40975000 0.11821623
1.40985000 0.11822438
1.40995000 0.11823254
1.41005000 0.11824068
1.41015000 0.11824883
1.41025000 0.11825697
1.41035000 0.11826511
1.41045000 0.11827325
1.41055000 0.11828138
1.41065000 0.11828951
1.41075000 0.11829764
1.41085000 0.11830577
1.41095000 0.11816526
1.41105000 0.11817340
1.41115000 0.11818155
1.41125000 0.11818969
1.41135000 0.11819782
1.41145000 0.11820596
1.41155000 0.11821409
1.41165000 0.11822222
1.41175000 0.11823034
1.41185000 0.11823847
1.41195000 0.11824659
1.41205000 0.11825471
1.41215000 0.11826282
1.41225000 0.11827093
1.41235000 0.11827904
1.41245000 0.11813869
1.41255000 0.11814682
1.41265000 0.11815494
1.41275000 0.11816306
1.41285000 0.11817119
1.41295000 0.11817930
1.41305000 0.11818742
1.41315000 0.11819553
1.41325000 0.11820364
1.41335000 0.11821174
1.41345000 0.11821985
1.41355000 0.11822795
1.41365000 0.11823605
1.41375000 0.11824414
1.41385000 0.11825223
1.41395000 0.11811203
1.41405000 0.11812015
1.41415000 0.11812826
1.41425000 0.11813636
1.41435000 0.11814447
1.41445000 0.11815257
1.41455000 0.11816066
1.41465000 0.11816876
1.41475000 0.11817685
1.41485000 0.11818494
1.41495000 0.11819303
1.41505000 0.11820111
1.41515000 0.11820919
1.41525000 0.11821727
1.41535000 0.11822535
1.41545000 0.11808530
1.41555000 0.11809340
1.41565000 0.11810149
1.41575000 0.11810958
1.41585000 0.11811767
1.41595000 0.11812575
1.41605000 0.11813383
1.41615000 0.11814191
1.41625000 0.11814999
1.41635000 0.11815806
1.41645000 0.11816613
1.41655000 0.11817419
1.41665000 0.11818226
1.41675000 0.11819032
1.41685000 0.11819838
1.41695000 0.11820643
1.41705000 0.11806657
1.41715000 0.11807464
1.41725000 0.11808272
1.41735000 0.11809079
1.41745000 0.11809885
1.41755000 0.11810692
1.41765000 0.11811498
1.41775000 0.11812304
1.41785000 0.11813109
1.41795000 0.11813915
1.41805000 0.11814720
1.41815000 0.11815524
1.41825000 0.11816329
1.41835000 0.11817133
1.41845000 0.11817937
1.41855000 0.11803966
1.41865000 0.11804772
1.41875000 0.11805577
1.41885000 0.11806383
1.41895000 0.11807188
1.41905000 0.11807992
1.41915000 0.11808797
1.41925000 0.11809601
1.41935000 0.11810405
1.41945000 0.11811208
1.41955000 0.11812012
1.41965000 0.11812815
1.41975000 0.11813617
1.41985000 0.11814420
1.41995000 0.11815222
1.42005000 0.11801267
1.42015000 0.11802071
1.42025000 0.11802875
1.42035000 0.11803678
1.42045000 0.11804482
1.42055000 0.11805285
1.42065000 0.11806087
1.42075000 0.11806890
1.42085000 0.11807692
1.42095000 0.11808494
1.42105000 0.11809295
1.42115000 0.11810097
1.42125000 0.11810898
1.42135000 0.11811698
1.42145000 0.11812499
1.42155000 0.11798559
1.42165000 0.11799362
1.42175000 0.11800164
1.42185000 0.11800966
1.42195000 0.11801767
1.42205000 0.11802569
1.42215000 0.11803370
1.42225000 0.11804170
1.42235000 0.11804971
1.42245000 0.11805771
1.42255000 0.11806571
1.42265000 0.11807371
1.42275000 0.11808170
1.42285000 0.11808969
1.42295000 0.11809768
1.42305000 0.11795844
1.42315000 0.11796644
1.42325000 0.11797445
1.42335000 0.11798245
1.42345000 0.11799045
1.42355000 0.11799845
1.42365000 0.11800644
1.42375000 0.11801443
1.42385000 0.11802242
1.42395000 0.11803040
1.42405000 0.11803838
1.42415000 0.11804636
1.42425000 0.11805434
1.42435000 0.11806231
1.42445000 0.11807028
1.42455000 0.11793120
1.42465000 0.11793919
1.42475000 0.11794718
1.42485000 0.11795516
1.42495000 0.11796314
1.42505000 0.11797112
1.42515000 0.11797910
1.42525000 0.11798707
1.42535000 0.11799504
1.42545000 0.11800301
1.42555000 0.11801098
1.42565000 0.11801894
1.42575000 0.11802690
1.42585000 0.11803485
1.42595000 0.11804281
1.42605000 0.11790388
1.42615000 0.11791185
1.42625000 0.11791982
1.42635000 0.11792779
1.42645000 0.11793575
1.42655000 0.11794372
1.42665000 0.11795168
1.42675000 0.11795963
1.42685000 0.11796759
1.42695000 0.11797554
1.42705000 0.11798348
1.42715000 0.11799143
1.42725000 0.11799937
1.42735000 0.11800731
1.42745000 0.11801525
1.42755000 0.11787647
1.42765000 0.11788443
1.42775000 0.11789238
1.42785000 0.11790033
1.42795000 0.11790828
1.42805000 0.11791623
1.42815000 0.11792417
1.42825000 0.11793211
1.42835000 0.11794004
1.42845000 0.11794798
1.42855000 0.11795591
1.42865000 0.11796384
1.42875000 0.11797176
1.42885000 0.11797968
1.42895000 0.11798760
1.42905000 0.11784899
1.42915000 0.11785693
1.42925000 0.11786486
1.42935000 0.11787280
1.42945000 0.11788073
1.42955000 0.11788865
1.42965000 0.11789658
1.42975000 0.11790450
1.42985000 0.11791242
1.42995000 0.11792034
1.43005000 0.11792825
1.43015000 0.11793616
1.43025000 0.11794407
1.43035000 0.11795197
1.43045000 0.11795987
1.43055000 0.11782142
1.43065000 0.11782934
1.43075000 0.11783726
1.43085000 0.11784517
1.43095000 0.11785309
1.43105000 0.11786100
1.43115000 0.11786890
1.43125000 0.11787681
1.43135000 0.11788471
1.43145000 0.11789261
1.43155000 0.11790051
1.43165000 0.11790840
1.43175000 0.11791629
1.43185000 0.11792418
1.43195000 0.11793206
1.43205000 0.11779376
1.43215000 0.11780167
1.43225000 0.11780957
1.43235000 0.11781747
1.43245000 0.11782536
1.43255000 0.11783326
1.43265000 0.11784115
1.43275000 0.11784903
1.43285000 0.11785692
1.43295000 0.11786480
1.43305000 0.11787268
1.43315000 0.11788055
1.43325000 0.11788843
1.43335000 0.11789630
1.43345000 0.11790416
1.43355000 0.11776602
1.43365000 0.11777391
1.43375000 0.11778179
1.43385000 0.11778967
1.43395000 0.11779755
1.43405000 0.11780543
1.43415000 0.11781330
1.43425000 0.11782117
1.43435000 0.11782904
1.43445000 0.11783690
1.43455000 0.11784476
1.43465000 0.11785262
1.43475000 0.11786048
1.43485000 0.11786833
1.43495000 0.11787618
1.43505000 0.11773820
1.43515000 0.11774607
1.43525000 0.11775393
1.43535000 0.11776180
1.43545000 0.11776966
1.43555000 0.11777752
1.43565000 0.11778537
1.43575000 0.11779323
1.43585000 0.11780108
1.43595000 0.11780892
1.43605000 0.11781677
1.43615000 0.11782461
1.43625000 0.11783245
1.43635000 0.11784028
1.43645000 0.11784811
1.43655000 0.11771029
1.43665000 0.11771814
1.43675000 0.11772599
1.43685000 0.11773384
1.43695000 0.11774168
1.43705000 0.11774952
1.43715000 0.11775736
1.43725000 0.11776519
1.43735000 0.11777303
1.43745000 0.11778086
1.43755000 0.11778868
1.43765000 0.11779651
1.43775000 0.11780433
1.43785000 0.11781215
1.43795000 0.11781996
1.43805000 0.11768229
1.43815000 0.11769013
1.43825000 0.11769796
1.43835000 0.11770579
1.43845000 0.11771362
1.43855000 0.11772144
1.43865000 0.11772926
1.43875000 0.11773708
1.43885000 0.11774489
1.43895000 0.11775270
1.43905000 0.11776051
1.43915000 0.11776832
1.43925000 0.11777612
1.43935000 0.11778392
1.43945000 0.11779172
1.43955000 0.11765421
1.43965000 0.11766203
1.43975000 0.11766984
1.43985000 0.11767766
1.43995000 0.11768546
1.44005000 0.11769327
1.44015000 0.11770107
1.44025000 0.11770887
1.44035000 0.11771667
1.44045000 0.11772447
1.44055000 0.11773226
1.44065000 0.11774005
1.44075000 0.11774783
1.44085000 0.11775562
1.44095000 0.11776340
1.44105000 0.11762604
1.44115000 0.11763384
1.44125000 0.11764164
1.44135000 0.11764944
1.44145000 0.11765723
1.44155000 0.11766502
1.44165000 0.11767280
1.44175000 0.11768058
1.44185000 0.11768836
1.44195000 0.11769614
1.44205000 0.11770392
1.44215000 0.11771169
1.44225000 0.11771946
1.44235000 0.11772722
1.44245000 0.11773498
1.44255000 0.11759779
1.44265000 0.11760557
1.44275000 0.11761335
1.44285000 0.11762113
1.44295000 0.11762890
1.44305000 0.11763667
1.44315000 0.11764444
1.44325000 0.11765221
1.44335000 0.11765997
1.44345000 0.11766773
1.44355000 0.11767549
1.44365000 0.11768324
1.44375000 0.11769099
1.44385000 0.11769874
1.44395000 0.11770649
1.44405000 0.11756945
1.44415000 0.11757721
1.44425000 0.11758498
1.44435000 0.11759274
1.44445000 0.11760049
1.44455000 0.11760825
1.44465000 0.11761600
1.44475000 0.11762374
1.44485000 0.11763149
1.44495000 0.11763923
1.44505000 0.11764697
1.44515000 0.11765471
1.44525000 0.11766244
1.44535000 0.11767017
1.44545000 0.11767790
1.44555000 0.11754102
1.44565000 0.11754877
1.44575000 0.11755651
1.44585000 0.11756425
1.44595000 0.11757199
1.44605000 0.11757973
1.44615000 0.11758746
1.44625000 0.11759519
1.44635000 0.11760292
1.44645000 0.11761064
1.44655000 0.11761837
1.44665000 0.11762609
1.44675000 0.11763380
1.44685000 0.11764151
1.44695000 0.11750477
1.44705000 0.11751250
1.44715000 0.11752023
1.44725000 0.11752796
1.44735000 0.11753569
1.44745000 0.11754341
1.44755000 0.11755113
1.44765000 0.11755884
1.44775000 0.11756655
1.44785000 0.11757426
1.44795000 0.11758197
1.44805000 0.11758967
1.44815000 0.11759738
1.44825000 0.11760507
1.44835000 0.11761277
1.44845000 0.11747619
1.44855000 0.11748390
1.44865000 0.11749161
1.44875000 0.11749932
1.44885000 0.11750703
1.44895000 0.11751473
1.44905000 0.11752243
1.44915000 0.11753013
1.44925000 0.11753783
1.44935000 0.11754552
1.44945000 0.11755321
1.44955000 0.11756089
1.44965000 0.11756858
1.44975000 0.11757626
1.44985000 0.11758394
1.44995000 0.11744751
1.45005000 0.11745521
1.45015000 0.11746290
1.45025000 0.11747059
1.45035000 0.11747828
1.45045000 0.11748597
1.45055000 0.11749365
1.45065000 0.11750133
1.45075000 0.11750901
1.45085000 0.11751668
1.45095000 0.11752436
1.45105000 0.11753202
1.45115000 0.11753969
1.45125000 0.11754735
1.45135000 0.11755501
1.45145000 0.11741875
1.45155000 0.11742643
1.45165000 0.11743410
1.45175000 0.11744178
1.45185000 0.11744945
1.45195000 0.11745712
1.45205000 0.11746478
1.45215000 0.11747245
1.45225000 0.11748010
1.45235000 0.11748776
1.45245000 0.11749542
1.45255000 0.11750307
1.45265000 0.11751071
1.45275000 0.11751836
1.45285000 0.11752600
1.45295000 0.11738989
1.45305000 0.11739756
1.45315000 0.11740522
1.45325000 0.11741287
1.45335000 0.11742053
1.45345000 0.11742818
1.45355000 0.11743582
1.45365000 0.11744347
1.45375000 0.11745111
1.45385000 0.11745875
1.45395000 0.11746639
1.45405000 0.11747402
1.45415000 0.11748165
1.45425000 0.11748928
1.45435000 0.11735331
1.45445000 0.11736095
1.45455000 0.11736860
1.45465000 0.11737624
1.45475000 0.11738388
1.45485000 0.11739151
1.45495000 0.11739915
1.45505000 0.11740678
1.45515000 0.11741440
1.45525000 0.11742203
1.45535000 0.11742965
1.45545000 0.11743727
1.45555000 0.11744488
1.45565000 0.11745249
1.45575000 0.11746010
1.45585000 0.11732429
1.45595000 0.11733192
1.45605000 0.11733955
1.45615000 0.11734717
1.45625000 0.11735479
1.45635000 0.11736241
1.45645000 0.11737003
1.45655000 0.11737764
1.45665000 0.11738525
1.45675000 0.11739285
1.45685000 0.11740046
1.45695000 0.11740806
1.45705000 0.11741565
1.45715000 0.11742325
1.45725000 0.11743084
1.45735000 0.11729519
1.45745000 0.11730280
1.45755000 0.11731041
1.45765000 0.11731801
1.45775000 0.11732562
1.45785000 0.11733322
1.45795000 0.11734081
1.45805000 0.11734841
1.45815000 0.11735600
1.45825000 0.11736359
1.45835000 0.11737117
1.45845000 0.11737876
1.45855000 0.11738634
1.45865000 0.11739391
1.45875000 0.11740149
1.45885000 0.11726599
1.45895000 0.11727359
1.45905000 0.11728118
1.45915000 0.11728877
1.45925000 0.11729635
1.45935000 0.11730393
1.45945000 0.11731151
1.45955000 0.11731909
1.45965000 0.11732666
1.45975000 0.11733423
1.45985000 0.11734180
1.45995000 0.11734937
1.46005000 0.11735693
1.46015000 0.11736449
1.46025000 0.11722913
1.46035000 0.11723671
1.46045000 0.11724429
1.46055000 0.11725186
1.46065000 0.11725943
1.46075000 0.11726700
1.46085000 0.11727456
1.46095000 0.11728212
1.46105000 0.11728968
1.46115000 0.11729723
1.46125000 0.11730479
1.46135000 0.11731234
1.46145000 0.11731988
1.46155000 0.11732743
1.46165000 0.11733497
1.46175000 0.11719977
1.46185000 0.11720733
1.46195000 0.11721489
1.46205000 0.11722245
1.46215000 0.11723000
1.46225000 0.11723755
1.46235000 0.11724509
1.46245000 0.11725264
1.46255000 0.11726018
1.46265000 0.11726771
1.46275000 0.11727525
1.46285000 0.11728278
1.46295000 0.11729031
1.46305000 0.11729784
1.46315000 0.11730536
1.46325000 0.11717032
1.46335000 0.11717787
1.46345000 0.11718541
1.46355000 0.11719294
1.46365000 0.11720048
1.46375000 0.11720801
1.46385000 0.11721554
1.46395000 0.11722306
1.46405000 0.11723058
1.46415000 0.11723810
1.46425000 0.11724562
1.46435000 0.11725313
1.46445000 0.11726065
1.46455000 0.11726815
1.46465000 0.11713325
1.46475000 0.11714078
1.46485000 0.11714831
1.46495000 0.11715583
1.46505000 0.11716335
1.46515000 0.11717086
1.46525000 0.11717838
1.46535000 0.11718589
1.46545000 0.11719339
1.46555000 0.11720090
1.46565000 0.11720840
1.46575000 0.11721590
1.46585000 0.11722339
1.46595000 0.11723089
1.46605000 0.11723838
1.46615000 0.11710364
1.46625000 0.11711115
1.46635000 0.11711866
1.46645000 0.11712616
1.46655000 0.11713366
1.46665000 0.11714116
1.46675000 0.11714865
1.46685000 0.11715615
1.46695000 0.11716363
1.46705000 0.11717112
1.46715000 0.11717860
1.46725000 0.11718609
1.46735000 0.11719356
1.46745000 0.11720104
1.46755000 0.11720851
1.46765000 0.11707393
1.46775000 0.11708142
1.46785000 0.11708891
1.46795000 0.11709640
1.46805000 0.11710388
1.46815000 0.11711136
1.46825000 0.11711884
1.46835000 0.11712631
1.46845000 0.11713378
1.46855000 0.11714125
1.46865000 0.11714872
1.46875000 0.11715618
1.46885000 0.11716364
1.46895000 0.11717110
1.46905000 0.11703666
1.46915000 0.11704413
1.46925000 0.11705160
1.46935000 0.11705908
1.46945000 0.11706654
1.46955000 0.11707401
1.46965000 0.11708147
1.46975000 0.11708893
1.46985000 0.11709638
1.46995000 0.11710384
1.47005000 0.11711129
1.47015000 0.11711873
1.47025000 0.11712618
1.47035000 0.11713362
1.47045000 0.11714106
1.47055000 0.11700678
1.47065000 0.11701424
1.47075000 0.11702169
1.47085000 0.11702915
1.47095000 0.11703659
1.47105000 0.11704404
1.47115000 0.11705148
1.47125000 0.11705893
1.47135000 0.11706636
1.47145000 0.11707380
1.47155000 0.11708123
1.47165000 0.11708866
1.47175000 0.11709609
1.47185000 0.11710351
1.47195000 0.11711093
1.47205000 0.11697681
1.47215000 0.11698425
1.47225000 0.11699169
1.47235000 0.11699912
1.47245000 0.11700655
1.47255000 0.11701398
1.47265000 0.11702141
1.47275000 0.11702883
1.47285000 0.11703625
1.47295000 0.11704367
1.47305000 0.11705108
1.47315000 0.11705849
1.47325000 0.11706590
1.47335000 0.11707330
1.47345000 0.11693932
1.47355000 0.11694675
1.47365000 0.11695417
1.47375000 0.11696159
1.47385000 0.11696900
1.47395000 0.11697642
1.47405000 0.11698383
1.47415000 0.11699124
1.47425000 0.11699864
1.47435000 0.11700604
1.47445000 0.11701344
1.47455000 0.11702084
1.47465000 0.11702823
1.47475000 0.11703562
1.47485000 0.11704301
1.47495000 0.11690919
1.47505000 0.11691659
1.47515000 0.11692400
1.47525000 0.11693140
1.47535000 0.11693879
1.47545000 0.11694619
1.47555000 0.11695358
1.47565000 0.11696097
1.47575000 0.11696836
1.47585000 0.11697574
1.47595000 0.11698312
1.47605000 0.11699050
1.47615000 0.11699787
1.47625000 0.11700524
1.47635000 0.11687156
1.47645000 0.11687895
1.47655000 0.11688634
1.47665000 0.11689373
1.47675000 0.11690111
1.47685000 0.11690849
1.47695000 0.11691586
1.47705000 0.11692324
1.47715000 0.11693061
1.47725000 0.11693798
1.47735000 0.11694534
1.47745000 0.11695270
1.47755000 0.11696006
1.47765000 0.11696742
1.47775000 0.11697477
1.47785000 0.11684125
1.47795000 0.11684862
1.47805000 0.11685599
1.47815000 0.11686336
1.47825000 0.11687073
1.47835000 0.11687809
1.47845000 0.11688544
1.47855000 0.11689280
1.47865000 0.11690015
1.47875000 0.11690750
1.47885000 0.11691485
1.47895000 0.11692219
1.47905000 0.11692953
1.47915000 0.11693687
1.47925000 0.11680349
1.47935000 0.11681085
1.47945000 0.11681820
1.47955000 0.11682555
1.47965000 0.11683290
1.47975000 0.11684025
1.47985000 0.11684759
1.47995000 0.11685493
1.48005000 0.11686227
1.48015000 0.11686960
1.48025000 0.11687693
1.48035000 0.11688426
1.48045000 0.11689159
1.48055000 0.11689891
1.48065000 0.11690623
1.48075000 0.11677301
1.48085000 0.11678035
1.48095000 0.11678768
1.48105000 0.11679502
1.48115000 0.11680235
1.48125000 0.11680967
1.48135000 0.11681700
1.48145000 0.11682432
1.48155000 0.11683164
1.48165000 0.11683895
1.48175000 0.11684627
1.48185000 0.11685358
1.48195000 0.11686088
1.48205000 0.11686819
1.48215000 0.11673511
1.48225000 0.11674243
1.48235000 0.11674975
1.48245000 0.11675707
1.48255000 0.11676438
1.48265000 0.11677170
1.48275000 0.11677900
1.48285000 0.11678631
1.48295000 0.11679361
1.48305000 0.11680091
1.48315000 0.11680821
1.48325000 0.11681551
1.48335000 0.11682280
1.48345000 0.11683009
1.48355000 0.11683737
1.48365000 0.11670445
1.48375000 0.11671176
1.48385000 0.11671906
1.48395000 0.11672636
1.48405000 0.11673365
1.48415000 0.11674095
1.48425000 0.11674824
1.48435000 0.11675553
1.48445000 0.11676281
1.48455000 0.11677009
1.48465000 0.11677737
1.48475000 0.11678465
1.48485000 0.11679192
1.48495000 0.11679919
1.48505000 0.11666641
1.48515000 0.11667370
1.48525000 0.11668099
1.48535000 0.11668827
1.48545000 0.11669555
1.48555000 0.11670283
1.48565000 0.11671010
1.48575000 0.11671738
1.48585000 0.11672465
1.48595000 0.11673191
1.48605000 0.11673918
1.48615000 0.11674644
1.48625000 0.11675369
1.48635000 0.11676095
1.48645000 0.11676820
1.48655000 0.11663558
1.48665000 0.11664285
1.48675000 0.11665012
1.48685000 0.11665739
1.48695000 0.11666465
1.48705000 0.11667191
1.48715000 0.11667916
1.48725000 0.11668642
1.48735000 0.11669367
1.48745000 0.11670092
1.48755000 0.11670816
1.48765000 0.11671540
1.48775000 0.11672264
1.48785000 0.11672988
1.48795000 0.11659740
1.48805000 0.11660465
1.48815000 0.11661191
1.48825000 0.11661916
1.48835000 0.11662640
1.48845000 0.11663365
1.48855000 0.11664089
1.48865000 0.11664813
1.48875000 0.11665536
1.48885000 0.11666259
1.48895000 0.11666982
1.48905000 0.11667705
1.48915000 0.11668427
1.48925000 0.11669149
1.48935000 0.11669871
1.48945000 0.11656639
1.48955000 0.11657363
1.48965000 0.11658086
1.48975000 0.11658810
1.48985000 0.11659532
1.48995000 0.11660255
1.49005000 0.11660977
1.49015000 0.11661699
1.49025000 0.11662421
1.49035000 0.11663142
1.49045000 0.11663863
1.49055000 0.11664584
1.49065000 0.11665304
1.49075000 0.11666025
1.49085000 0.11652807
1.49095000 0.11653529
1.49105000 0.11654251
1.49115000 0.11654972
1.49125000 0.11655694
1.49135000 0.11656415
1.49145000 0.11657135
1.49155000 0.11657856
1.49165000 0.11658576
1.49175000 0.11659295
1.49185000 0.11660015
1.49195000 0.11660734
1.49205000 0.11661453
1.49215000 0.11662172
1.49225000 0.11648968
1.49235000 0.11649689
1.49245000 0.11650409
1.49255000 0.11651129
1.49265000 0.11651848
1.49275000 0.11652568
1.49285000 0.11653287
1.49295000 0.11654006
1.49305000 0.11654724
1.49315000 0.11655442
1.49325000 0.11656160
1.49335000 0.11656878
1.49345000 0.11657595
1.49355000 0.11658312
1.49365000 0.11659029
1.49375000 0.11645842
1.49385000 0.11646560
1.49395000 0.11647279
1.49405000 0.11647997
1.49415000 0.11648715
1.49425000 0.11649432
1.49435000 0.11650149
1.49445000 0.11650866
1.49455000 0.11651583
1.49465000 0.11652299
1.49475000 0.11653015
1.49485000 0.11653731
1.49495000 0.11654447
1.49505000 0.11655162
1.49515000 0.11641988
1.49525000 0.11642706
1.49535000 0.11643422
1.49545000 0.11644139
1.49555000 0.11644855
1.49565000 0.11645571
1.49575000 0.11646287
1.49585000 0.11647002
1.49595000 0.11647717
1.49605000 0.11648432
1.49615000 0.11649146
1.49625000 0.11649861
1.49635000 0.11650575
1.49645000 0.11651288
1.49655000 0.11652001
1.49665000 0.11638844
1.49675000 0.11639560
1.49685000 0.11640274
1.49695000 0.11640989
1.49705000 0.11641703
1.49715000 0.11642418
1.49725000 0.11643131
1.49735000 0.11643845
1.49745000 0.11644558
1.49755000 0.11645271
1.49765000 0.11645984
1.49775000 0.11646696
1.49785000 0.11647408
1.49795000 0.11648120
1.49805000 0.11634977
1.49815000 0.11635690
1.49825000 0.11636404
1.49835000 0.11637117
1.49845000 0.11637829
1.49855000 0.11638542
1.49865000 0.11639254
1.49875000 0.11639966
1.49885000 0.11640678
1.49895000 0.11641389
1.49905000 0.11642100
1.49915000 0.11642811
1.49925000 0.11643521
1.49935000 0.11644231
1.49945000 0.11631102
1.49955000 0.11631814
1.49965000 0.11632526
1.49975000 0.11633238
1.49985000 0.11633949
1.49995000 0.11634660
1.50005000 0.11635370
1.50015000 0.11636081
1.50025000 0.11636791
1.50035000 0.11637500
1.50045000 0.11638210
1.50055000 0.11638919
1.50065000 0.11639628
1.50075000 0.11640336
1.50085000 0.11641045
1.50095000 0.11627932
1.50105000 0.11628642
1.50115000 0.11629352
1.50125000 0.11630062
1.50135000 0.11630771
1.50145000 0.11631480
1.50155000 0.11632189
1.50165000 0.11632897
1.50175000 0.11633605
1.50185000 0.11634313
1.50195000 0.11635021
1.50205000 0.11635728
1.50215000 0.11636435
1.50225000 0.11637142
1.50235000 0.11624043
1.50245000 0.11624752
1.50255000 0.11625460
1.50265000 0.11626168
1.50275000 0.11626876
1.50285000 0.11627583
1.50295000 0.11628290
1.50305000 0.11628997
1.50315000 0.11629704
1.50325000 0.11630410
1.50335000 0.11631116
1.50345000 0.11631821
1.50355000 0.11632527
1.50365000 0.11633232
1.50375000 0.11620147
1.50385000 0.11620854
1.50395000 0.11621561
1.50405000 0.11622267
1.50415000 0.11622974
1.50425000 0.11623679
1.50435000 0.11624385
1.50445000 0.11625090
1.50455000 0.11625795
1.50465000 0.11626500
1.50475000 0.11627204
1.50485000 0.11627908
1.50495000 0.11628612
1.50505000 0.11629316
1.50515000 0.11616245
1.50525000 0.11616951
1.50535000 0.11617656
1.50545000 0.11618361
1.50555000 0.11619065
1.50565000 0.11619769
1.50575000 0.11620473
1.50585000 0.11621177
1.50595000 0.11621880
1.50605000 0.11622583
1.50615000 0.11623286
1.50625000 0.11623989
1.50635000 0.11624691
1.50645000 0.11625393
1.50655000 0.11626094
1.50665000 0.11613040
1.50675000 0.11613744
1.50685000 0.11614447
1.50695000 0.11615150
1.50705000 0.11615852
1.50715000 0.11616555
1.50725000 0.11617257
1.50735000 0.11617959
1.50745000 0.11618660
1.50755000 0.11619361
1.50765000 0.11620062
1.50775000 0.11620763
1.50785000 0.11621463
1.50795000 0.11622163
1.50805000 0.11609123
1.50815000 0.11609825
1.50825000 0.11610527
1.50835000 0.11611228
1.50845000 0.11611929
1.50855000 0.11612630
1.50865000 0.11613330
1.50875000 0.11614030
1.50885000 0.11614730
1.50895000 0.11615430
1.50905000 0.11616129
1.50915000 0.11616828
1.50925000 0.11617527
1.50935000 0.11618225
1.50945000 0.11605199
1.50955000 0.11605900
1.50965000 0.11606600
1.50975000 0.11607299
1.50985000 0.11607999
1.50995000 0.11608698
1.51005000 0.11609397
1.51015000 0.11610095
1.51025000 0.11610794
1.51035000 0.11611492
1.51045000 0.11612189
1.51055000 0.11612887
1.51065000 0.11613584
1.51075000 0.11614281
1.51085000 0.11601269
1.51095000 0.11601967
1.51105000 0.11602666
1.51115000 0.11603364
1.51125000 0.11604062
1.51135000 0.11604759
1.51145000 0.11605457
1.51155000 0.11606154
1.51165000 0.11606850
1.51175000 0.11607547
1.51185000 0.11608243
1.51195000 0.11608938
1.51205000 0.11609634
1.51215000 0.11610329
1.51225000 0.11611024
1.51235000 0.11598029
1.51245000 0.11598725
1.51255000 0.11599422
1.51265000 0.11600118
1.51275000 0.11600814
1.51285000 0.11601510
1.51295000 0.11602205
1.51305000 0.11602900
1.51315000 0.11603595
1.51325000 0.11604289
1.51335000 0.11604983
1.51345000 0.11605677
1.51355000 0.11606371
1.51365000 0.11607064
1.51375000 0.11594083
1.51385000 0.11594778
1.51395000 0.11595473
1.51405000 0.11596168
1.51415000 0.11596862
1.51425000 0.11597556
1.51435000 0.11598250
1.51445000 0.11598943
1.51455000 0.11599636
1.51465000 0.11600329
1.51475000 0.11601022
1.51485000 0.11601714
1.51495000 0.11602406
1.51505000 0.11603098
1.51515000 0.11590131
1.51525000 0.11590824
1.51535000 0.11591517
1.51545000 0.11592210
1.51555000 0.11592903
1.51565000 0.11593595
1.51575000 0.11594288
1.51585000 0.11594979
1.51595000 0.11595671
1.51605000 0.11596362
1.51615000 0.11597053
1.51625000 0.11597744
1.51635000 0.11598434
1.51645000 0.11599124
1.51655000 0.11586171
1.51665000 0.11586863
1.51675000 0.11587555
1.51685000 0.11588246
1.51695000 0.11588937
1.51705000 0.11589628
1.51715000 0.11590319
1.51725000 0.11591009
1.51735000 0.11591699
1.51745000 0.11592388
1.51755000 0.11593078
1.51765000 0.11593767
1.51775000 0.11594455
1.51785000 0.11595144
1.51795000 0.11582205
1.51805000 0.11582896
1.51815000 0.11583586
1.51825000 0.11584275
1.51835000 0.11584965
1.51845000 0.11585654
1.51855000 0.11586343
1.51865000 0.11587031
1.51875000 0.11587720
1.51885000 0.11588408
1.51895000 0.11589095
1.51905000 0.11589783
1.51915000 0.11590470
1.51925000 0.11591157
1.51935000 0.11578232
1.51945000 0.11578921
1.51955000 0.11579609
1.51965000 0.11580297
1.51975000 0.11580985
1.51985000 0.11581673
1.51995000 0.11582360
1.52005000 0.11583047
1.52015000 0.11583734
1.52025000 0.11584420
1.52035000 0.11585106
1.52045000 0.11585792
1.52055000 0.11586477
1.52065000 0.11587163
1.52075000 0.11587848
1.52085000 0.11574939
1.52095000 0.11575626
1.52105000 0.11576313
1.52115000 0.11576999
1.52125000 0.11577685
1.52135000 0.11578370
1.52145000 0.11579056
1.52155000 0.11579741
1.52165000 0.11580426
1.52175000 0.11581110
1.52185000 0.11581794
1.52195000 0.11582478
1.52205000 0.11583162
1.52215000 0.11583845
1.52225000 0.11570951
1.52235000 0.11571636
1.52245000 0.11572321
1.52255000 0.11573006
1.52265000 0.11573690
1.52275000 0.11574374
1.52285000 0.11575058
1.52295000 0.11575741
1.52305000 0.11576424
1.52315000 0.11577107
1.52325000 0.11577789
1.52335000 0.11578472
1.52345000 0.11579154
1.52355000 0.11579835
1.52365000 0.11566956
1.52375000 0.11567639
1.52385000 0.11568322
1.52395000 0.11569005
1.52405000 0.11569688
1.52415000 0.11570370
1.52425000 0.11571052
1.52435000 0.11571734
1.52445000 0.11572416
1.52455000 0.11573097
1.52465000 0.11573778
1.52475000 0.11574458
1.52485000 0.11575139
1.52495000 0.11575819
1.52505000 0.11562953
1.52515000 0.11563635
1.52525000 0.11564317
1.52535000 0.11564998
1.52545000 0.11565679
1.52555000 0.11566360
1.52565000 0.11567040
1.52575000 0.11567720
1.52585000 0.11568400
1.52595000 0.11569080
1.52605000 0.11569759
1.52615000 0.11570438
1.52625000 0.11571117
1.52635000 0.11571795
1.52645000 0.11558944
1.52655000 0.11559624
1.52665000 0.11560304
1.52675000 0.11560984
1.52685000 0.11561663
1.52695000 0.11562342
1.52705000 0.11563021
1.52715000 0.11563699
1.52725000 0.11564378
1.52735000 0.11565056
1.52745000 0.11565733
1.52755000 0.11566411
1.52765000 0.11567088
1.52775000 0.11567764
1.52785000 0.11554928
1.52795000 0.11555606
1.52805000 0.11556284
1.52815000 0.11556962
1.52825000 0.11557640
1.52835000 0.11558318
1.52845000 0.11558995
1.52855000 0.11559672
1.52865000 0.11560348
1.52875000 0.11561024
1.52885000 0.11561700
1.52895000 0.11562376
1.52905000 0.11563051
1.52915000 0.11563727
1.52925000 0.11550904
1.52935000 0.11551581
1.52945000 0.11552258
1.52955000 0.11552934
1.52965000 0.11553610
1.52975000 0.11554286
1.52985000 0.11554961
1.52995000 0.11555637
1.53005000 0.11556312
1.53015000 0.11556986
1.53025000 0.11557661
1.53035000 0.11558335
1.53045000 0.11559008
1.53055000 0.11559682
1.53065000 0.11546874
1.53075000 0.11547549
1.53085000 0.11548224
1.53095000 0.11548899
1.53105000 0.11549573
1.53115000 0.11550247
1.53125000 0.11550921
1.53135000 0.11551595
1.53145000 0.11552268
1.53155000 0.11552941
1.53165000 0.11553614
1.53175000 0.11554286
1.53185000 0.11554958
1.53195000 0.11555630
1.53205000 0.11542836
1.53215000 0.11543510
1.53225000 0.11544183
1.53235000 0.11544856
1.53245000 0.11545529
1.53255000 0.11546201
1.53265000 0.11546874
1.53275000 0.11547545
1.53285000 0.11548217
1.53295000 0.11548888
1.53305000 0.11549559
1.53315000 0.11550230
1.53325000 0.11550901
1.53335000 0.11551571
1.53345000 0.11538791
1.53355000 0.11539463
1.53365000 0.11540135
1.53375000 0.11540806
1.53385000 0.11541477
1.53395000 0.11542148
1.53405000 0.11542819
1.53415000 0.11543489
1.53425000 0.11544159
1.53435000 0.11544829
1.53445000 0.11545498
1.53455000 0.11546167
1.53465000 0.11546836
1.53475000 0.11547505
1.53485000 0.11534739
1.53495000 0.11535410
1.53505000 0.11536080
1.53515000 0.11536749
1.53525000 0.11537419
1.53535000 0.11538088
1.53545000 0.11538757
1.53555000 0.11539426
1.53565000 0.11540094
1.53575000 0.11540762
1.53585000 0.11541430
1.53595000 0.11542097
1.53605000 0.11542764
1.53615000 0.11543431
1.53625000 0.11530680
1.53635000 0.11531349
1.53645000 0.11532017
1.53655000 0.11532685
1.53665000 0.11533353
1.53675000 0.11534021
1.53685000 0.11534688
1.53695000 0.11535355
1.53705000 0.11536022
1.53715000 0.11536688
1.53725000 0.11537354
1.53735000 0.11538020
1.53745000 0.11538685
1.53755000 0.11539350
1.53765000 0.11526614
1.53775000 0.11527281
1.53785000 0.11527948
1.53795000 0.11528614
1.53805000 0.11529280
1.53815000 0.11529946
1.53825000 0.11530612
1.53835000 0.11531277
1.53845000 0.11531942
1.53855000 0.11532607
1.53865000 0.11533271
1.53875000 0.11533935
1.53885000 0.11534599
1.53895000 0.11535263
1.53905000 0.11522540
1.53915000 0.11523206
1.53925000 0.11523871
1.53935000 0.11524536
1.53945000 0.11525200
1.53955000 0.11525864
1.53965000 0.11526528
1.53975000 0.11527192
1.53985000 0.11527855
1.53995000 0.11528518
1.54005000 0.11529181
1.54015000 0.11529843
1.54025000 0.11530506
1.54035000 0.11531167
1.54045000 0.11518460
1.54055000 0.11519123
1.54065000 0.11519787
1.54075000 0.11520450
1.54085000 0.11521113
1.54095000 0.11521775
1.54105000 0.11522437
1.54115000 0.11523099
1.54125000 0.11523761
1.54135000 0.11524422
1.54145000 0.11525084
1.54155000 0.11525744
1.54165000 0.11526405
1.54175000 0.11527065
1.54185000 0.11514372
1.54195000 0.11515034
1.54205000 0.11515695
1.54215000 0.11516357
1.54225000 0.11517018
1.54235000 0.11517679
1.54245000 0.11518339
1.54255000 0.11519000
1.54265000 0.11519660
1.54275000 0.11520319
1.54285000 0.11520979
1.54295000 0.11521638
1.54305000 0.11522297
1.54315000 0.11522955
1.54325000 0.11510276
1.54335000 0.11510937
1.54345000 0.11511597
1.54355000 0.11512256
1.54365000 0.11512916
1.54375000 0.11513575
1.54385000 0.11514234
1.54395000 0.11514893
1.54405000 0.11515551
1.54415000 0.11516209
1.54425000 0.11516867
1.54435000 0.11517524
1.54445000 0.11518181
1.54455000 0.11518838
1.54465000 0.11506173
1.54475000 0.11506832
1.54485000 0.11507491
1.54495000 0.11508149
1.54505000 0.11508807
1.54515000 0.11509464
1.54525000 0.11510121
1.54535000 0.11510778
1.54545000 0.11511435
1.54555000 0.11512091
1.54565000 0.11512747
1.54575000 0.11513403
1.54585000 0.11514059
1.54595000 0.11514714
1.54605000 0.11502063
1.54615000 0.11502720
1.54625000 0.11503377
1.54635000 0.11504034
1.54645000 0.11504690
1.54655000 0.11505346
1.54665000 0.11506001
1.54675000 0.11506656
1.54685000 0.11507311
1.54695000 0.11507966
1.54705000 0.11508621
1.54715000 0.11509275
1.54725000 0.11509928
1.54735000 0.11497290
1.54745000 0.11497946
1.54755000 0.11498601
1.54765000 0.11499256
1.54775000 0.11499911
1.54785000 0.11500566
1.54795000 0.11501220
1.54805000 0.11501874
1.54815000 0.11502527
1.54825000 0.11503181
1.54835000 0.11503834
1.54845000 0.11504486
1.54855000 0.11505139
1.54865000 0.11505791
1.54875000 0.11493167
1.54885000 0.11493821
1.54895000 0.11494475
1.54905000 0.11495128
1.54915000 0.11495781
1.54925000 0.11496434
1.54935000 0.11497087
1.54945000 0.11497739
1.54955000 0.11498391
1.54965000 0.11499042
1.54975000 0.11499694
1.54985000 0.11500345
1.54995000 0.11500995
1.55005000 0.11501646
1.55015000 0.11489037
1.55025000 0.11489689
1.55035000 0.11490341
1.55045000 0.11490993
1.55055000 0.11491644
1.55065000 0.11492295
1.55075000 0.11492946
1.55085000 0.11493596
1.55095000 0.11494247
1.55105000 0.11494897
1.55115000 0.11495546
1.55125000 0.11496196
1.55135000 0.11496845
1.55145000 0.11497493
1.55155000 0.11484899
1.55165000 0.11485549
1.55175000 0.11486199
1.55185000 0.11486849
1.55195000 0.11487499
1.55205000 0.11488149
1.55215000 0.11488798
1.55225000 0.11489447
1.55235000 0.11490095
1.55245000 0.11490743
1.55255000 0.11491391
1.55265000 0.11492039
1.55275000 0.11492686
1.55285000 0.11493333
1.55295000 0.11480753
1.55305000 0.11481402
1.55315000 0.11482051
1.55325000 0.11482699
1.55335000 0.11483347
1.55345000 0.11483995
1.55355000 0.11484642
1.55365000 0.11485289
1.55375000 0.11485936
1.55385000 0.11486583
1.55395000 0.11487229
1.55405000 0.11487875
1.55415000 0.11488521
1.55425000 0.11489166
1.55435000 0.11476600
1.55445000 0.11477247
1.55455000 0.11477894
1.55465000 0.11478541
1.55475000 0.11479187
1.55485000 0.11479833
1.55495000 0.11480479
1.55505000 0.11481124
1.55515000 0.11481770
1.55525000 0.11482414
1.55535000 0.11483059
1.55545000 0.11483703
1.55555000 0.11484347
1.55565000 0.11484991
1.55575000 0.11472440
1.55585000 0.11473085
1.55595000 0.11473730
1.55605000 0.11474375
1.55615000 0.11475020
1.55625000 0.11475664
1.55635000 0.11476308
1.55645000 0.11476952
1.55655000 0.11477595
1.55665000 0.11478239
1.55675000 0.11478882
1.55685000 0.11479524
1.55695000 0.11480166
1.55705000 0.11467627
1.55715000 0.11468271
1.55725000 0.11468915
1.55735000 0.11469559
1.55745000 0.11470202
1.55755000 0.11470845
1.55765000 0.11471488
1.55775000 0.11472130
1.55785000 0.11472772
1.55795000 0.11473414
1.55805000 0.11474055
1.55815000 0.11474696
1.55825000 0.11475337
1.55835000 0.11475978
1.55845000 0.11463453
1.55855000 0.11464096
1.55865000 0.11464738
1.55875000 0.11465380
1.55885000 0.11466021
1.55895000 0.11466663
1.55905000 0.11467303
1.55915000 0.11467944
1.55925000 0.11468584
1.55935000 0.11469225
1.55945000 0.11469864
1.55955000 0.11470504
1.55965000 0.11471143
1.55975000 0.11471782
1.55985000 0.11459272
1.55995000 0.11459913
1.56005000 0.11460553
1.56015000 0.11461193
1.56025000 0.11461833
1.56035000 0.11462472
1.56045000 0.11463112
1.56055000 0.11463751
1.56065000 0.11464389
1.56075000 0.11465028
1.56085000 0.11465666
1.56095000 0.11466304
1.56105000 0.11466941
1.56115000 0.11467578
1.56125000 0.11455083
1.56135000 0.11455722
1.56145000 0.11456360
1.56155000 0.11456999
1.56165000 0.11457637
1.56175000 0.11458275
1.56185000 0.11458912
1.56195000 0.11459550
1.56205000 0.11460186
1.56215000 0.11460823
1.56225000 0.11461460
1.56235000 0.11462096
1.56245000 0.11462731
1.56255000 0.11450248
1.56265000 0.11450886
1.56275000 0.11451523
1.56285000 0.11452160
1.56295000 0.11452797
1.56305000 0.11453433
1.56315000 0.11454069
1.56325000 0.11454705
1.56335000 0.11455341
1.56345000 0.11455976
1.56355000 0.11456611
1.56365000 0.11457246
1.56375000 0.11457880
1.56385000 0.11458514
1.56395000 0.11446045
1.56405000 0.11446681
1.56415000 0.11447317
1.56425000 0.11447952
1.56435000 0.11448587
1.56445000 0.11449222
1.56455000 0.11449856
1.56465000 0.11450490
1.56475000 0.11451124
1.56485000 0.11451758
1.56495000 0.11452391
1.56505000 0.11453024
1.56515000 0.11453657
1.56525000 0.11454289
1.56535000 0.11441835
1.56545000 0.11442469
1.56555000 0.11443103
1.56565000 0.11443736
1.56575000 0.11444370
1.56585000 0.11445003
1.56595000 0.11445636
1.56605000 0.11446268
1.56615000 0.11446900
1.56625000 0.11447532
1.56635000 0.11448163
1.56645000 0.11448795
1.56655000 0.11449426
1.56665000 0.11450056
1.56675000 0.11437617
1.56685000 0.11438249
1.56695000 0.11438881
1.56705000 0.11439513
1.56715000 0.11440145
1.56725000 0.11440776
1.56735000 0.11441407
1.56745000 0.11442038
1.56755000 0.11442668
1.56765000 0.11443298
1.56775000 0.11443928
1.56785000 0.11444558
1.56795000 0.11445187
1.56805000 0.11432760
1.56815000 0.11433391
1.56825000 0.11434021
1.56835000 0.11434652
1.56845000 0.11435282
1.56855000 0.11435912
1.56865000 0.11436541
1.56875000 0.11437171
1.56885000 0.11437800
1.56895000 0.11438428
1.56905000 0.11439057
1.56915000 0.11439685
1.56925000 0.11440313
1.56935000 0.11440940
1.56945000 0.11428528
1.56955000 0.11429157
1.56965000 0.11429786
1.56975000 0.11430415
1.56985000 0.11431043
1.56995000 0.11431671
1.57005000 0.11432299
1.57015000 0.11432927
1.57025000 0.11433554
1.57035000 0.11434181
1.57045000 0.11434808
1.57055000 0.11435434
1.57065000 0.11436060
1.57075000 0.11436686
1.57085000 0.11424288
1.57095000 0.11424915
1.57105000 0.11425543
1.57115000 0.11426170
1.57125000 0.11426796
1.57135000 0.11427423
1.57145000 0.11428049
1.57155000 0.11428675
1.57165000 0.11429300
1.57175000 0.11429926
1.57185000 0.11430551
1.57195000 0.11431175
1.57205000 0.11431800
1.57215000 0.11419414
1.57225000 0.11420040
1.57235000 0.11420666
1.57245000 0.11421292
1.57255000 0.11421917
1.57265000 0.11422542
1.57275000 0.11423167
1.57285000 0.11423791
1.57295000 0.11424415
1.57305000 0.11425039
1.57315000 0.11425662
1.57325000 0.11426286
1.57335000 0.11426909
1.57345000 0.11427531
1.57355000 0.11415160
1.57365000 0.11415785
1.57375000 0.11416409
1.57385000 0.11417033
1.57395000 0.11417656
1.57405000 0.11418279
1.57415000 0.11418902
1.57425000 0.11419525
1.57435000 0.11420148
1.57445000 0.11420770
1.57455000 0.11421391
1.57465000 0.11422013
1.57475000 0.11422634
1.57485000 0.11423255
1.57495000 0.11410899
1.57505000 0.11411521
1.57515000 0.11412144
1.57525000 0.11412766
1.57535000 0.11413388
1.57545000 0.11414009
1.57555000 0.11414630
1.57565000 0.11415251
1.57575000 0.11415872
1.57585000 0.11416492
1.57595000 0.11417113
1.57605000 0.11417732
1.57615000 0.11418352
1.57625000 0.11406008
1.57635000 0.11406629
1.57645000 0.11407250
1.57655000 0.11407871
1.57665000 0.11408491
1.57675000 0.11409111
1.57685000 0.11409731
1.57695000 0.11410351
1.57705000 0.11410970
1.57715000 0.11411589
1.57725000 0.11412207
1.57735000 0.11412826
1.57745000 0.11413444
1.57755000 0.11414062
1.57765000 0.11401732
1.57775000 0.11402352
1.57785000 0.11402971
1.57795000 0.11403590
1.57805000 0.11404209
1.57815000 0.11404827
1.57825000 0.11405445
1.57835000 0.11406063
1.57845000 0.11406680
1.57855000 0.11407297
1.57865000 0.11407914
1.57875000 0.11408531
1.57885000 0.11409147
1.57895000 0.11396830
1.57905000 0.11397448
1.57915000 0.11398066
1.57925000 0.11398684
1.57935000 0.11399301
1.57945000 0.11399918
1.57955000 0.11400535
1.57965000 0.11401151
1.57975000 0.11401767
1.57985000 0.11402383
1.57995000 0.11402998
1.58005000 0.11403613
1.58015000 0.11404228
1.58025000 0.11404843
1.58035000 0.11392540
1.58045000 0.11393157
1.58055000 0.11393773
1.58065000 0.11394389
1.58075000 0.11395004
1.58085000 0.11395619
1.58095000 0.11396234
1.58105000 0.11396849
1.58115000 0.11397463
1.58125000 0.11398077
1.58135000 0.11398691
1.58145000 0.11399304
1.58155000 0.11399918
1.58165000 0.11400530
1.58175000 0.11388243
1.58185000 0.11388857
1.58195000 0.11389472
1.58205000 0.11390086
1.58215000 0.11390699
1.58225000 0.11391313
1.58235000 0.11391926
1.58245000 0.11392539
1.58255000 0.11393152
1.58265000 0.11393764
1.58275000 0.11394376
1.58285000 0.11394987
1.58295000 0.11395599
1.58305000 0.11383324
1.58315000 0.11383937
1.58325000 0.11384550
1.58335000 0.11385162
1.58345000 0.11385775
1.58355000 0.11386387
1.58365000 0.11386998
1.58375000 0.11387610
1.58385000 0.11388221
1.58395000 0.11388832
1.58405000 0.11389442
1.58415000 0.11390053
1.58425000 0.11390662
1.58435000 0.11391272
1.58445000 0.11379011
1.58455000 0.11379623
1.58465000 0.11380234
1.58475000 0.11380845
1.58485000 0.11381456
1.58495000 0.11382066
1.58505000 0.11382676
1.58515000 0.11383285
1.58525000 0.11383895
1.58535000 0.11384504
1.58545000 0.11385113
1.58555000 0.11385721
1.58565000 0.11386329
1.58575000 0.11374081
1.58585000 0.11374691
1.58595000 0.11375301
1.58605000 0.11375910
1.58615000 0.11376520
1.58625000 0.11377128
1.58635000 0.11377737
1.58645000 0.11378345
1.58655000 0.11378953
1.58665000 0.11379561
1.58675000 0.11380168
1.58685000 0.11380775
1.58695000 0.11381382
1.58705000 0.11381988
1.58715000 0.11369755
1.58725000 0.11370363
1.58735000 0.11370971
1.58745000 0.11371579
1.58755000 0.11372186
1.58765000 0.11372793
1.58775000 0.11373400
1.58785000 0.11374006
1.58795000 0.11374613
1.58805000 0.11375218
1.58815000 0.11375824
1.58825000 0.11376429
1.58835000 0.11377034
1.58845000 0.11364813
1.58855000 0.11365420
1.58865000 0.11366027
1.58875000 0.11366633
1.58885000 0.11367239
1.58895000 0.11367844
1.58905000 0.11368450
1.58915000 0.11369055
1.58925000 0.11369659
1.58935000 0.11370264
1.58945000 0.11370868
1.58955000 0.11371472
1.58965000 0.11372075
1.58975000 0.11372679
1.58985000 0.11360472
1.58995000 0.11361077
1.59005000 0.11361682
1.59015000 0.11362287
1.59025000 0.11362891
1.59035000 0.11363495
1.59045000 0.11364098
1.59055000 0.11364702
1.59065000 0.11365304
1.59075000 0.11365907
1.59085000 0.11366510
1.59095000 0.11367112
1.59105000 0.11367713
1.59115000 0.11355520
1.59125000 0.11356123
1.59135000 0.11356727
1.59145000 0.11357330
1.59155000 0.11357932
1.59165000 0.11358535
1.59175000 0.11359137
1.59185000 0.11359739
1.59195000 0.11360340
1.59205000 0.11360941
1.59215000 0.11361542
1.59225000 0.11362143
1.59235000 0.11362743
1.59245000 0.11363343
1.59255000 0.11351164
1.59265000 0.11351766
1.59275000 0.11352368
1.59285000 0.11352969
1.59295000 0.11353570
1.59305000 0.11354170
1.59315000 0.11354771
1.59325000 0.11355371
1.59335000 0.11355970
1.59345000 0.11356570
1.59355000 0.11357169
1.59365000 0.11357768
1.59375000 0.11358367
1.59385000 0.11346200
1.59395000 0.11346800
1.59405000 0.11347401
1.59415000 0.11348000
1.59425000 0.11348600
1.59435000 0.11349199
1.59445000 0.11349798
1.59455000 0.11350396
1.59465000 0.11350995
1.59475000 0.11351593
1.59485000 0.11352190
1.59495000 0.11352788
1.59505000 0.11353385
1.59515000 0.11353982
1.59525000 0.11341830
1.59535000 0.11342429
1.59545000 0.11343027
1.59555000 0.11343625
1.59565000 0.11344223
1.59575000 0.11344820
1.59585000 0.11345417
1.59595000 0.11346014
1.59605000 0.11346610
1.59615000 0.11347207
1.59625000 0.11347803
1.59635000 0.11348398
1.59645000 0.11348994
1.59655000 0.11336854
1.59665000 0.11337452
1.59675000 0.11338048
1.59685000 0.11338645
1.59695000 0.11339241
1.59705000 0.11339837
1.59715000 0.11340433
1.59725000 0.11341028
1.59735000 0.11341623
1.59745000 0.11342218
1.59755000 0.11342812
1.59765000 0.11343407
1.59775000 0.11344000
1.59785000 0.11344594
1.59795000 0.11332469
1.59805000 0.11333065
1.59815000 0.11333660
1.59825000 0.11334255
1.59835000 0.11334849
1.59845000 0.11335443
1.59855000 0.11336037
1.59865000 0.11336631
1.59875000 0.11337224
1.59885000 0.11337817
1.59895000 0.11338410
1.59905000 0.11339002
1.59915000 0.11339594
1.59925000 0.11327482
1.59935000 0.11328076
1.59945000 0.11328670
1.59955000 0.11329263
1.59965000 0.11329856
1.59975000 0.11330449
1.59985000 0.11331041
1.59995000 0.11331633
1.60005000 0.11332225
1.60015000 0.11332817
1.60025000 0.11333408
1.60035000 0.11333999
1.60045000 0.11334589
1.60055000 0.11335180
1.60065000 0.11323083
1.60075000 0.11323675
1.60085000 0.11324267
1.60095000 0.11324858
1.60105000 0.11325449
1.60115000 0.11326040
1.60125000 0.11326631
1.60135000 0.11327221
1.60145000 0.11327811
1.60155000 0.11328401
1.60165000 0.11328990
1.60175000 0.11329580
1.60185000 0.11330168
1.60195000 0.11318084
1.60205000 0.11318675
1.60215000 0.11319265
1.60225000 0.11319855
1.60235000 0.11320445
1.60245000 0.11321034
1.60255000 0.11321623
1.60265000 0.11322212
1.60275000 0.11322801
1.60285000 0.11323389
1.60295000 0.11323977
1.60305000 0.11324565
1.60315000 0.11325152
1.60325000 0.11313080
1.60335000 0.11313669
1.60345000 0.11314258
1.60355000 0.11314847
1.60365000 0.11315435
1.60375000 0.11316023
1.60385000 0.11316611
1.60395000 0.11317198
1.60405000 0.11317785
1.60415000 0.11318372
1.60425000 0.11318958
1.60435000 0.11319545
1.60445000 0.11320130
1.60455000 0.11320716
1.60465000 0.11308659
1.60475000 0.11309246
1.60485000 0.11309833
1.60495000 0.11310420
1.60505000 0.11311007
1.60515000 0.11311593
1.60525000 0.11312179
1.60535000 0.11312764
1.60545000 0.11313350
1.60555000 0.11313935
1.60565000 0.11314519
1.60575000 0.11315104
1.60585000 0.11315688
1.60595000 0.11303643
1.60605000 0.11304229
1.60615000 0.11304815
1.60625000 0.11305400
1.60635000 0.11305985
1.60645000 0.11306570
1.60655000 0.11307154
1.60665000 0.11307738
1.60675000 0.11308322
1.60685000 0.11308906
1.60695000 0.11309489
1.60705000 0.11310072
1.60715000 0.11310655
1.60725000 0.11311237
1.60735000 0.11299207
1.60745000 0.11299791
1.60755000 0.11300375
1.60765000 0.11300959
1.60775000 0.11301542
1.60785000 0.11302125
1.60795000 0.11302707
1.60805000 0.11303290
1.60815000 0.11303872
1.60825000 0.11304453
1.60835000 0.11305035
1.60845000 0.11305616
1.60855000 0.11306197
1.60865000 0.11294180
1.60875000 0.11294762
1.60885000 0.11295345
1.60895000 0.11295927
1.60905000 0.11296508
1.60915000 0.11297090
1.60925000 0.11297671
1.60935000 0.11298252
1.60945000 0.11298832
1.60955000 0.11299413
1.60965000 0.11299993
1.60975000 0.11300572
1.60985000 0.11301152
1.60995000 0.11289147
1.61005000 0.11289728
1.61015000 0.11290309
1.61025000 0.11290890
1.61035000 0.11291470
1.61045000 0.11292050
1.61055000 0.11292630
1.61065000 0.11293209
1.61075000 0.11293788
1.61085000 0.11294367
1.61095000 0.11294945
1.61105000 0.11295523
1.61115000 0.11296101
1.61125000 0.11296679
1.61135000 0.11284689
1.61145000 0.11285268
1.61155000 0.11285848
1.61165000 0.11286426
1.61175000 0.11287005
1.61185000 0.11287583
1.61195000 0.11288161
1.61205000 0.11288738
1.61215000 0.11289316
1.61225000 0.11289892
1.61235000 0.11290469
1.61245000 0.11291046
1.61255000 0.11291622
1.61265000 0.11279645
1.61275000 0.11280223
1.61285000 0.11280800
1.61295000 0.11281377
1.61305000 0.11281954
1.61315000 0.11282531
1.61325000 0.11283107
1.61335000 0.11283683
1.61345000 0.11284259
1.61355000 0.11284835
1.61365000 0.11285410
1.61375000 0.11285985
1.61385000 0.11286559
1.61395000 0.11274595
1.61405000 0.11275171
1.61415000 0.11275747
1.61425000 0.11276323
1.61435000 0.11276899
1.61445000 0.11277474
1.61455000 0.11278049
1.61465000 0.11278623
1.61475000 0.11279197
1.61485000 0.11279771
1.61495000 0.11280345
1.61505000 0.11280918
1.61515000 0.11281492
1.61525000 0.11269540
1.61535000 0.11270115
1.61545000 0.11270689
1.61555000 0.11271264
1.61565000 0.11271838
1.61575000 0.11272411
1.61585000 0.11272985
1.61595000 0.11273558
1.61605000 0.11274130
1.61615000 0.11274703
1.61625000 0.11275275
1.61635000 0.11275847
1.61645000 0.11276419
1.61655000 0.11276990
1.61665000 0.11265053
1.61675000 0.11265626
1.61685000 0.11266199
1.61695000 0.11266771
1.61705000 0.11267344
1.61715000 0.11267915
1.61725000 0.11268487
1.61735000 0.11269058
1.61745000 0.11269629
1.61755000 0.11270200
1.61765000 0.11270770
1.61775000 0.11271340
1.61785000 0.11271910
1.61795000 0.11259986
1.61805000 0.11260558
1.61815000 0.11261129
1.61825000 0.11261700
1.61835000 0.11262270
1.61845000 0.11262841
1.61855000 0.11263411
1.61865000 0.11263981
1.61875000 0.11264550
1.61885000 0.11265119
1.61895000 0.11265688
1.61905000 0.11266257
1.61915000 0.11266825
1.61925000 0.11254914
1.61935000 0.11255484
1.61945000 0.11256054
1.61955000 0.11256623
1.61965000 0.11257192
1.61975000 0.11257761
1.61985000 0.11258329
1.61995000 0.11258898
1.62005000 0.11259466
1.62015000 0.11260033
1.62025000 0.11260601
1.62035000 0.11261168
1.62045000 0.11261735
1.62055000 0.11262301
1.62065000 0.11250405
1.62075000 0.11250973
1.62085000 0.11251541
1.62095000 0.11252108
1.62105000 0.11252676
1.62115000 0.11253243
1.62125000 0.11253809
1.62135000 0.11254376
1.62145000 0.11254942
1.62155000 0.11255508
1.62165000 0.11256074
1.62175000 0.11256639
1.62185000 0.11257204
1.62195000 0.11245320
1.62205000 0.11245887
1.62215000 0.11246453
1.62225000 0.11247019
1.62235000 0.11247585
1.62245000 0.11248151
1.62255000 0.11248716
1.62265000 0.11249281
1.62275000 0.11249845
1.62285000 0.11250410
1.62295000 0.11250974
1.62305000 0.11251538
1.62315000 0.11252101
1.62325000 0.11240230
1.62335000 0.11240795
1.62345000 0.11241360
1.62355000 0.11241925
1.62365000 0.11242489
1.62375000 0.11243053
1.62385000 0.11243617
1.62395000 0.11244180
1.62405000 0.11244743
1.62415000 0.11245306
1.62425000 0.11245869
1.62435000 0.11246431
1.62445000 0.11246993
1.62455000 0.11235135
1.62465000 0.11235699
1.62475000 0.11236262
1.62485000 0.11236825
1.62495000 0.11237388
1.62505000 0.11237950
1.62515000 0.11238513
1.62525000 0.11239074
1.62535000 0.11239636
1.62545000 0.11240197
1.62555000 0.11240758
1.62565000 0.11241319
1.62575000 0.11241880
1.62585000 0.11242440
1.62595000 0.11230596
1.62605000 0.11231158
1.62615000 0.11231720
1.62625000 0.11232281
1.62635000 0.11232842
1.62645000 0.11233403
1.62655000 0.11233963
1.62665000 0.11234523
1.62675000 0.11235083
1.62685000 0.11235643
1.62695000 0.11236202
1.62705000 0.11236761
1.62715000 0.11237319
1.62725000 0.11225489
1.62735000 0.11226049
1.62745000 0.11226609
1.62755000 0.11227169
1.62765000 0.11227728
1.62775000 0.11228287
1.62785000 0.11228846
1.62795000 0.11229405
1.62805000 0.11229963
1.62815000 0.11230521
1.62825000 0.11231079
1.62835000 0.11231636
1.62845000 0.11232193
1.62855000 0.11220376
1.62865000 0.11220934
1.62875000 0.11221493
1.62885000 0.11222051
1.62895000 0.11222609
1.62905000 0.11223167
1.62915000 0.11223724
1.62925000 0.11224281
1.62935000 0.11224838
1.62945000 0.11225394
1.62955000 0.11225951
1.62965000 0.11226507
1.62975000 0.11227062
1.62985000 0.11215257
1.62995000 0.11215814
1.63005000 0.11216371
1.63015000 0.11216928
1.63025000 0.11217485
1.63035000 0.11218041
1.63045000 0.11218596
1.63055000 0.11219152
1.63065000 0.11219707
1.63075000 0.11220262
1.63085000 0.11220817
1.63095000 0.11221371
1.63105000 0.11221925
1.63115000 0.11210133
1.63125000 0.11210689
1.63135000 0.11211244
1.63145000 0.11211800
1.63155000 0.11212354
1.63165000 0.11212909
1.63175000 0.11213463
1.63185000 0.11214017
1.63195000 0.11214571
1.63205000 0.11215124
1.63215000 0.11215678
1.63225000 0.11216230
1.63235000 0.11216783
1.63245000 0.11205004
1.63255000 0.11205558
1.63265000 0.11206112
1.63275000 0.11206665
1.63285000 0.11207219
1.63295000 0.11207772
1.63305000 0.11208325
1.63315000 0.11208877
1.63325000 0.11209429
1.63335000 0.11209981
1.63345000 0.11210533
1.63355000 0.11211084
1.63365000 0.11211635
1.63375000 0.11212186
1.63385000 0.11200421
1.63395000 0.11200974
1.63405000 0.11201526
1.63415000 0.11202078
1.63425000 0.11202629
1.63435000 0.11203180
1.63445000 0.11203731
1.63455000 0.11204282
1.63465000 0.11204832
1.63475000 0.11205383
1.63485000 0.11205932
1.63495000 0.11206482
1.63505000 0.11207031
1.63515000 0.11195279
1.63525000 0.11195830
1.63535000 0.11196381
1.63545000 0.11196931
1.63555000 0.11197481
1.63565000 0.11198031
1.63575000 0.11198580
1.63585000 0.11199129
1.63595000 0.11199678
1.63605000 0.11200227
1.63615000 0.11200775
1.63625000 0.11201323
1.63635000 0.11201871
1.63645000 0.11190132
1.63655000 0.11190681
1.63665000 0.11191230
1.63675000 0.11191779
1.63685000 0.11192327
1.63695000 0.11192875
1.63705000 0.11193423
1.63715000 0.11193971
1.63725000 0.11194518
1.63735000 0.11195065
1.63745000 0.11195612
1.63755000 0.11196158
1.63765000 0.11196705
1.63775000 0.11184978
1.63785000 0.11185526
1.63795000 0.11186074
1.63805000 0.11186621
1.63815000 0.11187168
1.63825000 0.11187715
1.63835000 0.11188261
1.63845000 0.11188807
1.63855000 0.11189353
1.63865000 0.11189898
1.63875000 0.11190443
1.63885000 0.11190988
1.63895000 0.11191533
1.63905000 0.11179820
1.63915000 0.11180366
1.63925000 0.11180912
1.63935000 0.11181458
1.63945000 0.11182003
1.63955000 0.11182548
1.63965000 0.11183093
1.63975000 0.11183638
1.63985000 0.11184182
1.63995000 0.11184726
1.64005000 0.11185269
1.64015000 0.11185813
1.64025000 0.11186356
1.64035000 0.11174655
1.64045000 0.11175200
1.64055000 0.11175744
1.64065000 0.11176289
1.64075000 0.11176833
1.64085000 0.11177376
1.64095000 0.11177919
1.64105000 0.11178462
1.64115000 0.11179005
1.64125000 0.11179547
1.64135000 0.11180090
1.64145000 0.11180631
1.64155000 0.11181173
1.64165000 0.11169485
1.64175000 0.11170029
1.64185000 0.11170571
1.64195000 0.11171114
1.64205000 0.11171656
1.64215000 0.11172198
1.64225000 0.11172740
1.64235000 0.11173282
1.64245000 0.11173823
1.64255000 0.11174364
1.64265000 0.11174904
1.64275000 0.11175444
1.64285000 0.11175984
1.64295000 0.11164310
1.64305000 0.11164851
1.64315000 0.11165393
1.64325000 0.11165934
1.64335000 0.11166475
1.64345000 0.11167015
1.64355000 0.11167555
1.64365000 0.11168095
1.64375000 0.11168635
1.64385000 0.11169174
1.64395000 0.11169713
1.64405000 0.11170252
1.64415000 0.11170790
1.64425000 0.11159128
1.64435000 0.11159669
1.64445000 0.11160208
1.64455000 0.11160748
1.64465000 0.11161287
1.64475000 0.11161826
1.64485000 0.11162365
1.64495000 0.11162903
1.64505000 0.11163441
1.64515000 0.11163979
1.64525000 0.11164516
1.64535000 0.11165054
1.64545000 0.11165591
1.64555000 0.11153942
1.64565000 0.11154480
1.64575000 0.11155018
1.64585000 0.11155556
1.64595000 0.11156094
1.64605000 0.11156632
1.64615000 0.11157169
1.64625000 0.11157705
1.64635000 0.11158242
1.64645000 0.11158778
1.64655000 0.11159314
1.64665000 0.11159850
1.64675000 0.11160385
1.64685000 0.11148749
1.64695000 0.11149286
1.64705000 0.11149823
1.64715000 0.11150359
1.64725000 0.11150895
1.64735000 0.11151431
1.64745000 0.11151967
1.64755000 0.11152502
1.64765000 0.11153037
1.64775000 0.11153572
1.64785000 0.11154106
1.64795000 0.11154640
1.64805000 0.11155174
1.64815000 0.11155707
1.64825000 0.11144086
1.64835000 0.11144621
1.64845000 0.11145156
1.64855000 0.11145691
1.64865000 0.11146225
1.64875000 0.11146759
1.64885000 0.11147293
1.64895000 0.11147826
1.64905000 0.11148359
1.64915000 0.11148892
1.64925000 0.11149425
1.64935000 0.11149957
1.64945000 0.11150489
1.64955000 0.11138881
1.64965000 0.11139414
1.64975000 0.11139948
1.64985000 0.11140481
1.64995000 0.11141013
1.65005000 0.11141546
1.65015000 0.11142078
1.65025000 0.11142610
1.65035000 0.11143141
1.65045000 0.11143673
1.65055000 0.11144204
1.65065000 0.11144734
1.65075000 0.11145265
1.65085000 0.11133669
1.65095000 0.11134201
1.65105000 0.11134733
1.65115000 0.11135265
1.65125000 0.11135796
1.65135000 0.11136327
1.65145000 0.11136857
1.65155000 0.11137388
1.65165000 0.11137918
1.65175000 0.11138447
1.65185000 0.11138977
1.65195000 0.11139506
1.65205000 0.11140035
1.65215000 0.11128452
1.65225000 0.11128983
1.65235000 0.11129513
1.65245000 0.11130043
1.65255000 0.11130573
1.65265000 0.11131102
1.65275000 0.11131631
1.65285000 0.11132160
1.65295000 0.11132688
1.65305000 0.11133216
1.65315000 0.11133744
1.65325000 0.11134272
1.65335000 0.11134799
1.65345000 0.11123229
1.65355000 0.11123758
1.65365000 0.11124287
1.65375000 0.11124815
1.65385000 0.11125343
1.65395000 0.11125871
1.65405000 0.11126399
1.65415000 0.11126926
1.65425000 0.11127453
1.65435000 0.11127979
1.65445000 0.11128506
1.65455000 0.11129032
1.65465000 0.11129558
1.65475000 0.11118001
1.65485000 0.11118528
1.65495000 0.11119055
1.65505000 0.11119582
1.65515000 0.11120109
1.65525000 0.11120635
1.65535000 0.11121161
1.65545000 0.11121686
1.65555000 0.11122212
1.65565000 0.11122737
1.65575000 0.11123262
1.65585000 0.11123786
1.65595000 0.11124310
1.65605000 0.11112766
1.65615000 0.11113292
1.65625000 0.11113818
1.65635000 0.11114343
1.65645000 0.11114868
1.65655000 0.11115393
1.65665000 0.11115917
1.65675000 0.11116441
1.65685000 0.11116965
1.65695000 0.11117488
1.65705000 0.11118012
1.65715000 0.11118534
1.65725000 0.11107002
1.65735000 0.11107526
1.65745000 0.11108050
1.65755000 0.11108574
1.65765000 0.11109098
1.65775000 0.11109621
1.65785000 0.11110145
1.65795000 0.11110667
1.65805000 0.11111190
1.65815000 0.11111712
1.65825000 0.11112234
1.65835000 0.11112756
1.65845000 0.11113277
1.65855000 0.11101757
1.65865000 0.11102280
1.65875000 0.11102803
1.65885000 0.11103325
1.65895000 0.11103847
1.65905000 0.11104369
1.65915000 0.11104891
1.65925000 0.11105412
1.65935000 0.11105933
1.65945000 0.11106454
1.65955000 0.11106974
1.65965000 0.11107494
1.65975000 0.11108014
1.65985000 0.11096507
1.65995000 0.11097028
1.66005000 0.11097549
1.66015000 0.11098070
1.66025000 0.11098591
1.66035000 0.11099111
1.66045000 0.11099631
1.66055000 0.11100151
1.66065000 0.11100670
1.66075000 0.11101189
1.66085000 0.11101708
1.66095000 0.11102226
1.66105000 0.11102745
1.66115000 0.11091250
1.66125000 0.11091770
1.66135000 0.11092290
1.66145000 0.11092809
1.66155000 0.11093328
1.66165000 0.11093847
1.66175000 0.11094365
1.66185000 0.11094883
1.66195000 0.11095401
1.66205000 0.11095919
1.66215000 0.11096436
1.66225000 0.11096953
1.66235000 0.11097470
1.66245000 0.11085988
1.66255000 0.11086507
1.66265000 0.11087025
1.66275000 0.11087542
1.66285000 0.11088060
1.66295000 0.11088577
1.66305000 0.11089094
1.66315000 0.11089610
1.66325000 0.11090127
1.66335000 0.11090642
1.66345000 0.11091158
1.66355000 0.11091673
1.66365000 0.11092189
1.66375000 0.11080720
1.66385000 0.11081237
1.66395000 0.11081754
1.66405000 0.11082270
1.66415000 0.11082786
1.66425000 0.11083301
1.66435000 0.11083816
1.66445000 0.11084331
1.66455000 0.11084846
1.66465000 0.11085360
1.66475000 0.11085874
1.66485000 0.11086388
1.66495000 0.11086902
1.66505000 0.11075446
1.66515000 0.11075962
1.66525000 0.11076476
1.66535000 0.11076991
1.66545000 0.11077505
1.66555000 0.11078019
1.66565000 0.11078533
1.66575000 0.11079046
1.66585000 0.11079559
1.66595000 0.11080072
1.66605000 0.11080585
1.66615000 0.11081097
1.66625000 0.11081609
1.66635000 0.11070167
1.66645000 0.11070680
1.66655000 0.11071193
1.66665000 0.11071706
1.66675000 0.11072219
1.66685000 0.11072731
1.66695000 0.11073244
1.66705000 0.11073755
1.66715000 0.11074267
1.66725000 0.11074778
1.66735000 0.11075289
1.66745000 0.11075800
1.66755000 0.11076310
1.66765000 0.11064881
1.66775000 0.11065393
1.66785000 0.11065904
1.66795000 0.11066416
1.66805000 0.11066927
1.66815000 0.11067438
1.66825000 0.11067948
1.66835000 0.11068459
1.66845000 0.11068968
1.66855000 0.11069478
1.66865000 0.11069987
1.66875000 0.11070497
1.66885000 0.11071005
1.66895000 0.11059589
1.66905000 0.11060099
1.66915000 0.11060609
1.66925000 0.11061119
1.66935000 0.11061629
1.66945000 0.11062138
1.66955000 0.11062647
1.66965000 0.11063156
1.66975000 0.11063664
1.66985000 0.11064172
1.66995000 0.11064680
1.67005000 0.11065187
1.67015000 0.11065695
1.67025000 0.11054291
1.67035000 0.11054800
1.67045000 0.11055309
1.67055000 0.11055817
1.67065000 0.11056325
1.67075000 0.11056832
1.67085000 0.11057340
1.67095000 0.11057847
1.67105000 0.11058354
1.67115000 0.11058860
1.67125000 0.11059366
1.67135000 0.11059872
1.67145000 0.11048480
1.67155000 0.11048987
1.67165000 0.11049495
1.67175000 0.11050002
1.67185000 0.11050508
1.67195000 0.11051015
1.67205000 0.11051521
1.67215000 0.11052026
1.67225000 0.11052532
1.67235000 0.11053037
1.67245000 0.11053542
1.67255000 0.11054047
1.67265000 0.11054551
1.67275000 0.11043172
1.67285000 0.11043678
1.67295000 0.11044183
1.67305000 0.11044689
1.67315000 0.11045194
1.67325000 0.11045698
1.67335000 0.11046203
1.67345000 0.11046707
1.67355000 0.11047211
1.67365000 0.11047715
1.67375000 0.11048218
1.67385000 0.11048721
1.67395000 0.11049224
1.67405000 0.11037857
1.67415000 0.11038362
1.67425000 0.11038866
1.67435000 0.11039370
1.67445000 0.11039873
1.67455000 0.11040376
1.67465000 0.11040879
1.67475000 0.11041382
1.67485000 0.11041884
1.67495000 0.11042386
1.67505000 0.11042888
1.67515000 0.11043389
1.67525000 0.11043890
1.67535000 0.11032537
1.67545000 0.11033040
1.67555000 0.11033542
1.67565000 0.11034044
1.67575000 0.11034546
1.67585000 0.11035048
1.67595000 0.11035549
1.67605000 0.11036050
1.67615000 0.11036551
1.67625000 0.11037052
1.67635000 0.11037552
1.67645000 0.11038051
1.67655000 0.11038551
1.67665000 0.11027211
1.67675000 0.11027712
1.67685000 0.11028213
1.67695000 0.11028713
1.67705000 0.11029214
1.67715000 0.11029714
1.67725000 0.11030213
1.67735000 0.11030713
1.67745000 0.11031212
1.67755000 0.11031711
1.67765000 0.11032209
1.67775000 0.11032708
1.67785000 0.11033206
1.67795000 0.11021878
1.67805000 0.11022378
1.67815000 0.11022877
1.67825000 0.11023376
1.67835000 0.11023875
1.67845000 0.11024373
1.67855000 0.11024871
1.67865000 0.11025369
1.67875000 0.11025867
1.67885000 0.11026364
1.67895000 0.11026861
1.67905000 0.11027358
1.67915000 0.11016041
1.67925000 0.11016540
1.67935000 0.11017038
1.67945000 0.11017535
1.67955000 0.11018033
1.67965000 0.11018530
1.67975000 0.11019027
1.67985000 0.11019523
1.67995000 0.11020020
1.68005000 0.11020515
1.68015000 0.11021011
1.68025000 0.11021506
1.68035000 0.11022002
1.68045000 0.11010698
1.68055000 0.11011195
1.68065000 0.11011691
1.68075000 0.11012187
1.68085000 0.11012683
1.68095000 0.11013179
1.68105000 0.11013674
1.68115000 0.11014169
1.68125000 0.11014664
1.68135000 0.11015158
1.68145000 0.11015652
1.68155000 0.11016146
1.68165000 0.11016639
1.68175000 0.11005349
1.68185000 0.11005844
1.68195000 0.11006339
1.68205000 0.11006833
1.68215000 0.11007328
1.68225000 0.11007822
1.68235000 0.11008315
1.68245000 0.11008809
1.68255000 0.11009302
1.68265000 0.11009794
1.68275000 0.11010287
1.68285000 0.11010779
1.68295000 0.11011271
1.68305000 0.10999994
1.68315000 0.11000487
1.68325000 0.11000980
1.68335000 0.11001473
1.68345000 0.11001966
1.68355000 0.11002458
1.68365000 0.11002950
1.68375000 0.11003442
1.68385000 0.11003934
1.68395000 0.11004425
1.68405000 0.11004916
1.68415000 0.11005406
1.68425000 0.10994140
1.68435000 0.10994632
1.68445000 0.10995124
1.68455000 0.10995616
1.68465000 0.10996107
1.68475000 0.10996598
1.68485000 0.10997089
1.68495000 0.10997579
1.68505000 0.10998069
1.68515000 0.10998559
1.68525000 0.10999049
1.68535000 0.10999538
1.68545000 0.11000027
1.68555000 0.10988774
1.68565000 0.10989264
1.68575000 0.10989755
1.68585000 0.10990245
1.68595000 0.10990734
1.68605000 0.10991224
1.68615000 0.10991713
1.68625000 0.10992202
1.68635000 0.10992690
1.68645000 0.10993179
1.68655000 0.10993667
1.68665000 0.10994154
1.68675000 0.10994642
1.68685000 0.10983401
1.68695000 0.10983890
1.68705000 0.10984379
1.68715000 0.10984868
1.68725000 0.10985356
1.68735000 0.10985844
1.68745000 0.10986331
1.68755000 0.10986818
1.68765000 0.10987305
1.68775000 0.10987792
1.68785000 0.10988278
1.68795000 0.10988764
1.68805000 0.10989250
1.68815000 0.10978023
1.68825000 0.10978510
1.68835000 0.10978997
1.68845000 0.10979484
1.68855000 0.10979971
1.68865000 0.10980457
1.68875000 0.10980943
1.68885000 0.10981429
1.68895000 0.10981914
1.68905000 0.10982399
1.68915000 0.10982884
1.68925000 0.10983368
1.68935000 0.10972152
1.68945000 0.10972638
1.68955000 0.10973124
1.68965000 0.10973609
1.68975000 0.10974095
1.68985000 0.10974580
1.68995000 0.10975064
1.69005000 0.10975548
1.69015000 0.10976032
1.69025000 0.10976516
1.69035000 0.10977000
1.69045000 0.10977483
1.69055000 0.10977966
1.69065000 0.10966763
1.69075000 0.10967247
1.69085000 0.10967731
1.69095000 0.10968215
1.69105000 0.10968699
1.69115000 0.10969182
1.69125000 0.10969665
1.69135000 0.10970148
1.69145000 0.10970630
1.69155000 0.10971112
1.69165000 0.10971594
1.69175000 0.10972076
1.69185000 0.10972557
1.69195000 0.10961367
1.69205000 0.10961850
1.69215000 0.10962332
1.69225000 0.10962815
1.69235000 0.10963297
1.69245000 0.10963778
1.69255000 0.10964260
1.69265000 0.10964741
1.69275000 0.10965222
1.69285000 0.10965702
1.69295000 0.10966182
1.69305000 0.10966662
1.69315000 0.10955483
1.69325000 0.10955965
1.69335000 0.10956446
1.69345000 0.10956927
1.69355000 0.10957408
1.69365000 0.10957888
1.69375000 0.10958368
1.69385000 0.10958848
1.69395000 0.10959328
1.69405000 0.10959807
1.69415000 0.10960286
1.69425000 0.10960764
1.69435000 0.10961243
1.69445000 0.10950077
1.69455000 0.10950557
1.69465000 0.10951036
1.69475000 0.10951516
1.69485000 0.10951995
1.69495000 0.10952474
1.69505000 0.10952952
1.69515000 0.10953430
1.69525000 0.10953908
1.69535000 0.10954386
1.69545000 0.10954863
1.69555000 0.10955340
1.69565000 0.10955817
1.69575000 0.10944664
1.69585000 0.10945142
1.69595000 0.10945620
1.69605000 0.10946098
1.69615000 0.10946575
1.69625000 0.10947053
1.69635000 0.10947529
1.69645000 0.10948006
1.69655000 0.10948482
1.69665000 0.10948958
1.69675000 0.10949434
1.69685000 0.10949909
1.69695000 0.10938768
1.69705000 0.10939245
1.69715000 0.10939721
1.69725000 0.10940198
1.69735000 0.10940674
1.69745000 0.10941150
1.69755000 0.10941625
1.69765000 0.10942101
1.69775000 0.10942575
1.69785000 0.10943050
1.69795000 0.10943524
1.69805000 0.10943998
1.69815000 0.10944472
1.69825000 0.10933344
1.69835000 0.10933819
1.69845000 0.10934294
1.69855000 0.10934769
1.69865000 0.10935243
1.69875000 0.10935718
1.69885000 0.10936192
1.69895000 0.10936665
1.69905000 0.10937139
1.69915000 0.10937612
1.69925000 0.10938084
1.69935000 0.10938557
1.69945000 0.10939029
1.69955000 0.10927913
1.69965000 0.10928387
1.69975000 0.10928861
1.69985000 0.10929334
1.69995000 0.10929807
1.70005000 0.10930279
1.70015000 0.10930752
1.70025000 0.10931224
1.70035000 0.10931695
1.70045000 0.10932167
1.70055000 0.10932638
1.70065000 0.10933109
1.70075000 0.10922004
1.70085000 0.10922477
1.70095000 0.10922949
1.70105000 0.10923421
1.70115000 0.10923892
1.70125000 0.10924363
1.70135000 0.10924834
1.70145000 0.10925305
1.70155000 0.10925775
1.70165000 0.10926246
1.70175000 0.10926715
1.70185000 0.10927185
1.70195000 0.10927654
1.70205000 0.10916563
1.70215000 0.10917034
1.70225000 0.10917504
1.70235000 0.10917974
1.70245000 0.10918444
1.70255000 0.10918914
1.70265000 0.10919383
1.70275000 0.10919852
1.70285000 0.10920321
1.70295000 0.10920789
1.70305000 0.10921258
1.70315000 0.10921725
1.70325000 0.10922193
1.70335000 0.10911115
1.70345000 0.10911584
1.70355000 0.10912053
1.70365000 0.10912522
1.70375000 0.10912990
1.70385000 0.10913458
1.70395000 0.10913926
1.70405000 0.10914393
1.70415000 0.10914860
1.70425000 0.10915327
1.70435000 0.10915794
1.70445000 0.10916260
1.70455000 0.10905193
1.70465000 0.10905661
1.70475000 0.10906128
1.70485000 0.10906595
1.70495000 0.10907062
1.70505000 0.10907529
1.70515000 0.10907995
1.70525000 0.10908462
1.70535000 0.10908927
1.70545000 0.10909393
1.70555000 0.10909858
1.70565000 0.10910323
1.70575000 0.10910788
1.70585000 0.10899734
1.70595000 0.10900200
1.70605000 0.10900666
1.70615000 0.10901131
1.70625000 0.10901597
1.70635000 0.10902062
1.70645000 0.10902527
1.70655000 0.10902991
1.70665000 0.10903455
1.70675000 0.10903919
1.70685000 0.10904383
1.70695000 0.10904846
1.70705000 0.10893803
1.70715000 0.10894268
1.70725000 0.10894733
1.70735000 0.10895197
1.70745000 0.10895661
1.70755000 0.10896125
1.70765000 0.10896588
1.70775000 0.10897051
1.70785000 0.10897514
1.70795000 0.10897977
1.70805000 0.10898439
1.70815000 0.10898901
1.70825000 0.10899362
1.70835000 0.10888333
1.70845000 0.10888796
1.70855000 0.10889259
1.70865000 0.10889722
1.70875000 0.10890184
1.70885000 0.10890646
1.70895000 0.10891108
1.70905000 0.10891569
1.70915000 0.10892031
1.70925000 0.10892492
1.70935000 0.10892952
1.70945000 0.10893413
1.70955000 0.10882394
1.70965000 0.10882856
1.70975000 0.10883318
1.70985000 0.10883779
1.70995000 0.10884240
1.71005000 0.10884701
1.71015000 0.10885161
1.71025000 0.10885621
1.71035000 0.10886081
1.71045000 0.10886541
1.71055000 0.10887000
1.71065000 0.10887459
1.71075000 0.10887918
1.71085000 0.10876912
1.71095000 0.10877373
1.71105000 0.10877833
1.71115000 0.10878292
1.71125000 0.10878752
1.71135000 0.10879211
1.71145000 0.10879670
1.71155000 0.10880128
1.71165000 0.10880586
1.71175000 0.10881044
1.71185000 0.10881502
1.71195000 0.10881959
1.71205000 0.10882416
1.71215000 0.10871424
1.71225000 0.10871883
1.71235000 0.10872341
1.71245000 0.10872799
1.71255000 0.10873257
1.71265000 0.10873714
1.71275000 0.10874172
1.71285000 0.10874629
1.71295000 0.10875085
1.71305000 0.10875541
1.71315000 0.10875997
1.71325000 0.10876453
1.71335000 0.10865472
1.71345000 0.10865929
1.71355000 0.10866386
1.71365000 0.10866843
1.71375000 0.10867300
1.71385000 0.10867756
1.71395000 0.10868212
1.71405000 0.10868667
1.71415000 0.10869122
1.71425000 0.10869577
1.71435000 0.10870032
1.71445000 0.10870486
1.71455000 0.10870940
1.71465000 0.10859972
1.71475000 0.10860428
1.71485000 0.10860883
1.71495000 0.10861339
1.71505000 0.10861793
1.71515000 0.10862248
1.71525000 0.10862702
1.71535000 0.10863156
1.71545000 0.10863610
1.71555000 0.10864063
1.71565000 0.10864516
1.71575000 0.10864969
1.71585000 0.10854012
1.71595000 0.10854466
1.71605000 0.10854920
1.71615000 0.10855374
1.71625000 0.10855827
1.71635000 0.10856281
1.71645000 0.10856733
1.71655000 0.10857186
1.71665000 0.10857638
1.71675000 0.10858090
1.71685000 0.10858542
1.71695000 0.10858993
1.71705000 0.10859444
1.71715000 0.10848501
1.71725000 0.10848953
1.71735000 0.10849406
1.71745000 0.10849858
1.71755000 0.10850310
1.71765000 0.10850761
1.71775000 0.10851212
1.71785000 0.10851663
1.71795000 0.10852114
1.71805000 0.10852564
1.71815000 0.10853014
1.71825000 0.10853464
1.71835000 0.10842532
1.71845000 0.10842983
1.71855000 0.10843434
1.71865000 0.10843885
1.71875000 0.10844335
1.71885000 0.10844785
1.71895000 0.10845235
1.71905000 0.10845685
1.71915000 0.10846134
1.71925000 0.10846583
1.71935000 0.10847032
1.71945000 0.10847480
1.71955000 0.10847928
1.71965000 0.10837009
1.71975000 0.10837459
1.71985000 0.10837908
1.71995000 0.10838357
1.72005000 0.10838806
1.72015000 0.10839254
1.72025000 0.10839703
1.72035000 0.10840151
1.72045000 0.10840598
1.72055000 0.10841046
1.72065000 0.10841493
1.72075000 0.10841939
1.72085000 0.10831031
1.72095000 0.10831480
1.72105000 0.10831928
1.72115000 0.10832375
1.72125000 0.10832823
1.72135000 0.10833270
1.72145000 0.10833717
1.72155000 0.10834164
1.72165000 0.10834610
1.72175000 0.10835056
1.72185000 0.10835501
1.72195000 0.10835947
1.72205000 0.10836392
1.72215000 0.10825497
1.72225000 0.10825944
1.72235000 0.10826390
1.72245000 0.10826836
1.72255000 0.10827282
1.72265000 0.10827728
1.72275000 0.10828173
1.72285000 0.10828618
1.72295000 0.10829062
1.72305000 0.10829507
1.72315000 0.10829951
1.72325000 0.10830394
1.72335000 0.10819511
1.72345000 0.10819956
1.72355000 0.10820401
1.72365000 0.10820846
1.72375000 0.10821290
1.72385000 0.10821734
1.72395000 0.10822178
1.72405000 0.10822622
1.72415000 0.10823065
1.72425000 0.10823508
1.72435000 0.10823951
1.72445000 0.10824393
1.72455000 0.10824835
1.72465000 0.10813965
1.72475000 0.10814409
1.72485000 0.10814852
1.72495000 0.10815295
1.72505000 0.10815738
1.72515000 0.10816180
1.72525000 0.10816623
1.72535000 0.10817064
1.72545000 0.10817506
1.72555000 0.10817947
1.72565000 0.10818388
1.72575000 0.10818829
1.72585000 0.10807970
1.72595000 0.10808412
1.72605000 0.10808854
1.72615000 0.10809296
1.72625000 0.10809737
1.72635000 0.10810179
1.72645000 0.10810619
1.72655000 0.10811060
1.72665000 0.10811500
1.72675000 0.10811940
1.72685000 0.10812380
1.72695000 0.10812819
1.72705000 0.10801971
1.72715000 0.10802412
1.72725000 0.10802853
1.72735000 0.10803293
1.72745000 0.10803733
1.72755000 0.10804173
1.72765000 0.10804613
1.72775000 0.10805052
1.72785000 0.10805491
1.72795000 0.10805929
1.72805000 0.10806368
1.72815000 0.10806806
1.72825000 0.10807243
1.72835000 0.10796409
1.72845000 0.10796848
1.72855000 0.10797287
1.72865000 0.10797726
1.72875000 0.10798164
1.72885000 0.10798602
1.72895000 0.10799040
1.72905000 0.10799478
1.72915000 0.10799915
1.72925000 0.10800352
1.72935000 0.10800788
1.72945000 0.10801225
1.72955000 0.10790401
1.72965000 0.10790839
1.72975000 0.10791277
1.72985000 0.10791714
1.72995000 0.10792151
1.73005000 0.10792588
1.73015000 0.10793024
1.73025000 0.10793461
1.73035000 0.10793896
1.73045000 0.10794332
1.73055000 0.10794767
1.73065000 0.10795202
1.73075000 0.10795637
1.73085000 0.10784827
1.73095000 0.10785263
1.73105000 0.10785699
1.73115000 0.10786135
1.73125000 0.10786570
1.73135000 0.10787005
1.73145000 0.10787440
1.73155000 0.10787874
1.73165000 0.10788309
1.73175000 0.10788743
1.73185000 0.10789176
1.73195000 0.10789610
1.73205000 0.10778810
1.73215000 0.10779245
1.73225000 0.10779680
1.73235000 0.10780114
1.73245000 0.10780548
1.73255000 0.10780982
1.73265000 0.10781416
1.73275000 0.10781849
1.73285000 0.10782282
1.73295000 0.10782714
1.73305000 0.10783146
1.73315000 0.10783578
1.73325000 0.10784010
1.73335000 0.10773224
1.73345000 0.10773657
1.73355000 0.10774090
1.73365000 0.10774523
1.73375000 0.10774955
1.73385000 0.10775387
1.73395000 0.10775819
1.73405000 0.10776251
1.73415000 0.10776682
1.73425000 0.10777113
1.73435000 0.10777543
1.73445000 0.10777974
1.73455000 0.10767199
1.73465000 0.10767631
1.73475000 0.10768063
1.73485000 0.10768494
1.73495000 0.10768925
1.73505000 0.10769356
1.73515000 0.10769786
1.73525000 0.10770216
1.73535000 0.10770646
1.73545000 0.10771076
1.73555000 0.10771505
1.73565000 0.10771934
1.73575000 0.10761170
1.73585000 0.10761601
1.73595000 0.10762031
1.73605000 0.10762461
1.73615000 0.10762891
1.73625000 0.10763320
1.73635000 0.10763749
1.73645000 0.10764178
1.73655000 0.10764606
1.73665000 0.10765034
1.73675000 0.10765462
1.73685000 0.10765890
1.73695000 0.10766317
1.73705000 0.10755567
1.73715000 0.10755996
1.73725000 0.10756424
1.73735000 0.10756853
1.73745000 0.10757281
1.73755000 0.10757708
1.73765000 0.10758136
1.73775000 0.10758563
1.73785000 0.10758989
1.73795000 0.10759416
1.73805000 0.10759842
1.73815000 0.10760268
1.73825000 0.10749529
1.73835000 0.10749957
1.73845000 0.10750384
1.73855000 0.10750811
1.73865000 0.10751237
1.73875000 0.10751664
1.73885000 0.10752090
1.73895000 0.10752515
1.73905000 0.10752941
1.73915000 0.10753366
1.73925000 0.10753791
1.73935000 0.10754215
1.73945000 0.10743488
1.73955000 0.10743914
1.73965000 0.10744340
1.73975000 0.10744765
1.73985000 0.10745190
1.73995000 0.10745615
1.74005000 0.10746040
1.74015000 0.10746464
1.74025000 0.10746888
1.74035000 0.10747312
1.74045000 0.10747735
1.74055000 0.10748159
1.74065000 0.10748582
1.74075000 0.10737867
1.74085000 0.10738291
1.74095000 0.10738716
1.74105000 0.10739139
1.74115000 0.10739563
1.74125000 0.10739986
1.74135000 0.10740409
1.74145000 0.10740832
1.74155000 0.10741254
1.74165000 0.10741676
1.74175000 0.10742098
1.74185000 0.10742520
1.74195000 0.10731817
1.74205000 0.10732240
1.74215000 0.10732662
1.74225000 0.10733085
1.74235000 0.10733507
1.74245000 0.10733929
1.74255000 0.10734351
1.74265000 0.10734772
1.74275000 0.10735193
1.74285000 0.10735614
1.74295000 0.10736034
1.74305000 0.10736454
1.74315000 0.10725762
1.74325000 0.10726184
1.74335000 0.10726605
1.74345000 0.10727026
1.74355000 0.10727447
1.74365000 0.10727868
1.74375000 0.10728288
1.74385000 0.10728708
1.74395000 0.10729127
1.74405000 0.10729547
1.74415000 0.10729966
1.74425000 0.10730385
1.74435000 0.10730803
1.74445000 0.10720124
1.74455000 0.10720544
1.74465000 0.10720964
1.74475000 0.10721383
1.74485000 0.10721803
1.74495000 0.10722221
1.74505000 0.10722640
1.74515000 0.10723058
1.74525000 0.10723476
1.74535000 0.10723894
1.74545000 0.10724311
1.74555000 0.10724728
1.74565000 0.10714061
1.74575000 0.10714480
1.74585000 0.10714898
1.74595000 0.10715316
1.74605000 0.10715734
1.74615000 0.10716151
1.74625000 0.10716568
1.74635000 0.10716985
1.74645000 0.10717402
1.74655000 0.10717818
1.74665000 0.10718234
1.74675000 0.10718650
1.74685000 0.10707994
1.74695000 0.10708411
1.74705000 0.10708828
1.74715000 0.10709244
1.74725000 0.10709661
1.74735000 0.10710077
1.74745000 0.10710493
1.74755000 0.10710908
1.74765000 0.10711323
1.74775000 0.10711738
1.74785000 0.10712153
1.74795000 0.10712567
1.74805000 0.10712981
1.74815000 0.10702338
1.74825000 0.10702754
1.74835000 0.10703169
1.74845000 0.10703584
1.74855000 0.10703999
1.74865000 0.10704413
1.74875000 0.10704827
1.74885000 0.10705241
1.74895000 0.10705655
1.74905000 0.10706068
1.74915000 0.10706481
1.74925000 0.10706893
1.74935000 0.10696262
1.74945000 0.10696676
1.74955000 0.10697090
1.74965000 0.10697504
1.74975000 0.10697917
1.74985000 0.10698330
1.74995000 0.10698743
1.75005000 0.10699155
1.75015000 0.10699567
1.75025000 0.10699979
1.75035000 0.10700390
1.75045000 0.10700802
1.75055000 0.10690182
1.75065000 0.10690594
1.75075000 0.10691007
1.75085000 0.10691419
1.75095000 0.10691831
1.75105000 0.10692243
1.75115000 0.10692654
1.75125000 0.10693065
1.75135000 0.10693476
1.75145000 0.10693886
1.75155000 0.10694296
1.75165000 0.10694706
1.75175000 0.10684097
1.75185000 0.10684509
1.75195000 0.10684920
1.75205000 0.10685331
1.75215000 0.10685741
1.75225000 0.10686151
1.75235000 0.10686561
1.75245000 0.10686971
1.75255000 0.10687380
1.75265000 0.10687789
1.75275000 0.10688198
1.75285000 0.10688607
1.75295000 0.10689015
1.75305000 0.10678419
1.75315000 0.10678829
1.75325000 0.10679238
1.75335000 0.10679647
1.75345000 0.10680056
1.75355000 0.10680465
1.75365000 0.10680873
1.75375000 0.10681281
1.75385000 0.10681689
1.75395000 0.10682096
1.75405000 0.10682503
1.75415000 0.10682910
1.75425000 0.10672326
1.75435000 0.10672734
1.75445000 0.10673142
1.75455000 0.10673550
1.75465000 0.10673957
1.75475000 0.10674364
1.75485000 0.10674771
1.75495000 0.10675178
1.75505000 0.10675584
1.75515000 0.10675990
1.75525000 0.10676396
1.75535000 0.10676801
1.75545000 0.10666228
1.75555000 0.10666635
1.75565000 0.10667042
1.75575000 0.10667448
1.75585000 0.10667854
1.75595000 0.10668260
1.75605000 0.10668665
1.75615000 0.10669071
1.75625000 0.10669476
1.75635000 0.10669880
1.75645000 0.10670284
1.75655000 0.10670688
1.75665000 0.10660127
1.75675000 0.10660532
1.75685000 0.10660938
1.75695000 0.10661343
1.75705000 0.10661747
1.75715000 0.10662152
1.75725000 0.10662556
1.75735000 0.10662960
1.75745000 0.10663363
1.75755000 0.10663766
1.75765000 0.10664169
1.75775000 0.10664572
1.75785000 0.10664974
1.75795000 0.10654426
1.75805000 0.10654829
1.75815000 0.10655233
1.75825000 0.10655636
1.75835000 0.10656039
1.75845000 0.10656442
1.75855000 0.10656844
1.75865000 0.10657247
1.75875000 0.10657648
1.75885000 0.10658050
1.75895000 0.10658451
1.75905000 0.10658852
1.75915000 0.10648315
1.75925000 0.10648717
1.75935000 0.10649120
1.75945000 0.10649521
1.75955000 0.10649923
1.75965000 0.10650324
1.75975000 0.10650725
1.75985000 0.10651126
1.75995000 0.10651526
1.76005000 0.10651927
1.76015000 0.10652326
1.76025000 0.10652726
1.76035000 0.10642200
1.76045000 0.10642601
1.76055000 0.10643002
1.76065000 0.10643403
1.76075000 0.10643803
1.76085000 0.10644203
1.76095000 0.10644602
1.76105000 0.10645002
1.76115000 0.10645401
1.76125000 0.10645799
1.76135000 0.10646198
1.76145000 0.10646596
1.76155000 0.10636081
1.76165000 0.10636481
1.76175000 0.10636881
1.76185000 0.10637280
1.76195000 0.10637678
1.76205000 0.10638077
1.76215000 0.10638475
1.76225000 0.10638873
1.76235000 0.10639271
1.76245000 0.10639668
1.76255000 0.10640065
1.76265000 0.10640462
1.76275000 0.10629959
1.76285000 0.10630357
1.76295000 0.10630755
1.76305000 0.10631153
1.76315000 0.10631550
1.76325000 0.10631947
1.76335000 0.10632344
1.76345000 0.10632740
1.76355000 0.10633137
1.76365000 0.10633533
1.76375000 0.10633928
1.76385000 0.10634324
1.76395000 0.10634719
1.76405000 0.10624229
1.76415000 0.10624625
1.76425000 0.10625022
1.76435000 0.10625418
1.76445000 0.10625813
1.76455000 0.10626209
1.76465000 0.10626604
1.76475000 0.10626999
1.76485000 0.10627393
1.76495000 0.10627788
1.76505000 0.10628181
1.76515000 0.10628575
1.76525000 0.10618097
1.76535000 0.10618492
1.76545000 0.10618887
1.76555000 0.10619281
1.76565000 0.10619676
1.76575000 0.10620070
1.76585000 0.10620463
1.76595000 0.10620857
1.76605000 0.10621250
1.76615000 0.10621643
1.76625000 0.10622035
1.76635000 0.10622427
1.76645000 0.10611960
1.76655000 0.10612354
1.76665000 0.10612748
1.76675000 0.10613141
1.76685000 0.10613534
1.76695000 0.10613926
1.76705000 0.10614319
1.76715000 0.10614711
1.76725000 0.10615102
1.76735000 0.10615494
1.76745000 0.10615885
1.76755000 0.10616276
1.76765000 0.10605820
1.76775000 0.10606213
1.76785000 0.10606605
1.76795000 0.10606996
1.76805000 0.10607388
1.76815000 0.10607779
1.76825000 0.10608170
1.76835000 0.10608561
1.76845000 0.10608951
1.76855000 0.10609341
1.76865000 0.10609731
1.76875000 0.10610120
1.76885000 0.10599676
1.76895000 0.10600067
1.76905000 0.10600457
1.76915000 0.10600848
1.76925000 0.10601238
1.76935000 0.10601628
1.76945000 0.10602017
1.76955000 0.10602406
1.76965000 0.10602795
1.76975000 0.10603184
1.76985000 0.10603572
1.76995000 0.10603960
1.77005000 0.10593527
1.77015000 0.10593917
1.77025000 0.10594306
1.77035000 0.10594695
1.77045000 0.10595084
1.77055000 0.10595472
1.77065000 0.10595860
1.77075000 0.10596248
1.77085000 0.10596636
1.77095000 0.10597023
1.77105000 0.10597410
1.77115000 0.10597796
1.77125000 0.10587375
1.77135000 0.10587763
1.77145000 0.10588151
1.77155000 0.10588538
1.77165000 0.10588926
1.77175000 0.10589313
1.77185000 0.10589699
1.77195000 0.10590086
1.77205000 0.10590472
1.77215000 0.10590858
1.77225000 0.10591243
1.77235000 0.10591628
1.77245000 0.10592013
1.77255000 0.10581605
1.77265000 0.10581991
1.77275000 0.10582378
1.77285000 0.10582763
1.77295000 0.10583149
1.77305000 0.10583534
1.77315000 0.10583919
1.77325000 0.10584304
1.77335000 0.10584688
1.77345000 0.10585072
1.77355000 0.10585456
1.77365000 0.10585840
1.77375000 0.10575443
1.77385000 0.10575828
1.77395000 0.10576213
1.77405000 0.10576597
1.77415000 0.10576981
1.77425000 0.10577365
1.77435000 0.10577749
1.77445000 0.10578132
1.77455000 0.10578515
1.77465000 0.10578898
1.77475000 0.10579280
1.77485000 0.10579662
1.77495000 0.10569277
1.77505000 0.10569660
1.77515000 0.10570044
1.77525000 0.10570427
1.77535000 0.10570809
1.77545000 0.10571192
1.77555000 0.10571574
1.77565000 0.10571956
1.77575000 0.10572337
1.77585000 0.10572719
1.77595000 0.10573100
1.77605000 0.10573480
1.77615000 0.10563106
1.77625000 0.10563488
1.77635000 0.10563870
1.77645000 0.10564252
1.77655000 0.10564633
1.77665000 0.10565014
1.77675000 0.10565395
1.77685000 0.10565776
1.77695000 0.10566156
1.77705000 0.10566536
1.77715000 0.10566915
1.77725000 0.10567294
1.77735000 0.10556932
1.77745000 0.10557313
1.77755000 0.10557693
1.77765000 0.10558073
1.77775000 0.10558453
1.77785000 0.10558833
1.77795000 0.10559212
1.77805000 0.10559591
1.77815000 0.10559970
1.77825000 0.10560348
1.77835000 0.10560726
1.77845000 0.10561104
1.77855000 0.10550753
1.77865000 0.10551132
1.77875000 0.10551512
1.77885000 0.10551890
1.77895000 0.10552269
1.77905000 0.10552647
1.77915000 0.10553025
1.77925000 0.10553403
1.77935000 0.10553780
1.77945000 0.10554157
1.77955000 0.10554534
1.77965000 0.10554910
1.77975000 0.10544570
1.77985000 0.10544948
1.77995000 0.10545326
1.78005000 0.10545703
1.78015000 0.10546080
1.78025000 0.10546457
1.78035000 0.10546834
1.78045000 0.10547210
1.78055000 0.10547586
1.78065000 0.10547961
1.78075000 0.10548337
1.78085000 0.10548712
1.78095000 0.10538383
1.78105000 0.10538760
1.78115000 0.10539136
1.78125000 0.10539512
1.78135000 0.10539888
1.78145000 0.10540263
1.78155000 0.10540638
1.78165000 0.10541013
1.78175000 0.10541387
1.78185000 0.10541762
1.78195000 0.10542135
1.78205000 0.10542509
1.78215000 0.10532192
1.78225000 0.10532567
1.78235000 0.10532942
1.78245000 0.10533317
1.78255000 0.10533691
1.78265000 0.10534065
1.78275000 0.10534438
1.78285000 0.10534812
1.78295000 0.10535185
1.78305000 0.10535558
1.78315000 0.10535930
1.78325000 0.10536302
1.78335000 0.10525997
1.78345000 0.10526370
1.78355000 0.10526744
1.78365000 0.10527117
1.78375000 0.10527490
1.78385000 0.10527862
1.78395000 0.10528234
1.78405000 0.10528606
1.78415000 0.10528978
1.78425000 0.10529349
1.78435000 0.10529720
1.78445000 0.10530091
1.78455000 0.10519797
1.78465000 0.10520169
1.78475000 0.10520541
1.78485000 0.10520913
1.78495000 0.10521284
1.78505000 0.10521656
1.78515000 0.10522026
1.78525000 0.10522397
1.78535000 0.10522767
1.78545000 0.10523137
1.78555000 0.10523507
1.78565000 0.10523876
1.78575000 0.10513593
1.78585000 0.10513964
1.78595000 0.10514335
1.78605000 0.10514705
1.78615000 0.10515075
1.78625000 0.10515445
1.78635000 0.10515814
1.78645000 0.10516183
1.78655000 0.10516552
1.78665000 0.10516920
1.78675000 0.10517289
1.78685000 0.10517656
1.78695000 0.10507385
1.78705000 0.10507755
1.78715000 0.10508124
1.78725000 0.10508493
1.78735000 0.10508861
1.78745000 0.10509229
1.78755000 0.10509597
1.78765000 0.10509965
1.78775000 0.10510332
1.78785000 0.10510699
1.78795000 0.10511066
1.78805000 0.10511433
1.78815000 0.10501173
1.78825000 0.10501541
1.78835000 0.10501909
1.78845000 0.10502276
1.78855000 0.10502643
1.78865000 0.10503010
1.78875000 0.10503377
1.78885000 0.10503743
1.78895000 0.10504109
1.78905000 0.10504474
1.78915000 0.10504840
1.78925000 0.10505205
1.78935000 0.10494956
1.78945000 0.10495323
1.78955000 0.10495689
1.78965000 0.10496055
1.78975000 0.10496421
1.78985000 0.10496786
1.78995000 0.10497151
1.79005000 0.10497516
1.79015000 0.10497881
1.79025000 0.10498245
1.79035000 0.10498609
1.79045000 0.10498973
1.79055000 0.10488736
1.79065000 0.10489101
1.79075000 0.10489466
1.79085000 0.10489830
1.79095000 0.10490194
1.79105000 0.10490558
1.79115000 0.10490922
1.79125000 0.10491285
1.79135000 0.10491649
1.79145000 0.10492011
1.79155000 0.10492374
1.79165000 0.10492736
1.79175000 0.10482511
1.79185000 0.10482874
1.79195000 0.10483238
1.79205000 0.10483601
1.79215000 0.10483964
1.79225000 0.10484326
1.79235000 0.10484688
1.79245000 0.10485050
1.79255000 0.10485412
1.79265000 0.10485773
1.79275000 0.10486135
1.79285000 0.10486495
1.79295000 0.10476281
1.79305000 0.10476644
1.79315000 0.10477006
1.79325000 0.10477367
1.79335000 0.10477729
1.79345000 0.10478090
1.79355000 0.10478451
1.79365000 0.10478811
1.79375000 0.10479171
1.79385000 0.10479531
1.79395000 0.10479891
1.79405000 0.10480250
1.79415000 0.10470048
1.79425000 0.10470408
1.79435000 0.10470769
1.79445000 0.10471129
1.79455000 0.10471489
1.79465000 0.10471849
1.79475000 0.10472208
1.79485000 0.10472567
1.79495000 0.10472926
1.79505000 0.10473285
1.79515000 0.10473643
1.79525000 0.10474001
1.79535000 0.10463810
1.79545000 0.10464169
1.79555000 0.10464528
1.79565000 0.10464887
1.79575000 0.10465246
1.79585000 0.10465604
1.79595000 0.10465962
1.79605000 0.10466320
1.79615000 0.10466677
1.79625000 0.10467034
1.79635000 0.10467391
1.79645000 0.10467747
1.79655000 0.10457567
1.79665000 0.10457925
1.79675000 0.10458283
1.79685000 0.10458641
1.79695000 0.10458998
1.79705000 0.10459355
1.79715000 0.10459711
1.79725000 0.10460067
1.79735000 0.10460423
1.79745000 0.10460779
1.79755000 0.10461134
1.79765000 0.10461489
1.79775000 0.10451321
1.79785000 0.10451677
1.79795000 0.10452034
1.79805000 0.10452390
1.79815000 0.10452745
1.79825000 0.10453101
1.79835000 0.10453456
1.79845000 0.10453811
1.79855000 0.10454165
1.79865000 0.10454519
1.79875000 0.10454873
1.79885000 0.10455227
1.79895000 0.10445070
1.79905000 0.10445425
1.79915000 0.10445780
1.79925000 0.10446135
1.79935000 0.10446489
1.79945000 0.10446843
1.79955000 0.10447196
1.79965000 0.10447550
1.79975000 0.10447903
1.79985000 0.10448256
1.79995000 0.10448608
1.80005000 0.10448960
1.80015000 0.10438815
1.80025000 0.10439169
1.80035000 0.10439522
1.80045000 0.10439875
1.80055000 0.10440228
1.80065000 0.10440580
1.80075000 0.10440933
1.80085000 0.10441284
1.80095000 0.10441636
1.80105000 0.10441987
1.80115000 0.10442338
1.80125000 0.10442689
1.80135000 0.10432555
1.80145000 0.10432908
1.80155000 0.10433259
1.80165000 0.10433611
1.80175000 0.10433962
1.80185000 0.10434314
1.80195000 0.10434664
1.80205000 0.10435015
1.80215000 0.10435365
1.80225000 0.10435715
1.80235000 0.10436065
1.80245000 0.10436414
1.80255000 0.10426291
1.80265000 0.10426642
1.80275000 0.10426993
1.80285000 0.10427343
1.80295000 0.10427693
1.80305000 0.10428042
1.80315000 0.10428392
1.80325000 0.10428741
1.80335000 0.10429090
1.80345000 0.10429438
1.80355000 0.10429786
1.80365000 0.10430134
1.80375000 0.10420023
1.80385000 0.10420372
1.80395000 0.10420721
1.80405000 0.10421070
1.80415000 0.10421419
1.80425000 0.10421767
1.80435000 0.10422115
1.80445000 0.10422462
1.80455000 0.10422810
1.80465000 0.10423157
1.80475000 0.10423503
1.80485000 0.10423850
1.80495000 0.10413750
1.80505000 0.10414098
1.80515000 0.10414446
1.80525000 0.10414793
1.80535000 0.10415140
1.80545000 0.10415487
1.80555000 0.10415833
1.80565000 0.10416180
1.80575000 0.10416526
1.80585000 0.10416871
1.80595000 0.10417216
1.80605000 0.10417561
1.80615000 0.10407473
1.80625000 0.10407820
1.80635000 0.10408166
1.80645000 0.10408512
1.80655000 0.10408857
1.80665000 0.10409203
1.80675000 0.10409548
1.80685000 0.10409892
1.80695000 0.10410237
1.80705000 0.10410581
1.80715000 0.10410925
1.80725000 0.10400846
1.80735000 0.10401192
1.80745000 0.10401537
1.80755000 0.10401882
1.80765000 0.10402226
1.80775000 0.10402570
1.80785000 0.10402914
1.80795000 0.10403258
1.80805000 0.10403601
1.80815000 0.10403944
1.80825000 0.10404287
1.80835000 0.10404629
1.80845000 0.10394562
1.80855000 0.10394906
1.80865000 0.10395249
1.80875000 0.10395593
1.80885000 0.10395936
1.80895000 0.10396279
1.80905000 0.10396621
1.80915000 0.10396963
1.80925000 0.10397305
1.80935000 0.10397646
1.80945000 0.10397988
1.80955000 0.10398329
1.80965000 0.10388273
1.80975000 0.10388616
1.80985000 0.10388958
1.80995000 0.10389300
1.81005000 0.10389641
1.81015000 0.10389982
1.81025000 0.10390323
1.81035000 0.10390664
1.81045000 0.10391004
1.81055000 0.10391345
1.81065000 0.10391684
1.81075000 0.10392024
1.81085000 0.10381980
1.81095000 0.10382321
1.81105000 0.10382662
1.81115000 0.10383002
1.81125000 0.10383342
1.81135000 0.10383682
1.81145000 0.10384021
1.81155000 0.10384361
1.81165000 0.10384700
1.81175000 0.10385038
1.81185000 0.10385377
1.81195000 0.10385715
1.81205000 0.10375682
1.81215000 0.10376022
1.81225000 0.10376361
1.81235000 0.10376700
1.81245000 0.10377039
1.81255000 0.10377377
1.81265000 0.10377715
1.81275000 0.10378053
1.81285000 0.10378390
1.81295000 0.10378727
1.81305000 0.10379064
1.81315000 0.10379401
1.81325000 0.10369380
1.81335000 0.10369718
1.81345000 0.10370056
1.81355000 0.10370393
1.81365000 0.10370731
1.81375000 0.10371067
1.81385000 0.10371404
1.81395000 0.10371740
1.81405000 0.10372076
1.81415000 0.10372412
1.81425000 0.10372748
1.81435000 0.10373083
1.81445000 0.10363073
1.81455000 0.10363410
1.81465000 0.10363746
1.81475000 0.10364082
1.81485000 0.10364418
1.81495000 0.10364754
1.81505000 0.10365089
1.81515000 0.10365424
1.81525000 0.10365758
1.81535000 0.10366092
1.81545000 0.10366427
1.81555000 0.10356427
1.81565000 0.10356762
1.81575000 0.10357097
1.81585000 0.10357432
1.81595000 0.10357767
1.81605000 0.10358101
1.81615000 0.10358435
1.81625000 0.10358769
1.81635000 0.10359102
1.81645000 0.10359435
1.81655000 0.10359768
1.81665000 0.10360101
1.81675000 0.10350112
1.81685000 0.10350447
1.81695000 0.10350780
1.81705000 0.10351114
1.81715000 0.10351447
1.81725000 0.10351780
1.81735000 0.10352112
1.81745000 0.10352445
1.81755000 0.10352777
1.81765000 0.10353108
1.81775000 0.10353440
1.81785000 0.10353771
1.81795000 0.10343794
1.81805000 0.10344126
1.81815000 0.10344459
1.81825000 0.10344791
1.81835000 0.10345122
1.81845000 0.10345454
1.81855000 0.10345785
1.81865000 0.10346116
1.81875000 0.10346446
1.81885000 0.10346777
1.81895000 0.10347106
1.81905000 0.10347436
1.81915000 0.10337471
1.81925000 0.10337802
1.81935000 0.10338133
1.81945000 0.10338463
1.81955000 0.10338793
1.81965000 0.10339123
1.81975000 0.10339453
1.81985000 0.10339782
1.81995000 0.10340111
1.82005000 0.10340440
1.82015000 0.10340769
1.82025000 0.10341097
1.82035000 0.10331143
1.82045000 0.10331473
1.82055000 0.10331802
1.82065000 0.10332131
1.82075000 0.10332460
1.82085000 0.10332788
1.82095000 0.10333117
1.82105000 0.10333445
1.82115000 0.10333772
1.82125000 0.10334100
1.82135000 0.10334427
1.82145000 0.10324482
1.82155000 0.10324811
1.82165000 0.10325139
1.82175000 0.10325467
1.82185000 0.10325795
1.82195000 0.10326122
1.82205000 0.10326449
1.82215000 0.10326776
1.82225000 0.10327102
1.82235000 0.10327428
1.82245000 0.10327754
1.82255000 0.10328080
1.82265000 0.10318147
1.82275000 0.10318474
1.82285000 0.10318801
1.82295000 0.10319127
1.82305000 0.10319454
1.82315000 0.10319779
1.82325000 0.10320105
1.82335000 0.10320430
1.82345000 0.10320755
1.82355000 0.10321080
1.82365000 0.10321404
1.82375000 0.10321729
1.82385000 0.10311807
1.82395000 0.10312133
1.82405000 0.10312458
1.82415000 0.10312783
1.82425000 0.10313108
1.82435000 0.10313432
1.82445000 0.10313756
1.82455000 0.10314080
1.82465000 0.10314404
1.82475000 0.10314727
1.82485000 0.10315050
1.82495000 0.10315373
1.82505000 0.10305463
1.82515000 0.10305787
1.82525000 0.10306111
1.82535000 0.10306434
1.82545000 0.10306758
1.82555000 0.10307081
1.82565000 0.10307403
1.82575000 0.10307726
1.82585000 0.10308048
1.82595000 0.10308370
1.82605000 0.10308691
1.82615000 0.10309012
1.82625000 0.10299114
1.82635000 0.10299437
1.82645000 0.10299759
1.82655000 0.10300081
1.82665000 0.10300403
1.82675000 0.10300724
1.82685000 0.10301046
1.82695000 0.10301367
1.82705000 0.10301687
1.82715000 0.10302008
1.82725000 0.10302328
1.82735000 0.10292439
1.82745000 0.10292761
1.82755000 0.10293082
1.82765000 0.10293403
1.82775000 0.10293723
1.82785000 0.10294044
1.82795000 0.10294364
1.82805000 0.10294683
1.82815000 0.10295003
1.82825000 0.10295322
1.82835000 0.10295641
1.82845000 0.10295959
1.82855000 0.10286083
1.82865000 0.10286403
1.82875000 0.10286722
1.82885000 0.10287042
1.82895000 0.10287361
1.82905000 0.10287680
1.82915000 0.10287998
1.82925000 0.10288317
1.82935000 0.10288635
1.82945000 0.10288952
1.82955000 0.10289270
1.82965000 0.10289587
1.82975000 0.10279721
1.82985000 0.10280040
1.82995000 0.10280358
1.83005000 0.10280676
1.83015000 0.10280994
1.83025000 0.10281311
1.83035000 0.10281628
1.83045000 0.10281945
1.83055000 0.10282262
1.83065000 0.10282578
1.83075000 0.10282894
1.83085000 0.10283210
1.83095000 0.10273356
1.83105000 0.10273673
1.83115000 0.10273989
1.83125000 0.10274306
1.83135000 0.10274622
1.83145000 0.10274938
1.83155000 0.10275254
1.83165000 0.10275569
1.83175000 0.10275884
1.83185000 0.10276199
1.83195000 0.10276513
1.83205000 0.10266669
1.83215000 0.10266985
1.83225000 0.10267301
1.83235000 0.10267616
1.83245000 0.10267931
1.83255000 0.10268246
1.83265000 0.10268560
1.83275000 0.10268875
1.83285000 0.10269189
1.83295000 0.10269502
1.83305000 0.10269815
1.83315000 0.10270128
1.83325000 0.10260296
1.83335000 0.10260610
1.83345000 0.10260924
1.83355000 0.10261238
1.83365000 0.10261552
1.83375000 0.10261865
1.83385000 0.10262178
1.83395000 0.10262491
1.83405000 0.10262803
1.83415000 0.10263115
1.83425000 0.10263427
1.83435000 0.10263739
1.83445000 0.10253918
1.83455000 0.10254231
1.83465000 0.10254543
1.83475000 0.10254856
1.83485000 0.10255168
1.83495000 0.10255480
1.83505000 0.10255791
1.83515000 0.10256102
1.83525000 0.10256413
1.83535000 0.10256724
1.83545000 0.10257034
1.83555000 0.10247223
1.83565000 0.10247535
1.83575000 0.10247846
1.83585000 0.10248158
1.83595000 0.10248469
1.83605000 0.10248779
1.83615000 0.10249090
1.83625000 0.10249400
1.83635000 0.10249709
1.83645000 0.10250019
1.83655000 0.10250328
1.83665000 0.10250637
1.83675000 0.10240837
1.83685000 0.10241147
1.83695000 0.10241457
1.83705000 0.10241767
1.83715000 0.10242077
1.83725000 0.10242386
1.83735000 0.10242695
1.83745000 0.10243003
1.83755000 0.10243312
1.83765000 0.10243620
1.83775000 0.10243927
1.83785000 0.10244235
1.83795000 0.10234446
1.83805000 0.10234755
1.83815000 0.10235064
1.83825000 0.10235372
1.83835000 0.10235680
1.83845000 0.10235988
1.83855000 0.10236295
1.83865000 0.10236602
1.83875000 0.10236909
1.83885000 0.10237216
1.83895000 0.10237522
1.83905000 0.10227743
1.83915000 0.10228051
1.83925000 0.10228359
1.83935000 0.10228666
1.83945000 0.10228972
1.83955000 0.10229279
1.83965000 0.10229585
1.83975000 0.10229891
1.83985000 0.10230197
1.83995000 0.10230502
1.84005000 0.10230807
1.84015000 0.10231112
1.84025000 0.10221345
1.84035000 0.10221651
1.84045000 0.10221957
1.84055000 0.10222263
1.84065000 0.10222568
1.84075000 0.10222873
1.84085000 0.10223178
1.84095000 0.10223482
1.84105000 0.10223787
1.84115000 0.10224090
1.84125000 0.10224394
1.84135000 0.10224697
1.84145000 0.10214942
1.84155000 0.10215247
1.84165000 0.10215551
1.84175000 0.10215855
1.84185000 0.10216159
1.84195000 0.10216463
1.84205000 0.10216766
1.84215000 0.10217069
1.84225000 0.10217372
1.84235000 0.10217674
1.84245000 0.10217976
1.84255000 0.10208230
1.84265000 0.10208534
1.84275000 0.10208837
1.84285000 0.10209140
1.84295000 0.10209443
1.84305000 0.10209745
1.84315000 0.10210047
1.84325000 0.10210349
1.84335000 0.10210651
1.84345000 0.10210952
1.84355000 0.10211253
1.84365000 0.10211554
1.84375000 0.10201819
1.84385000 0.10202121
1.84395000 0.10202423
1.84405000 0.10202725
1.84415000 0.10203026
1.84425000 0.10203327
1.84435000 0.10203627
1.84445000 0.10203928
1.84455000 0.10204228
1.84465000 0.10204528
1.84475000 0.10204827
1.84485000 0.10205126
1.84495000 0.10195403
1.84505000 0.10195704
1.84515000 0.10196004
1.84525000 0.10196304
1.84535000 0.10196604
1.84545000 0.10196904
1.84555000 0.10197203
1.84565000 0.10197502
1.84575000 0.10197800
1.84585000 0.10198099
1.84595000 0.10198397
1.84605000 0.10188684
1.84615000 0.10188983
1.84625000 0.10189282
1.84635000 0.10189581
1.84645000 0.10189880
1.84655000 0.10190178
1.84665000 0.10190476
1.84675000 0.10190773
1.84685000 0.10191071
1.84695000 0.10191368
1.84705000 0.10191665
1.84715000 0.10191961
1.84725000 0.10182260
1.84735000 0.10182558
1.84745000 0.10182855
1.84755000 0.10183153
1.84765000 0.10183450
1.84775000 0.10183747
1.84785000 0.10184043
1.84795000 0.10184339
1.84805000 0.10184635
1.84815000 0.10184931
1.84825000 0.10185226
1.84835000 0.10185521
1.84845000 0.10175831
1.84855000 0.10176128
1.84865000 0.10176424
1.84875000 0.10176720
1.84885000 0.10177015
1.84895000 0.10177311
1.84905000 0.10177606
1.84915000 0.10177901
1.84925000 0.10178195
1.84935000 0.10178489
1.84945000 0.10178783
1.84955000 0.10169103
1.84965000 0.10169398
1.84975000 0.10169693
1.84985000 0.10169988
1.84995000 0.10170282
1.85005000 0.10170576
1.85015000 0.10170870
1.85025000 0.10171164
1.85035000 0.10171457
1.85045000 0.10171750
1.85055000 0.10172043
1.85065000 0.10172335
1.85075000 0.10162666
1.85085000 0.10162960
1.85095000 0.10163254
1.85105000 0.10163547
1.85115000 0.10163840
1.85125000 0.10164132
1.85135000 0.10164425
1.85145000 0.10164717
1.85155000 0.10165009
1.85165000 0.10165300
1.85175000 0.10165591
1.85185000 0.10155932
1.85195000 0.10156225
1.85205000 0.10156517
1.85215000 0.10156809
1.85225000 0.10157101
1.85235000 0.10157393
1.85245000 0.10157684
1.85255000 0.10157975
1.85265000 0.10158265
1.85275000 0.10158555
1.85285000 0.10158845
1.85295000 0.10159135
1.85305000 0.10149488
1.85315000 0.10149779
1.85325000 0.10150070
1.85335000 0.10150360
1.85345000 0.10150651
1.85355000 0.10150941
1.85365000 0.10151230
1.85375000 0.10151520
1.85385000 0.10151809
1.85395000 0.10152098
1.85405000 0.10152386
1.85415000 0.10152674
1.85425000 0.10143038
1.85435000 0.10143328
1.85445000 0.10143617
1.85455000 0.10143907
1.85465000 0.10144195
1.85475000 0.10144484
1.85485000 0.10144772
1.85495000 0.10145060
1.85505000 0.10145348
1.85515000 0.10145635
1.85525000 0.10145922
1.85535000 0.10136296
1.85545000 0.10136584
1.85555000 0.10136872
1.85565000 0.10137160
1.85575000 0.10137448
1.85585000 0.10137735
1.85595000 0.10138022
1.85605000 0.10138309
1.85615000 0.10138595
1.85625000 0.10138882
1.85635000 0.10139167
1.85645000 0.10139453
1.85655000 0.10129838
1.85665000 0.10130125
1.85675000 0.10130412
1.85685000 0.10130698
1.85695000 0.10130985
1.85705000 0.10131270
1.85715000 0.10131556
1.85725000 0.10131841
1.85735000 0.10132126
1.85745000 0.10132411
1.85755000 0.10132695
1.85765000 0.10123090
1.85775000 0.10123376
1.85785000 0.10123662
1.85795000 0.10123947
1.85805000 0.10124232
1.85815000 0.10124516
1.85825000 0.10124801
1.85835000 0.10125085
1.85845000 0.10125368
1.85855000 0.10125652
1.85865000 0.10125935
1.85875000 0.10126218
1.85885000 0.10116625
1.85895000 0.10116909
1.85905000 0.10117193
1.85915000 0.10117477
1.85925000 0.10117760
1.85935000 0.10118043
1.85945000 0.10118326
1.85955000 0.10118609
1.85965000 0.10118891
1.85975000 0.10119173
1.85985000 0.10119455
1.85995000 0.10109871
1.86005000 0.10110154
1.86015000 0.10110437
1.86025000 0.10110720
1.86035000 0.10111002
1.86045000 0.10111284
1.86055000 0.10111565
1.86065000 0.10111847
1.86075000 0.10112128
1.86085000 0.10112409
1.86095000 0.10112689
1.86105000 0.10112969
1.86115000 0.10103398
1.86125000 0.10103679
1.86135000 0.10103960
1.86145000 0.10104241
1.86155000 0.10104522
1.86165000 0.10104803
1.86175000 0.10105083
1.86185000 0.10105363
1.86195000 0.10105642
1.86205000 0.10105922
1.86215000 0.10106201
1.86225000 0.10106479
1.86235000 0.10096919
1.86245000 0.10097199
1.86255000 0.10097479
1.86265000 0.10097758
1.86275000 0.10098038
1.86285000 0.10098317
1.86295000 0.10098595
1.86305000 0.10098874
1.86315000 0.10099152
1.86325000 0.10099430
1.86335000 0.10099707
1.86345000 0.10090157
1.86355000 0.10090435
1.86365000 0.10090714
1.86375000 0.10090992
1.86385000 0.10091270
1.86395000 0.10091548
1.86405000 0.10091826
1.86415000 0.10092103
1.86425000 0.10092380
1.86435000 0.10092656
1.86445000 0.10092933
1.86455000 0.10093209
1.86465000 0.10083670
1.86475000 0.10083947
1.86485000 0.10084224
1.86495000 0.10084501
1.86505000 0.10084778
1.86515000 0.10085054
1.86525000 0.10085330
1.86535000 0.10085606
1.86545000 0.10085881
1.86555000 0.10086156
1.86565000 0.10086431
1.86575000 0.10076902
1.86585000 0.10077178
1.86595000 0.10077454
1.86605000 0.10077730
1.86615000 0.10078005
1.86625000 0.10078280
1.86635000 0.10078555
1.86645000 0.10078829
1.86655000 0.10079103
1.86665000 0.10079377
1.86675000 0.10079651
1.86685000 0.10079924
1.86695000 0.10070407
1.86705000 0.10070681
1.86715000 0.10070956
1.86725000 0.10071230
1.86735000 0.10071504
1.86745000 0.10071777
1.86755000 0.10072051
1.86765000 0.10072324
1.86775000 0.10072596
1.86785000 0.10072869
1.86795000 0.10073141
1.86805000 0.10063633
1.86815000 0.10063907
1.86825000 0.10064180
1.86835000 0.10064453
1.86845000 0.10064726
1.86855000 0.10064998
1.86865000 0.10065270
1.86875000 0.10065542
1.86885000 0.10065813
1.86895000 0.10066085
1.86905000 0.10066355
1.86915000 0.10066626
1.86925000 0.10057130
1.86935000 0.10057402
1.86945000 0.10057674
1.86955000 0.10057945
1.86965000 0.10058216
1.86975000 0.10058487
1.86985000 0.10058758
1.86995000 0.10059028
1.87005000 0.10059298
1.87015000 0.10059568
1.87025000 0.10059837
1.87035000 0.10050351
1.87045000 0.10050622
1.87055000 0.10050892
1.87065000 0.10051162
1.87075000 0.10051432
1.87085000 0.10051702
1.87095000 0.10051971
1.87105000 0.10052240
1.87115000 0.10052509
1.87125000 0.10052778
1.87135000 0.10053046
1.87145000 0.10053314
1.87155000 0.10043839
1.87165000 0.10044108
1.87175000 0.10044377
1.87185000 0.10044646
1.87195000 0.10044915
1.87205000 0.10045183
1.87215000 0.10045451
1.87225000 0.10045718
1.87235000 0.10045986
1.87245000 0.10046253
1.87255000 0.10046519
1.87265000 0.10037054
1.87275000 0.10037322
1.87285000 0.10037590
1.87295000 0.10037858
1.87305000 0.10038125
1.87315000 0.10038392
1.87325000 0.10038659
1.87335000 0.10038925
1.87345000 0.10039191
1.87355000 0.10039457
1.87365000 0.10039723
1.87375000 0.10039988
1.87385000 0.10030534
1.87395000 0.10030801
1.87405000 0.10031067
1.87415000 0.10031333
1.87425000 0.10031599
1.87435000 0.10031865
1.87445000 0.10032130
1.87455000 0.10032395
1.87465000 0.10032659
1.87475000 0.10032924
1.87485000 0.10033188
1.87495000 0.10023744
1.87505000 0.10024009
1.87515000 0.10024274
1.87525000 0.10024539
1.87535000 0.10024804
1.87545000 0.10025068
1.87555000 0.10025332
1.87565000 0.10025596
1.87575000 0.10025859
1.87585000 0.10026122
1.87595000 0.10026385
1.87605000 0.10016951
1.87615000 0.10017215
1.87625000 0.10017479
1.87635000 0.10017743
1.87645000 0.10018006
1.87655000 0.10018269
1.87665000 0.10018532
1.87675000 0.10018795
1.87685000 0.10019057
1.87695000 0.10019319
1.87705000 0.10019580
1.87715000 0.10019842
1.87725000 0.10010419
1.87735000 0.10010682
1.87745000 0.10010945
1.87755000 0.10011207
1.87765000 0.10011469
1.87775000 0.10011730
1.87785000 0.10011991
1.87795000 0.10012252
1.87805000 0.10012513
1.87815000 0.10012773
1.87825000 0.10013033
1.87835000 0.10003621
1.87845000 0.10003883
1.87855000 0.10004144
1.87865000 0.10004405
1.87875000 0.10004665
1.87885000 0.10004926
1.87895000 0.10005186
1.87905000 0.10005445
1.87915000 0.10005705
1.87925000 0.10005964
1.87935000 0.10006223
1.87945000 0.10006482
1.87955000 0.09997081
1.87965000 0.09997341
1.87975000 0.09997600
1.87985000 0.09997860
1.87995000 0.09998119
1.88005000 0.09998378
1.88015000 0.09998636
1.88025000 0.09998895
1.88035000 0.09999153
1.88045000 0.09999410
1.88055000 0.09999668
1.88065000 0.09990277
1.88075000 0.09990535
1.88085000 0.09990794
1.88095000 0.09991052
1.88105000 0.09991310
1.88115000 0.09991568
1.88125000 0.09991825
1.88135000 0.09992082
1.88145000 0.09992339
1.88155000 0.09992595
1.88165000 0.09992852
1.88175000 0.09993107
1.88185000 0.09983728
1.88195000 0.09983985
1.88205000 0.09984242
1.88215000 0.09984499
1.88225000 0.09984755
1.88235000 0.09985011
1.88245000 0.09985267
1.88255000 0.09985523
1.88265000 0.09985778
1.88275000 0.09986033
1.88285000 0.09986288
1.88295000 0.09976918
1.88305000 0.09977174
1.88315000 0.09977430
1.88325000 0.09977685
1.88335000 0.09977941
1.88345000 0.09978196
1.88355000 0.09978450
1.88365000 0.09978704
1.88375000 0.09978959
1.88385000 0.09979212
1.88395000 0.09979466
1.88405000 0.09970106
1.88415000 0.09970361
1.88425000 0.09970615
1.88435000 0.09970870
1.88445000 0.09971124
1.88455000 0.09971377
1.88465000 0.09971631
1.88475000 0.09971884
1.88485000 0.09972137
1.88495000 0.09972389
1.88505000 0.09972641
1.88515000 0.09972893
1.88525000 0.09963545
1.88535000 0.09963799
1.88545000 0.09964052
1.88555000 0.09964304
1.88565000 0.09964557
1.88575000 0.09964809
1.88585000 0.09965061
1.88595000 0.09965313
1.88605000 0.09965564
1.88615000 0.09965815
1.88625000 0.09966066
1.88635000 0.09956727
1.88645000 0.09956979
1.88655000 0.09957231
1.88665000 0.09957483
1.88675000 0.09957734
1.88685000 0.09957985
1.88695000 0.09958236
1.88705000 0.09958486
1.88715000 0.09958736
1.88725000 0.09958986
1.88735000 0.09959236
1.88745000 0.09959485
1.88755000 0.09950158
1.88765000 0.09950409
1.88775000 0.09950659
1.88785000 0.09950909
1.88795000 0.09951159
1.88805000 0.09951408
1.88815000 0.09951657
1.88825000 0.09951906
1.88835000 0.09952155
1.88845000 0.09952403
1.88855000 0.09952651
1.88865000 0.09943334
1.88875000 0.09943584
1.88885000 0.09943833
1.88895000 0.09944082
1.88905000 0.09944330
1.88915000 0.09944578
1.88925000 0.09944826
1.88935000 0.09945074
1.88945000 0.09945321
1.88955000 0.09945568
1.88965000 0.09945815
1.88975000 0.09936508
1.88985000 0.09936756
1.88995000 0.09937004
1.89005000 0.09937252
1.89015000 0.09937499
1.89025000 0.09937746
1.89035000 0.09937993
1.89045000 0.09938239
1.89055000 0.09938486
1.89065000 0.09938731
1.89075000 0.09938977
1.89085000 0.09939222
1.89095000 0.09929927
1.89105000 0.09930173
1.89115000 0.09930420
1.89125000 0.09930666
1.89135000 0.09930912
1.89145000 0.09931157
1.89155000 0.09931402
1.89165000 0.09931647
1.89175000 0.09931892
1.89185000 0.09932136
1.89195000 0.09932380
1.89205000 0.09923095
1.89215000 0.09923340
1.89225000 0.09923585
1.89235000 0.09923830
1.89245000 0.09924075
1.89255000 0.09924319
1.89265000 0.09924563
1.89275000 0.09924807
1.89285000 0.09925050
1.89295000 0.09925293
1.89305000 0.09925536
1.89315000 0.09916260
1.89325000 0.09916505
1.89335000 0.09916749
1.89345000 0.09916992
1.89355000 0.09917236
1.89365000 0.09917479
1.89375000 0.09917722
1.89385000 0.09917964
1.89395000 0.09918206
1.89405000 0.09918448
1.89415000 0.09918690
1.89425000 0.09918931
1.89435000 0.09909667
1.89445000 0.09909910
1.89455000 0.09910152
1.89465000 0.09910394
1.89475000 0.09910636
1.89485000 0.09910878
1.89495000 0.09911119
1.89505000 0.09911360
1.89515000 0.09911601
1.89525000 0.09911841
1.89535000 0.09912081
1.89545000 0.09902827
1.89555000 0.09903068
1.89565000 0.09903309
1.89575000 0.09903550
1.89585000 0.09903791
1.89595000 0.09904031
1.89605000 0.09904271
1.89615000 0.09904511
1.89625000 0.09904751
1.89635000 0.09904990
1.89645000 0.09905229
1.89655000 0.09895984
1.89665000 0.09896224
1.89675000 0.09896464
1.89685000 0.09896704
1.89695000 0.09896943
1.89705000 0.09897183
1.89715000 0.09897421
1.89725000 0.09897660
1.89735000 0.09897898
1.89745000 0.09898136
1.89755000 0.09898374
1.89765000 0.09898611
1.89775000 0.09889378
1.89785000 0.09889617
1.89795000 0.09889855
1.89805000 0.09890094
1.89815000 0.09890332
1.89825000 0.09890569
1.89835000 0.09890807
1.89845000 0.09891044
1.89855000 0.09891280
1.89865000 0.09891517
1.89875000 0.09891753
1.89885000 0.09882530
1.89895000 0.09882767
1.89905000 0.09883005
1.89915000 0.09883241
1.89925000 0.09883478
1.89935000 0.09883715
1.89945000 0.09883951
1.89955000 0.09884186
1.89965000 0.09884422
1.89975000 0.09884657
1.89985000 0.09884892
1.89995000 0.09875679
1.90005000 0.09875915
1.90015000 0.09876151
1.90025000 0.09876387
1.90035000 0.09876622
1.90045000 0.09876858
1.90055000 0.09877092
1.90065000 0.09877327
1.90075000 0.09877561
1.90085000 0.09877795
1.90095000 0.09878029
1.90105000 0.09878262
1.90115000 0.09869061
1.90125000 0.09869295
1.90135000 0.09869530
1.90145000 0.09869764
1.90155000 0.09869998
1.90165000 0.09870232
1.90175000 0.09870465
1.90185000 0.09870698
1.90195000 0.09870931
1.90205000 0.09871163
1.90215000 0.09871396
1.90225000 0.09862204
1.90235000 0.09862437
1.90245000 0.09862671
1.90255000 0.09862904
1.90265000 0.09863136
1.90275000 0.09863369
1.90285000 0.09863601
1.90295000 0.09863833
1.90305000 0.09864064
1.90315000 0.09864296
1.90325000 0.09864527
1.90335000 0.09855345
1.90345000 0.09855577
1.90355000 0.09855809
1.90365000 0.09856041
1.90375000 0.09856272
1.90385000 0.09856503
1.90395000 0.09856734
1.90405000 0.09856965
1.90415000 0.09857195
1.90425000 0.09857425
1.90435000 0.09857655
1.90445000 0.09848483
1.90455000 0.09848714
1.90465000 0.09848945
1.90475000 0.09849175
1.90485000 0.09849406
1.90495000 0.09849636
1.90505000 0.09849865
1.90515000 0.09850095
1.90525000 0.09850324
1.90535000 0.09850553
1.90545000 0.09850781
1.90555000 0.09851009
1.90565000 0.09841849
1.90575000 0.09842078
1.90585000 0.09842308
1.90595000 0.09842537
1.90605000 0.09842765
1.90615000 0.09842994
1.90625000 0.09843222
1.90635000 0.09843450
1.90645000 0.09843677
1.90655000 0.09843905
1.90665000 0.09844132
1.90675000 0.09834981
1.90685000 0.09835209
1.90695000 0.09835437
1.90705000 0.09835665
1.90715000 0.09835893
1.90725000 0.09836120
1.90735000 0.09836347
1.90745000 0.09836573
1.90755000 0.09836800
1.90765000 0.09837026
1.90775000 0.09837252
1.90785000 0.09828111
1.90795000 0.09828338
1.90805000 0.09828565
1.90815000 0.09828791
1.90825000 0.09829018
1.90835000 0.09829244
1.90845000 0.09829469
1.90855000 0.09829695
1.90865000 0.09829920
1.90875000 0.09830145
1.90885000 0.09830369
1.90895000 0.09821238
1.90905000 0.09821464
1.90915000 0.09821690
1.90925000 0.09821915
1.90935000 0.09822140
1.90945000 0.09822365
1.90955000 0.09822589
1.90965000 0.09822814
1.90975000 0.09823037
1.90985000 0.09823261
1.90995000 0.09823484
1.91005000 0.09823707
1.91015000 0.09814588
1.91025000 0.09814812
1.91035000 0.09815036
1.91045000 0.09815260
1.91055000 0.09815484
1.91065000 0.09815707
1.91075000 0.09815930
1.91085000 0.09816153
1.91095000 0.09816375
1.91105000 0.09816597
1.91115000 0.09816819
1.91125000 0.09807709
1.91135000 0.09807932
1.91145000 0.09808155
1.91155000 0.09808378
1.91165000 0.09808600
1.91175000 0.09808822
1.91185000 0.09809044
1.91195000 0.09809265
1.91205000 0.09809486
1.91215000 0.09809707
1.91225000 0.09809928
1.91235000 0.09800828
1.91245000 0.09801050
1.91255000 0.09801272
1.91265000 0.09801493
1.91275000 0.09801714
1.91285000 0.09801935
1.91295000 0.09802155
1.91305000 0.09802376
1.91315000 0.09802595
1.91325000 0.09802815
1.91335000 0.09803034
1.91345000 0.09793945
1.91355000 0.09794165
1.91365000 0.09794386
1.91375000 0.09794606
1.91385000 0.09794826
1.91395000 0.09795045
1.91405000 0.09795264
1.91415000 0.09795483
1.91425000 0.09795702
1.91435000 0.09795920
1.91445000 0.09796139
1.91455000 0.09796356
1.91465000 0.09787278
1.91475000 0.09787497
1.91485000 0.09787716
1.91495000 0.09787935
1.91505000 0.09788153
1.91515000 0.09788371
1.91525000 0.09788589
1.91535000 0.09788806
1.91545000 0.09789023
1.91555000 0.09789240
1.91565000 0.09789457
1.91575000 0.09780388
1.91585000 0.09780606
1.91595000 0.09780824
1.91605000 0.09781041
1.91615000 0.09781258
1.91625000 0.09781475
1.91635000 0.09781692
1.91645000 0.09781908
1.91655000 0.09782124
1.91665000 0.09782339
1.91675000 0.09782555
1.91685000 0.09773496
1.91695000 0.09773713
1.91705000 0.09773929
1.91715000 0.09774145
1.91725000 0.09774361
1.91735000 0.09774577
1.91745000 0.09774792
1.91755000 0.09775007
1.91765000 0.09775222
1.91775000 0.09775436
1.91785000 0.09775650
1.91795000 0.09766602
1.91805000 0.09766817
1.91815000 0.09767032
1.91825000 0.09767247
1.91835000 0.09767462
1.91845000 0.09767676
1.91855000 0.09767890
1.91865000 0.09768104
1.91875000 0.09768317
1.91885000 0.09768530
1.91895000 0.09768743
1.91905000 0.09759705
1.91915000 0.09759919
1.91925000 0.09760133
1.91935000 0.09760346
1.91945000 0.09760560
1.91955000 0.09760773
1.91965000 0.09760985
1.91975000 0.09761198
1.91985000 0.09761410
1.91995000 0.09761622
1.92005000 0.09761834
1.92015000 0.09762045
1.92025000 0.09753018
1.92035000 0.09753231
1.92045000 0.09753443
1.92055000 0.09753655
1.92065000 0.09753867
1.92075000 0.09754078
1.92085000 0.09754290
1.92095000 0.09754501
1.92105000 0.09754711
1.92115000 0.09754922
1.92125000 0.09755132
1.92135000 0.09746115
1.92145000 0.09746326
1.92155000 0.09746537
1.92165000 0.09746748
1.92175000 0.09746959
1.92185000 0.09747169
1.92195000 0.09747379
1.92205000 0.09747589
1.92215000 0.09747798
1.92225000 0.09748007
1.92235000 0.09748216
1.92245000 0.09739209
1.92255000 0.09739419
1.92265000 0.09739629
1.92275000 0.09739838
1.92285000 0.09740048
1.92295000 0.09740257
1.92305000 0.09740466
1.92315000 0.09740674
1.92325000 0.09740882
1.92335000 0.09741090
1.92345000 0.09741298
1.92355000 0.09732300
1.92365000 0.09732509
1.92375000 0.09732718
1.92385000 0.09732926
1.92395000 0.09733134
1.92405000 0.09733342
1.92415000 0.09733550
1.92425000 0.09733757
1.92435000 0.09733964
1.92445000 0.09734171
1.92455000 0.09734377
1.92465000 0.09725390
1.92475000 0.09725597
1.92485000 0.09725805
1.92495000 0.09726012
1.92505000 0.09726219
1.92515000 0.09726425
1.92525000 0.09726632
1.92535000 0.09726838
1.92545000 0.09727043
1.92555000 0.09727249
1.92565000 0.09727454
1.92575000 0.09718476
1.92585000 0.09718683
1.92595000 0.09718889
1.92605000 0.09719095
1.92615000 0.09719300
1.92625000 0.09719506
1.92635000 0.09719711
1.92645000 0.09719915
1.92655000 0.09720120
1.92665000 0.09720324
1.92675000 0.09720528
1.92685000 0.09720732
1.92695000 0.09711766
1.92705000 0.09711971
1.92715000 0.09712175
1.92725000 0.09712380
1.92735000 0.09712584
1.92745000 0.09712787
1.92755000 0.09712991
1.92765000 0.09713194
1.92775000 0.09713397
1.92785000 0.09713600
1.92795000 0.09713802
1.92805000 0.09704846
1.92815000 0.09705050
1.92825000 0.09705253
1.92835000 0.09705456
1.92845000 0.09705659
1.92855000 0.09705862
1.92865000 0.09706064
1.92875000 0.09706266
1.92885000 0.09706467
1.92895000 0.09706669
1.92905000 0.09706870
1.92915000 0.09697924
1.92925000 0.09698126
1.92935000 0.09698328
1.92945000 0.09698530
1.92955000 0.09698732
1.92965000 0.09698933
1.92975000 0.09699134
1.92985000 0.09699335
1.92995000 0.09699535
1.93005000 0.09699736
1.93015000 0.09699935
1.93025000 0.09690999
1.93035000 0.09691200
1.93045000 0.09691401
1.93055000 0.09691602
1.93065000 0.09691802
1.93075000 0.09692002
1.93085000 0.09692202
1.93095000 0.09692402
1.93105000 0.09692601
1.93115000 0.09692800
1.93125000 0.09692998
1.93135000 0.09684072
1.93145000 0.09684272
1.93155000 0.09684471
1.93165000 0.09684671
1.93175000 0.09684870
1.93185000 0.09685069
1.93195000 0.09685267
1.93205000 0.09685466
1.93215000 0.09685663
1.93225000 0.09685861
1.93235000 0.09686059
1.93245000 0.09677142
1.93255000 0.09677341
1.93265000 0.09677539
1.93275000 0.09677737
1.93285000 0.09677935
1.93295000 0.09678133
1.93305000 0.09678330
1.93315000 0.09678527
1.93325000 0.09678724
1.93335000 0.09678920
1.93345000 0.09679116
1.93355000 0.09670210
1.93365000 0.09670407
1.93375000 0.09670604
1.93385000 0.09670801
1.93395000 0.09670998
1.93405000 0.09671194
1.93415000 0.09671390
1.93425000 0.09671586
1.93435000 0.09671781
1.93445000 0.09671977
1.93455000 0.09672171
1.93465000 0.09663275
1.93475000 0.09663471
1.93485000 0.09663667
1.93495000 0.09663863
1.93505000 0.09664058
1.93515000 0.09664253
1.93525000 0.09664448
1.93535000 0.09664642
1.93545000 0.09664837
1.93555000 0.09665030
1.93565000 0.09665224
1.93575000 0.09665417
1.93585000 0.09656532
1.93595000 0.09656727
1.93605000 0.09656921
1.93615000 0.09657115
1.93625000 0.09657309
1.93635000 0.09657503
1.93645000 0.09657696
1.93655000 0.09657889
1.93665000 0.09658082
1.93675000 0.09658274
1.93685000 0.09658466
1.93695000 0.09649591
1.93705000 0.09649784
1.93715000 0.09649978
1.93725000 0.09650170
1.93735000 0.09650363
1.93745000 0.09650555
1.93755000 0.09650747
1.93765000 0.09650939
1.93775000 0.09651130
1.93785000 0.09651322
1.93795000 0.09651512
1.93805000 0.09642647
1.93815000 0.09642839
1.93825000 0.09643031
1.93835000 0.09643223
1.93845000 0.09643414
1.93855000 0.09643605
1.93865000 0.09643796
1.93875000 0.09643986
1.93885000 0.09644177
1.93895000 0.09644366
1.93905000 0.09644556
1.93915000 0.09635701
1.93925000 0.09635892
1.93935000 0.09636082
1.93945000 0.09636273
1.93955000 0.09636463
1.93965000 0.09636652
1.93975000 0.09636842
1.93985000 0.09637031
1.93995000 0.09637220
1.94005000 0.09637409
1.94015000 0.09637597
1.94025000 0.09628752
1.94035000 0.09628941
1.94045000 0.09629131
1.94055000 0.09629320
1.94065000 0.09629509
1.94075000 0.09629697
1.94085000 0.09629885
1.94095000 0.09630073
1.94105000 0.09630261
1.94115000 0.09630448
1.94125000 0.09630636
1.94135000 0.09621800
1.94145000 0.09621988
1.94155000 0.09622176
1.94165000 0.09622364
1.94175000 0.09622552
1.94185000 0.09622739
1.94195000 0.09622926
1.94205000 0.09623113
1.94215000 0.09623299
1.94225000 0.09623486
1.94235000 0.09623671
1.94245000 0.09614846
1.94255000 0.09615033
1.94265000 0.09615220
1.94275000 0.09615406
1.94285000 0.09615593
1.94295000 0.09615779
1.94305000 0.09615965
1.94315000 0.09616150
1.94325000 0.09616335
1.94335000 0.09616520
1.94345000 0.09616705
1.94355000 0.09607889
1.94365000 0.09608075
1.94375000 0.09608260
1.94385000 0.09608446
1.94395000 0.09608631
1.94405000 0.09608816
1.94415000 0.09609000
1.94425000 0.09609184
1.94435000 0.09609368
1.94445000 0.09609552
1.94455000 0.09609735
1.94465000 0.09600929
1.94475000 0.09601114
1.94485000 0.09601298
1.94495000 0.09601483
1.94505000 0.09601666
1.94515000 0.09601850
1.94525000 0.09602033
1.94535000 0.09602216
1.94545000 0.09602399
1.94555000 0.09602581
1.94565000 0.09602763
1.94575000 0.09593967
1.94585000 0.09594151
1.94595000 0.09594334
1.94605000 0.09594517
1.94615000 0.09594699
1.94625000 0.09594882
1.94635000 0.09595064
1.94645000 0.09595245
1.94655000 0.09595427
1.94665000 0.09595608
1.94675000 0.09595789
1.94685000 0.09587003
1.94695000 0.09587185
1.94705000 0.09587367
1.94715000 0.09587548
1.94725000 0.09587730
1.94735000 0.09587911
1.94745000 0.09588091
1.94755000 0.09588272
1.94765000 0.09588452
1.94775000 0.09588632
1.94785000 0.09588812
1.94795000 0.09580035
1.94805000 0.09580216
1.94815000 0.09580397
1.94825000 0.09580577
1.94835000 0.09580757
1.94845000 0.09580937
1.94855000 0.09581117
1.94865000 0.09581296
1.94875000 0.09581475
1.94885000 0.09581653
1.94895000 0.09581832
1.94905000 0.09573065
1.94915000 0.09573245
1.94925000 0.09573424
1.94935000 0.09573603
1.94945000 0.09573782
1.94955000 0.09573961
1.94965000 0.09574139
1.94975000 0.09574317
1.94985000 0.09574495
1.94995000 0.09574672
1.95005000 0.09574849
1.95015000 0.09566093
1.95025000 0.09566271
1.95035000 0.09566449
1.95045000 0.09566627
1.95055000 0.09566805
1.95065000 0.09566982
1.95075000 0.09567159
1.95085000 0.09567336
1.95095000 0.09567512
1.95105000 0.09567688
1.95115000 0.09567864
1.95125000 0.09559117
1.95135000 0.09559295
1.95145000 0.09559471
1.95155000 0.09559648
1.95165000 0.09559824
1.95175000 0.09560000
1.95185000 0.09560176
1.95195000 0.09560352
1.95205000 0.09560527
1.95215000 0.09560702
1.95225000 0.09560876
1.95235000 0.09552140
1.95245000 0.09552315
1.95255000 0.09552491
1.95265000 0.09552666
1.95275000 0.09552841
1.95285000 0.09553016
1.95295000 0.09553191
1.95305000 0.09553365
1.95315000 0.09553539
1.95325000 0.09553712
1.95335000 0.09553886
1.95345000 0.09545159
1.95355000 0.09545334
1.95365000 0.09545508
1.95375000 0.09545682
1.95385000 0.09545856
1.95395000 0.09546029
1.95405000 0.09546203
1.95415000 0.09546376
1.95425000 0.09546548
1.95435000 0.09546721
1.95445000 0.09546893
1.95455000 0.09538176
1.95465000 0.09538349
1.95475000 0.09538522
1.95485000 0.09538695
1.95495000 0.09538868
1.95505000 0.09539040
1.95515000 0.09539212
1.95525000 0.09539384
1.95535000 0.09539555
1.95545000 0.09539726
1.95555000 0.09539897
1.95565000 0.09531190
1.95575000 0.09531362
1.95585000 0.09531534
1.95595000 0.09531706
1.95605000 0.09531877
1.95615000 0.09532048
1.95625000 0.09532218
1.95635000 0.09532389
1.95645000 0.09532559
1.95655000 0.09532729
1.95665000 0.09532898
1.95675000 0.09524201
1.95685000 0.09524372
1.95695000 0.09524543
1.95705000 0.09524713
1.95715000 0.09524883
1.95725000 0.09525053
1.95735000 0.09525222
1.95745000 0.09525392
1.95755000 0.09525560
1.95765000 0.09525729
1.95775000 0.09525897
1.95785000 0.09517210
1.95795000 0.09517380
1.95805000 0.09517549
1.95815000 0.09517718
1.95825000 0.09517887
1.95835000 0.09518055
1.95845000 0.09518224
1.95855000 0.09518392
1.95865000 0.09518559
1.95875000 0.09518726
1.95885000 0.09518894
1.95895000 0.09510216
1.95905000 0.09510385
1.95915000 0.09510553
1.95925000 0.09510721
1.95935000 0.09510888
1.95945000 0.09511055
1.95955000 0.09511222
1.95965000 0.09511389
1.95975000 0.09511555
1.95985000 0.09511721
1.95995000 0.09511887
1.96005000 0.09503220
1.96015000 0.09503387
1.96025000 0.09503554
1.96035000 0.09503720
1.96045000 0.09503886
1.96055000 0.09504052
1.96065000 0.09504218
1.96075000 0.09504383
1.96085000 0.09504549
1.96095000 0.09504713
1.96105000 0.09504878
1.96115000 0.09496221
1.96125000 0.09496386
1.96135000 0.09496552
1.96145000 0.09496717
1.96155000 0.09496882
1.96165000 0.09497047
1.96175000 0.09497211
1.96185000 0.09497375
1.96195000 0.09497539
1.96205000 0.09497703
1.96215000 0.09497866
1.96225000 0.09489219
1.96235000 0.09489383
1.96245000 0.09489547
1.96255000 0.09489711
1.96265000 0.09489875
1.96275000 0.09490039
1.96285000 0.09490202
1.96295000 0.09490365
1.96305000 0.09490527
1.96315000 0.09490689
1.96325000 0.09490851
1.96335000 0.09482214
1.96345000 0.09482377
1.96355000 0.09482540
1.96365000 0.09482703
1.96375000 0.09482865
1.96385000 0.09483028
1.96395000 0.09483189
1.96405000 0.09483351
1.96415000 0.09483512
1.96425000 0.09483673
1.96435000 0.09483834
1.96445000 0.09475207
1.96455000 0.09475369
1.96465000 0.09475530
1.96475000 0.09475692
1.96485000 0.09475853
1.96495000 0.09476014
1.96505000 0.09476175
1.96515000 0.09476335
1.96525000 0.09476495
1.96535000 0.09476655
1.96545000 0.09476814
1.96555000 0.09468196
1.96565000 0.09468357
1.96575000 0.09468518
1.96585000 0.09468678
1.96595000 0.09468838
1.96605000 0.09468998
1.96615000 0.09469157
1.96625000 0.09469316
1.96635000 0.09469475
1.96645000 0.09469633
1.96655000 0.09469791
1.96665000 0.09461184
1.96675000 0.09461343
1.96685000 0.09461502
1.96695000 0.09461661
1.96705000 0.09461820
1.96715000 0.09461978
1.96725000 0.09462137
1.96735000 0.09462294
1.96745000 0.09462452
1.96755000 0.09462609
1.96765000 0.09462766
1.96775000 0.09454168
1.96785000 0.09454326
1.96795000 0.09454484
1.96805000 0.09454642
1.96815000 0.09454799
1.96825000 0.09454957
1.96835000 0.09455113
1.96845000 0.09455270
1.96855000 0.09455426
1.96865000 0.09455582
1.96875000 0.09455738
1.96885000 0.09447150
1.96895000 0.09447307
1.96905000 0.09447464
1.96915000 0.09447620
1.96925000 0.09447776
1.96935000 0.09447932
1.96945000 0.09448088
1.96955000 0.09448243
1.96965000 0.09448398
1.96975000 0.09448553
1.96985000 0.09439973
1.96995000 0.09440129
1.97005000 0.09440285
1.97015000 0.09440440
1.97025000 0.09440595
1.97035000 0.09440750
1.97045000 0.09440905
1.97055000 0.09441059
1.97065000 0.09441213
1.97075000 0.09441367
1.97085000 0.09441520
1.97095000 0.09432951
1.97105000 0.09433105
1.97115000 0.09433260
1.97125000 0.09433414
1.97135000 0.09433568
1.97145000 0.09433721
1.97155000 0.09433875
1.97165000 0.09434028
1.97175000 0.09434180
1.97185000 0.09434333
1.97195000 0.09434485
1.97205000 0.09425925
1.97215000 0.09426079
1.97225000 0.09426232
1.97235000 0.09426385
1.97245000 0.09426538
1.97255000 0.09426690
1.97265000 0.09426842
1.97275000 0.09426994
1.97285000 0.09427145
1.97295000 0.09427296
1.97305000 0.09427447
1.97315000 0.09418897
1.97325000 0.09419050
1.97335000 0.09419202
1.97345000 0.09419353
1.97355000 0.09419505
1.97365000 0.09419656
1.97375000 0.09419806
1.97385000 0.09419957
1.97395000 0.09420107
1.97405000 0.09420257
1.97415000 0.09420407
1.97425000 0.09411867
1.97435000 0.09412018
1.97445000 0.09412168
1.97455000 0.09412319
1.97465000 0.09412469
1.97475000 0.09412619
1.97485000 0.09412768
1.97495000 0.09412917
1.97505000 0.09413066
1.97515000 0.09413215
1.97525000 0.09413363
1.97535000 0.09404833
1.97545000 0.09404983
1.97555000 0.09405132
1.97565000 0.09405281
1.97575000 0.09405430
1.97585000 0.09405579
1.97595000 0.09405727
1.97605000 0.09405875
1.97615000 0.09406023
1.97625000 0.09406170
1.97635000 0.09406317
1.97645000 0.09397797
1.97655000 0.09397946
1.97665000 0.09398094
1.97675000 0.09398241
1.97685000 0.09398389
1.97695000 0.09398536
1.97705000 0.09398683
1.97715000 0.09398830
1.97725000 0.09398976
1.97735000 0.09399123
1.97745000 0.09399268
1.97755000 0.09390758
1.97765000 0.09390905
1.97775000 0.09391052
1.97785000 0.09391199
1.97795000 0.09391345
1.97805000 0.09391491
1.97815000 0.09391637
1.97825000 0.09391782
1.97835000 0.09391927
1.97845000 0.09392072
1.97855000 0.09392217
1.97865000 0.09383716
1.97875000 0.09383862
1.97885000 0.09384008
1.97895000 0.09384153
1.97905000 0.09384298
1.97915000 0.09384443
1.97925000 0.09384587
1.97935000 0.09384732
1.97945000 0.09384875
1.97955000 0.09385019
1.97965000 0.09376527
1.97975000 0.09376672
1.97985000 0.09376816
1.97995000 0.09376961
1.98005000 0.09377105
1.98015000 0.09377249
1.98025000 0.09377392
1.98035000 0.09377535
1.98045000 0.09377678
1.98055000 0.09377821
1.98065000 0.09377963
1.98075000 0.09369481
1.98085000 0.09369625
1.98095000 0.09369768
1.98105000 0.09369911
1.98115000 0.09370054
1.98125000 0.09370196
1.98135000 0.09370338
1.98145000 0.09370480
1.98155000 0.09370622
1.98165000 0.09370763
1.98175000 0.09370904
1.98185000 0.09362432
1.98195000 0.09362575
1.98205000 0.09362717
1.98215000 0.09362858
1.98225000 0.09363000
1.98235000 0.09363141
1.98245000 0.09363282
1.98255000 0.09363423
1.98265000 0.09363563
1.98275000 0.09363703
1.98285000 0.09363843
1.98295000 0.09355381
1.98305000 0.09355522
1.98315000 0.09355662
1.98325000 0.09355803
1.98335000 0.09355943
1.98345000 0.09356083
1.98355000 0.09356223
1.98365000 0.09356362
1.98375000 0.09356501
1.98385000 0.09356640
1.98395000 0.09356779
1.98405000 0.09348326
1.98415000 0.09348466
1.98425000 0.09348606
1.98435000 0.09348745
1.98445000 0.09348884
1.98455000 0.09349022
1.98465000 0.09349161
1.98475000 0.09349299
1.98485000 0.09349437
1.98495000 0.09349574
1.98505000 0.09349711
1.98515000 0.09341269
1.98525000 0.09341408
1.98535000 0.09341546
1.98545000 0.09341684
1.98555000 0.09341821
1.98565000 0.09341959
1.98575000 0.09342096
1.98585000 0.09342233
1.98595000 0.09342369
1.98605000 0.09342506
1.98615000 0.09334071
1.98625000 0.09334209
1.98635000 0.09334346
1.98645000 0.09334483
1.98655000 0.09334620
1.98665000 0.09334756
1.98675000 0.09334892
1.98685000 0.09335028
1.98695000 0.09335164
1.98705000 0.09335299
1.98715000 0.09335434
1.98725000 0.09327010
1.98735000 0.09327146
1.98745000 0.09327282
1.98755000 0.09327418
1.98765000 0.09327553
1.98775000 0.09327688
1.98785000 0.09327823
1.98795000 0.09327958
1.98805000 0.09328092
1.98815000 0.09328226
1.98825000 0.09328360
1.98835000 0.09319946
1.98845000 0.09320081
1.98855000 0.09320215
1.98865000 0.09320350
1.98875000 0.09320484
1.98885000 0.09320618
1.98895000 0.09320751
1.98905000 0.09320885
1.98915000 0.09321018
1.98925000 0.09321150
1.98935000 0.09321283
1.98945000 0.09312878
1.98955000 0.09313012
1.98965000 0.09313146
1.98975000 0.09313279
1.98985000 0.09313412
1.98995000 0.09313544
1.99005000 0.09313677
1.99015000 0.09313809
1.99025000 0.09313940
1.99035000 0.09314072
1.99045000 0.09314203
1.99055000 0.09305808
1.99065000 0.09305941
1.99075000 0.09306073
1.99085000 0.09306205
1.99095000 0.09306337
1.99105000 0.09306468
1.99115000 0.09306599
1.99125000 0.09306730
1.99135000 0.09306860
1.99145000 0.09306990
1.99155000 0.09298604
1.99165000 0.09298736
1.99175000 0.09298867
1.99185000 0.09298998
1.99195000 0.09299128
1.99205000 0.09299259
1.99215000 0.09299389
1.99225000 0.09299518
1.99235000 0.09299648
1.99245000 0.09299777
1.99255000 0.09299906
1.99265000 0.09291530
1.99275000 0.09291660
1.99285000 0.09291790
1.99295000 0.09291919
1.99305000 0.09292049
1.99315000 0.09292178
1.99325000 0.09292307
1.99335000 0.09292435
1.99345000 0.09292563
1.99355000 0.09292691
1.99365000 0.09292819
1.99375000 0.09284453
1.99385000 0.09284582
1.99395000 0.09284710
1.99405000 0.09284838
1.99415000 0.09284967
1.99425000 0.09285094
1.99435000 0.09285222
1.99445000 0.09285349
1.99455000 0.09285476
1.99465000 0.09285603
1.99475000 0.09285729
1.99485000 0.09277373
1.99495000 0.09277500
1.99505000 0.09277628
1.99515000 0.09277755
1.99525000 0.09277881
1.99535000 0.09278008
1.99545000 0.09278134
1.99555000 0.09278260
1.99565000 0.09278386
1.99575000 0.09278511
1.99585000 0.09270163
1.99595000 0.09270290
1.99605000 0.09270416
1.99615000 0.09270542
1.99625000 0.09270668
1.99635000 0.09270793
1.99645000 0.09270919
1.99655000 0.09271044
1.99665000 0.09271168
1.99675000 0.09271293
1.99685000 0.09271417
1.99695000 0.09263079
1.99705000 0.09263204
1.99715000 0.09263329
1.99725000 0.09263454
1.99735000 0.09263578
1.99745000 0.09263703
1.99755000 0.09263826
1.99765000 0.09263950
1.99775000 0.09264074
1.99785000 0.09264197
1.99795000 0.09264319
1.99805000 0.09255991
1.99815000 0.09256115
1.99825000 0.09256239
1.99835000 0.09256363
1.99845000 0.09256486
1.99855000 0.09256609
1.99865000 0.09256731
1.99875000 0.09256854
1.99885000 0.09256976
1.99895000 0.09257098
1.99905000 0.09257219
1.99915000 0.09248901
1.99925000 0.09249024
1.99935000 0.09249146
1.99945000 0.09249269
1.99955000 0.09249391
1.99965000 0.09249512
1.99975000 0.09249634
1.99985000 0.09249755
1.99995000 0.09249876
2.00005000 0.09249996
2.00015000 0.09241686
2.00025000 0.09241808
2.00035000 0.09241930
2.00045000 0.09242051
2.00055000 0.09242172
2.00065000 0.09242292
2.00075000 0.09242413
2.00085000 0.09242533
2.00095000 0.09242653
2.00105000 0.09242772
2.00115000 0.09242892
2.00125000 0.09234592
2.00135000 0.09234712
2.00145000 0.09234832
2.00155000 0.09234952
2.00165000 0.09235072
2.00175000 0.09235191
2.00185000 0.09235310
2.00195000 0.09235429
2.00205000 0.09235548
2.00215000 0.09235666
2.00225000 0.09235784
2.00235000 0.09227494
2.00245000 0.09227613
2.00255000 0.09227732
2.00265000 0.09227851
2.00275000 0.09227969
2.00285000 0.09228087
2.00295000 0.09228205
2.00305000 0.09228323
2.00315000 0.09228440
2.00325000 0.09228557
2.00335000 0.09228674
2.00345000 0.09220394
2.00355000 0.09220512
2.00365000 0.09220629
2.00375000 0.09220747
2.00385000 0.09220864
2.00395000 0.09220981
2.00405000 0.09221097
2.00415000 0.09221214
2.00425000 0.09221330
2.00435000 0.09221445
2.00445000 0.09213173
2.00455000 0.09213290
2.00465000 0.09213407
2.00475000 0.09213523
2.00485000 0.09213640
2.00495000 0.09213755
2.00505000 0.09213871
2.00515000 0.09213986
2.00525000 0.09214101
2.00535000 0.09214216
2.00545000 0.09214330
2.00555000 0.09206069
2.00565000 0.09206184
2.00575000 0.09206300
2.00585000 0.09206415
2.00595000 0.09206530
2.00605000 0.09206644
2.00615000 0.09206758
2.00625000 0.09206872
2.00635000 0.09206986
2.00645000 0.09207100
2.00655000 0.09207213
2.00665000 0.09198961
2.00675000 0.09199075
2.00685000 0.09199189
2.00695000 0.09199303
2.00705000 0.09199417
2.00715000 0.09199530
2.00725000 0.09199643
2.00735000 0.09199756
2.00745000 0.09199868
2.00755000 0.09199980
2.00765000 0.09191737
2.00775000 0.09191850
2.00785000 0.09191963
2.00795000 0.09192076
2.00805000 0.09192189
2.00815000 0.09192301
2.00825000 0.09192413
2.00835000 0.09192525
2.00845000 0.09192636
2.00855000 0.09192747
2.00865000 0.09192858
2.00875000 0.09184624
2.00885000 0.09184737
2.00895000 0.09184848
2.00905000 0.09184960
2.00915000 0.09185071
2.00925000 0.09185182
2.00935000 0.09185293
2.00945000 0.09185403
2.00955000 0.09185514
2.00965000 0.09185624
2.00975000 0.09185733
2.00985000 0.09177509
2.00995000 0.09177620
2.01005000 0.09177731
2.01015000 0.09177841
2.01025000 0.09177951
2.01035000 0.09178061
2.01045000 0.09178170
2.01055000 0.09178279
2.01065000 0.09178388
2.01075000 0.09178497
2.01085000 0.09170281
2.01095000 0.09170391
2.01105000 0.09170501
2.01115000 0.09170610
2.01125000 0.09170719
2.01135000 0.09170828
2.01145000 0.09170936
2.01155000 0.09171044
2.01165000 0.09171152
2.01175000 0.09171260
2.01185000 0.09171367
2.01195000 0.09163162
2.01205000 0.09163270
2.01215000 0.09163378
2.01225000 0.09163486
2.01235000 0.09163594
2.01245000 0.09163702
2.01255000 0.09163809
2.01265000 0.09163916
2.01275000 0.09164022
2.01285000 0.09164129
2.01295000 0.09164235
2.01305000 0.09156039
2.01315000 0.09156146
2.01325000 0.09156253
2.01335000 0.09156360
2.01345000 0.09156466
2.01355000 0.09156573
2.01365000 0.09156678
2.01375000 0.09156784
2.01385000 0.09156889
2.01395000 0.09156994
2.01405000 0.09148807
2.01415000 0.09148913
2.01425000 0.09149019
2.01435000 0.09149125
2.01445000 0.09149231
2.01455000 0.09149336
2.01465000 0.09149441
2.01475000 0.09149545
2.01485000 0.09149650
2.01495000 0.09149754
2.01505000 0.09149857
2.01515000 0.09141680
2.01525000 0.09141785
2.01535000 0.09141890
2.01545000 0.09141994
2.01555000 0.09142098
2.01565000 0.09142202
2.01575000 0.09142306
2.01585000 0.09142409
2.01595000 0.09142512
2.01605000 0.09142615
2.01615000 0.09142717
2.01625000 0.09134550
2.01635000 0.09134653
2.01645000 0.09134757
2.01655000 0.09134860
2.01665000 0.09134963
2.01675000 0.09135066
2.01685000 0.09135168
2.01695000 0.09135270
2.01705000 0.09135372
2.01715000 0.09135473
2.01725000 0.09127314
2.01735000 0.09127417
2.01745000 0.09127519
2.01755000 0.09127621
2.01765000 0.09127723
2.01775000 0.09127825
2.01785000 0.09127926
2.01795000 0.09128027
2.01805000 0.09128128
2.01815000 0.09128228
2.01825000 0.09128329
2.01835000 0.09120179
2.01845000 0.09120281
2.01855000 0.09120382
2.01865000 0.09120483
2.01875000 0.09120583
2.01885000 0.09120684
2.01895000 0.09120784
2.01905000 0.09120883
2.01915000 0.09120983
2.01925000 0.09121082
2.01935000 0.09121181
2.01945000 0.09113042
2.01955000 0.09113142
2.01965000 0.09113242
2.01975000 0.09113341
2.01985000 0.09113441
2.01995000 0.09113540
2.02005000 0.09113638
2.02015000 0.09113737
2.02025000 0.09113835
2.02035000 0.09113933
2.02045000 0.09105802
2.02055000 0.09105901
2.02065000 0.09106000
2.02075000 0.09106098
2.02085000 0.09106197
2.02095000 0.09106295
2.02105000 0.09106393
2.02115000 0.09106490
2.02125000 0.09106587
2.02135000 0.09106684
2.02145000 0.09106781
2.02155000 0.09098660
2.02165000 0.09098757
2.02175000 0.09098855
2.02185000 0.09098952
2.02195000 0.09099049
2.02205000 0.09099146
2.02215000 0.09099243
2.02225000 0.09099339
2.02235000 0.09099435
2.02245000 0.09099530
2.02255000 0.09099626
2.02265000 0.09091514
2.02275000 0.09091611
2.02285000 0.09091707
2.02295000 0.09091803
2.02305000 0.09091899
2.02315000 0.09091995
2.02325000 0.09092090
2.02335000 0.09092185
2.02345000 0.09092279
2.02355000 0.09092374
2.02365000 0.09084271
2.02375000 0.09084366
2.02385000 0.09084462
2.02395000 0.09084557
2.02405000 0.09084651
2.02415000 0.09084746
2.02425000 0.09084840
2.02435000 0.09084934
2.02445000 0.09085027
2.02455000 0.09085121
2.02465000 0.09085214
2.02475000 0.09077121
2.02485000 0.09077215
2.02495000 0.09077309
2.02505000 0.09077403
2.02515000 0.09077496
2.02525000 0.09077589
2.02535000 0.09077682
2.02545000 0.09077775
2.02555000 0.09077867
2.02565000 0.09077959
2.02575000 0.09069875
2.02585000 0.09069968
2.02595000 0.09070061
2.02605000 0.09070154
2.02615000 0.09070246
2.02625000 0.09070338
2.02635000 0.09070430
2.02645000 0.09070522
2.02655000 0.09070613
2.02665000 0.09070704
2.02675000 0.09070795
2.02685000 0.09062720
2.02695000 0.09062812
2.02705000 0.09062904
2.02715000 0.09062995
2.02725000 0.09063087
2.02735000 0.09063177
2.02745000 0.09063268
2.02755000 0.09063358
2.02765000 0.09063448
2.02775000 0.09063538
2.02785000 0.09063628
2.02795000 0.09055563
2.02805000 0.09055653
2.02815000 0.09055744
2.02825000 0.09055834
2.02835000 0.09055924
2.02845000 0.09056014
2.02855000 0.09056103
2.02865000 0.09056192
2.02875000 0.09056281
2.02885000 0.09056369
2.02895000 0.09048313
2.02905000 0.09048402
2.02915000 0.09048492
2.02925000 0.09048581
2.02935000 0.09048670
2.02945000 0.09048758
2.02955000 0.09048847
2.02965000 0.09048935
2.02975000 0.09049022
2.02985000 0.09049110
2.02995000 0.09049197
2.03005000 0.09041151
2.03015000 0.09041239
2.03025000 0.09041327
2.03035000 0.09041415
2.03045000 0.09041503
2.03055000 0.09041590
2.03065000 0.09041677
2.03075000 0.09041764
2.03085000 0.09041850
2.03095000 0.09041936
2.03105000 0.09033898
2.03115000 0.09033985
2.03125000 0.09034073
2.03135000 0.09034159
2.03145000 0.09034246
2.03155000 0.09034332
2.03165000 0.09034418
2.03175000 0.09034504
2.03185000 0.09034589
2.03195000 0.09034675
2.03205000 0.09034760
2.03215000 0.09026731
2.03225000 0.09026817
2.03235000 0.09026903
2.03245000 0.09026989
2.03255000 0.09027074
2.03265000 0.09027159
2.03275000 0.09027244
2.03285000 0.09027328
2.03295000 0.09027412
2.03305000 0.09027496
2.03315000 0.09027580
2.03325000 0.09019561
2.03335000 0.09019646
2.03345000 0.09019731
2.03355000 0.09019815
2.03365000 0.09019899
2.03375000 0.09019983
2.03385000 0.09020066
2.03395000 0.09020149
2.03405000 0.09020232
2.03415000 0.09020315
2.03425000 0.09012305
2.03435000 0.09012389
2.03445000 0.09012472
2.03455000 0.09012555
2.03465000 0.09012638
2.03475000 0.09012721
2.03485000 0.09012804
2.03495000 0.09012886
2.03505000 0.09012968
2.03515000 0.09013049
2.03525000 0.09013131
2.03535000 0.09005130
2.03545000 0.09005213
2.03555000 0.09005295
2.03565000 0.09005377
2.03575000 0.09005459
2.03585000 0.09005540
2.03595000 0.09005621
2.03605000 0.09005702
2.03615000 0.09005783
2.03625000 0.09005863
2.03635000 0.08997871
2.03645000 0.08997953
2.03655000 0.08998034
2.03665000 0.08998115
2.03675000 0.08998196
2.03685000 0.08998276
2.03695000 0.08998356
2.03705000 0.08998436
2.03715000 0.08998516
2.03725000 0.08998595
2.03735000 0.08998674
2.03745000 0.08990692
2.03755000 0.08990772
2.03765000 0.08990852
2.03775000 0.08990932
2.03785000 0.08991011
2.03795000 0.08991090
2.03805000 0.08991169
2.03815000 0.08991248
2.03825000 0.08991326
2.03835000 0.08991404
2.03845000 0.08983431
2.03855000 0.08983510
2.03865000 0.08983589
2.03875000 0.08983667
2.03885000 0.08983746
2.03895000 0.08983824
2.03905000 0.08983902
2.03915000 0.08983979
2.03925000 0.08984057
2.03935000 0.08984134
2.03945000 0.08984210
2.03955000 0.08976247
2.03965000 0.08976324
2.03975000 0.08976402
2.03985000 0.08976480
2.03995000 0.08976557
2.04005000 0.08976633
2.04015000 0.08976710
2.04025000 0.08976786
2.04035000 0.08976862
2.04045000 0.08976938
2.04055000 0.08968983
2.04065000 0.08969060
2.04075000 0.08969136
2.04085000 0.08969213
2.04095000 0.08969289
2.04105000 0.08969365
2.04115000 0.08969440
2.04125000 0.08969515
2.04135000 0.08969590
2.04145000 0.08969665
2.04155000 0.08969739
2.04165000 0.08961794
2.04175000 0.08961870
2.04185000 0.08961945
2.04195000 0.08962020
2.04205000 0.08962095
2.04215000 0.08962169
2.04225000 0.08962244
2.04235000 0.08962318
2.04245000 0.08962391
2.04255000 0.08962465
2.04265000 0.08954528
2.04275000 0.08954602
2.04285000 0.08954677
2.04295000 0.08954751
2.04305000 0.08954824
2.04315000 0.08954898
2.04325000 0.08954971
2.04335000 0.08955044
2.04345000 0.08955117
2.04355000 0.08955189
2.04365000 0.08955261
2.04375000 0.08947334
2.04385000 0.08947407
2.04395000 0.08947480
2.04405000 0.08947553
2.04415000 0.08947626
2.04425000 0.08947698
2.04435000 0.08947770
2.04445000 0.08947842
2.04455000 0.08947913
2.04465000 0.08947984
2.04475000 0.08940065
2.04485000 0.08940138
2.04495000 0.08940210
2.04505000 0.08940281
2.04515000 0.08940353
2.04525000 0.08940424
2.04535000 0.08940495
2.04545000 0.08940566
2.04555000 0.08940636
2.04565000 0.08940706
2.04575000 0.08940776
2.04585000 0.08932867
2.04595000 0.08932938
2.04605000 0.08933009
2.04615000 0.08933079
2.04625000 0.08933149
2.04635000 0.08933219
2.04645000 0.08933289
2.04655000 0.08933358
2.04665000 0.08933428
2.04675000 0.08933496
2.04685000 0.08925596
2.04695000 0.08925666
2.04705000 0.08925735
2.04715000 0.08925805
2.04725000 0.08925874
2.04735000 0.08925943
2.04745000 0.08926012
2.04755000 0.08926080
2.04765000 0.08926148
2.04775000 0.08926216
2.04785000 0.08926283
2.04795000 0.08918393
2.04805000 0.08918461
2.04815000 0.08918530
2.04825000 0.08918598
2.04835000 0.08918666
2.04845000 0.08918734
2.04855000 0.08918801
2.04865000 0.08918868
2.04875000 0.08918935
2.04885000 0.08919001
2.04895000 0.08911119
2.04905000 0.08911187
2.04915000 0.08911254
2.04925000 0.08911321
2.04935000 0.08911388
2.04945000 0.08911455
2.04955000 0.08911521
2.04965000 0.08911587
2.04975000 0.08911653
2.04985000 0.08911718
2.04995000 0.08911784
2.05005000 0.08903911
2.05015000 0.08903977
2.05025000 0.08904044
2.05035000 0.08904109
2.05045000 0.08904175
2.05055000 0.08904240
2.05065000 0.08904305
2.05075000 0.08904370
2.05085000 0.08904435
2.05095000 0.08904499
2.05105000 0.08896635
2.05115000 0.08896700
2.05125000 0.08896765
2.05135000 0.08896830
2.05145000 0.08896895
2.05155000 0.08896959
2.05165000 0.08897023
2.05175000 0.08897087
2.05185000 0.08897150
2.05195000 0.08897213
2.05205000 0.08897276
2.05215000 0.08889422
2.05225000 0.08889486
2.05235000 0.08889550
2.05245000 0.08889614
2.05255000 0.08889677
2.05265000 0.08889740
2.05275000 0.08889803
2.05285000 0.08889865
2.05295000 0.08889927
2.05305000 0.08889989
2.05315000 0.08882143
2.05325000 0.08882206
2.05335000 0.08882269
2.05345000 0.08882332
2.05355000 0.08882394
2.05365000 0.08882456
2.05375000 0.08882518
2.05385000 0.08882579
2.05395000 0.08882640
2.05405000 0.08882701
2.05415000 0.08882762
2.05425000 0.08874926
2.05435000 0.08874988
2.05445000 0.08875049
2.05455000 0.08875110
2.05465000 0.08875171
2.05475000 0.08875232
2.05485000 0.08875293
2.05495000 0.08875353
2.05505000 0.08875413
2.05515000 0.08875472
2.05525000 0.08867644
2.05535000 0.08867705
2.05545000 0.08867766
2.05555000 0.08867826
2.05565000 0.08867886
2.05575000 0.08867946
2.05585000 0.08868005
2.05595000 0.08868064
2.05605000 0.08868123
2.05615000 0.08868182
2.05625000 0.08868240
2.05635000 0.08860422
2.05645000 0.08860482
2.05655000 0.08860541
2.05665000 0.08860600
2.05675000 0.08860658
2.05685000 0.08860717
2.05695000 0.08860775
2.05705000 0.08860833
2.05715000 0.08860890
2.05725000 0.08860948
2.05735000 0.08853138
2.05745000 0.08853197
2.05755000 0.08853255
2.05765000 0.08853313
2.05775000 0.08853371
2.05785000 0.08853428
2.05795000 0.08853485
2.05805000 0.08853542
2.05815000 0.08853598
2.05825000 0.08853655
2.05835000 0.08845854
2.05845000 0.08845911
2.05855000 0.08845968
2.05865000 0.08846025
2.05875000 0.08846082
2.05885000 0.08846138
2.05895000 0.08846194
2.05905000 0.08846250
2.05915000 0.08846306
2.05925000 0.08846361
2.05935000 0.08846416
2.05945000 0.08838625
2.05955000 0.08838681
2.05965000 0.08838737
2.05975000 0.08838792
2.05985000 0.08838848
2.05995000 0.08838903
2.06005000 0.08838958
2.06015000 0.08839012
2.06025000 0.08839066
2.06035000 0.08839120
2.06045000 0.08831337
2.06055000 0.08831393
2.06065000 0.08831447
2.06075000 0.08831502
2.06085000 0.08831556
2.06095000 0.08831610
2.06105000 0.08831664
2.06115000 0.08831718
2.06125000 0.08831771
2.06135000 0.08831824
2.06145000 0.08831877
2.06155000 0.08824104
2.06165000 0.08824157
2.06175000 0.08824211
2.06185000 0.08824264
2.06195000 0.08824317
2.06205000 0.08824370
2.06215000 0.08824423
2.06225000 0.08824475
2.06235000 0.08824527
2.06245000 0.08824578
2.06255000 0.08816814
2.06265000 0.08816867
2.06275000 0.08816919
2.06285000 0.08816971
2.06295000 0.08817024
2.06305000 0.08817075
2.06315000 0.08817127
2.06325000 0.08817178
2.06335000 0.08817229
2.06345000 0.08817280
2.06355000 0.08817330
2.06365000 0.08809575
2.06375000 0.08809627
2.06385000 0.08809678
2.06395000 0.08809729
2.06405000 0.08809780
2.06415000 0.08809830
2.06425000 0.08809880
2.06435000 0.08809930
2.06445000 0.08809980
2.06455000 0.08810029
2.06465000 0.08802283
2.06475000 0.08802333
2.06485000 0.08802383
2.06495000 0.08802433
2.06505000 0.08802483
2.06515000 0.08802533
2.06525000 0.08802582
2.06535000 0.08802631
2.06545000 0.08802679
2.06555000 0.08802728
2.06565000 0.08794990
2.06575000 0.08795039
2.06585000 0.08795088
2.06595000 0.08795137
2.06605000 0.08795186
2.06615000 0.08795234
2.06625000 0.08795283
2.06635000 0.08795330
2.06645000 0.08795378
2.06655000 0.08795425
2.06665000 0.08795472
2.06675000 0.08787744
2.06685000 0.08787792
2.06695000 0.08787840
2.06705000 0.08787888
2.06715000 0.08787935
2.06725000 0.08787982
2.06735000 0.08788029
2.06745000 0.08788076
2.06755000 0.08788122
2.06765000 0.08788168
2.06775000 0.08780448
2.06785000 0.08780496
2.06795000 0.08780542
2.06805000 0.08780589
2.06815000 0.08780636
2.06825000 0.08780682
2.06835000 0.08780727
2.06845000 0.08780773
2.06855000 0.08780818
2.06865000 0.08780863
2.06875000 0.08780908
2.06885000 0.08773198
2.06895000 0.08773244
2.06905000 0.08773290
2.06915000 0.08773335
2.06925000 0.08773380
2.06935000 0.08773425
2.06945000 0.08773469
2.06955000 0.08773514
2.06965000 0.08773558
2.06975000 0.08773601
2.06985000 0.08765900
2.06995000 0.08765945
2.07005000 0.08765989
2.07015000 0.08766034
2.07025000 0.08766078
2.07035000 0.08766121
2.07045000 0.08766165
2.07055000 0.08766208
2.07065000 0.08766251
2.07075000 0.08766294
2.07085000 0.08758601
2.07095000 0.08758644
2.07105000 0.08758688
2.07115000 0.08758731
2.07125000 0.08758774
2.07135000 0.08758817
2.07145000 0.08758860
2.07155000 0.08758902
2.07165000 0.08758944
2.07175000 0.08758985
2.07185000 0.08759027
2.07195000 0.08751343
2.07205000 0.08751386
2.07215000 0.08751428
2.07225000 0.08751470
2.07235000 0.08751512
2.07245000 0.08751554
2.07255000 0.08751595
2.07265000 0.08751636
2.07275000 0.08751676
2.07285000 0.08751717
2.07295000 0.08744042
2.07305000 0.08744083
2.07315000 0.08744124
2.07325000 0.08744165
2.07335000 0.08744206
2.07345000 0.08744247
2.07355000 0.08744287
2.07365000 0.08744327
2.07375000 0.08744366
2.07385000 0.08744406
2.07395000 0.08736739
2.07405000 0.08736780
2.07415000 0.08736820
2.07425000 0.08736860
2.07435000 0.08736900
2.07445000 0.08736939
2.07455000 0.08736978
2.07465000 0.08737017
2.07475000 0.08737056
2.07485000 0.08737094
2.07495000 0.08737132
2.07505000 0.08729475
2.07515000 0.08729514
2.07525000 0.08729553
2.07535000 0.08729592
2.07545000 0.08729630
2.07555000 0.08729669
2.07565000 0.08729707
2.07575000 0.08729744
2.07585000 0.08729781
2.07595000 0.08729818
2.07605000 0.08722170
2.07615000 0.08722208
2.07625000 0.08722246
2.07635000 0.08722284
2.07645000 0.08722321
2.07655000 0.08722358
2.07665000 0.08722395
2.07675000 0.08722432
2.07685000 0.08722468
2.07695000 0.08722504
2.07705000 0.08714864
2.07715000 0.08714901
2.07725000 0.08714938
2.07735000 0.08714975
2.07745000 0.08715011
2.07755000 0.08715047
2.07765000 0.08715083
2.07775000 0.08715119
2.07785000 0.08715154
2.07795000 0.08715189
2.07805000 0.08715224
2.07815000 0.08707593
2.07825000 0.08707629
2.07835000 0.08707665
2.07845000 0.08707700
2.07855000 0.08707735
2.07865000 0.08707770
2.07875000 0.08707805
2.07885000 0.08707839
2.07895000 0.08707873
2.07905000 0.08707907
2.07915000 0.08700285
2.07925000 0.08700319
2.07935000 0.08700354
2.07945000 0.08700388
2.07955000 0.08700422
2.07965000 0.08700456
2.07975000 0.08700490
2.07985000 0.08700523
2.07995000 0.08700556
2.08005000 0.08700589
2.08015000 0.08692975
2.08025000 0.08693009
2.08035000 0.08693042
2.08045000 0.08693076
2.08055000 0.08693109
2.08065000 0.08693142
2.08075000 0.08693174
2.08085000 0.08693206
2.08095000 0.08693238
2.08105000 0.08693270
2.08115000 0.08693301
2.08125000 0.08685698
2.08135000 0.08685730
2.08145000 0.08685762
2.08155000 0.08685794
2.08165000 0.08685826
2.08175000 0.08685858
2.08185000 0.08685889
2.08195000 0.08685920
2.08205000 0.08685950
2.08215000 0.08685981
2.08225000 0.08678385
2.08235000 0.08678417
2.08245000 0.08678448
2.08255000 0.08678479
2.08265000 0.08678510
2.08275000 0.08678540
2.08285000 0.08678570
2.08295000 0.08678600
2.08305000 0.08678630
2.08315000 0.08678659
2.08325000 0.08671072
2.08335000 0.08671103
2.08345000 0.08671133
2.08355000 0.08671163
2.08365000 0.08671193
2.08375000 0.08671222
2.08385000 0.08671251
2.08395000 0.08671280
2.08405000 0.08671309
2.08415000 0.08671337
2.08425000 0.08671365
2.08435000 0.08663788
2.08445000 0.08663817
2.08455000 0.08663846
2.08465000 0.08663875
2.08475000 0.08663903
2.08485000 0.08663931
2.08495000 0.08663959
2.08505000 0.08663987
2.08515000 0.08664014
2.08525000 0.08664041
2.08535000 0.08656472
2.08545000 0.08656500
2.08555000 0.08656528
2.08565000 0.08656556
2.08575000 0.08656583
2.08585000 0.08656611
2.08595000 0.08656637
2.08605000 0.08656664
2.08615000 0.08656690
2.08625000 0.08656716
2.08635000 0.08649156
2.08645000 0.08649183
2.08655000 0.08649210
2.08665000 0.08649236
2.08675000 0.08649263
2.08685000 0.08649289
2.08695000 0.08649315
2.08705000 0.08649340
2.08715000 0.08649365
2.08725000 0.08649390
2.08735000 0.08649415
2.08745000 0.08641865
2.08755000 0.08641890
2.08765000 0.08641916
2.08775000 0.08641941
2.08785000 0.08641966
2.08795000 0.08641991
2.08805000 0.08642016
2.08815000 0.08642040
2.08825000 0.08642064
2.08835000 0.08642088
2.08845000 0.08634545
2.08855000 0.08634570
2.08865000 0.08634595
2.08875000 0.08634619
2.08885000 0.08634643
2.08895000 0.08634667
2.08905000 0.08634690
2.08915000 0.08634714
2.08925000 0.08634736
2.08935000 0.08634759
2.08945000 0.08627225
2.08955000 0.08627249
2.08965000 0.08627273
2.08975000 0.08627296
2.08985000 0.08627319
2.08995000 0.08627342
2.09005000 0.08627364
2.09015000 0.08627386
2.09025000 0.08627408
2.09035000 0.08627430
2.09045000 0.08619904
2.09055000 0.08619927
2.09065000 0.08619950
2.09075000 0.08619972
2.09085000 0.08619994
2.09095000 0.08620016
2.09105000 0.08620037
2.09115000 0.08620058
2.09125000 0.08620079
2.09135000 0.08620100
2.09145000 0.08620120
2.09155000 0.08612604
2.09165000 0.08612626
2.09175000 0.08612647
2.09185000 0.08612668
2.09195000 0.08612689
2.09205000 0.08612709
2.09215000 0.08612729
2.09225000 0.08612749
2.09235000 0.08612769
2.09245000 0.08612788
2.09255000 0.08605281
2.09265000 0.08605301
2.09275000 0.08605321
2.09285000 0.08605341
2.09295000 0.08605361
2.09305000 0.08605380
2.09315000 0.08605399
2.09325000 0.08605418
2.09335000 0.08605437
2.09345000 0.08605455
2.09355000 0.08597956
2.09365000 0.08597976
2.09375000 0.08597995
2.09385000 0.08598014
2.09395000 0.08598032
2.09405000 0.08598051
2.09415000 0.08598069
2.09425000 0.08598087
2.09435000 0.08598104
2.09445000 0.08598121
2.09455000 0.08590631
2.09465000 0.08590649
2.09475000 0.08590667
2.09485000 0.08590685
2.09495000 0.08590703
2.09505000 0.08590720
2.09515000 0.08590737
2.09525000 0.08590754
2.09535000 0.08590771
2.09545000 0.08590787
2.09555000 0.08590803
2.09565000 0.08583322
2.09575000 0.08583339
2.09585000 0.08583356
2.09595000 0.08583372
2.09605000 0.08583389
2.09615000 0.08583405
2.09625000 0.08583421
2.09635000 0.08583436
2.09645000 0.08583451
2.09655000 0.08583466
2.09665000 0.08575994
2.09675000 0.08576010
2.09685000 0.08576026
2.09695000 0.08576041
2.09705000 0.08576057
2.09715000 0.08576072
2.09725000 0.08576086
2.09735000 0.08576101
2.09745000 0.08576115
2.09755000 0.08576129
2.09765000 0.08568665
2.09775000 0.08568680
2.09785000 0.08568695
2.09795000 0.08568709
2.09805000 0.08568724
2.09815000 0.08568738
2.09825000 0.08568751
2.09835000 0.08568765
2.09845000 0.08568778
2.09855000 0.08568791
2.09865000 0.08561335
2.09875000 0.08561349
2.09885000 0.08561363
2.09895000 0.08561376
2.09905000 0.08561390
2.09915000 0.08561403
2.09925000 0.08561415
2.09935000 0.08561428
2.09945000 0.08561440
2.09955000 0.08561452
2.09965000 0.08561463
2.09975000 0.08554017
2.09985000 0.08554030
2.09995000 0.08554043
2.10005000 0.08554055
2.10015000 0.08554067
2.10025000 0.08554078
2.10035000 0.08554090
2.10045000 0.08554101
2.10055000 0.08554112
2.10065000 0.08554122
2.10075000 0.08546685
2.10085000 0.08546696
2.10095000 0.08546708
2.10105000 0.08546719
2.10115000 0.08546730
2.10125000 0.08546741
2.10135000 0.08546751
2.10145000 0.08546761
2.10155000 0.08546771
2.10165000 0.08546781
2.10175000 0.08539351
2.10185000 0.08539362
2.10195000 0.08539372
2.10205000 0.08539383
2.10215000 0.08539393
2.10225000 0.08539402
2.10235000 0.08539412
2.10245000 0.08539421
2.10255000 0.08539429
2.10265000 0.08539438
2.10275000 0.08532017
2.10285000 0.08532027
2.10295000 0.08532036
2.10305000 0.08532045
2.10315000 0.08532054
2.10325000 0.08532063
2.10335000 0.08532071
2.10345000 0.08532079
2.10355000 0.08532087
2.10365000 0.08532094
2.10375000 0.08524682
2.10385000 0.08524690
2.10395000 0.08524699
2.10405000 0.08524707
2.10415000 0.08524715
2.10425000 0.08524722
2.10435000 0.08524730
2.10445000 0.08524737
2.10455000 0.08524743
2.10465000 0.08524750
2.10475000 0.08524756
2.10485000 0.08517353
2.10495000 0.08517361
2.10505000 0.08517368
2.10515000 0.08517375
2.10525000 0.08517381
2.10535000 0.08517387
2.10545000 0.08517393
2.10555000 0.08517399
2.10565000 0.08517405
2.10575000 0.08517410
2.10585000 0.08510015
2.10595000 0.08510022
2.10605000 0.08510028
2.10615000 0.08510033
2.10625000 0.08510039
2.10635000 0.08510044
2.10645000 0.08510049
2.10655000 0.08510054
2.10665000 0.08510058
2.10675000 0.08510063
2.10685000 0.08502676
2.10695000 0.08502682
2.10705000 0.08502687
2.10715000 0.08502692
2.10725000 0.08502696
2.10735000 0.08502700
2.10745000 0.08502704
2.10755000 0.08502708
2.10765000 0.08502711
2.10775000 0.08502715
2.10785000 0.08495337
2.10795000 0.08495341
2.10805000 0.08495345
2.10815000 0.08495349
2.10825000 0.08495352
2.10835000 0.08495355
2.10845000 0.08495358
2.10855000 0.08495361
2.10865000 0.08495363
2.10875000 0.08495366
2.10885000 0.08487996
2.10895000 0.08487999
2.10905000 0.08488002
2.10915000 0.08488005
2.10925000 0.08488007
2.10935000 0.08488010
2.10945000 0.08488012
2.10955000 0.08488013
2.10965000 0.08488015
2.10975000 0.08488016
2.10985000 0.08488016
2.10995000 0.08480657
2.11005000 0.08480659
2.11015000 0.08480660
2.11025000 0.08480662
2.11035000 0.08480663
2.11045000 0.08480664
2.11055000 0.08480664
2.11065000 0.08480665
2.11075000 0.08480665
2.11085000 0.08480665
2.11095000 0.08473313
2.11105000 0.08473314
2.11115000 0.08473315
2.11125000 0.08473315
2.11135000 0.08473315
2.11145000 0.08473315
2.11155000 0.08473315
2.11165000 0.08473314
2.11175000 0.08473313
2.11185000 0.08473312
2.11195000 0.08465969
2.11205000 0.08465969
2.11215000 0.08465968
2.11225000 0.08465968
2.11235000 0.08465967
2.11245000 0.08465966
2.11255000 0.08465964
2.11265000 0.08465963
2.11275000 0.08465961
2.11285000 0.08465958
2.11295000 0.08458624
2.11305000 0.08458623
2.11315000 0.08458621
2.11325000 0.08458620
2.11335000 0.08458618
2.11345000 0.08458615
2.11355000 0.08458613
2.11365000 0.08458610
2.11375000 0.08458607
2.11385000 0.08458604
2.11395000 0.08451278
2.11405000 0.08451275
2.11415000 0.08451273
2.11425000 0.08451270
2.11435000 0.08451267
2.11445000 0.08451264
2.11455000 0.08451261
2.11465000 0.08451257
2.11475000 0.08451253
2.11485000 0.08451249
2.11495000 0.08443931
2.11505000 0.08443927
2.11515000 0.08443924
2.11525000 0.08443920
2.11535000 0.08443916
2.11545000 0.08443912
2.11555000 0.08443907
2.11565000 0.08443903
2.11575000 0.08443898
2.11585000 0.08443892
2.11595000 0.08443887
2.11605000 0.08436578
2.11615000 0.08436574
2.11625000 0.08436569
2.11635000 0.08436564
2.11645000 0.08436559
2.11655000 0.08436553
2.11665000 0.08436548
2.11675000 0.08436541
2.11685000 0.08436535
2.11695000 0.08436528
2.11705000 0.08429229
2.11715000 0.08429223
2.11725000 0.08429217
2.11735000 0.08429211
2.11745000 0.08429205
2.11755000 0.08429198
2.11765000 0.08429192
2.11775000 0.08429184
2.11785000 0.08429177
2.11795000 0.08429169
2.11805000 0.08421878
2.11815000 0.08421871
2.11825000 0.08421864
2.11835000 0.08421857
2.11845000 0.08421850
2.11855000 0.08421842
2.11865000 0.08421835
2.11875000 0.08421826
2.11885000 0.08421818
2.11895000 0.08421809
2.11905000 0.08414526
2.11915000 0.08414519
2.11925000 0.08414511
2.11935000 0.08414503
2.11945000 0.08414494
2.11955000 0.08414486
2.11965000 0.08414477
2.11975000 0.08414468
2.11985000 0.08414458
2.11995000 0.08414448
2.12005000 0.08407174
2.12015000 0.08407165
2.12025000 0.08407156
2.12035000 0.08407147
2.12045000 0.08407138
2.12055000 0.08407128
2.12065000 0.08407118
2.12075000 0.08407108
2.12085000 0.08407097
2.12095000 0.08407087
2.12105000 0.08399820
2.12115000 0.08399811
2.12125000 0.08399801
2.12135000 0.08399790
2.12145000 0.08399780
2.12155000 0.08399769
2.12165000 0.08399758
2.12175000 0.08399747
2.12185000 0.08399736
2.12195000 0.08399724
2.12205000 0.08392466
2.12215000 0.08392455
2.12225000 0.08392444
2.12235000 0.08392433
2.12245000 0.08392422
2.12255000 0.08392410
2.12265000 0.08392398
2.12275000 0.08392386
2.12285000 0.08392373
2.12295000 0.08392360
2.12305000 0.08392347
2.12315000 0.08385099
2.12325000 0.08385087
2.12335000 0.08385075
2.12345000 0.08385062
2.12355000 0.08385049
2.12365000 0.08385036
2.12375000 0.08385023
2.12385000 0.08385010
2.12395000 0.08384996
2.12405000 0.08384982
2.12415000 0.08377742
2.12425000 0.08377729
2.12435000 0.08377715
2.12445000 0.08377702
2.12455000 0.08377688
2.12465000 0.08377674
2.12475000 0.08377660
2.12485000 0.08377645
2.12495000 0.08377630
2.12505000 0.08377615
2.12515000 0.08370383
2.12525000 0.08370369
2.12535000 0.08370355
2.12545000 0.08370341
2.12555000 0.08370326
2.12565000 0.08370311
2.12575000 0.08370295
2.12585000 0.08370280
2.12595000 0.08370264
2.12605000 0.08370248
2.12615000 0.08363024
2.12625000 0.08363009
2.12635000 0.08362994
2.12645000 0.08362978
2.12655000 0.08362963
2.12665000 0.08362946
2.12675000 0.08362930
2.12685000 0.08362913
2.12695000 0.08362897
2.12705000 0.08362879
2.12715000 0.08355664
2.12725000 0.08355648
2.12735000 0.08355632
2.12745000 0.08355615
2.12755000 0.08355598
2.12765000 0.08355581
2.12775000 0.08355564
2.12785000 0.08355546
2.12795000 0.08355528
2.12805000 0.08355510
2.12815000 0.08348303
2.12825000 0.08348286
2.12835000 0.08348269
2.12845000 0.08348251
2.12855000 0.08348233
2.12865000 0.08348215
2.12875000 0.08348197
2.12885000 0.08348178
2.12895000 0.08348159
2.12905000 0.08348140
2.12915000 0.08340941
2.12925000 0.08340923
2.12935000 0.08340905
2.12945000 0.08340886
2.12955000 0.08340867
2.12965000 0.08340848
2.12975000 0.08340829
2.12985000 0.08340809
2.12995000 0.08340789
2.13005000 0.08340769
2.13015000 0.08333579
2.13025000 0.08333560
2.13035000 0.08333540
2.13045000 0.08333520
2.13055000 0.08333501
2.13065000 0.08333480
2.13075000 0.08333460
2.13085000 0.08333439
2.13095000 0.08333418
2.13105000 0.08333397
2.13115000 0.08326215
2.13125000 0.08326195
2.13135000 0.08326174
2.13145000 0.08326154
2.13155000 0.08326133
2.13165000 0.08326111
2.13175000 0.08326090
2.13185000 0.08326068
2.13195000 0.08326046
2.13205000 0.08326024
2.13215000 0.08318850
2.13225000 0.08318829
2.13235000 0.08318808
2.13245000 0.08318786
2.13255000 0.08318764
2.13265000 0.08318742
2.13275000 0.08318719
2.13285000 0.08318696
2.13295000 0.08318673
2.13305000 0.08318650
2.13315000 0.08311485
2.13325000 0.08311463
2.13335000 0.08311440
2.13345000 0.08311417
2.13355000 0.08311394
2.13365000 0.08311371
2.13375000 0.08311347
2.13385000 0.08311324
2.13395000 0.08311299
2.13405000 0.08311275
2.13415000 0.08311250
2.13425000 0.08304095
2.13435000 0.08304072
2.13445000 0.08304048
2.13455000 0.08304024
2.13465000 0.08303999
2.13475000 0.08303975
2.13485000 0.08303950
2.13495000 0.08303925
2.13505000 0.08303899
2.13515000 0.08303874
2.13525000 0.08296727
2.13535000 0.08296702
2.13545000 0.08296677
2.13555000 0.08296652
2.13565000 0.08296627
2.13575000 0.08296601
2.13585000 0.08296575
2.13595000 0.08296549
2.13605000 0.08296523
2.13615000 0.08296496
2.13625000 0.08289357
2.13635000 0.08289332
2.13645000 0.08289306
2.13655000 0.08289280
2.13665000 0.08289253
2.13675000 0.08289227
2.13685000 0.08289200
2.13695000 0.08289173
2.13705000 0.08289145
2.13715000 0.08289117
2.13725000 0.08281987
2.13735000 0.08281960
2.13745000 0.08281933
2.13755000 0.08281906
2.13765000 0.08281879
2.13775000 0.08281851
2.13785000 0.08281823
2.13795000 0.08281795
2.13805000 0.08281766
2.13815000 0.08281738
2.13825000 0.08274616
2.13835000 0.08274588
2.13845000 0.08274560
2.13855000 0.08274532
2.13865000 0.08274503
2.13875000 0.08274475
2.13885000 0.08274446
2.13895000 0.08274416
2.13905000 0.08274387
2.13915000 0.08274357
2.13925000 0.08267243
2.13935000 0.08267215
2.13945000 0.08267186
2.13955000 0.08267157
2.13965000 0.08267127
2.13975000 0.08267097
2.13985000 0.08267067
2.13995000 0.08267037
2.14005000 0.08267007
2.14015000 0.08266976
2.14025000 0.08259870
2.14035000 0.08259841
2.14045000 0.08259811
2.14055000 0.08259780
2.14065000 0.08259750
2.14075000 0.08259719
2.14085000 0.08259688
2.14095000 0.08259657
2.14105000 0.08259625
2.14115000 0.08259593
2.14125000 0.08252496
2.14135000 0.08252465
2.14145000 0.08252434
2.14155000 0.08252403
2.14165000 0.08252372
2.14175000 0.08252340
2.14185000 0.08252308
2.14195000 0.08252275
2.14205000 0.08252243
2.14215000 0.08252210
2.14225000 0.08245121
2.14235000 0.08245089
2.14245000 0.08245057
2.14255000 0.08245025
2.14265000 0.08244992
2.14275000 0.08244960
2.14285000 0.08244927
2.14295000 0.08244893
2.14305000 0.08244860
2.14315000 0.08244826
2.14325000 0.08237745
2.14335000 0.08237712
2.14345000 0.08237679
2.14355000 0.08237646
2.14365000 0.08237612
2.14375000 0.08237578
2.14385000 0.08237544
2.14395000 0.08237510
2.14405000 0.08237475
2.14415000 0.08237440
2.14425000 0.08230368
2.14435000 0.08230334
2.14445000 0.08230300
2.14455000 0.08230266
2.14465000 0.08230231
2.14475000 0.08230196
2.14485000 0.08230161
2.14495000 0.08230126
2.14505000 0.08230090
2.14515000 0.08230054
2.14525000 0.08222990
2.14535000 0.08222955
2.14545000 0.08222920
2.14555000 0.08222885
2.14565000 0.08222849
2.14575000 0.08222813
2.14585000 0.08222777
2.14595000 0.08222741
2.14605000 0.08222704
2.14615000 0.08222667
2.14625000 0.08215611
2.14635000 0.08215576
2.14645000 0.08215539
2.14655000 0.08215503
2.14665000 0.08215466
2.14675000 0.08215429
2.14685000 0.08215392
2.14695000 0.08215355
2.14705000 0.08215317
2.14715000 0.08215279
2.14725000 0.08208232
2.14735000 0.08208195
2.14745000 0.08208158
2.14755000 0.08208120
2.14765000 0.08208082
2.14775000 0.08208044
2.14785000 0.08208006
2.14795000 0.08207968
2.14805000 0.08207929
2.14815000 0.08207890
2.14825000 0.08200851
2.14835000 0.08200813
2.14845000 0.08200775
2.14855000 0.08200736
2.14865000 0.08200698
2.14875000 0.08200659
2.14885000 0.08200619
2.14895000 0.08200580
2.14905000 0.08200540
2.14915000 0.08200500
2.14925000 0.08193469
2.14935000 0.08193430
2.14945000 0.08193391
2.14955000 0.08193351
2.14965000 0.08193312
2.14975000 0.08193272
2.14985000 0.08193231
2.14995000 0.08193191
2.15005000 0.08193150
2.15015000 0.08193109
2.15025000 0.08186087
2.15035000 0.08186047
2.15045000 0.08186006
2.15055000 0.08185966
2.15065000 0.08185925
2.15075000 0.08185884
2.15085000 0.08185843
2.15095000 0.08185801
2.15105000 0.08185759
2.15115000 0.08185717
2.15125000 0.08178703
2.15135000 0.08178662
2.15145000 0.08178621
2.15155000 0.08178579
2.15165000 0.08178537
2.15175000 0.08178495
2.15185000 0.08178453
2.15195000 0.08178410
2.15205000 0.08178367
2.15215000 0.08178324
2.15225000 0.08171318
2.15235000 0.08171276
2.15245000 0.08171234
2.15255000 0.08171191
2.15265000 0.08171148
2.15275000 0.08171105
2.15285000 0.08171062
2.15295000 0.08171018
2.15305000 0.08170974
2.15315000 0.08170930
2.15325000 0.08163933
2.15335000 0.08163890
2.15345000 0.08163846
2.15355000 0.08163803
2.15365000 0.08163759
2.15375000 0.08163715
2.15385000 0.08163670
2.15395000 0.08163626
2.15405000 0.08163581
2.15415000 0.08163535
2.15425000 0.08156546
2.15435000 0.08156502
2.15445000 0.08156458
2.15455000 0.08156413
2.15465000 0.08156368
2.15475000 0.08156323
2.15485000 0.08156278
2.15495000 0.08156232
2.15505000 0.08156186
2.15515000 0.08156140
2.15525000 0.08149159
2.15535000 0.08149114
2.15545000 0.08149068
2.15555000 0.08149023
2.15565000 0.08148977
2.15575000 0.08148930
2.15585000 0.08148884
2.15595000 0.08148837
2.15605000 0.08148790
2.15615000 0.08148743
2.15625000 0.08141770
2.15635000 0.08141724
2.15645000 0.08141678
2.15655000 0.08141631
2.15665000 0.08141584
2.15675000 0.08141537
2.15685000 0.08141489
2.15695000 0.08141442
2.15705000 0.08141393
2.15715000 0.08141345
2.15725000 0.08134381
2.15735000 0.08134334
2.15745000 0.08134286
2.15755000 0.08134238
2.15765000 0.08134190
2.15775000 0.08134142
2.15785000 0.08134094
2.15795000 0.08134045
2.15805000 0.08133996
2.15815000 0.08133947
2.15825000 0.08126991
2.15835000 0.08126942
2.15845000 0.08126894
2.15855000 0.08126845
2.15865000 0.08126796
2.15875000 0.08126747
2.15885000 0.08126697
2.15895000 0.08126647
2.15905000 0.08126597
2.15915000 0.08126547
2.15925000 0.08119599
2.15935000 0.08119550
2.15945000 0.08119500
2.15955000 0.08119451
2.15965000 0.08119401
2.15975000 0.08119350
2.15985000 0.08119300
2.15995000 0.08119249
2.16005000 0.08119198
2.16015000 0.08119146
2.16025000 0.08112207
2.16035000 0.08112157
2.16045000 0.08112106
2.16055000 0.08112055
2.16065000 0.08112004
2.16075000 0.08111953
2.16085000 0.08111901
2.16095000 0.08111849
2.16105000 0.08111797
2.16115000 0.08104865
2.16125000 0.08104814
2.16135000 0.08104762
2.16145000 0.08104711
2.16155000 0.08104659
2.16165000 0.08104607
2.16175000 0.08104554
2.16185000 0.08104502
2.16195000 0.08104449
2.16205000 0.08104396
2.16215000 0.08097471
2.16225000 0.08097419
2.16235000 0.08097367
2.16245000 0.08097314
2.16255000 0.08097261
2.16265000 0.08097208
2.16275000 0.08097155
2.16285000 0.08097101
2.16295000 0.08097047
2.16305000 0.08096993
2.16315000 0.08090077
2.16325000 0.08090024
2.16335000 0.08089971
2.16345000 0.08089917
2.16355000 0.08089863
2.16365000 0.08089809
2.16375000 0.08089754
2.16385000 0.08089700
2.16395000 0.08089645
2.16405000 0.08089590
2.16415000 0.08082682
2.16425000 0.08082628
2.16435000 0.08082573
2.16445000 0.08082519
2.16455000 0.08082464
2.16465000 0.08082409
2.16475000 0.08082353
2.16485000 0.08082297
2.16495000 0.08082241
2.16505000 0.08082185
2.16515000 0.08075286
2.16525000 0.08075231
2.16535000 0.08075175
2.16545000 0.08075119
2.16555000 0.08075063
2.16565000 0.08075007
2.16575000 0.08074951
2.16585000 0.08074894
2.16595000 0.08074837
2.16605000 0.08074780
2.16615000 0.08067889
2.16625000 0.08067832
2.16635000 0.08067776
2.16645000 0.08067719
2.16655000 0.08067662
2.16665000 0.08067605
2.16675000 0.08067547
2.16685000 0.08067490
2.16695000 0.08067432
2.16705000 0.08067373
2.16715000 0.08060491
2.16725000 0.08060433
2.16735000 0.08060376
2.16745000 0.08060318
2.16755000 0.08060260
2.16765000 0.08060202
2.16775000 0.08060143
2.16785000 0.08060084
2.16795000 0.08060025
2.16805000 0.08059966
2.16815000 0.08053091
2.16825000 0.08053033
2.16835000 0.08052975
2.16845000 0.08052916
2.16855000 0.08052857
2.16865000 0.08052797
2.16875000 0.08052738
2.16885000 0.08052678
2.16895000 0.08052618
2.16905000 0.08052558
2.16915000 0.08045691
2.16925000 0.08045632
2.16935000 0.08045572
2.16945000 0.08045513
2.16955000 0.08045453
2.16965000 0.08045392
2.16975000 0.08045332
2.16985000 0.08045271
2.16995000 0.08045210
2.17005000 0.08045148
2.17015000 0.08038290
2.17025000 0.08038230
2.17035000 0.08038169
2.17045000 0.08038108
2.17055000 0.08038047
2.17065000 0.08037986
2.17075000 0.08037924
2.17085000 0.08037862
2.17095000 0.08037800
2.17105000 0.08037738
2.17115000 0.08030888
2.17125000 0.08030827
2.17135000 0.08030765
2.17145000 0.08030703
2.17155000 0.08030641
2.17165000 0.08030579
2.17175000 0.08030516
2.17185000 0.08030453
2.17195000 0.08030390
2.17205000 0.08030326
2.17215000 0.08023485
2.17225000 0.08023423
2.17235000 0.08023360
2.17245000 0.08023297
2.17255000 0.08023234
2.17265000 0.08023171
2.17275000 0.08023107
2.17285000 0.08023043
2.17295000 0.08022979
2.17305000 0.08016144
2.17315000 0.08016081
2.17325000 0.08016018
2.17335000 0.08015954
2.17345000 0.08015890
2.17355000 0.08015826
2.17365000 0.08015761
2.17375000 0.08015697
2.17385000 0.08015632
2.17395000 0.08015566
2.17405000 0.08008740
2.17415000 0.08008676
2.17425000 0.08008612
2.17435000 0.08008547
2.17445000 0.08008482
2.17455000 0.08008417
2.17465000 0.08008351
2.17475000 0.08008285
2.17485000 0.08008219
2.17495000 0.08008153
2.17505000 0.08001335
2.17515000 0.08001270
2.17525000 0.08001205
2.17535000 0.08001139
2.17545000 0.08001073
2.17555000 0.08001007
2.17565000 0.08000940
2.17575000 0.08000873
2.17585000 0.08000806
2.17595000 0.08000739
2.17605000 0.07993929
2.17615000 0.07993863
2.17625000 0.07993797
2.17635000 0.07993730
2.17645000 0.07993663
2.17655000 0.07993595
2.17665000 0.07993528
2.17675000 0.07993460
2.17685000 0.07993392
2.17695000 0.07993324
2.17705000 0.07986522
2.17715000 0.07986455
2.17725000 0.07986388
2.17735000 0.07986320
2.17745000 0.07986252
2.17755000 0.07986183
2.17765000 0.07986115
2.17775000 0.07986046
2.17785000 0.07985977
2.17795000 0.07985907
2.17805000 0.07979114
2.17815000 0.07979046
2.17825000 0.07978977
2.17835000 0.07978909
2.17845000 0.07978840
2.17855000 0.07978770
2.17865000 0.07978701
2.17875000 0.07978631
2.17885000 0.07978561
2.17895000 0.07978490
2.17905000 0.07971705
2.17915000 0.07971636
2.17925000 0.07971566
2.17935000 0.07971497
2.17945000 0.07971427
2.17955000 0.07971356
2.17965000 0.07971285
2.17975000 0.07971215
2.17985000 0.07971143
2.17995000 0.07964366
2.18005000 0.07964295
2.18015000 0.07964225
2.18025000 0.07964154
2.18035000 0.07964084
2.18045000 0.07964012
2.18055000 0.07963941
2.18065000 0.07963869
2.18075000 0.07963797
2.18085000 0.07963725
2.18095000 0.07956956
2.18105000 0.07956885
2.18115000 0.07956813
2.18125000 0.07956741
2.18135000 0.07956670
2.18145000 0.07956597
2.18155000 0.07956525
2.18165000 0.07956452
2.18175000 0.07956379
2.18185000 0.07956306
2.18195000 0.07949545
2.18205000 0.07949473
2.18215000 0.07949400
2.18225000 0.07949327
2.18235000 0.07949255
2.18245000 0.07949181
2.18255000 0.07949108
2.18265000 0.07949034
2.18275000 0.07948960
2.18285000 0.07948886
2.18295000 0.07942133
2.18305000 0.07942060
2.18315000 0.07941986
2.18325000 0.07941912
2.18335000 0.07941838
2.18345000 0.07941764
2.18355000 0.07941690
2.18365000 0.07941615
2.18375000 0.07941540
2.18385000 0.07941465
2.18395000 0.07934720
2.18405000 0.07934646
2.18415000 0.07934571
2.18425000 0.07934496
2.18435000 0.07934421
2.18445000 0.07934346
2.18455000 0.07934271
2.18465000 0.07934195
2.18475000 0.07934119
2.18485000 0.07934043
2.18495000 0.07927306
2.18505000 0.07927231
2.18515000 0.07927155
2.18525000 0.07927079
2.18535000 0.07927003
2.18545000 0.07926927
2.18555000 0.07926851
2.18565000 0.07926774
2.18575000 0.07926697
2.18585000 0.07919967
2.18595000 0.07919891
2.18605000 0.07919815
2.18615000 0.07919738
2.18625000 0.07919661
2.18635000 0.07919584
2.18645000 0.07919507
2.18655000 0.07919430
2.18665000 0.07919352
2.18675000 0.07919274
2.18685000 0.07912552
2.18695000 0.07912475
2.18705000 0.07912398
2.18715000 0.07912320
2.18725000 0.07912242
2.18735000 0.07912164
2.18745000 0.07912086
2.18755000 0.07912007
2.18765000 0.07911929
2.18775000 0.07911849
2.18785000 0.07905136
2.18795000 0.07905058
2.18805000 0.07904980
2.18815000 0.07904901
2.18825000 0.07904822
2.18835000 0.07904743
2.18845000 0.07904664
2.18855000 0.07904584
2.18865000 0.07904504
2.18875000 0.07904424
2.18885000 0.07897719
2.18895000 0.07897640
2.18905000 0.07897561
2.18915000 0.07897481
2.18925000 0.07897401
2.18935000 0.07897321
2.18945000 0.07897241
2.18955000 0.07897160
2.18965000 0.07897079
2.18975000 0.07896998
2.18985000 0.07890302
2.18995000 0.07890221
2.19005000 0.07890141
2.19015000 0.07890060
2.19025000 0.07889979
2.19035000 0.07889898
2.19045000 0.07889817
2.19055000 0.07889735
2.19065000 0.07889653
2.19075000 0.07889571
2.19085000 0.07882883
2.19095000 0.07882801
2.19105000 0.07882720
2.19115000 0.07882638
2.19125000 0.07882556
2.19135000 0.07882474
2.19145000 0.07882392
2.19155000 0.07882309
2.19165000 0.07882226
2.19175000 0.07875545
2.19185000 0.07875463
2.19195000 0.07875381
2.19205000 0.07875298
2.19215000 0.07875215
2.19225000 0.07875132
2.19235000 0.07875049
2.19245000 0.07874966
2.19255000 0.07874882
2.19265000 0.07874798
2.19275000 0.07868125
2.19285000 0.07868042
2.19295000 0.07867959
2.19305000 0.07867875
2.19315000 0.07867791
2.19325000 0.07867707
2.19335000 0.07867623
2.19345000 0.07867539
2.19355000 0.07867454
2.19365000 0.07867369
2.19375000 0.07860704
2.19385000 0.07860620
2.19395000 0.07860536
2.19405000 0.07860451
2.19415000 0.07860366
2.19425000 0.07860281
2.19435000 0.07860196
2.19445000 0.07860111
2.19455000 0.07860025
2.19465000 0.07859939
2.19475000 0.07853282
2.19485000 0.07853197
2.19495000 0.07853112
2.19505000 0.07853026
2.19515000 0.07852940
2.19525000 0.07852854
2.19535000 0.07852768
2.19545000 0.07852681
2.19555000 0.07852595
2.19565000 0.07852508
2.19575000 0.07845859
2.19585000 0.07845773
2.19595000 0.07845687
2.19605000 0.07845600
2.19615000 0.07845513
2.19625000 0.07845426
2.19635000 0.07845339
2.19645000 0.07845251
2.19655000 0.07845164
2.19665000 0.07838522
2.19675000 0.07838435
2.19685000 0.07838348
2.19695000 0.07838261
2.19705000 0.07838173
2.19715000 0.07838085
2.19725000 0.07837997
2.19735000 0.07837909
2.19745000 0.07837820
2.19755000 0.07837731
2.19765000 0.07831098
2.19775000 0.07831010
2.19785000 0.07830922
2.19795000 0.07830834
2.19805000 0.07830745
2.19815000 0.07830656
2.19825000 0.07830567
2.19835000 0.07830478
2.19845000 0.07830388
2.19855000 0.07830298
2.19865000 0.07823673
2.19875000 0.07823584
2.19885000 0.07823495
2.19895000 0.07823406
2.19905000 0.07823316
2.19915000 0.07823226
2.19925000 0.07823136
2.19935000 0.07823046
2.19945000 0.07822955
2.19955000 0.07822864
2.19965000 0.07816247
2.19975000 0.07816157
2.19985000 0.07816067
2.19995000 0.07815977
2.20005000 0.07815886
2.20015000 0.07815795
2.20025000 0.07815704
2.20035000 0.07815613
2.20045000 0.07815521
2.20055000 0.07808911
2.20065000 0.07808820
2.20075000 0.07808729
2.20085000 0.07808638
2.20095000 0.07808547
2.20105000 0.07808455
2.20115000 0.07808363
2.20125000 0.07808271
2.20135000 0.07808178
2.20145000 0.07808086
2.20155000 0.07801484
2.20165000 0.07801392
2.20175000 0.07801300
2.20185000 0.07801208
2.20195000 0.07801116
2.20205000 0.07801023
2.20215000 0.07800930
2.20225000 0.07800837
2.20235000 0.07800743
2.20245000 0.07800650
2.20255000 0.07794056
2.20265000 0.07793963
2.20275000 0.07793870
2.20285000 0.07793777
2.20295000 0.07793684
2.20305000 0.07793590
2.20315000 0.07793496
2.20325000 0.07793402
2.20335000 0.07793307
2.20345000 0.07793212
2.20355000 0.07786627
2.20365000 0.07786533
2.20375000 0.07786439
2.20385000 0.07786345
2.20395000 0.07786251
2.20405000 0.07786156
2.20415000 0.07786061
2.20425000 0.07785966
2.20435000 0.07785870
2.20445000 0.07779292
2.20455000 0.07779197
2.20465000 0.07779102
2.20475000 0.07779007
2.20485000 0.07778912
2.20495000 0.07778817
2.20505000 0.07778721
2.20515000 0.07778625
2.20525000 0.07778528
2.20535000 0.07778432
2.20545000 0.07771862
2.20555000 0.07771766
2.20565000 0.07771670
2.20575000 0.07771574
2.20585000 0.07771478
2.20595000 0.07771381
2.20605000 0.07771285
2.20615000 0.07771188
2.20625000 0.07771090
2.20635000 0.07770993
2.20645000 0.07764431
2.20655000 0.07764334
2.20665000 0.07764237
2.20675000 0.07764140
2.20685000 0.07764043
2.20695000 0.07763945
2.20705000 0.07763848
2.20715000 0.07763749
2.20725000 0.07763651
2.20735000 0.07763552
2.20745000 0.07756999
2.20755000 0.07756901
2.20765000 0.07756803
2.20775000 0.07756705
2.20785000 0.07756607
2.20795000 0.07756508
2.20805000 0.07756409
2.20815000 0.07756310
2.20825000 0.07756211
2.20835000 0.07749664
2.20845000 0.07749566
2.20855000 0.07749467
2.20865000 0.07749368
2.20875000 0.07749269
2.20885000 0.07749170
2.20895000 0.07749070
2.20905000 0.07748970
2.20915000 0.07748870
2.20925000 0.07748770
2.20935000 0.07742231
2.20945000 0.07742132
2.20955000 0.07742032
2.20965000 0.07741932
2.20975000 0.07741832
2.20985000 0.07741732
2.20995000 0.07741631
2.21005000 0.07741530
2.21015000 0.07741429
2.21025000 0.07741327
2.21035000 0.07734797
2.21045000 0.07734697
2.21055000 0.07734596
2.21065000 0.07734495
2.21075000 0.07734394
2.21085000 0.07734292
2.21095000 0.07734191
2.21105000 0.07734089
2.21115000 0.07733987
2.21125000 0.07727463
2.21135000 0.07727362
2.21145000 0.07727261
2.21155000 0.07727159
2.21165000 0.07727057
2.21175000 0.07726955
2.21185000 0.07726852
2.21195000 0.07726750
2.21205000 0.07726647
2.21215000 0.07726543
2.21225000 0.07720028
2.21235000 0.07719926
2.21245000 0.07719823
2.21255000 0.07719721
2.21265000 0.07719618
2.21275000 0.07719515
2.21285000 0.07719411
2.21295000 0.07719307
2.21305000 0.07719203
2.21315000 0.07719099
2.21325000 0.07712592
2.21335000 0.07712489
2.21345000 0.07712385
2.21355000 0.07712282
2.21365000 0.07712178
2.21375000 0.07712073
2.21385000 0.07711969
2.21395000 0.07711864
2.21405000 0.07711759
2.21415000 0.07711654
2.21425000 0.07705155
2.21435000 0.07705051
2.21445000 0.07704946
2.21455000 0.07704841
2.21465000 0.07704736
2.21475000 0.07704631
2.21485000 0.07704526
2.21495000 0.07704420
2.21505000 0.07704314
2.21515000 0.07697822
2.21525000 0.07697717
2.21535000 0.07697612
2.21545000 0.07697506
2.21555000 0.07697400
2.21565000 0.07697294
2.21575000 0.07697188
2.21585000 0.07697081
2.21595000 0.07696975
2.21605000 0.07696868
2.21615000 0.07690384
2.21625000 0.07690278
2.21635000 0.07690171
2.21645000 0.07690065
2.21655000 0.07689958
2.21665000 0.07689851
2.21675000 0.07689744
2.21685000 0.07689636
2.21695000 0.07689528
2.21705000 0.07689420
2.21715000 0.07682945
2.21725000 0.07682838
2.21735000 0.07682730
2.21745000 0.07682623
2.21755000 0.07682515
2.21765000 0.07682407
2.21775000 0.07682298
2.21785000 0.07682190
2.21795000 0.07682081
2.21805000 0.07675612
2.21815000 0.07675504
2.21825000 0.07675396
2.21835000 0.07675288
2.21845000 0.07675179
2.21855000 0.07675071
2.21865000 0.07674962
2.21875000 0.07674852
2.21885000 0.07674743
2.21895000 0.07674633
2.21905000 0.07668172
2.21915000 0.07668063
2.21925000 0.07667954
2.21935000 0.07667845
2.21945000 0.07667735
2.21955000 0.07667625
2.21965000 0.07667515
2.21975000 0.07667405
2.21985000 0.07667294
2.21995000 0.07667183
2.22005000 0.07660731
2.22015000 0.07660621
2.22025000 0.07660511
2.22035000 0.07660401
2.22045000 0.07660290
2.22055000 0.07660179
2.22065000 0.07660068
2.22075000 0.07659957
2.22085000 0.07659845
2.22095000 0.07653399
2.22105000 0.07653289
2.22115000 0.07653178
2.22125000 0.07653067
2.22135000 0.07652955
2.22145000 0.07652844
2.22155000 0.07652732
2.22165000 0.07652620
2.22175000 0.07652507
2.22185000 0.07652395
2.22195000 0.07645957
2.22205000 0.07645846
2.22215000 0.07645734
2.22225000 0.07645621
2.22235000 0.07645509
2.22245000 0.07645396
2.22255000 0.07645283
2.22265000 0.07645170
2.22275000 0.07645057
2.22285000 0.07644943
2.22295000 0.07638514
2.22305000 0.07638401
2.22315000 0.07638288
2.22325000 0.07638175
2.22335000 0.07638062
2.22345000 0.07637948
2.22355000 0.07637834
2.22365000 0.07637720
2.22375000 0.07637605
2.22385000 0.07631183
2.22395000 0.07631070
2.22405000 0.07630956
2.22415000 0.07630842
2.22425000 0.07630728
2.22435000 0.07630613
2.22445000 0.07630499
2.22455000 0.07630384
2.22465000 0.07630269
2.22475000 0.07630153
2.22485000 0.07623739
2.22495000 0.07623625
2.22505000 0.07623510
2.22515000 0.07623395
2.22525000 0.07623280
2.22535000 0.07623164
2.22545000 0.07623048
2.22555000 0.07622932
2.22565000 0.07622816
2.22575000 0.07622700
2.22585000 0.07616294
2.22595000 0.07616178
2.22605000 0.07616062
2.22615000 0.07615946
2.22625000 0.07615830
2.22635000 0.07615714
2.22645000 0.07615597
2.22655000 0.07615480
2.22665000 0.07615363
2.22675000 0.07608964
2.22685000 0.07608847
2.22695000 0.07608731
2.22705000 0.07608614
2.22715000 0.07608497
2.22725000 0.07608380
2.22735000 0.07608262
2.22745000 0.07608145
2.22755000 0.07608026
2.22765000 0.07607908
2.22775000 0.07601517
2.22785000 0.07601400
2.22795000 0.07601283
2.22805000 0.07601165
2.22815000 0.07601047
2.22825000 0.07600928
2.22835000 0.07600810
2.22845000 0.07600691
2.22855000 0.07600572
2.22865000 0.07600453
2.22875000 0.07594070
2.22885000 0.07593952
2.22895000 0.07593833
2.22905000 0.07593714
2.22915000 0.07593595
2.22925000 0.07593476
2.22935000 0.07593356
2.22945000 0.07593237
2.22955000 0.07593117
2.22965000 0.07586741
2.22975000 0.07586622
2.22985000 0.07586502
2.22995000 0.07586383
2.23005000 0.07586263
2.23015000 0.07586143
2.23025000 0.07586023
2.23035000 0.07585902
2.23045000 0.07585781
2.23055000 0.07585660
2.23065000 0.07579292
2.23075000 0.07579172
2.23085000 0.07579052
2.23095000 0.07578931
2.23105000 0.07578811
2.23115000 0.07578689
2.23125000 0.07578568
2.23135000 0.07578446
2.23145000 0.07578325
2.23155000 0.07571964
2.23165000 0.07571843
2.23175000 0.07571722
2.23185000 0.07571601
2.23195000 0.07571479
2.23205000 0.07571357
2.23215000 0.07571235
2.23225000 0.07571113
2.23235000 0.07570990
2.23245000 0.07570867
2.23255000 0.07564515
2.23265000 0.07564393
2.23275000 0.07564271
2.23285000 0.07564148
2.23295000 0.07564025
2.23305000 0.07563903
2.23315000 0.07563779
2.23325000 0.07563656
2.23335000 0.07563532
2.23345000 0.07563408
2.23355000 0.07557064
2.23365000 0.07556941
2.23375000 0.07556818
2.23385000 0.07556695
2.23395000 0.07556571
2.23405000 0.07556447
2.23415000 0.07556323
2.23425000 0.07556198
2.23435000 0.07556074
2.23445000 0.07549736
2.23455000 0.07549613
2.23465000 0.07549489
2.23475000 0.07549365
2.23485000 0.07549240
2.23495000 0.07549115
2.23505000 0.07548991
2.23515000 0.07548865
2.23525000 0.07548740
2.23535000 0.07548614
2.23545000 0.07542285
2.23555000 0.07542160
2.23565000 0.07542035
2.23575000 0.07541910
2.23585000 0.07541785
2.23595000 0.07541659
2.23605000 0.07541533
2.23615000 0.07541407
2.23625000 0.07541280
2.23635000 0.07541154
2.23645000 0.07534832
2.23655000 0.07534707
2.23665000 0.07534581
2.23675000 0.07534455
2.23685000 0.07534328
2.23695000 0.07534201
2.23705000 0.07534074
2.23715000 0.07533947
2.23725000 0.07533820
2.23735000 0.07527505
2.23745000 0.07527379
2.23755000 0.07527252
2.23765000 0.07527125
2.23775000 0.07526998
2.23785000 0.07526870
2.23795000 0.07526743
2.23805000 0.07526615
2.23815000 0.07526486
2.23825000 0.07526358
2.23835000 0.07520052
2.23845000 0.07519924
2.23855000 0.07519797
2.23865000 0.07519669
2.23875000 0.07519540
2.23885000 0.07519412
2.23895000 0.07519283
2.23905000 0.07519154
2.23915000 0.07519025
2.23925000 0.07512726
2.23935000 0.07512597
2.23945000 0.07512469
2.23955000 0.07512340
2.23965000 0.07512211
2.23975000 0.07512082
2.23985000 0.07511952
2.23995000 0.07511822
2.24005000 0.07511692
2.24015000 0.07511562
2.24025000 0.07505271
2.24035000 0.07505142
2.24045000 0.07505012
2.24055000 0.07504882
2.24065000 0.07504752
2.24075000 0.07504622
2.24085000 0.07504492
2.24095000 0.07504361
2.24105000 0.07504230
2.24115000 0.07497946
2.24125000 0.07497815
2.24135000 0.07497685
2.24145000 0.07497555
2.24155000 0.07497424
2.24165000 0.07497293
2.24175000 0.07497161
2.24185000 0.07497030
2.24195000 0.07496898
2.24205000 0.07496766
2.24215000 0.07490490
2.24225000 0.07490359
2.24235000 0.07490228
2.24245000 0.07490096
2.24255000 0.07489964
2.24265000 0.07489832
2.24275000 0.07489700
2.24285000 0.07489567
2.24295000 0.07489434
2.24305000 0.07489301
2.24315000 0.07483033
2.24325000 0.07482901
2.24335000 0.07482769
2.24345000 0.07482636
2.24355000 0.07482503
2.24365000 0.07482370
2.24375000 0.07482237
2.24385000 0.07482103
2.24395000 0.07481970
2.24405000 0.07475709
2.24415000 0.07475576
2.24425000 0.07475443
2.24435000 0.07475309
2.24445000 0.07475176
2.24455000 0.07475042
2.24465000 0.07474908
2.24475000 0.07474773
2.24485000 0.07474639
2.24495000 0.07474504
2.24505000 0.07468251
2.24515000 0.07468117
2.24525000 0.07467983
2.24535000 0.07467848
2.24545000 0.07467714
2.24555000 0.07467579
2.24565000 0.07467444
2.24575000 0.07467308
2.24585000 0.07467173
2.24595000 0.07460927
2.24605000 0.07460792
2.24615000 0.07460657
2.24625000 0.07460522
2.24635000 0.07460387
2.24645000 0.07460251
2.24655000 0.07460115
2.24665000 0.07459979
2.24675000 0.07459843
2.24685000 0.07459706
2.24695000 0.07453468
2.24705000 0.07453332
2.24715000 0.07453197
2.24725000 0.07453060
2.24735000 0.07452924
2.24745000 0.07452787
2.24755000 0.07452650
2.24765000 0.07452513
2.24775000 0.07452376
2.24785000 0.07446145
2.24795000 0.07446008
2.24805000 0.07445872
2.24815000 0.07445735
2.24825000 0.07445598
2.24835000 0.07445460
2.24845000 0.07445323
2.24855000 0.07445185
2.24865000 0.07445046
2.24875000 0.07444908
2.24885000 0.07438685
2.24895000 0.07438548
2.24905000 0.07438410
2.24915000 0.07438272
2.24925000 0.07438134
2.24935000 0.07437995
2.24945000 0.07437857
2.24955000 0.07437718
2.24965000 0.07437579
2.24975000 0.07437439
2.24985000 0.07431224
2.24995000 0.07431086
2.25005000 0.07430947
2.25015000 0.07430808
2.25025000 0.07430669
2.25035000 0.07430530
2.25045000 0.07430390
2.25055000 0.07430250
2.25065000 0.07430110
2.25075000 0.07423902
2.25085000 0.07423763
2.25095000 0.07423623
2.25105000 0.07423483
2.25115000 0.07423343
2.25125000 0.07423203
2.25135000 0.07423063
2.25145000 0.07422922
2.25155000 0.07422781
2.25165000 0.07422640
2.25175000 0.07416440
2.25185000 0.07416300
2.25195000 0.07416159
2.25205000 0.07416018
2.25215000 0.07415877
2.25225000 0.07415736
2.25235000 0.07415595
2.25245000 0.07415453
2.25255000 0.07415311
2.25265000 0.07409118
2.25275000 0.07408977
2.25285000 0.07408836
2.25295000 0.07408694
2.25305000 0.07408553
2.25315000 0.07408411
2.25325000 0.07408268
2.25335000 0.07408126
2.25345000 0.07407983
2.25355000 0.07407840
2.25365000 0.07401655
2.25375000 0.07401513
2.25385000 0.07401371
2.25395000 0.07401228
2.25405000 0.07401086
2.25415000 0.07400943
2.25425000 0.07400799
2.25435000 0.07400656
2.25445000 0.07400512
2.25455000 0.07394334
2.25465000 0.07394191
2.25475000 0.07394048
2.25485000 0.07393905
2.25495000 0.07393762
2.25505000 0.07393618
2.25515000 0.07393474
2.25525000 0.07393329
2.25535000 0.07393185
2.25545000 0.07393040
2.25555000 0.07386870
2.25565000 0.07386726
2.25575000 0.07386582
2.25585000 0.07386438
2.25595000 0.07386294
2.25605000 0.07386149
2.25615000 0.07386004
2.25625000 0.07385858
2.25635000 0.07385713
2.25645000 0.07379550
2.25655000 0.07379405
2.25665000 0.07379261
2.25675000 0.07379115
2.25685000 0.07378970
2.25695000 0.07378825
2.25705000 0.07378679
2.25715000 0.07378533
2.25725000 0.07378386
2.25735000 0.07378240
2.25745000 0.07372085
2.25755000 0.07371939
2.25765000 0.07371794
2.25775000 0.07371648
2.25785000 0.07371501
2.25795000 0.07371355
2.25805000 0.07371208
2.25815000 0.07371061
2.25825000 0.07370913
2.25835000 0.07364765
2.25845000 0.07364619
2.25855000 0.07364472
2.25865000 0.07364326
2.25875000 0.07364179
2.25885000 0.07364031
2.25895000 0.07363884
2.25905000 0.07363736
2.25915000 0.07363588
2.25925000 0.07363439
2.25935000 0.07357299
2.25945000 0.07357152
2.25955000 0.07357004
2.25965000 0.07356857
2.25975000 0.07356709
2.25985000 0.07356560
2.25995000 0.07356412
2.26005000 0.07356263
2.26015000 0.07356114
2.26025000 0.07349981
2.26035000 0.07349832
2.26045000 0.07349684
2.26055000 0.07349535
2.26065000 0.07349387
2.26075000 0.07349237
2.26085000 0.07349088
2.26095000 0.07348939
2.26105000 0.07348789
2.26115000 0.07348639
2.26125000 0.07342514
2.26135000 0.07342364
2.26145000 0.07342215
2.26155000 0.07342065
2.26165000 0.07341916
2.26175000 0.07341765
2.26185000 0.07341615
2.26195000 0.07341464
2.26205000 0.07341314
2.26215000 0.07335195
2.26225000 0.07335046
2.26235000 0.07334895
2.26245000 0.07334745
2.26255000 0.07334594
2.26265000 0.07334443
2.26275000 0.07334292
2.26285000 0.07334141
2.26295000 0.07333989
2.26305000 0.07333837
2.26315000 0.07327727
2.26325000 0.07327576
2.26335000 0.07327425
2.26345000 0.07327274
2.26355000 0.07327122
2.26365000 0.07326970
2.26375000 0.07326818
2.26385000 0.07326666
2.26395000 0.07326513
2.26405000 0.07320410
2.26415000 0.07320258
2.26425000 0.07320106
2.26435000 0.07319954
2.26445000 0.07319802
2.26455000 0.07319649
2.26465000 0.07319496
2.26475000 0.07319343
2.26485000 0.07319190
2.26495000 0.07319036
2.26505000 0.07312941
2.26515000 0.07312788
2.26525000 0.07312635
2.26535000 0.07312482
2.26545000 0.07312329
2.26555000 0.07312175
2.26565000 0.07312021
2.26575000 0.07311867
2.26585000 0.07311713
2.26595000 0.07305624
2.26605000 0.07305471
2.26615000 0.07305317
2.26625000 0.07305163
2.26635000 0.07305009
2.26645000 0.07304855
2.26655000 0.07304700
2.26665000 0.07304545
2.26675000 0.07304390
2.26685000 0.07304234
2.26695000 0.07298154
2.26705000 0.07298000
2.26715000 0.07297845
2.26725000 0.07297690
2.26735000 0.07297535
2.26745000 0.07297379
2.26755000 0.07297224
2.26765000 0.07297068
2.26775000 0.07296912
2.26785000 0.07290838
2.26795000 0.07290683
2.26805000 0.07290528
2.26815000 0.07290372
2.26825000 0.07290216
2.26835000 0.07290060
2.26845000 0.07289903
2.26855000 0.07289747
2.26865000 0.07289590
2.26875000 0.07289432
2.26885000 0.07283367
2.26895000 0.07283211
2.26905000 0.07283054
2.26915000 0.07282898
2.26925000 0.07282741
2.26935000 0.07282583
2.26945000 0.07282426
2.26955000 0.07282268
2.26965000 0.07282110
2.26975000 0.07276052
2.26985000 0.07275895
2.26995000 0.07275738
2.27005000 0.07275580
2.27015000 0.07275422
2.27025000 0.07275264
2.27035000 0.07275106
2.27045000 0.07274948
2.27055000 0.07274789
2.27065000 0.07274630
2.27075000 0.07268580
2.27085000 0.07268422
2.27095000 0.07268263
2.27105000 0.07268105
2.27115000 0.07267946
2.27125000 0.07267787
2.27135000 0.07267628
2.27145000 0.07267469
2.27155000 0.07267309
2.27165000 0.07261265
2.27175000 0.07261107
2.27185000 0.07260947
2.27195000 0.07260788
2.27205000 0.07260629
2.27215000 0.07260469
2.27225000 0.07260309
2.27235000 0.07260149
2.27245000 0.07259988
2.27255000 0.07253952
2.27265000 0.07253792
2.27275000 0.07253632
2.27285000 0.07253472
2.27295000 0.07253312
2.27305000 0.07253151
2.27315000 0.07252991
2.27325000 0.07252830
2.27335000 0.07252668
2.27345000 0.07252507
2.27355000 0.07246478
2.27365000 0.07246318
2.27375000 0.07246157
2.27385000 0.07245996
2.27395000 0.07245835
2.27405000 0.07245673
2.27415000 0.07245511
2.27425000 0.07245349
2.27435000 0.07245187
2.27445000 0.07239165
2.27455000 0.07239004
2.27465000 0.07238843
2.27475000 0.07238681
2.27485000 0.07238519
2.27495000 0.07238356
2.27505000 0.07238194
2.27515000 0.07238031
2.27525000 0.07237868
2.27535000 0.07237705
2.27545000 0.07231691
2.27555000 0.07231529
2.27565000 0.07231366
2.27575000 0.07231203
2.27585000 0.07231040
2.27595000 0.07230877
2.27605000 0.07230714
2.27615000 0.07230550
2.27625000 0.07230386
2.27635000 0.07224379
2.27645000 0.07224216
2.27655000 0.07224053
2.27665000 0.07223889
2.27675000 0.07223725
2.27685000 0.07223561
2.27695000 0.07223397
2.27705000 0.07223232
2.27715000 0.07223068
2.27725000 0.07222903
2.27735000 0.07216904
2.27745000 0.07216740
2.27755000 0.07216575
2.27765000 0.07216411
2.27775000 0.07216246
2.27785000 0.07216081
2.27795000 0.07215916
2.27805000 0.07215750
2.27815000 0.07215584
2.27825000 0.07209592
2.27835000 0.07209427
2.27845000 0.07209262
2.27855000 0.07209097
2.27865000 0.07208931
2.27875000 0.07208766
2.27885000 0.07208599
2.27895000 0.07208433
2.27905000 0.07208267
2.27915000 0.07208100
2.27925000 0.07202116
2.27935000 0.07201950
2.27945000 0.07201784
2.27955000 0.07201618
2.27965000 0.07201451
2.27975000 0.07201284
2.27985000 0.07201117
2.27995000 0.07200950
2.28005000 0.07200782
2.28015000 0.07194805
2.28025000 0.07194638
2.28035000 0.07194472
2.28045000 0.07194305
2.28055000 0.07194137
2.28065000 0.07193970
2.28075000 0.07193802
2.28085000 0.07193634
2.28095000 0.07193465
2.28105000 0.07187495
2.28115000 0.07187328
2.28125000 0.07187160
2.28135000 0.07186992
2.28145000 0.07186824
2.28155000 0.07186656
2.28165000 0.07186487
2.28175000 0.07186318
2.28185000 0.07186149
2.28195000 0.07185980
2.28205000 0.07180018
2.28215000 0.07179849
2.28225000 0.07179681
2.28235000 0.07179512
2.28245000 0.07179343
2.28255000 0.07179173
2.28265000 0.07179004
2.28275000 0.07178834
2.28285000 0.07178664
2.28295000 0.07172708
2.28305000 0.07172539
2.28315000 0.07172370
2.28325000 0.07172200
2.28335000 0.07172030
2.28345000 0.07171860
2.28355000 0.07171690
2.28365000 0.07171519
2.28375000 0.07171349
2.28385000 0.07171178
2.28395000 0.07165230
2.28405000 0.07165060
2.28415000 0.07164890
2.28425000 0.07164719
2.28435000 0.07164548
2.28445000 0.07164377
2.28455000 0.07164206
2.28465000 0.07164034
2.28475000 0.07163862
2.28485000 0.07157922
2.28495000 0.07157751
2.28505000 0.07157580
2.28515000 0.07157408
2.28525000 0.07157237
2.28535000 0.07157065
2.28545000 0.07156893
2.28555000 0.07156720
2.28565000 0.07156548
2.28575000 0.07150614
2.28585000 0.07150442
2.28595000 0.07150270
2.28605000 0.07150098
2.28615000 0.07149926
2.28625000 0.07149753
2.28635000 0.07149580
2.28645000 0.07149407
2.28655000 0.07149234
2.28665000 0.07149060
2.28675000 0.07143134
2.28685000 0.07142962
2.28695000 0.07142789
2.28705000 0.07142616
2.28715000 0.07142442
2.28725000 0.07142269
2.28735000 0.07142095
2.28745000 0.07141921
2.28755000 0.07141746
2.28765000 0.07135827
2.28775000 0.07135654
2.28785000 0.07135480
2.28795000 0.07135306
2.28805000 0.07135132
2.28815000 0.07134958
2.28825000 0.07134783
2.28835000 0.07134608
2.28845000 0.07134433
2.28855000 0.07134258
2.28865000 0.07128347
2.28875000 0.07128173
2.28885000 0.07127998
2.28895000 0.07127823
2.28905000 0.07127648
2.28915000 0.07127472
2.28925000 0.07127297
2.28935000 0.07127121
2.28945000 0.07126945
2.28955000 0.07121041
2.28965000 0.07120865
2.28975000 0.07120690
2.28985000 0.07120514
2.28995000 0.07120339
2.29005000 0.07120162
2.29015000 0.07119986
2.29025000 0.07119809
2.29035000 0.07119632
2.29045000 0.07113735
2.29055000 0.07113559
2.29065000 0.07113383
2.29075000 0.07113207
2.29085000 0.07113030
2.29095000 0.07112853
2.29105000 0.07112676
2.29115000 0.07112499
2.29125000 0.07112321
2.29135000 0.07112143
2.29145000 0.07106254
2.29155000 0.07106077
2.29165000 0.07105900
2.29175000 0.07105722
2.29185000 0.07105544
2.29195000 0.07105367
2.29205000 0.07105188
2.29215000 0.07105010
2.29225000 0.07104831
2.29235000 0.07098949
2.29245000 0.07098771
2.29255000 0.07098593
2.29265000 0.07098415
2.29275000 0.07098237
2.29285000 0.07098058
2.29295000 0.07097879
2.29305000 0.07097700
2.29315000 0.07097521
2.29325000 0.07091645
2.29335000 0.07091466
2.29345000 0.07091288
2.29355000 0.07091109
2.29365000 0.07090930
2.29375000 0.07090750
2.29385000 0.07090571
2.29395000 0.07090391
2.29405000 0.07090210
2.29415000 0.07090030
2.29425000 0.07084162
2.29435000 0.07083983
2.29445000 0.07083803
2.29455000 0.07083623
2.29465000 0.07083443
2.29475000 0.07083263
2.29485000 0.07083082
2.29495000 0.07082901
2.29505000 0.07082720
2.29515000 0.07076859
2.29525000 0.07076679
2.29535000 0.07076498
2.29545000 0.07076318
2.29555000 0.07076137
2.29565000 0.07075956
2.29575000 0.07075774
2.29585000 0.07075593
2.29595000 0.07075411
2.29605000 0.07069557
2.29615000 0.07069376
2.29625000 0.07069194
2.29635000 0.07069013
2.29645000 0.07068831
2.29655000 0.07068649
2.29665000 0.07068467
2.29675000 0.07068285
2.29685000 0.07068102
2.29695000 0.07067919
2.29705000 0.07062073
2.29715000 0.07061891
2.29725000 0.07061709
2.29735000 0.07061526
2.29745000 0.07061344
2.29755000 0.07061161
2.29765000 0.07060978
2.29775000 0.07060794
2.29785000 0.07060611
2.29795000 0.07054771
2.29805000 0.07054589
2.29815000 0.07054406
2.29825000 0.07054222
2.29835000 0.07054039
2.29845000 0.07053855
2.29855000 0.07053671
2.29865000 0.07053487
2.29875000 0.07053303
2.29885000 0.07053118
2.29895000 0.07047287
2.29905000 0.07047103
2.29915000 0.07046919
2.29925000 0.07046735
2.29935000 0.07046550
2.29945000 0.07046366
2.29955000 0.07046181
2.29965000 0.07045996
2.29975000 0.07045810
2.29985000 0.07039986
2.29995000 0.07039801
2.30005000 0.07039617
2.30015000 0.07039432
2.30025000 0.07039246
2.30035000 0.07039061
2.30045000 0.07038875
2.30055000 0.07038689
2.30065000 0.07038503
2.30075000 0.07032685
2.30085000 0.07032500
2.30095000 0.07032315
2.30105000 0.07032129
2.30115000 0.07031943
2.30125000 0.07031757
2.30135000 0.07031570
2.30145000 0.07031384
2.30155000 0.07031197
2.30165000 0.07031010
2.30175000 0.07025200
2.30185000 0.07025014
2.30195000 0.07024827
2.30205000 0.07024641
2.30215000 0.07024454
2.30225000 0.07024266
2.30235000 0.07024079
2.30245000 0.07023891
2.30255000 0.07023703
2.30265000 0.07017900
2.30275000 0.07017713
2.30285000 0.07017526
2.30295000 0.07017339
2.30305000 0.07017151
2.30315000 0.07016963
2.30325000 0.07016775
2.30335000 0.07016586
2.30345000 0.07016398
2.30355000 0.07010602
2.30365000 0.07010414
2.30375000 0.07010226
2.30385000 0.07010038
2.30395000 0.07009849
2.30405000 0.07009661
2.30415000 0.07009472
2.30425000 0.07009282
2.30435000 0.07009093
2.30445000 0.07008903
2.30455000 0.07003115
2.30465000 0.07002926
2.30475000 0.07002737
2.30485000 0.07002548
2.30495000 0.07002359
2.30505000 0.07002169
2.30515000 0.07001979
2.30525000 0.07001789
2.30535000 0.07001599
2.30545000 0.06995817
2.30555000 0.06995628
2.30565000 0.06995438
2.30575000 0.06995248
2.30585000 0.06995058
2.30595000 0.06994867
2.30605000 0.06994677
2.30615000 0.06994486
2.30625000 0.06994294
2.30635000 0.06988520
2.30645000 0.06988330
2.30655000 0.06988139
2.30665000 0.06987948
2.30675000 0.06987757
2.30685000 0.06987566
2.30695000 0.06987375
2.30705000 0.06987183
2.30715000 0.06986991
2.30725000 0.06981223
2.30735000 0.06981032
2.30745000 0.06980841
2.30755000 0.06980650
2.30765000 0.06980458
2.30775000 0.06980266
2.30785000 0.06980074
2.30795000 0.06979881
2.30805000 0.06979689
2.30815000 0.06979496
2.30825000 0.06973736
2.30835000 0.06973544
2.30845000 0.06973352
2.30855000 0.06973159
2.30865000 0.06972966
2.30875000 0.06972773
2.30885000 0.06972580
2.30895000 0.06972387
2.30905000 0.06972193
2.30915000 0.06966440
2.30925000 0.06966247
2.30935000 0.06966054
2.30945000 0.06965861
2.30955000 0.06965668
2.30965000 0.06965474
2.30975000 0.06965280
2.30985000 0.06965086
2.30995000 0.06964891
2.31005000 0.06959145
2.31015000 0.06958952
2.31025000 0.06958758
2.31035000 0.06958564
2.31045000 0.06958370
2.31055000 0.06958175
2.31065000 0.06957981
2.31075000 0.06957786
2.31085000 0.06957590
2.31095000 0.06957395
2.31105000 0.06951657
2.31115000 0.06951462
2.31125000 0.06951267
2.31135000 0.06951072
2.31145000 0.06950877
2.31155000 0.06950682
2.31165000 0.06950486
2.31175000 0.06950290
2.31185000 0.06950094
2.31195000 0.06944362
2.31205000 0.06944167
2.31215000 0.06943972
2.31225000 0.06943776
2.31235000 0.06943580
2.31245000 0.06943384
2.31255000 0.06943187
2.31265000 0.06942991
2.31275000 0.06942794
2.31285000 0.06937069
2.31295000 0.06936873
2.31305000 0.06936677
2.31315000 0.06936480
2.31325000 0.06936283
2.31335000 0.06936087
2.31345000 0.06935889
2.31355000 0.06935692
2.31365000 0.06935494
2.31375000 0.06935296
2.31385000 0.06929579
2.31395000 0.06929382
2.31405000 0.06929185
2.31415000 0.06928988
2.31425000 0.06928790
2.31435000 0.06928592
2.31445000 0.06928394
2.31455000 0.06928195
2.31465000 0.06927997
2.31475000 0.06922287
2.31485000 0.06922089
2.31495000 0.06921891
2.31505000 0.06921693
2.31515000 0.06921494
2.31525000 0.06921296
2.31535000 0.06921097
2.31545000 0.06920898
2.31555000 0.06920698
2.31565000 0.06914995
2.31575000 0.06914796
2.31585000 0.06914598
2.31595000 0.06914399
2.31605000 0.06914199
2.31615000 0.06914000
2.31625000 0.06913800
2.31635000 0.06913600
2.31645000 0.06913400
2.31655000 0.06907704
2.31665000 0.06907504
2.31675000 0.06907305
2.31685000 0.06907105
2.31695000 0.06906905
2.31705000 0.06906705
2.31715000 0.06906505
2.31725000 0.06906304
2.31735000 0.06906103
2.31745000 0.06905902
2.31755000 0.06900213
2.31765000 0.06900013
2.31775000 0.06899812
2.31785000 0.06899612
2.31795000 0.06899411
2.31805000 0.06899210
2.31815000 0.06899008
2.31825000 0.06898806
2.31835000 0.06898605
2.31845000 0.06892923
2.31855000 0.06892722
2.31865000 0.06892521
2.31875000 0.06892319
2.31885000 0.06892117
2.31895000 0.06891915
2.31905000 0.06891713
2.31915000 0.06891511
2.31925000 0.06891308
2.31935000 0.06885633
2.31945000 0.06885431
2.31955000 0.06885229
2.31965000 0.06885027
2.31975000 0.06884825
2.31985000 0.06884622
2.31995000 0.06884419
2.32005000 0.06884216
2.32015000 0.06884012
2.32025000 0.06878344
2.32035000 0.06878142
2.32045000 0.06877939
2.32055000 0.06877736
2.32065000 0.06877533
2.32075000 0.06877329
2.32085000 0.06877126
2.32095000 0.06876922
2.32105000 0.06876718
2.32115000 0.06876513
2.32125000 0.06870853
2.32135000 0.06870649
2.32145000 0.06870446
2.32155000 0.06870242
2.32165000 0.06870037
2.32175000 0.06869833
2.32185000 0.06869628
2.32195000 0.06869423
2.32205000 0.06869218
2.32215000 0.06863565
2.32225000 0.06863360
2.32235000 0.06863156
2.32245000 0.06862951
2.32255000 0.06862746
2.32265000 0.06862541
2.32275000 0.06862336
2.32285000 0.06862130
2.32295000 0.06861924
2.32305000 0.06856277
2.32315000 0.06856072
2.32325000 0.06855867
2.32335000 0.06855662
2.32345000 0.06855456
2.32355000 0.06855250
2.32365000 0.06855044
2.32375000 0.06854837
2.32385000 0.06854631
2.32395000 0.06848991
2.32405000 0.06848785
2.32415000 0.06848579
2.32425000 0.06848373
2.32435000 0.06848166
2.32445000 0.06847960
2.32455000 0.06847753
2.32465000 0.06847546
2.32475000 0.06847338
2.32485000 0.06847131
2.32495000 0.06841498
2.32505000 0.06841292
2.32515000 0.06841085
2.32525000 0.06840878
2.32535000 0.06840670
2.32545000 0.06840462
2.32555000 0.06840255
2.32565000 0.06840046
2.32575000 0.06839838
2.32585000 0.06834213
2.32595000 0.06834005
2.32605000 0.06833797
2.32615000 0.06833589
2.32625000 0.06833381
2.32635000 0.06833173
2.32645000 0.06832964
2.32655000 0.06832755
2.32665000 0.06832546
2.32675000 0.06826927
2.32685000 0.06826719
2.32695000 0.06826511
2.32705000 0.06826302
2.32715000 0.06826093
2.32725000 0.06825884
2.32735000 0.06825675
2.32745000 0.06825465
2.32755000 0.06825255
2.32765000 0.06819643
2.32775000 0.06819434
2.32785000 0.06819225
2.32795000 0.06819016
2.32805000 0.06818806
2.32815000 0.06818596
2.32825000 0.06818386
2.32835000 0.06818176
2.32845000 0.06817965
2.32855000 0.06817754
2.32865000 0.06812150
2.32875000 0.06811940
2.32885000 0.06811730
2.32895000 0.06811519
2.32905000 0.06811309
2.32915000 0.06811098
2.32925000 0.06810887
2.32935000 0.06810675
2.32945000 0.06810464
2.32955000 0.06804866
2.32965000 0.06804656
2.32975000 0.06804445
2.32985000 0.06804234
2.32995000 0.06804022
2.33005000 0.06803811
2.33015000 0.06803599
2.33025000 0.06803387
2.33035000 0.06803174
2.33045000 0.06797584
2.33055000 0.06797372
2.33065000 0.06797161
2.33075000 0.06796949
2.33085000 0.06796737
2.33095000 0.06796524
2.33105000 0.06796312
2.33115000 0.06796099
2.33125000 0.06795886
2.33135000 0.06790302
2.33145000 0.06790090
2.33155000 0.06789877
2.33165000 0.06789664
2.33175000 0.06789452
2.33185000 0.06789238
2.33195000 0.06789025
2.33205000 0.06788811
2.33215000 0.06788598
2.33225000 0.06783021
2.33235000 0.06782808
2.33245000 0.06782594
2.33255000 0.06782381
2.33265000 0.06782167
2.33275000 0.06781954
2.33285000 0.06781739
2.33295000 0.06781525
2.33305000 0.06781310
2.33315000 0.06781096
2.33325000 0.06775526
2.33335000 0.06775312
2.33345000 0.06775098
2.33355000 0.06774884
2.33365000 0.06774669
2.33375000 0.06774454
2.33385000 0.06774239
2.33395000 0.06774024
2.33405000 0.06773809
2.33415000 0.06768246
2.33425000 0.06768031
2.33435000 0.06767816
2.33445000 0.06767601
2.33455000 0.06767386
2.33465000 0.06767170
2.33475000 0.06766955
2.33485000 0.06766738
2.33495000 0.06766522
2.33505000 0.06760966
2.33515000 0.06760751
2.33525000 0.06760535
2.33535000 0.06760319
2.33545000 0.06760103
2.33555000 0.06759887
2.33565000 0.06759670
2.33575000 0.06759454
2.33585000 0.06759237
2.33595000 0.06753687
2.33605000 0.06753471
2.33615000 0.06753255
2.33625000 0.06753038
2.33635000 0.06752821
2.33645000 0.06752604
2.33655000 0.06752387
2.33665000 0.06752170
2.33675000 0.06751952
2.33685000 0.06746409
2.33695000 0.06746192
2.33705000 0.06745975
2.33715000 0.06745758
2.33725000 0.06745540
2.33735000 0.06745323
2.33745000 0.06745104
2.33755000 0.06744886
2.33765000 0.06744668
2.33775000 0.06744449
2.33785000 0.06738914
2.33795000 0.06738697
2.33805000 0.06738478
2.33815000 0.06738260
2.33825000 0.06738042
2.33835000 0.06737823
2.33845000 0.06737604
2.33855000 0.06737384
2.33865000 0.06737165
2.33875000 0.06731637
2.33885000 0.06731418
2.33895000 0.06731200
2.33905000 0.06730981
2.33915000 0.06730761
2.33925000 0.06730542
2.33935000 0.06730322
2.33945000 0.06730102
2.33955000 0.06729882
2.33965000 0.06724361
2.33975000 0.06724141
2.33985000 0.06723922
2.33995000 0.06723702
2.34005000 0.06723482
2.34015000 0.06723261
2.34025000 0.06723041
2.34035000 0.06722820
2.34045000 0.06722599
2.34055000 0.06717085
2.34065000 0.06716865
2.34075000 0.06716644
2.34085000 0.06716424
2.34095000 0.06716203
2.34105000 0.06715982
2.34115000 0.06715761
2.34125000 0.06715539
2.34135000 0.06715317
2.34145000 0.06709810
2.34155000 0.06709589
2.34165000 0.06709368
2.34175000 0.06709147
2.34185000 0.06708925
2.34195000 0.06708703
2.34205000 0.06708481
2.34215000 0.06708259
2.34225000 0.06708037
2.34235000 0.06702536
2.34245000 0.06702314
2.34255000 0.06702092
2.34265000 0.06701870
2.34275000 0.06701648
2.34285000 0.06701425
2.34295000 0.06701203
2.34305000 0.06700980
2.34315000 0.06700756
2.34325000 0.06700533
2.34335000 0.06695040
2.34345000 0.06694817
2.34355000 0.06694595
2.34365000 0.06694371
2.34375000 0.06694148
2.34385000 0.06693925
2.34395000 0.06693701
2.34405000 0.06693477
2.34415000 0.06693253
2.34425000 0.06687767
2.34435000 0.06687543
2.34445000 0.06687320
2.34455000 0.06687096
2.34465000 0.06686872
2.34475000 0.06686648
2.34485000 0.06686423
2.34495000 0.06686198
2.34505000 0.06685974
2.34515000 0.06680494
2.34525000 0.06680270
2.34535000 0.06680046
2.34545000 0.06679821
2.34555000 0.06679596
2.34565000 0.06679371
2.34575000 0.06679146
2.34585000 0.06678921
2.34595000 0.06678695
2.34605000 0.06673222
2.34615000 0.06672997
2.34625000 0.06672772
2.34635000 0.06672547
2.34645000 0.06672321
2.34655000 0.06672096
2.34665000 0.06671870
2.34675000 0.06671644
2.34685000 0.06671417
2.34695000 0.06665951
2.34705000 0.06665725
2.34715000 0.06665500
2.34725000 0.06665274
2.34735000 0.06665047
2.34745000 0.06664821
2.34755000 0.06664594
2.34765000 0.06664367
2.34775000 0.06664140
2.34785000 0.06658681
2.34795000 0.06658454
2.34805000 0.06658228
2.34815000 0.06658001
2.34825000 0.06657774
2.34835000 0.06657547
2.34845000 0.06657320
2.34855000 0.06657092
2.34865000 0.06656864
2.34875000 0.06656636
2.34885000 0.06651184
2.34895000 0.06650957
2.34905000 0.06650729
2.34915000 0.06650502
2.34925000 0.06650274
2.34935000 0.06650046
2.34945000 0.06649817
2.34955000 0.06649589
2.34965000 0.06649360
2.34975000 0.06643915
2.34985000 0.06643687
2.34995000 0.06643459
2.35005000 0.06643230
2.35015000 0.06643001
2.35025000 0.06642773
2.35035000 0.06642543
2.35045000 0.06642314
2.35055000 0.06642084
2.35065000 0.06636646
2.35075000 0.06636417
2.35085000 0.06636188
2.35095000 0.06635959
2.35105000 0.06635730
2.35115000 0.06635500
2.35125000 0.06635270
2.35135000 0.06635040
2.35145000 0.06634810
2.35155000 0.06629378
2.35165000 0.06629149
2.35175000 0.06628919
2.35185000 0.06628689
2.35195000 0.06628459
2.35205000 0.06628229
2.35215000 0.06627998
2.35225000 0.06627767
2.35235000 0.06627536
2.35245000 0.06622111
2.35255000 0.06621881
2.35265000 0.06621650
2.35275000 0.06621420
2.35285000 0.06621189
2.35295000 0.06620958
2.35305000 0.06620726
2.35315000 0.06620495
2.35325000 0.06620263
2.35335000 0.06614845
2.35345000 0.06614614
2.35355000 0.06614383
2.35365000 0.06614151
2.35375000 0.06613920
2.35385000 0.06613688
2.35395000 0.06613456
2.35405000 0.06613223
2.35415000 0.06612991
2.35425000 0.06607579
2.35435000 0.06607348
2.35445000 0.06607116
2.35455000 0.06606884
2.35465000 0.06606651
2.35475000 0.06606419
2.35485000 0.06606186
2.35495000 0.06605953
2.35505000 0.06605719
2.35515000 0.06600315
2.35525000 0.06600082
2.35535000 0.06599849
2.35545000 0.06599617
2.35555000 0.06599383
2.35565000 0.06599150
2.35575000 0.06598917
2.35585000 0.06598683
2.35595000 0.06598449
2.35605000 0.06598214
2.35615000 0.06592817
2.35625000 0.06592584
2.35635000 0.06592350
2.35645000 0.06592117
2.35655000 0.06591882
2.35665000 0.06591648
2.35675000 0.06591414
2.35685000 0.06591179
2.35695000 0.06590944
2.35705000 0.06585554
2.35715000 0.06585319
2.35725000 0.06585085
2.35735000 0.06584850
2.35745000 0.06584616
2.35755000 0.06584381
2.35765000 0.06584145
2.35775000 0.06583910
2.35785000 0.06583674
2.35795000 0.06578290
2.35805000 0.06578056
2.35815000 0.06577820
2.35825000 0.06577585
2.35835000 0.06577350
2.35845000 0.06577114
2.35855000 0.06576878
2.35865000 0.06576642
2.35875000 0.06576405
2.35885000 0.06571028
2.35895000 0.06570793
2.35905000 0.06570557
2.35915000 0.06570321
2.35925000 0.06570084
2.35935000 0.06569848
2.35945000 0.06569611
2.35955000 0.06569374
2.35965000 0.06569137
2.35975000 0.06563767
2.35985000 0.06563530
2.35995000 0.06563294
2.36005000 0.06563057
2.36015000 0.06562820
2.36025000 0.06562583
2.36035000 0.06562345
2.36045000 0.06562107
2.36055000 0.06561869
2.36065000 0.06556506
2.36075000 0.06556269
2.36085000 0.06556031
2.36095000 0.06555794
2.36105000 0.06555556
2.36115000 0.06555318
2.36125000 0.06555080
2.36135000 0.06554842
2.36145000 0.06554603
2.36155000 0.06549246
2.36165000 0.06549008
2.36175000 0.06548770
2.36185000 0.06548532
2.36195000 0.06548293
2.36205000 0.06548055
2.36215000 0.06547816
2.36225000 0.06547576
2.36235000 0.06547337
2.36245000 0.06541987
2.36255000 0.06541748
2.36265000 0.06541509
2.36275000 0.06541270
2.36285000 0.06541031
2.36295000 0.06540792
2.36305000 0.06540552
2.36315000 0.06540312
2.36325000 0.06540072
2.36335000 0.06534728
2.36345000 0.06534489
2.36355000 0.06534250
2.36365000 0.06534010
2.36375000 0.06533770
2.36385000 0.06533530
2.36395000 0.06533289
2.36405000 0.06533049
2.36415000 0.06532808
2.36425000 0.06527471
2.36435000 0.06527231
2.36445000 0.06526991
2.36455000 0.06526750
2.36465000 0.06526509
2.36475000 0.06526269
2.36485000 0.06526027
2.36495000 0.06525786
2.36505000 0.06525544
2.36515000 0.06525303
2.36525000 0.06519973
2.36535000 0.06519732
2.36545000 0.06519491
2.36555000 0.06519250
2.36565000 0.06519008
2.36575000 0.06518766
2.36585000 0.06518524
2.36595000 0.06518282
2.36605000 0.06518039
2.36615000 0.06512717
2.36625000 0.06512475
2.36635000 0.06512233
2.36645000 0.06511991
2.36655000 0.06511748
2.36665000 0.06511506
2.36675000 0.06511263
2.36685000 0.06511020
2.36695000 0.06510777
2.36705000 0.06505461
2.36715000 0.06505218
2.36725000 0.06504976
2.36735000 0.06504733
2.36745000 0.06504490
2.36755000 0.06504246
2.36765000 0.06504003
2.36775000 0.06503759
2.36785000 0.06503515
2.36795000 0.06498206
2.36805000 0.06497962
2.36815000 0.06497719
2.36825000 0.06497475
2.36835000 0.06497232
2.36845000 0.06496988
2.36855000 0.06496743
2.36865000 0.06496499
2.36875000 0.06496254
2.36885000 0.06490951
2.36895000 0.06490707
2.36905000 0.06490463
2.36915000 0.06490219
2.36925000 0.06489974
2.36935000 0.06489730
2.36945000 0.06489485
2.36955000 0.06489239
2.36965000 0.06488994
2.36975000 0.06483698
2.36985000 0.06483453
2.36995000 0.06483208
2.37005000 0.06482963
2.37015000 0.06482718
2.37025000 0.06482472
2.37035000 0.06482227
2.37045000 0.06481981
2.37055000 0.06481734
2.37065000 0.06476445
2.37075000 0.06476200
2.37085000 0.06475954
2.37095000 0.06475708
2.37105000 0.06475462
2.37115000 0.06475216
2.37125000 0.06474970
2.37135000 0.06474723
2.37145000 0.06474476
2.37155000 0.06469193
2.37165000 0.06468947
2.37175000 0.06468701
2.37185000 0.06468454
2.37195000 0.06468208
2.37205000 0.06467961
2.37215000 0.06467713
2.37225000 0.06467466
2.37235000 0.06467218
2.37245000 0.06461942
2.37255000 0.06461695
2.37265000 0.06461448
2.37275000 0.06461201
2.37285000 0.06460954
2.37295000 0.06460706
2.37305000 0.06460458
2.37315000 0.06460210
2.37325000 0.06459961
2.37335000 0.06454692
2.37345000 0.06454444
2.37355000 0.06454197
2.37365000 0.06453949
2.37375000 0.06453700
2.37385000 0.06453452
2.37395000 0.06453203
2.37405000 0.06452954
2.37415000 0.06452705
2.37425000 0.06447443
2.37435000 0.06447194
2.37445000 0.06446946
2.37455000 0.06446697
2.37465000 0.06446448
2.37475000 0.06446199
2.37485000 0.06445949
2.37495000 0.06445700
2.37505000 0.06445450
2.37515000 0.06440194
2.37525000 0.06439945
2.37535000 0.06439696
2.37545000 0.06439446
2.37555000 0.06439196
2.37565000 0.06438947
2.37575000 0.06438696
2.37585000 0.06438446
2.37595000 0.06438195
2.37605000 0.06432946
2.37615000 0.06432696
2.37625000 0.06432446
2.37635000 0.06432196
2.37645000 0.06431946
2.37655000 0.06431695
2.37665000 0.06431444
2.37675000 0.06431193
2.37685000 0.06430942
2.37695000 0.06425699
2.37705000 0.06425449
2.37715000 0.06425198
2.37725000 0.06424947
2.37735000 0.06424696
2.37745000 0.06424444
2.37755000 0.06424193
2.37765000 0.06423941
2.37775000 0.06423689
2.37785000 0.06418453
2.37795000 0.06418202
2.37805000 0.06417950
2.37815000 0.06417699
2.37825000 0.06417447
2.37835000 0.06417195
2.37845000 0.06416942
2.37855000 0.06416690
2.37865000 0.06416437
2.37875000 0.06411207
2.37885000 0.06410955
2.37895000 0.06410703
2.37905000 0.06410451
2.37915000 0.06410198
2.37925000 0.06409946
2.37935000 0.06409692
2.37945000 0.06409439
2.37955000 0.06409186
2.37965000 0.06403963
2.37975000 0.06403710
2.37985000 0.06403457
2.37995000 0.06403204
2.38005000 0.06402951
2.38015000 0.06402697
2.38025000 0.06402444
2.38035000 0.06402189
2.38045000 0.06401935
2.38055000 0.06396719
2.38065000 0.06396466
2.38075000 0.06396212
2.38085000 0.06395958
2.38095000 0.06395704
2.38105000 0.06395450
2.38115000 0.06395195
2.38125000 0.06394941
2.38135000 0.06394686
2.38145000 0.06389476
2.38155000 0.06389222
2.38165000 0.06388968
2.38175000 0.06388713
2.38185000 0.06388458
2.38195000 0.06388203
2.38205000 0.06387948
2.38215000 0.06387693
2.38225000 0.06387437
2.38235000 0.06382234
2.38245000 0.06381979
2.38255000 0.06381724
2.38265000 0.06381469
2.38275000 0.06381213
2.38285000 0.06380958
2.38295000 0.06380702
2.38305000 0.06380445
2.38315000 0.06380189
2.38325000 0.06374993
2.38335000 0.06374737
2.38345000 0.06374481
2.38355000 0.06374225
2.38365000 0.06373969
2.38375000 0.06373713
2.38385000 0.06373456
2.38395000 0.06373199
2.38405000 0.06372942
2.38415000 0.06367752
2.38425000 0.06367496
2.38435000 0.06367239
2.38445000 0.06366983
2.38455000 0.06366726
2.38465000 0.06366468
2.38475000 0.06366211
2.38485000 0.06365953
2.38495000 0.06365696
2.38505000 0.06360512
2.38515000 0.06360255
2.38525000 0.06359998
2.38535000 0.06359741
2.38545000 0.06359483
2.38555000 0.06359225
2.38565000 0.06358967
2.38575000 0.06358709
2.38585000 0.06358450
2.38595000 0.06353274
2.38605000 0.06353016
2.38615000 0.06352758
2.38625000 0.06352500
2.38635000 0.06352241
2.38645000 0.06351983
2.38655000 0.06351724
2.38665000 0.06351465
2.38675000 0.06351205
2.38685000 0.06346036
2.38695000 0.06345777
2.38705000 0.06345518
2.38715000 0.06345260
2.38725000 0.06345000
2.38735000 0.06344741
2.38745000 0.06344482
2.38755000 0.06344222
2.38765000 0.06343962
2.38775000 0.06338798
2.38785000 0.06338539
2.38795000 0.06338280
2.38805000 0.06338020
2.38815000 0.06337760
2.38825000 0.06337500
2.38835000 0.06337240
2.38845000 0.06336979
2.38855000 0.06336719
2.38865000 0.06331562
2.38875000 0.06331302
2.38885000 0.06331042
2.38895000 0.06330782
2.38905000 0.06330521
2.38915000 0.06330260
2.38925000 0.06329999
2.38935000 0.06329738
2.38945000 0.06329477
2.38955000 0.06324326
2.38965000 0.06324066
2.38975000 0.06323805
2.38985000 0.06323544
2.38995000 0.06323283
2.39005000 0.06323021
2.39015000 0.06322759
2.39025000 0.06322497
2.39035000 0.06322235
2.39045000 0.06317092
2.39055000 0.06316830
2.39065000 0.06316569
2.39075000 0.06316307
2.39085000 0.06316045
2.39095000 0.06315783
2.39105000 0.06315520
2.39115000 0.06315258
2.39125000 0.06314995
2.39135000 0.06309858
2.39145000 0.06309596
2.39155000 0.06309334
2.39165000 0.06309071
2.39175000 0.06308808
2.39185000 0.06308545
2.39195000 0.06308282
2.39205000 0.06308019
2.39215000 0.06307755
2.39225000 0.06302625
2.39235000 0.06302362
2.39245000 0.06302099
2.39255000 0.06301836
2.39265000 0.06301572
2.39275000 0.06301309
2.39285000 0.06301045
2.39295000 0.06300781
2.39305000 0.06300516
2.39315000 0.06295393
2.39325000 0.06295129
2.39335000 0.06294865
2.39345000 0.06294601
2.39355000 0.06294337
2.39365000 0.06294073
2.39375000 0.06293808
2.39385000 0.06293543
2.39395000 0.06293278
2.39405000 0.06288161
2.39415000 0.06287897
2.39425000 0.06287633
2.39435000 0.06287368
2.39445000 0.06287103
2.39455000 0.06286838
2.39465000 0.06286573
2.39475000 0.06286307
2.39485000 0.06286041
2.39495000 0.06280931
2.39505000 0.06280666
2.39515000 0.06280401
2.39525000 0.06280135
2.39535000 0.06279870
2.39545000 0.06279604
2.39555000 0.06279338
2.39565000 0.06279071
2.39575000 0.06278805
2.39585000 0.06273701
2.39595000 0.06273435
2.39605000 0.06273169
2.39615000 0.06272903
2.39625000 0.06272637
2.39635000 0.06272370
2.39645000 0.06272104
2.39655000 0.06271837
2.39665000 0.06271569
2.39675000 0.06266472
2.39685000 0.06266206
2.39695000 0.06265939
2.39705000 0.06265672
2.39715000 0.06265405
2.39725000 0.06265138
2.39735000 0.06264870
2.39745000 0.06264603
2.39755000 0.06264335
2.39765000 0.06259244
2.39775000 0.06258977
2.39785000 0.06258710
2.39795000 0.06258442
2.39805000 0.06258174
2.39815000 0.06257906
2.39825000 0.06257638
2.39835000 0.06257370
2.39845000 0.06257101
2.39855000 0.06252017
2.39865000 0.06251749
2.39875000 0.06251481
2.39885000 0.06251213
2.39895000 0.06250944
2.39905000 0.06250676
2.39915000 0.06250407
2.39925000 0.06250138
2.39935000 0.06249868
2.39945000 0.06244791
2.39955000 0.06244522
2.39965000 0.06244253
2.39975000 0.06243984
2.39985000 0.06243715
2.39995000 0.06243446
2.40005000 0.06243176
2.40015000 0.06242906
2.40025000 0.06242636
2.40035000 0.06237565
2.40045000 0.06237296
2.40055000 0.06237026
2.40065000 0.06236757
2.40075000 0.06236487
2.40085000 0.06236217
2.40095000 0.06235946
2.40105000 0.06235676
2.40115000 0.06235405
2.40125000 0.06230340
2.40135000 0.06230070
2.40145000 0.06229800
2.40155000 0.06229530
2.40165000 0.06229259
2.40175000 0.06228988
2.40185000 0.06228717
2.40195000 0.06228446
2.40205000 0.06228174
2.40215000 0.06223117
2.40225000 0.06222846
2.40235000 0.06222575
2.40245000 0.06222304
2.40255000 0.06222033
2.40265000 0.06221761
2.40275000 0.06221489
2.40285000 0.06221217
2.40295000 0.06220945
2.40305000 0.06215894
2.40315000 0.06215622
2.40325000 0.06215351
2.40335000 0.06215079
2.40345000 0.06214807
2.40355000 0.06214534
2.40365000 0.06214262
2.40375000 0.06213989
2.40385000 0.06213716
2.40395000 0.06208672
2.40405000 0.06208399
2.40415000 0.06208127
2.40425000 0.06207855
2.40435000 0.06207582
2.40445000 0.06207309
2.40455000 0.06207036
2.40465000 0.06206762
2.40475000 0.06206488
2.40485000 0.06201450
2.40495000 0.06201177
2.40505000 0.06200904
2.40515000 0.06200631
2.40525000 0.06200358
2.40535000 0.06200084
2.40545000 0.06199810
2.40555000 0.06199536
2.40565000 0.06199262
2.40575000 0.06194230
2.40585000 0.06193956
2.40595000 0.06193683
2.40605000 0.06193409
2.40615000 0.06193134
2.40625000 0.06192860
2.40635000 0.06192585
2.40645000 0.06192310
2.40655000 0.06192035
2.40665000 0.06187010
2.40675000 0.06186736
2.40685000 0.06186462
2.40695000 0.06186187
2.40705000 0.06185912
2.40715000 0.06185637
2.40725000 0.06185362
2.40735000 0.06185086
2.40745000 0.06184810
2.40755000 0.06179792
2.40765000 0.06179517
2.40775000 0.06179242
2.40785000 0.06178966
2.40795000 0.06178690
2.40805000 0.06178415
2.40815000 0.06178139
2.40825000 0.06177862
2.40835000 0.06172849
2.40845000 0.06172574
2.40855000 0.06172298
2.40865000 0.06172022
2.40875000 0.06171746
2.40885000 0.06171470
2.40895000 0.06171193
2.40905000 0.06170916
2.40915000 0.06170639
2.40925000 0.06165633
2.40935000 0.06165357
2.40945000 0.06165080
2.40955000 0.06164804
2.40965000 0.06164527
2.40975000 0.06164250
2.40985000 0.06163973
2.40995000 0.06163695
2.41005000 0.06163418
2.41015000 0.06158418
2.41025000 0.06158141
2.41035000 0.06157864
2.41045000 0.06157586
2.41055000 0.06157309
2.41065000 0.06157031
2.41075000 0.06156753
2.41085000 0.06156475
2.41095000 0.06156196
2.41105000 0.06151203
2.41115000 0.06150926
2.41125000 0.06150648
2.41135000 0.06150370
2.41145000 0.06150091
2.41155000 0.06149813
2.41165000 0.06149534
2.41175000 0.06149255
2.41185000 0.06148976
2.41195000 0.06143989
2.41205000 0.06143711
2.41215000 0.06143433
2.41225000 0.06143154
2.41235000 0.06142875
2.41245000 0.06142596
2.41255000 0.06142316
2.41265000 0.06142037
2.41275000 0.06141757
2.41285000 0.06136777
2.41295000 0.06136498
2.41305000 0.06136218
2.41315000 0.06135939
2.41325000 0.06135659
2.41335000 0.06135379
2.41345000 0.06135099
2.41355000 0.06134819
2.41365000 0.06134538
2.41375000 0.06129565
2.41385000 0.06129285
2.41395000 0.06129005
2.41405000 0.06128725
2.41415000 0.06128445
2.41425000 0.06128164
2.41435000 0.06127883
2.41445000 0.06127602
2.41455000 0.06127321
2.41465000 0.06122354
2.41475000 0.06122073
2.41485000 0.06121793
2.41495000 0.06121512
2.41505000 0.06121231
2.41515000 0.06120949
2.41525000 0.06120668
2.41535000 0.06120386
2.41545000 0.06120104
2.41555000 0.06115143
2.41565000 0.06114862
2.41575000 0.06114581
2.41585000 0.06114299
2.41595000 0.06114018
2.41605000 0.06113736
2.41615000 0.06113453
2.41625000 0.06113171
2.41635000 0.06112888
2.41645000 0.06107934
2.41655000 0.06107652
2.41665000 0.06107370
2.41675000 0.06107088
2.41685000 0.06106805
2.41695000 0.06106523
2.41705000 0.06106240
2.41715000 0.06105957
2.41725000 0.06101008
2.41735000 0.06100726
2.41745000 0.06100443
2.41755000 0.06100160
2.41765000 0.06099877
2.41775000 0.06099594
2.41785000 0.06099311
2.41795000 0.06099027
2.41805000 0.06098743
2.41815000 0.06093801
2.41825000 0.06093518
2.41835000 0.06093235
2.41845000 0.06092951
2.41855000 0.06092668
2.41865000 0.06092384
2.41875000 0.06092100
2.41885000 0.06091815
2.41895000 0.06091531
2.41905000 0.06086595
2.41915000 0.06086311
2.41925000 0.06086027
2.41935000 0.06085743
2.41945000 0.06085459
2.41955000 0.06085174
2.41965000 0.06084889
2.41975000 0.06084604
2.41985000 0.06084319
2.41995000 0.06079390
2.42005000 0.06079106
2.42015000 0.06078821
2.42025000 0.06078536
2.42035000 0.06078251
2.42045000 0.06077966
2.42055000 0.06077680
2.42065000 0.06077394
2.42075000 0.06077108
2.42085000 0.06072186
2.42095000 0.06071901
2.42105000 0.06071615
2.42115000 0.06071330
2.42125000 0.06071044
2.42135000 0.06070758
2.42145000 0.06070472
2.42155000 0.06070185
2.42165000 0.06069898
2.42175000 0.06064982
2.42185000 0.06064697
2.42195000 0.06064411
2.42205000 0.06064124
2.42215000 0.06063838
2.42225000 0.06063551
2.42235000 0.06063264
2.42245000 0.06062977
2.42255000 0.06062689
2.42265000 0.06057780
2.42275000 0.06057493
2.42285000 0.06057207
2.42295000 0.06056920
2.42305000 0.06056632
2.42315000 0.06056345
2.42325000 0.06056057
2.42335000 0.06055769
2.42345000 0.06055481
2.42355000 0.06050578
2.42365000 0.06050291
2.42375000 0.06050004
2.42385000 0.06049716
2.42395000 0.06049428
2.42405000 0.06049140
2.42415000 0.06048852
2.42425000 0.06048563
2.42435000 0.06043665
2.42445000 0.06043378
2.42455000 0.06043090
2.42465000 0.06042802
2.42475000 0.06042513
2.42485000 0.06042225
2.42495000 0.06041936
2.42505000 0.06041647
2.42515000 0.06041357
2.42525000 0.06036466
2.42535000 0.06036178
2.42545000 0.06035889
2.42555000 0.06035600
2.42565000 0.06035311
2.42575000 0.06035022
2.42585000 0.06034732
2.42595000 0.06034443
2.42605000 0.06034153
2.42615000 0.06029268
2.42625000 0.06028979
2.42635000 0.06028690
2.42645000 0.06028400
2.42655000 0.06028110
2.42665000 0.06027820
2.42675000 0.06027530
2.42685000 0.06027239
2.42695000 0.06026949
2.42705000 0.06022071
2.42715000 0.06021781
2.42725000 0.06021491
2.42735000 0.06021201
2.42745000 0.06020910
2.42755000 0.06020619
2.42765000 0.06020328
2.42775000 0.06020037
2.42785000 0.06019746
2.42795000 0.06014874
2.42805000 0.06014584
2.42815000 0.06014293
2.42825000 0.06014002
2.42835000 0.06013711
2.42845000 0.06013419
2.42855000 0.06013128
2.42865000 0.06012836
2.42875000 0.06012544
2.42885000 0.06007679
2.42895000 0.06007388
2.42905000 0.06007096
2.42915000 0.06006804
2.42925000 0.06006513
2.42935000 0.06006220
2.42945000 0.06005928
2.42955000 0.06005636
2.42965000 0.06000776
2.42975000 0.06000484
2.42985000 0.06000192
2.42995000 0.05999900
2.43005000 0.05999608
2.43015000 0.05999315
2.43025000 0.05999022
2.43035000 0.05998729
2.43045000 0.05998436
2.43055000 0.05993583
2.43065000 0.05993291
2.43075000 0.05992998
2.43085000 0.05992705
2.43095000 0.05992412
2.43105000 0.05992119
2.43115000 0.05991825
2.43125000 0.05991531
2.43135000 0.05991237
2.43145000 0.05986391
2.43155000 0.05986098
2.43165000 0.05985804
2.43175000 0.05985511
2.43185000 0.05985217
2.43195000 0.05984923
2.43205000 0.05984629
2.43215000 0.05984334
2.43225000 0.05984040
2.43235000 0.05979200
2.43245000 0.05978906
2.43255000 0.05978612
2.43265000 0.05978317
2.43275000 0.05978023
2.43285000 0.05977728
2.43295000 0.05977433
2.43305000 0.05977138
2.43315000 0.05976843
2.43325000 0.05972009
2.43335000 0.05971715
2.43345000 0.05971420
2.43355000 0.05971125
2.43365000 0.05970830
2.43375000 0.05970534
2.43385000 0.05970239
2.43395000 0.05969943
2.43405000 0.05969647
2.43415000 0.05964820
2.43425000 0.05964525
2.43435000 0.05964229
2.43445000 0.05963933
2.43455000 0.05963638
2.43465000 0.05963342
2.43475000 0.05963045
2.43485000 0.05962749
2.43495000 0.05957927
2.43505000 0.05957631
2.43515000 0.05957335
2.43525000 0.05957039
2.43535000 0.05956743
2.43545000 0.05956446
2.43555000 0.05956150
2.43565000 0.05955853
2.43575000 0.05955555
2.43585000 0.05950740
2.43595000 0.05950444
2.43605000 0.05950147
2.43615000 0.05949850
2.43625000 0.05949553
2.43635000 0.05949256
2.43645000 0.05948958
2.43655000 0.05948661
2.43665000 0.05948363
2.43675000 0.05943554
2.43685000 0.05943257
2.43695000 0.05942960
2.43705000 0.05942662
2.43715000 0.05942364
2.43725000 0.05942066
2.43735000 0.05941768
2.43745000 0.05941470
2.43755000 0.05941171
2.43765000 0.05936369
2.43775000 0.05936071
2.43785000 0.05935773
2.43795000 0.05935475
2.43805000 0.05935177
2.43815000 0.05934878
2.43825000 0.05934579
2.43835000 0.05934280
2.43845000 0.05933981
2.43855000 0.05929185
2.43865000 0.05928886
2.43875000 0.05928588
2.43885000 0.05928289
2.43895000 0.05927990
2.43905000 0.05927690
2.43915000 0.05927391
2.43925000 0.05927091
2.43935000 0.05926791
2.43945000 0.05922002
2.43955000 0.05921702
2.43965000 0.05921403
2.43975000 0.05921103
2.43985000 0.05920804
2.43995000 0.05920504
2.44005000 0.05920203
2.44015000 0.05919903
2.44025000 0.05915119
2.44035000 0.05914819
2.44045000 0.05914519
2.44055000 0.05914219
2.44065000 0.05913919
2.44075000 0.05913619
2.44085000 0.05913318
2.44095000 0.05913017
2.44105000 0.05912716
2.44115000 0.05907938
2.44125000 0.05907638
2.44135000 0.05907337
2.44145000 0.05907037
2.44155000 0.05906736
2.44165000 0.05906434
2.44175000 0.05906133
2.44185000 0.05905831
2.44195000 0.05905529
2.44205000 0.05900759
2.44215000 0.05900457
2.44225000 0.05900156
2.44235000 0.05899855
2.44245000 0.05899553
2.44255000 0.05899251
2.44265000 0.05898949
2.44275000 0.05898647
2.44285000 0.05898344
2.44295000 0.05893580
2.44305000 0.05893278
2.44315000 0.05892976
2.44325000 0.05892674
2.44335000 0.05892371
2.44345000 0.05892069
2.44355000 0.05891766
2.44365000 0.05891463
2.44375000 0.05886704
2.44385000 0.05886402
2.44395000 0.05886099
2.44405000 0.05885797
2.44415000 0.05885494
2.44425000 0.05885191
2.44435000 0.05884887
2.44445000 0.05884584
2.44455000 0.05884280
2.44465000 0.05879528
2.44475000 0.05879225
2.44485000 0.05878922
2.44495000 0.05878618
2.44505000 0.05878315
2.44515000 0.05878011
2.44525000 0.05877707
2.44535000 0.05877403
2.44545000 0.05877098
2.44555000 0.05872352
2.44565000 0.05872049
2.44575000 0.05871745
2.44585000 0.05871441
2.44595000 0.05871137
2.44605000 0.05870832
2.44615000 0.05870527
2.44625000 0.05870223
2.44635000 0.05869917
2.44645000 0.05865178
2.44655000 0.05864874
2.44665000 0.05864569
2.44675000 0.05864264
2.44685000 0.05863959
2.44695000 0.05863654
2.44705000 0.05863349
2.44715000 0.05863043
2.44725000 0.05862737
2.44735000 0.05858004
2.44745000 0.05857699
2.44755000 0.05857394
2.44765000 0.05857089
2.44775000 0.05856783
2.44785000 0.05856477
2.44795000 0.05856171
2.44805000 0.05855865
2.44815000 0.05851137
2.44825000 0.05850832
2.44835000 0.05850526
2.44845000 0.05850220
2.44855000 0.05849914
2.44865000 0.05849608
2.44875000 0.05849301
2.44885000 0.05848994
2.44895000 0.05848688
2.44905000 0.05843966
2.44915000 0.05843660
2.44925000 0.05843354
2.44935000 0.05843047
2.44945000 0.05842740
2.44955000 0.05842433
2.44965000 0.05842126
2.44975000 0.05841819
2.44985000 0.05841511
2.44995000 0.05836796
2.45005000 0.05836489
2.45015000 0.05836182
2.45025000 0.05835875
2.45035000 0.05835568
2.45045000 0.05835260
2.45055000 0.05834952
2.45065000 0.05834644
2.45075000 0.05834336
2.45085000 0.05829627
2.45095000 0.05829320
2.45105000 0.05829012
2.45115000 0.05828704
2.45125000 0.05828396
2.45135000 0.05828087
2.45145000 0.05827779
2.45155000 0.05827470
2.45165000 0.05822767
2.45175000 0.05822459
2.45185000 0.05822151
2.45195000 0.05821842
2.45205000 0.05821534
2.45215000 0.05821225
2.45225000 0.05820916
2.45235000 0.05820607
2.45245000 0.05820297
2.45255000 0.05815601
2.45265000 0.05815292
2.45275000 0.05814983
2.45285000 0.05814674
2.45295000 0.05814365
2.45305000 0.05814055
2.45315000 0.05813745
2.45325000 0.05813435
2.45335000 0.05813125
2.45345000 0.05808435
2.45355000 0.05808126
2.45365000 0.05807816
2.45375000 0.05807506
2.45385000 0.05807196
2.45395000 0.05806886
2.45405000 0.05806576
2.45415000 0.05806265
2.45425000 0.05805954
2.45435000 0.05801270
2.45445000 0.05800960
2.45455000 0.05800650
2.45465000 0.05800340
2.45475000 0.05800029
2.45485000 0.05799718
2.45495000 0.05799407
2.45505000 0.05799096
2.45515000 0.05794417
2.45525000 0.05794107
2.45535000 0.05793796
2.45545000 0.05793485
2.45555000 0.05793174
2.45565000 0.05792863
2.45575000 0.05792551
2.45585000 0.05792239
2.45595000 0.05791927
2.45605000 0.05787255
2.45615000 0.05786944
2.45625000 0.05786633
2.45635000 0.05786321
2.45645000 0.05786009
2.45655000 0.05785697
2.45665000 0.05785385
2.45675000 0.05785072
2.45685000 0.05784760
2.45695000 0.05780094
2.45705000 0.05779782
2.45715000 0.05779470
2.45725000 0.05779158
2.45735000 0.05778845
2.45745000 0.05778533
2.45755000 0.05778220
2.45765000 0.05777907
2.45775000 0.05777593
2.45785000 0.05772934
2.45795000 0.05772622
2.45805000 0.05772309
2.45815000 0.05771996
2.45825000 0.05771683
2.45835000 0.05771369
2.45845000 0.05771056
2.45855000 0.05770742
2.45865000 0.05766088
2.45875000 0.05765775
2.45885000 0.05765462
2.45895000 0.05765148
2.45905000 0.05764835
2.45915000 0.05764521
2.45925000 0.05764207
2.45935000 0.05763892
2.45945000 0.05763578
2.45955000 0.05758931
2.45965000 0.05758617
2.45975000 0.05758303
2.45985000 0.05757989
2.45995000 0.05757674
2.46005000 0.05757360
2.46015000 0.05757045
2.46025000 0.05756730
2.46035000 0.05756415
2.46045000 0.05751774
2.46055000 0.05751460
2.46065000 0.05751145
2.46075000 0.05750830
2.46085000 0.05750515
2.46095000 0.05750200
2.46105000 0.05749885
2.46115000 0.05749569
2.46125000 0.05749253
2.46135000 0.05744619
2.46145000 0.05744303
2.46155000 0.05743988
2.46165000 0.05743673
2.46175000 0.05743357
2.46185000 0.05743041
2.46195000 0.05742725
2.46205000 0.05742409
2.46215000 0.05737780
2.46225000 0.05737464
2.46235000 0.05737148
2.46245000 0.05736832
2.46255000 0.05736516
2.46265000 0.05736200
2.46275000 0.05735883
2.46285000 0.05735566
2.46295000 0.05735249
2.46305000 0.05730627
2.46315000 0.05730310
2.46325000 0.05729994
2.46335000 0.05729677
2.46345000 0.05729360
2.46355000 0.05729043
2.46365000 0.05728726
2.46375000 0.05728409
2.46385000 0.05728091
2.46395000 0.05723475
2.46405000 0.05723158
2.46415000 0.05722841
2.46425000 0.05722523
2.46435000 0.05722206
2.46445000 0.05721888
2.46455000 0.05721570
2.46465000 0.05721252
2.46475000 0.05716641
2.46485000 0.05716324
2.46495000 0.05716006
2.46505000 0.05715688
2.46515000 0.05715370
2.46525000 0.05715052
2.46535000 0.05714734
2.46545000 0.05714415
2.46555000 0.05714096
2.46565000 0.05709492
2.46575000 0.05709174
2.46585000 0.05708855
2.46595000 0.05708537
2.46605000 0.05708218
2.46615000 0.05707899
2.46625000 0.05707580
2.46635000 0.05707261
2.46645000 0.05706942
2.46655000 0.05702343
2.46665000 0.05702025
2.46675000 0.05701706
2.46685000 0.05701387
2.46695000 0.05701067
2.46705000 0.05700748
2.46715000 0.05700428
2.46725000 0.05700108
2.46735000 0.05699788
2.46745000 0.05695196
2.46755000 0.05694877
2.46765000 0.05694557
2.46775000 0.05694237
2.46785000 0.05693917
2.46795000 0.05693597
2.46805000 0.05693277
2.46815000 0.05692956
2.46825000 0.05688370
2.46835000 0.05688050
2.46845000 0.05687730
2.46855000 0.05687409
2.46865000 0.05687089
2.46875000 0.05686768
2.46885000 0.05686447
2.46895000 0.05686126
2.46905000 0.05685805
2.46915000 0.05681225
2.46925000 0.05680904
2.46935000 0.05680584
2.46945000 0.05680263
2.46955000 0.05679941
2.46965000 0.05679620
2.46975000 0.05679299
2.46985000 0.05678977
2.46995000 0.05678655
2.47005000 0.05674081
2.47015000 0.05673760
2.47025000 0.05673439
2.47035000 0.05673117
2.47045000 0.05672795
2.47055000 0.05672473
2.47065000 0.05672151
2.47075000 0.05671828
2.47085000 0.05667260
2.47095000 0.05666938
2.47105000 0.05666617
2.47115000 0.05666294
2.47125000 0.05665972
2.47135000 0.05665650
2.47145000 0.05665327
2.47155000 0.05665004
2.47165000 0.05664681
2.47175000 0.05660119
2.47185000 0.05659797
2.47195000 0.05659474
2.47205000 0.05659151
2.47215000 0.05658828
2.47225000 0.05658505
2.47235000 0.05658182
2.47245000 0.05657858
2.47255000 0.05657535
2.47265000 0.05652979
2.47275000 0.05652656
2.47285000 0.05652333
2.47295000 0.05652009
2.47305000 0.05651686
2.47315000 0.05651362
2.47325000 0.05651038
2.47335000 0.05650714
2.47345000 0.05646163
2.47355000 0.05645840
2.47365000 0.05645516
2.47375000 0.05645192
2.47385000 0.05644868
2.47395000 0.05644544
2.47405000 0.05644219
2.47415000 0.05643895
2.47425000 0.05643570
2.47435000 0.05639026
2.47445000 0.05638702
2.47455000 0.05638378
2.47465000 0.05638053
2.47475000 0.05637728
2.47485000 0.05637403
2.47495000 0.05637078
2.47505000 0.05636753
2.47515000 0.05636427
2.47525000 0.05631890
2.47535000 0.05631565
2.47545000 0.05631240
2.47555000 0.05630915
2.47565000 0.05630589
2.47575000 0.05630263
2.47585000 0.05629938
2.47595000 0.05629612
2.47605000 0.05625080
2.47615000 0.05624754
2.47625000 0.05624429
2.47635000 0.05624103
2.47645000 0.05623777
2.47655000 0.05623451
2.47665000 0.05623125
2.47675000 0.05622798
2.47685000 0.05622472
2.47695000 0.05617946
2.47705000 0.05617620
2.47715000 0.05617294
2.47725000 0.05616967
2.47735000 0.05616641
2.47745000 0.05616314
2.47755000 0.05615987
2.47765000 0.05615660
2.47775000 0.05615333
2.47785000 0.05610813
2.47795000 0.05610487
2.47805000 0.05610160
2.47815000 0.05609833
2.47825000 0.05609505
2.47835000 0.05609178
2.47845000 0.05608850
2.47855000 0.05608523
2.47865000 0.05604009
2.47875000 0.05603682
2.47885000 0.05603354
2.47895000 0.05603027
2.47905000 0.05602699
2.47915000 0.05602371
2.47925000 0.05602043
2.47935000 0.05601715
2.47945000 0.05601386
2.47955000 0.05596879
2.47965000 0.05596551
2.47975000 0.05596223
2.47985000 0.05595895
2.47995000 0.05595566
2.48005000 0.05595238
2.48015000 0.05594909
2.48025000 0.05594580
2.48035000 0.05594251
2.48045000 0.05589750
2.48055000 0.05589421
2.48065000 0.05589093
2.48075000 0.05588764
2.48085000 0.05588435
2.48095000 0.05588106
2.48105000 0.05587776
2.48115000 0.05587446
2.48125000 0.05582951
2.48135000 0.05582622
2.48145000 0.05582293
2.48155000 0.05581963
2.48165000 0.05581634
2.48175000 0.05581304
2.48185000 0.05580974
2.48195000 0.05580644
2.48205000 0.05580314
2.48215000 0.05575824
2.48225000 0.05575495
2.48235000 0.05575165
2.48245000 0.05574835
2.48255000 0.05574505
2.48265000 0.05574175
2.48275000 0.05573844
2.48285000 0.05573513
2.48295000 0.05573182
2.48305000 0.05568699
2.48315000 0.05568369
2.48325000 0.05568038
2.48335000 0.05567708
2.48345000 0.05567377
2.48355000 0.05567046
2.48365000 0.05566715
2.48375000 0.05566383
2.48385000 0.05561906
2.48395000 0.05561575
2.48405000 0.05561244
2.48415000 0.05560913
2.48425000 0.05560582
2.48435000 0.05560250
2.48445000 0.05559919
2.48455000 0.05559587
2.48465000 0.05559255
2.48475000 0.05554783
2.48485000 0.05554452
2.48495000 0.05554120
2.48505000 0.05553788
2.48515000 0.05553456
2.48525000 0.05553124
2.48535000 0.05552792
2.48545000 0.05552459
2.48555000 0.05552127
2.48565000 0.05547662
2.48575000 0.05547330
2.48585000 0.05546997
2.48595000 0.05546665
2.48605000 0.05546332
2.48615000 0.05546000
2.48625000 0.05545667
2.48635000 0.05545333
2.48645000 0.05540873
2.48655000 0.05540541
2.48665000 0.05540208
2.48675000 0.05539876
2.48685000 0.05539543
2.48695000 0.05539209
2.48705000 0.05538876
2.48715000 0.05538542
2.48725000 0.05538208
2.48735000 0.05533755
2.48745000 0.05533422
2.48755000 0.05533088
2.48765000 0.05532755
2.48775000 0.05532421
2.48785000 0.05532087
2.48795000 0.05531753
2.48805000 0.05531419
2.48815000 0.05531084
2.48825000 0.05526637
2.48835000 0.05526303
2.48845000 0.05525969
2.48855000 0.05525635
2.48865000 0.05525301
2.48875000 0.05524966
2.48885000 0.05524631
2.48895000 0.05524296
2.48905000 0.05519855
2.48915000 0.05519520
2.48925000 0.05519186
2.48935000 0.05518851
2.48945000 0.05518516
2.48955000 0.05518181
2.48965000 0.05517846
2.48975000 0.05517511
2.48985000 0.05517175
2.48995000 0.05512740
2.49005000 0.05512405
2.49015000 0.05512070
2.49025000 0.05511734
2.49035000 0.05511399
2.49045000 0.05511063
2.49055000 0.05510727
2.49065000 0.05510391
2.49075000 0.05505961
2.49085000 0.05505626
2.49095000 0.05505290
2.49105000 0.05504954
2.49115000 0.05504618
2.49125000 0.05504282
2.49135000 0.05503946
2.49145000 0.05503609
2.49155000 0.05503273
2.49165000 0.05498849
2.49175000 0.05498513
2.49185000 0.05498177
2.49195000 0.05497840
2.49205000 0.05497504
2.49215000 0.05497167
2.49225000 0.05496830
2.49235000 0.05496493
2.49245000 0.05496155
2.49255000 0.05491738
2.49265000 0.05491401
2.49275000 0.05491064
2.49285000 0.05490727
2.49295000 0.05490390
2.49305000 0.05490052
2.49315000 0.05489715
2.49325000 0.05489377
2.49335000 0.05484965
2.49345000 0.05484628
2.49355000 0.05484290
2.49365000 0.05483953
2.49375000 0.05483615
2.49385000 0.05483277
2.49395000 0.05482939
2.49405000 0.05482601
2.49415000 0.05482262
2.49425000 0.05477856
2.49435000 0.05477518
2.49445000 0.05477181
2.49455000 0.05476842
2.49465000 0.05476504
2.49475000 0.05476165
2.49485000 0.05475827
2.49495000 0.05475488
2.49505000 0.05475149
2.49515000 0.05470749
2.49525000 0.05470411
2.49535000 0.05470072
2.49545000 0.05469733
2.49555000 0.05469394
2.49565000 0.05469055
2.49575000 0.05468715
2.49585000 0.05468376
2.49595000 0.05463981
2.49605000 0.05463643
2.49615000 0.05463304
2.49625000 0.05462964
2.49635000 0.05462625
2.49645000 0.05462285
2.49655000 0.05461945
2.49665000 0.05461605
2.49675000 0.05461265
2.49685000 0.05456877
2.49695000 0.05456537
2.49705000 0.05456198
2.49715000 0.05455858
2.49725000 0.05455518
2.49735000 0.05455177
2.49745000 0.05454837
2.49755000 0.05454496
2.49765000 0.05450113
2.49775000 0.05449773
2.49785000 0.05449433
2.49795000 0.05449093
2.49805000 0.05448752
2.49815000 0.05448412
2.49825000 0.05448071
2.49835000 0.05447730
2.49845000 0.05447388
2.49855000 0.05443012
2.49865000 0.05442671
2.49875000 0.05442330
2.49885000 0.05441989
2.49895000 0.05441648
2.49905000 0.05441307
2.49915000 0.05440965
2.49925000 0.05440623
2.49935000 0.05440281
2.49945000 0.05435911
2.49955000 0.05435570
2.49965000 0.05435228
2.49975000 0.05434887
2.49985000 0.05434545
2.49995000 0.05434203
2.50005000 0.05433860
2.50015000 0.05433518
2.50025000 0.05429153
2.50035000 0.05428811
2.50045000 0.05428469
2.50055000 0.05428127
2.50065000 0.05427785
2.50075000 0.05427443
2.50085000 0.05427100
2.50095000 0.05426757
2.50105000 0.05426414
2.50115000 0.05422055
2.50125000 0.05421713
2.50135000 0.05421370
2.50145000 0.05421028
2.50155000 0.05420685
2.50165000 0.05420341
2.50175000 0.05419998
2.50185000 0.05419655
2.50195000 0.05415301
2.50205000 0.05414958
2.50215000 0.05414615
2.50225000 0.05414272
2.50235000 0.05413929
2.50245000 0.05413585
2.50255000 0.05413241
2.50265000 0.05412897
2.50275000 0.05412553
2.50285000 0.05408206
2.50295000 0.05407863
2.50305000 0.05407519
2.50315000 0.05407175
2.50325000 0.05406831
2.50335000 0.05406487
2.50345000 0.05406142
2.50355000 0.05405798
2.50365000 0.05401456
2.50375000 0.05401112
2.50385000 0.05400768
2.50395000 0.05400424
2.50405000 0.05400079
2.50415000 0.05399735
2.50425000 0.05399390
2.50435000 0.05399045
2.50445000 0.05398699
2.50455000 0.05394364
2.50465000 0.05394019
2.50475000 0.05393675
2.50485000 0.05393330
2.50495000 0.05392984
2.50505000 0.05392639
2.50515000 0.05392294
2.50525000 0.05391948
2.50535000 0.05391602
2.50545000 0.05387273
2.50555000 0.05386927
2.50565000 0.05386582
2.50575000 0.05386236
2.50585000 0.05385891
2.50595000 0.05385545
2.50605000 0.05385199
2.50615000 0.05384852
2.50625000 0.05380528
2.50635000 0.05380183
2.50645000 0.05379837
2.50655000 0.05379491
2.50665000 0.05379144
2.50675000 0.05378798
2.50685000 0.05378451
2.50695000 0.05378105
2.50705000 0.05377758
2.50715000 0.05373440
2.50725000 0.05373094
2.50735000 0.05372747
2.50745000 0.05372400
2.50755000 0.05372054
2.50765000 0.05371707
2.50775000 0.05371359
2.50785000 0.05371012
2.50795000 0.05366699
2.50805000 0.05366353
2.50815000 0.05366006
2.50825000 0.05365659
2.50835000 0.05365311
2.50845000 0.05364964
2.50855000 0.05364616
2.50865000 0.05364268
2.50875000 0.05363920
2.50885000 0.05359614
2.50895000 0.05359267
2.50905000 0.05358919
2.50915000 0.05358571
2.50925000 0.05358223
2.50935000 0.05357875
2.50945000 0.05357527
2.50955000 0.05357178
2.50965000 0.05352877
2.50975000 0.05352530
2.50985000 0.05352182
2.50995000 0.05351833
2.51005000 0.05351485
2.51015000 0.05351136
2.51025000 0.05350788
2.51035000 0.05350439
2.51045000 0.05350089
2.51055000 0.05345795
2.51065000 0.05345446
2.51075000 0.05345098
2.51085000 0.05344749
2.51095000 0.05344400
2.51105000 0.05344051
2.51115000 0.05343701
2.51125000 0.05343351
2.51135000 0.05343002
2.51145000 0.05338713
2.51155000 0.05338364
2.51165000 0.05338015
2.51175000 0.05337665
2.51185000 0.05337316
2.51195000 0.05336966
2.51205000 0.05336616
2.51215000 0.05336265
2.51225000 0.05331982
2.51235000 0.05331633
2.51245000 0.05331283
2.51255000 0.05330933
2.51265000 0.05330583
2.51275000 0.05330233
2.51285000 0.05329882
2.51295000 0.05329532
2.51305000 0.05329181
2.51315000 0.05324904
2.51325000 0.05324554
2.51335000 0.05324203
2.51345000 0.05323853
2.51355000 0.05323502
2.51365000 0.05323151
2.51375000 0.05322800
2.51385000 0.05322448
2.51395000 0.05318177
2.51405000 0.05317826
2.51415000 0.05317475
2.51425000 0.05317124
2.51435000 0.05316773
2.51445000 0.05316422
2.51455000 0.05316070
2.51465000 0.05315718
2.51475000 0.05315366
2.51485000 0.05311101
2.51495000 0.05310750
2.51505000 0.05310398
2.51515000 0.05310047
2.51525000 0.05309695
2.51535000 0.05309343
2.51545000 0.05308991
2.51555000 0.05308638
2.51565000 0.05304378
2.51575000 0.05304027
2.51585000 0.05303675
2.51595000 0.05303323
2.51605000 0.05302970
2.51615000 0.05302618
2.51625000 0.05302265
2.51635000 0.05301912
2.51645000 0.05301559
2.51655000 0.05297305
2.51665000 0.05296953
2.51675000 0.05296600
2.51685000 0.05296248
2.51695000 0.05295895
2.51705000 0.05295542
2.51715000 0.05295188
2.51725000 0.05294835
2.51735000 0.05290586
2.51745000 0.05290234
2.51755000 0.05289881
2.51765000 0.05289527
2.51775000 0.05289174
2.51785000 0.05288821
2.51795000 0.05288467
2.51805000 0.05288113
2.51815000 0.05287759
2.51825000 0.05283516
2.51835000 0.05283163
2.51845000 0.05282809
2.51855000 0.05282456
2.51865000 0.05282102
2.51875000 0.05281747
2.51885000 0.05281393
2.51895000 0.05281038
2.51905000 0.05276801
2.51915000 0.05276448
2.51925000 0.05276094
2.51935000 0.05275739
2.51945000 0.05275385
2.51955000 0.05275030
2.51965000 0.05274675
2.51975000 0.05274320
2.51985000 0.05273965
2.51995000 0.05269734
2.52005000 0.05269380
2.52015000 0.05269025
2.52025000 0.05268670
2.52035000 0.05268315
2.52045000 0.05267960
2.52055000 0.05267605
2.52065000 0.05267249
2.52075000 0.05263023
2.52085000 0.05262668
2.52095000 0.05262313
2.52105000 0.05261958
2.52115000 0.05261603
2.52125000 0.05261247
2.52135000 0.05260891
2.52145000 0.05260535
2.52155000 0.05260179
2.52165000 0.05255959
2.52175000 0.05255604
2.52185000 0.05255248
2.52195000 0.05254892
2.52205000 0.05254536
2.52215000 0.05254180
2.52225000 0.05253823
2.52235000 0.05253466
2.52245000 0.05249252
2.52255000 0.05248896
2.52265000 0.05248540
2.52275000 0.05248184
2.52285000 0.05247827
2.52295000 0.05247470
2.52305000 0.05247113
2.52315000 0.05246756
2.52325000 0.05246399
2.52335000 0.05242191
2.52345000 0.05241834
2.52355000 0.05241478
2.52365000 0.05241121
2.52375000 0.05240763
2.52385000 0.05240406
2.52395000 0.05240048
2.52405000 0.05239691
2.52415000 0.05235488
2.52425000 0.05235131
2.52435000 0.05234774
2.52445000 0.05234416
2.52455000 0.05234059
2.52465000 0.05233701
2.52475000 0.05233343
2.52485000 0.05232985
2.52495000 0.05232626
2.52505000 0.05228430
2.52515000 0.05228072
2.52525000 0.05227714
2.52535000 0.05227356
2.52545000 0.05226998
2.52555000 0.05226639
2.52565000 0.05226281
2.52575000 0.05225922
2.52585000 0.05225563
2.52595000 0.05221373
2.52605000 0.05221014
2.52615000 0.05220656
2.52625000 0.05220297
2.52635000 0.05219938
2.52645000 0.05219579
2.52655000 0.05219220
2.52665000 0.05218860
2.52675000 0.05214675
2.52685000 0.05214317
2.52695000 0.05213958
2.52705000 0.05213599
2.52715000 0.05213239
2.52725000 0.05212880
2.52735000 0.05212520
2.52745000 0.05212160
2.52755000 0.05211800
2.52765000 0.05207621
2.52775000 0.05207262
2.52785000 0.05206902
2.52795000 0.05206543
2.52805000 0.05206183
2.52815000 0.05205823
2.52825000 0.05205462
2.52835000 0.05205102
2.52845000 0.05200928
2.52855000 0.05200568
2.52865000 0.05200208
2.52875000 0.05199848
2.52885000 0.05199488
2.52895000 0.05199127
2.52905000 0.05198766
2.52915000 0.05198405
2.52925000 0.05194237
2.52935000 0.05193877
2.52945000 0.05193517
2.52955000 0.05193156
2.52965000 0.05192795
2.52975000 0.05192434
2.52985000 0.05192073
2.52995000 0.05191711
2.53005000 0.05191350
2.53015000 0.05187188
2.53025000 0.05186827
2.53035000 0.05186466
2.53045000 0.05186105
2.53055000 0.05185743
2.53065000 0.05185382
2.53075000 0.05185020
2.53085000 0.05184658
2.53095000 0.05180501
2.53105000 0.05180140
2.53115000 0.05179778
2.53125000 0.05179416
2.53135000 0.05179055
2.53145000 0.05178692
2.53155000 0.05178330
2.53165000 0.05177968
2.53175000 0.05177605
2.53185000 0.05173454
2.53195000 0.05173093
2.53205000 0.05172730
2.53215000 0.05172368
2.53225000 0.05172006
2.53235000 0.05171643
2.53245000 0.05171280
2.53255000 0.05170917
2.53265000 0.05166772
2.53275000 0.05166409
2.53285000 0.05166047
2.53295000 0.05165684
2.53305000 0.05165321
2.53315000 0.05164958
2.53325000 0.05164595
2.53335000 0.05164231
2.53345000 0.05163867
2.53355000 0.05159728
2.53365000 0.05159365
2.53375000 0.05159002
2.53385000 0.05158639
2.53395000 0.05158275
2.53405000 0.05157911
2.53415000 0.05157548
2.53425000 0.05157183
2.53435000 0.05153049
2.53445000 0.05152686
2.53455000 0.05152322
2.53465000 0.05151959
2.53475000 0.05151595
2.53485000 0.05151230
2.53495000 0.05150866
2.53505000 0.05150502
2.53515000 0.05150137
2.53525000 0.05146009
2.53535000 0.05145645
2.53545000 0.05145281
2.53555000 0.05144916
2.53565000 0.05144552
2.53575000 0.05144187
2.53585000 0.05143822
2.53595000 0.05143457
2.53605000 0.05139334
2.53615000 0.05138970
2.53625000 0.05138605
2.53635000 0.05138240
2.53645000 0.05137875
2.53655000 0.05137510
2.53665000 0.05137145
2.53675000 0.05136779
2.53685000 0.05136413
2.53695000 0.05132297
2.53705000 0.05131932
2.53715000 0.05131566
2.53725000 0.05131201
2.53735000 0.05130835
2.53745000 0.05130470
2.53755000 0.05130104
2.53765000 0.05129737
2.53775000 0.05125626
2.53785000 0.05125261
2.53795000 0.05124895
2.53805000 0.05124529
2.53815000 0.05124163
2.53825000 0.05123797
2.53835000 0.05123430
2.53845000 0.05123064
2.53855000 0.05122697
2.53865000 0.05118592
2.53875000 0.05118226
2.53885000 0.05117859
2.53895000 0.05117493
2.53905000 0.05117126
2.53915000 0.05116759
2.53925000 0.05116392
2.53935000 0.05116025
2.53945000 0.05111925
2.53955000 0.05111559
2.53965000 0.05111192
2.53975000 0.05110825
2.53985000 0.05110458
2.53995000 0.05110090
2.54005000 0.05109723
2.54015000 0.05109355
2.54025000 0.05108987
2.54035000 0.05104894
2.54045000 0.05104527
2.54055000 0.05104159
2.54065000 0.05103792
2.54075000 0.05103424
2.54085000 0.05103056
2.54095000 0.05102688
2.54105000 0.05102320
2.54115000 0.05098231
2.54125000 0.05097864
2.54135000 0.05097496
2.54145000 0.05097128
2.54155000 0.05096760
2.54165000 0.05096391
2.54175000 0.05096023
2.54185000 0.05095654
2.54195000 0.05095285
2.54205000 0.05091203
2.54215000 0.05090835
2.54225000 0.05090466
2.54235000 0.05090098
2.54245000 0.05089729
2.54255000 0.05089360
2.54265000 0.05088991
2.54275000 0.05088622
2.54285000 0.05084544
2.54295000 0.05084176
2.54305000 0.05083807
2.54315000 0.05083438
2.54325000 0.05083069
2.54335000 0.05082699
2.54345000 0.05082330
2.54355000 0.05081960
2.54365000 0.05077888
2.54375000 0.05077519
2.54385000 0.05077150
2.54395000 0.05076781
2.54405000 0.05076411
2.54415000 0.05076041
2.54425000 0.05075671
2.54435000 0.05075301
2.54445000 0.05074931
2.54455000 0.05070865
2.54465000 0.05070495
2.54475000 0.05070125
2.54485000 0.05069755
2.54495000 0.05069385
2.54505000 0.05069015
2.54515000 0.05068644
2.54525000 0.05068273
2.54535000 0.05064213
2.54545000 0.05063843
2.54555000 0.05063472
2.54565000 0.05063102
2.54575000 0.05062731
2.54585000 0.05062360
2.54595000 0.05061989
2.54605000 0.05061618
2.54615000 0.05061247
2.54625000 0.05057192
2.54635000 0.05056822
2.54645000 0.05056451
2.54655000 0.05056080
2.54665000 0.05055709
2.54675000 0.05055337
2.54685000 0.05054966
2.54695000 0.05054594
2.54705000 0.05050544
2.54715000 0.05050173
2.54725000 0.05049802
2.54735000 0.05049431
2.54745000 0.05049059
2.54755000 0.05048687
2.54765000 0.05048315
2.54775000 0.05047943
2.54785000 0.05047570
2.54795000 0.05043527
2.54805000 0.05043155
2.54815000 0.05042784
2.54825000 0.05042411
2.54835000 0.05042039
2.54845000 0.05041667
2.54855000 0.05041294
2.54865000 0.05040921
2.54875000 0.05036883
2.54885000 0.05036511
2.54895000 0.05036139
2.54905000 0.05035766
2.54915000 0.05035394
2.54925000 0.05035021
2.54935000 0.05034648
2.54945000 0.05034274
2.54955000 0.05030242
2.54965000 0.05029869
2.54975000 0.05029496
2.54985000 0.05029123
2.54995000 0.05028750
2.55005000 0.05028377
2.55015000 0.05028004
2.55025000 0.05027630
2.55035000 0.05027256
2.55045000 0.05023229
2.55055000 0.05022856
2.55065000 0.05022483
2.55075000 0.05022109
2.55085000 0.05021736
2.55095000 0.05021362
2.55105000 0.05020988
2.55115000 0.05020613
2.55125000 0.05016592
2.55135000 0.05016218
2.55145000 0.05015845
2.55155000 0.05015471
2.55165000 0.05015097
2.55175000 0.05014722
2.55185000 0.05014348
2.55195000 0.05013973
2.55205000 0.05013598
2.55215000 0.05009583
2.55225000 0.05009209
2.55235000 0.05008834
2.55245000 0.05008460
2.55255000 0.05008085
2.55265000 0.05007710
2.55275000 0.05007335
2.55285000 0.05006960
2.55295000 0.05002949
2.55305000 0.05002575
2.55315000 0.05002200
2.55325000 0.05001825
2.55335000 0.05001450
2.55345000 0.05001075
2.55355000 0.05000699
2.55365000 0.05000323
2.55375000 0.04999948
2.55385000 0.04995943
2.55395000 0.04995568
2.55405000 0.04995193
2.55415000 0.04994817
2.55425000 0.04994442
2.55435000 0.04994066
2.55445000 0.04993689
2.55455000 0.04993313
2.55465000 0.04989314
2.55475000 0.04988939
2.55485000 0.04988563
2.55495000 0.04988187
2.55505000 0.04987811
2.55515000 0.04987434
2.55525000 0.04987058
2.55535000 0.04986681
2.55545000 0.04982687
2.55555000 0.04982311
2.55565000 0.04981935
2.55575000 0.04981559
2.55585000 0.04981182
2.55595000 0.04980805
2.55605000 0.04980428
2.55615000 0.04980051
2.55625000 0.04979674
2.55635000 0.04975686
2.55645000 0.04975310
2.55655000 0.04974933
2.55665000 0.04974556
2.55675000 0.04974179
2.55685000 0.04973801
2.55695000 0.04973424
2.55705000 0.04973046
2.55715000 0.04969064
2.55725000 0.04968686
2.55735000 0.04968309
2.55745000 0.04967932
2.55755000 0.04967554
2.55765000 0.04967177
2.55775000 0.04966799
2.55785000 0.04966420
2.55795000 0.04966042
2.55805000 0.04962066
2.55815000 0.04961688
2.55825000 0.04961310
2.55835000 0.04960932
2.55845000 0.04960554
2.55855000 0.04960176
2.55865000 0.04959797
2.55875000 0.04959418
2.55885000 0.04955447
2.55895000 0.04955069
2.55905000 0.04954691
2.55915000 0.04954312
2.55925000 0.04953934
2.55935000 0.04953555
2.55945000 0.04953176
2.55955000 0.04952797
2.55965000 0.04948831
2.55975000 0.04948452
2.55985000 0.04948074
2.55995000 0.04947695
2.56005000 0.04947316
2.56015000 0.04946937
2.56025000 0.04946557
2.56035000 0.04946178
2.56045000 0.04945798
2.56055000 0.04941838
2.56065000 0.04941459
2.56075000 0.04941080
2.56085000 0.04940700
2.56095000 0.04940321
2.56105000 0.04939941
2.56115000 0.04939561
2.56125000 0.04939181
2.56135000 0.04935226
2.56145000 0.04934846
2.56155000 0.04934467
2.56165000 0.04934087
2.56175000 0.04933707
2.56185000 0.04933327
2.56195000 0.04932946
2.56205000 0.04932566
2.56215000 0.04928616
2.56225000 0.04928236
2.56235000 0.04927856
2.56245000 0.04927476
2.56255000 0.04927096
2.56265000 0.04926715
2.56275000 0.04926334
2.56285000 0.04925953
2.56295000 0.04925572
2.56305000 0.04921628
2.56315000 0.04921248
2.56325000 0.04920867
2.56335000 0.04920486
2.56345000 0.04920105
2.56355000 0.04919724
2.56365000 0.04919343
2.56375000 0.04918961
2.56385000 0.04915023
2.56395000 0.04914642
2.56405000 0.04914261
2.56415000 0.04913880
2.56425000 0.04913498
2.56435000 0.04913117
2.56445000 0.04912735
2.56455000 0.04912353
2.56465000 0.04911971
2.56475000 0.04908038
2.56485000 0.04907657
2.56495000 0.04907275
2.56505000 0.04906893
2.56515000 0.04906511
2.56525000 0.04906129
2.56535000 0.04905747
2.56545000 0.04905364
2.56555000 0.04901437
2.56565000 0.04901055
2.56575000 0.04900673
2.56585000 0.04900291
2.56595000 0.04899908
2.56605000 0.04899526
2.56615000 0.04899143
2.56625000 0.04898760
2.56635000 0.04894838
2.56645000 0.04894456
2.56655000 0.04894073
2.56665000 0.04893690
2.56675000 0.04893308
2.56685000 0.04892925
2.56695000 0.04892541
2.56705000 0.04892158
2.56715000 0.04891775
2.56725000 0.04887858
2.56735000 0.04887476
2.56745000 0.04887093
2.56755000 0.04886709
2.56765000 0.04886326
2.56775000 0.04885942
2.56785000 0.04885559
2.56795000 0.04885175
2.56805000 0.04881264
2.56815000 0.04880880
2.56825000 0.04880497
2.56835000 0.04880113
2.56845000 0.04879729
2.56855000 0.04879345
2.56865000 0.04878961
2.56875000 0.04878577
2.56885000 0.04874671
2.56895000 0.04874287
2.56905000 0.04873904
2.56915000 0.04873520
2.56925000 0.04873135
2.56935000 0.04872751
2.56945000 0.04872366
2.56955000 0.04871982
2.56965000 0.04871597
2.56975000 0.04867697
2.56985000 0.04867313
2.56995000 0.04866928
2.57005000 0.04866543
2.57015000 0.04866159
2.57025000 0.04865774
2.57035000 0.04865389
2.57045000 0.04865003
2.57055000 0.04861109
2.57065000 0.04860724
2.57075000 0.04860339
2.57085000 0.04859954
2.57095000 0.04859569
2.57105000 0.04859183
2.57115000 0.04858798
2.57125000 0.04858412
2.57135000 0.04858026
2.57145000 0.04854137
2.57155000 0.04853752
2.57165000 0.04853367
2.57175000 0.04852981
2.57185000 0.04852595
2.57195000 0.04852209
2.57205000 0.04851823
2.57215000 0.04851437
2.57225000 0.04847553
2.57235000 0.04847168
2.57245000 0.04846782
2.57255000 0.04846396
2.57265000 0.04846010
2.57275000 0.04845623
2.57285000 0.04845237
2.57295000 0.04844850
2.57305000 0.04840972
2.57315000 0.04840586
2.57325000 0.04840199
2.57335000 0.04839813
2.57345000 0.04839426
2.57355000 0.04839040
2.57365000 0.04838653
2.57375000 0.04838266
2.57385000 0.04837878
2.57395000 0.04834006
2.57405000 0.04833619
2.57415000 0.04833232
2.57425000 0.04832845
2.57435000 0.04832458
2.57445000 0.04832071
2.57455000 0.04831683
2.57465000 0.04831296
2.57475000 0.04827428
2.57485000 0.04827041
2.57495000 0.04826654
2.57505000 0.04826267
2.57515000 0.04825879
2.57525000 0.04825491
2.57535000 0.04825104
2.57545000 0.04824715
2.57555000 0.04820853
2.57565000 0.04820466
2.57575000 0.04820078
2.57585000 0.04819690
2.57595000 0.04819303
2.57605000 0.04818914
2.57615000 0.04818526
2.57625000 0.04818137
2.57635000 0.04817749
2.57645000 0.04813893
2.57655000 0.04813505
2.57665000 0.04813117
2.57675000 0.04812728
2.57685000 0.04812340
2.57695000 0.04811951
2.57705000 0.04811562
2.57715000 0.04811173
2.57725000 0.04807322
2.57735000 0.04806933
2.57745000 0.04806545
2.57755000 0.04806156
2.57765000 0.04805767
2.57775000 0.04805378
2.57785000 0.04804989
2.57795000 0.04804599
2.57805000 0.04800753
2.57815000 0.04800365
2.57825000 0.04799976
2.57835000 0.04799586
2.57845000 0.04799197
2.57855000 0.04798808
2.57865000 0.04798418
2.57875000 0.04798028
2.57885000 0.04797638
2.57895000 0.04793798
2.57905000 0.04793409
2.57915000 0.04793019
2.57925000 0.04792629
2.57935000 0.04792239
2.57945000 0.04791849
2.57955000 0.04791459
2.57965000 0.04791069
2.57975000 0.04787234
2.57985000 0.04786844
2.57995000 0.04786454
2.58005000 0.04786064
2.58015000 0.04785674
2.58025000 0.04785283
2.58035000 0.04784892
2.58045000 0.04784502
2.58055000 0.04780672
2.58065000 0.04780282
2.58075000 0.04779891
2.58085000 0.04779501
2.58095000 0.04779110
2.58105000 0.04778719
2.58115000 0.04778328
2.58125000 0.04777937
2.58135000 0.04777545
2.58145000 0.04773722
2.58155000 0.04773331
2.58165000 0.04772940
2.58175000 0.04772549
2.58185000 0.04772158
2.58195000 0.04771766
2.58205000 0.04771375
2.58215000 0.04770983
2.58225000 0.04767164
2.58235000 0.04766773
2.58245000 0.04766382
2.58255000 0.04765990
2.58265000 0.04765599
2.58275000 0.04765207
2.58285000 0.04764815
2.58295000 0.04764422
2.58305000 0.04760609
2.58315000 0.04760218
2.58325000 0.04759826
2.58335000 0.04759434
2.58345000 0.04759042
2.58355000 0.04758650
2.58365000 0.04758257
2.58375000 0.04757864
2.58385000 0.04754056
2.58395000 0.04753664
2.58405000 0.04753272
2.58415000 0.04752880
2.58425000 0.04752487
2.58435000 0.04752095
2.58445000 0.04751702
2.58455000 0.04751309
2.58465000 0.04750916
2.58475000 0.04747113
2.58485000 0.04746721
2.58495000 0.04746328
2.58505000 0.04745935
2.58515000 0.04745542
2.58525000 0.04745149
2.58535000 0.04744756
2.58545000 0.04744362
2.58555000 0.04740565
2.58565000 0.04740172
2.58575000 0.04739779
2.58585000 0.04739386
2.58595000 0.04738992
2.58605000 0.04738599
2.58615000 0.04738205
2.58625000 0.04737811
2.58635000 0.04734019
2.58645000 0.04733625
2.58655000 0.04733232
2.58665000 0.04732838
2.58675000 0.04732444
2.58685000 0.04732050
2.58695000 0.04731656
2.58705000 0.04731262
2.58715000 0.04730867
2.58725000 0.04727081
2.58735000 0.04726687
2.58745000 0.04726293
2.58755000 0.04725899
2.58765000 0.04725505
2.58775000 0.04725110
2.58785000 0.04724715
2.58795000 0.04724320
2.58805000 0.04720539
2.58815000 0.04720145
2.58825000 0.04719751
2.58835000 0.04719356
2.58845000 0.04718961
2.58855000 0.04718566
2.58865000 0.04718171
2.58875000 0.04717776
2.58885000 0.04714000
2.58895000 0.04713605
2.58905000 0.04713210
2.58915000 0.04712815
2.58925000 0.04712420
2.58935000 0.04712025
2.58945000 0.04711629
2.58955000 0.04711234
2.58965000 0.04710838
2.58975000 0.04707068
2.58985000 0.04706673
2.58995000 0.04706277
2.59005000 0.04705882
2.59015000 0.04705486
2.59025000 0.04705090
2.59035000 0.04704694
2.59045000 0.04704298
2.59055000 0.04700533
2.59065000 0.04700137
2.59075000 0.04699741
2.59085000 0.04699345
2.59095000 0.04698949
2.59105000 0.04698553
2.59115000 0.04698156
2.59125000 0.04697760
2.59135000 0.04694000
2.59145000 0.04693604
2.59155000 0.04693208
2.59165000 0.04692811
2.59175000 0.04692415
2.59185000 0.04692018
2.59195000 0.04691621
2.59205000 0.04691224
2.59215000 0.04687470
2.59225000 0.04687073
2.59235000 0.04686677
2.59245000 0.04686280
2.59255000 0.04685883
2.59265000 0.04685486
2.59275000 0.04685089
2.59285000 0.04684691
2.59295000 0.04684294
2.59305000 0.04680545
2.59315000 0.04680148
2.59325000 0.04679751
2.59335000 0.04679354
2.59345000 0.04678956
2.59355000 0.04678558
2.59365000 0.04678161
2.59375000 0.04677763
2.59385000 0.04674019
2.59395000 0.04673622
2.59405000 0.04673224
2.59415000 0.04672826
2.59425000 0.04672429
2.59435000 0.04672031
2.59445000 0.04671632
2.59455000 0.04671234
2.59465000 0.04667495
2.59475000 0.04667098
2.59485000 0.04666700
2.59495000 0.04666302
2.59505000 0.04665903
2.59515000 0.04665505
2.59525000 0.04665106
2.59535000 0.04664708
2.59545000 0.04664309
2.59555000 0.04660576
2.59565000 0.04660178
2.59575000 0.04659779
2.59585000 0.04659381
2.59595000 0.04658982
2.59605000 0.04658583
2.59615000 0.04658184
2.59625000 0.04657784
2.59635000 0.04654057
2.59645000 0.04653658
2.59655000 0.04653259
2.59665000 0.04652860
2.59675000 0.04652461
2.59685000 0.04652062
2.59695000 0.04651662
2.59705000 0.04651263
2.59715000 0.04647540
2.59725000 0.04647141
2.59735000 0.04646742
2.59745000 0.04646342
2.59755000 0.04645943
2.59765000 0.04645543
2.59775000 0.04645143
2.59785000 0.04644743
2.59795000 0.04641026
2.59805000 0.04640626
2.59815000 0.04640227
2.59825000 0.04639827
2.59835000 0.04639427
2.59845000 0.04639027
2.59855000 0.04638626
2.59865000 0.04638226
2.59875000 0.04637825
2.59885000 0.04634114
2.59895000 0.04633714
2.59905000 0.04633314
2.59915000 0.04632913
2.59925000 0.04632513
2.59935000 0.04632112
2.59945000 0.04631711
2.59955000 0.04631310
2.59965000 0.04627604
2.59975000 0.04627203
2.59985000 0.04626803
2.59995000 0.04626402
2.60005000 0.04626001
2.60015000 0.04625600
2.60025000 0.04625199
2.60035000 0.04624798
2.60045000 0.04621096
2.60055000 0.04620695
2.60065000 0.04620294
2.60075000 0.04619893
2.60085000 0.04619492
2.60095000 0.04619091
2.60105000 0.04618689
2.60115000 0.04618287
2.60125000 0.04614591
2.60135000 0.04614190
2.60145000 0.04613788
2.60155000 0.04613387
2.60165000 0.04612985
2.60175000 0.04612584
2.60185000 0.04612182
2.60195000 0.04611779
2.60205000 0.04611377
2.60215000 0.04607687
2.60225000 0.04607285
2.60235000 0.04606883
2.60245000 0.04606481
2.60255000 0.04606079
2.60265000 0.04605676
2.60275000 0.04605274
2.60285000 0.04604871
2.60295000 0.04601186
2.60305000 0.04600784
2.60315000 0.04600382
2.60325000 0.04599979
2.60335000 0.04599577
2.60345000 0.04599174
2.60355000 0.04598771
2.60365000 0.04598368
2.60375000 0.04594687
2.60385000 0.04594285
2.60395000 0.04593882
2.60405000 0.04593480
2.60415000 0.04593077
2.60425000 0.04592674
2.60435000 0.04592270
2.60445000 0.04591867
2.60455000 0.04588191
2.60465000 0.04587789
2.60475000 0.04587386
2.60485000 0.04586983
2.60495000 0.04586579
2.60505000 0.04586176
2.60515000 0.04585772
2.60525000 0.04585368
2.60535000 0.04584964
2.60545000 0.04581295
2.60555000 0.04580891
2.60565000 0.04580488
2.60575000 0.04580084
2.60585000 0.04579680
2.60595000 0.04579276
2.60605000 0.04578872
2.60615000 0.04578468
2.60625000 0.04574803
2.60635000 0.04574400
2.60645000 0.04573996
2.60655000 0.04573592
2.60665000 0.04573187
2.60675000 0.04572783
2.60685000 0.04572378
2.60695000 0.04571974
2.60705000 0.04568314
2.60715000 0.04567910
2.60725000 0.04567506
2.60735000 0.04567101
2.60745000 0.04566697
2.60755000 0.04566292
2.60765000 0.04565887
2.60775000 0.04565482
2.60785000 0.04561827
2.60795000 0.04561423
2.60805000 0.04561018
2.60815000 0.04560614
2.60825000 0.04560209
2.60835000 0.04559803
2.60845000 0.04559398
2.60855000 0.04558993
2.60865000 0.04558587
2.60875000 0.04554938
2.60885000 0.04554533
2.60895000 0.04554128
2.60905000 0.04553723
2.60915000 0.04553317
2.60925000 0.04552912
2.60935000 0.04552506
2.60945000 0.04552100
2.60955000 0.04548456
2.60965000 0.04548051
2.60975000 0.04547645
2.60985000 0.04547240
2.60995000 0.04546834
2.61005000 0.04546428
2.61015000 0.04546021
2.61025000 0.04545615
2.61035000 0.04541976
2.61045000 0.04541571
2.61055000 0.04541165
2.61065000 0.04540759
2.61075000 0.04540352
2.61085000 0.04539946
2.61095000 0.04539539
2.61105000 0.04539132
2.61115000 0.04535499
2.61125000 0.04535093
2.61135000 0.04534687
2.61145000 0.04534280
2.61155000 0.04533874
2.61165000 0.04533467
2.61175000 0.04533060
2.61185000 0.04532653
2.61195000 0.04532245
2.61205000 0.04528618
2.61215000 0.04528211
2.61225000 0.04527804
2.61235000 0.04527397
2.61245000 0.04526990
2.61255000 0.04526583
2.61265000 0.04526175
2.61275000 0.04525767
2.61285000 0.04522145
2.61295000 0.04521738
2.61305000 0.04521331
2.61315000 0.04520923
2.61325000 0.04520516
2.61335000 0.04520108
2.61345000 0.04519700
2.61355000 0.04519292
2.61365000 0.04515674
2.61375000 0.04515267
2.61385000 0.04514859
2.61395000 0.04514452
2.61405000 0.04514044
2.61415000 0.04513636
2.61425000 0.04513227
2.61435000 0.04512819
2.61445000 0.04509207
2.61455000 0.04508799
2.61465000 0.04508391
2.61475000 0.04507983
2.61485000 0.04507574
2.61495000 0.04507166
2.61505000 0.04506757
2.61515000 0.04506348
2.61525000 0.04502741
2.61535000 0.04502333
2.61545000 0.04501925
2.61555000 0.04501516
2.61565000 0.04501107
2.61575000 0.04500699
2.61585000 0.04500290
2.61595000 0.04499880
2.61605000 0.04499471
2.61615000 0.04495869
2.61625000 0.04495461
2.61635000 0.04495052
2.61645000 0.04494643
2.61655000 0.04494234
2.61665000 0.04493824
2.61675000 0.04493415
2.61685000 0.04493005
2.61695000 0.04489408
2.61705000 0.04488999
2.61715000 0.04488590
2.61725000 0.04488181
2.61735000 0.04487771
2.61745000 0.04487361
2.61755000 0.04486952
2.61765000 0.04486541
2.61775000 0.04482950
2.61785000 0.04482540
2.61795000 0.04482131
2.61805000 0.04481721
2.61815000 0.04481311
2.61825000 0.04480901
2.61835000 0.04480491
2.61845000 0.04480080
2.61855000 0.04476494
2.61865000 0.04476084
2.61875000 0.04475674
2.61885000 0.04475264
2.61895000 0.04474854
2.61905000 0.04474443
2.61915000 0.04474033
2.61925000 0.04473622
2.61935000 0.04470040
2.61945000 0.04469630
2.61955000 0.04469220
2.61965000 0.04468809
2.61975000 0.04468399
2.61985000 0.04467988
2.61995000 0.04467577
2.62005000 0.04467166
2.62015000 0.04466754
2.62025000 0.04463178
2.62035000 0.04462768
2.62045000 0.04462357
2.62055000 0.04461946
2.62065000 0.04461535
2.62075000 0.04461123
2.62085000 0.04460712
2.62095000 0.04460300
2.62105000 0.04456729
2.62115000 0.04456318
2.62125000 0.04455907
2.62135000 0.04455496
2.62145000 0.04455084
2.62155000 0.04454672
2.62165000 0.04454261
2.62175000 0.04453849
2.62185000 0.04450283
2.62195000 0.04449871
2.62205000 0.04449460
2.62215000 0.04449048
2.62225000 0.04448636
2.62235000 0.04448224
2.62245000 0.04447812
2.62255000 0.04447399
2.62265000 0.04443839
2.62275000 0.04443427
2.62285000 0.04443015
2.62295000 0.04442603
2.62305000 0.04442191
2.62315000 0.04441778
2.62325000 0.04441365
2.62335000 0.04440953
2.62345000 0.04437397
2.62355000 0.04436985
2.62365000 0.04436573
2.62375000 0.04436160
2.62385000 0.04435747
2.62395000 0.04435335
2.62405000 0.04434922
2.62415000 0.04434508
2.62425000 0.04434095
2.62435000 0.04430545
2.62445000 0.04430133
2.62455000 0.04429720
2.62465000 0.04429307
2.62475000 0.04428894
2.62485000 0.04428480
2.62495000 0.04428067
2.62505000 0.04427653
2.62515000 0.04424108
2.62525000 0.04423695
2.62535000 0.04423282
2.62545000 0.04422869
2.62555000 0.04422455
2.62565000 0.04422041
2.62575000 0.04421627
2.62585000 0.04421213
2.62595000 0.04417674
2.62605000 0.04417260
2.62615000 0.04416847
2.62625000 0.04416433
2.62635000 0.04416019
2.62645000 0.04415605
2.62655000 0.04415191
2.62665000 0.04414776
2.62675000 0.04411241
2.62685000 0.04410828
2.62695000 0.04410414
2.62705000 0.04410000
2.62715000 0.04409585
2.62725000 0.04409171
2.62735000 0.04408756
2.62745000 0.04408342
2.62755000 0.04404812
2.62765000 0.04404398
2.62775000 0.04403983
2.62785000 0.04403569
2.62795000 0.04403154
2.62805000 0.04402740
2.62815000 0.04402325
2.62825000 0.04401910
2.62835000 0.04398384
2.62845000 0.04397970
2.62855000 0.04397555
2.62865000 0.04397141
2.62875000 0.04396726
2.62885000 0.04396311
2.62895000 0.04395895
2.62905000 0.04395480
2.62915000 0.04395064
2.62925000 0.04391545
2.62935000 0.04391130
2.62945000 0.04390715
2.62955000 0.04390300
2.62965000 0.04389884
2.62975000 0.04389468
2.62985000 0.04389053
2.62995000 0.04388637
2.63005000 0.04385122
2.63015000 0.04384707
2.63025000 0.04384292
2.63035000 0.04383876
2.63045000 0.04383460
2.63055000 0.04383044
2.63065000 0.04382628
2.63075000 0.04382212
2.63085000 0.04378702
2.63095000 0.04378287
2.63105000 0.04377871
2.63115000 0.04377455
2.63125000 0.04377039
2.63135000 0.04376622
2.63145000 0.04376206
2.63155000 0.04375789
2.63165000 0.04372285
2.63175000 0.04371869
2.63185000 0.04371453
2.63195000 0.04371036
2.63205000 0.04370620
2.63215000 0.04370203
2.63225000 0.04369786
2.63235000 0.04369369
2.63245000 0.04365870
2.63255000 0.04365453
2.63265000 0.04365037
2.63275000 0.04364620
2.63285000 0.04364203
2.63295000 0.04363786
2.63305000 0.04363369
2.63315000 0.04362951
2.63325000 0.04359457
2.63335000 0.04359040
2.63345000 0.04358623
2.63355000 0.04358206
2.63365000 0.04357789
2.63375000 0.04357372
2.63385000 0.04356954
2.63395000 0.04356536
2.63405000 0.04356119
2.63415000 0.04352630
2.63425000 0.04352213
2.63435000 0.04351795
2.63445000 0.04351378
2.63455000 0.04350960
2.63465000 0.04350542
2.63475000 0.04350124
2.63485000 0.04349706
2.63495000 0.04346222
2.63505000 0.04345804
2.63515000 0.04345387
2.63525000 0.04344969
2.63535000 0.04344551
2.63545000 0.04344132
2.63555000 0.04343714
2.63565000 0.04343295
2.63575000 0.04339816
2.63585000 0.04339399
2.63595000 0.04338980
2.63605000 0.04338562
2.63615000 0.04338144
2.63625000 0.04337725
2.63635000 0.04337306
2.63645000 0.04336887
2.63655000 0.04333414
2.63665000 0.04332995
2.63675000 0.04332577
2.63685000 0.04332158
2.63695000 0.04331739
2.63705000 0.04331320
2.63715000 0.04330901
2.63725000 0.04330482
2.63735000 0.04327013
2.63745000 0.04326594
2.63755000 0.04326176
2.63765000 0.04325757
2.63775000 0.04325338
2.63785000 0.04324918
2.63795000 0.04324499
2.63805000 0.04324079
2.63815000 0.04320615
2.63825000 0.04320196
2.63835000 0.04319777
2.63845000 0.04319358
2.63855000 0.04318938
2.63865000 0.04318519
2.63875000 0.04318099
2.63885000 0.04317679
2.63895000 0.04314220
2.63905000 0.04313801
2.63915000 0.04313381
2.63925000 0.04312961
2.63935000 0.04312541
2.63945000 0.04312121
2.63955000 0.04311701
2.63965000 0.04311281
2.63975000 0.04310860
2.63985000 0.04307407
2.63995000 0.04306987
2.64005000 0.04306567
2.64015000 0.04306147
2.64025000 0.04305727
2.64035000 0.04305306
2.64045000 0.04304886
2.64055000 0.04304465
2.64065000 0.04301017
2.64075000 0.04300596
2.64085000 0.04300176
2.64095000 0.04299755
2.64105000 0.04299335
2.64115000 0.04298914
2.64125000 0.04298493
2.64135000 0.04298072
2.64145000 0.04294628
2.64155000 0.04294208
2.64165000 0.04293787
2.64175000 0.04293366
2.64185000 0.04292945
2.64195000 0.04292524
2.64205000 0.04292103
2.64215000 0.04291681
2.64225000 0.04288243
2.64235000 0.04287822
2.64245000 0.04287401
2.64255000 0.04286980
2.64265000 0.04286558
2.64275000 0.04286137
2.64285000 0.04285715
2.64295000 0.04285293
2.64305000 0.04281860
2.64315000 0.04281438
2.64325000 0.04281017
2.64335000 0.04280595
2.64345000 0.04280174
2.64355000 0.04279752
2.64365000 0.04279330
2.64375000 0.04278908
2.64385000 0.04275479
2.64395000 0.04275058
2.64405000 0.04274636
2.64415000 0.04274214
2.64425000 0.04273792
2.64435000 0.04273370
2.64445000 0.04272947
2.64455000 0.04272525
2.64465000 0.04269101
2.64475000 0.04268679
2.64485000 0.04268257
2.64495000 0.04267835
2.64505000 0.04267412
2.64515000 0.04266990
2.64525000 0.04266567
2.64535000 0.04266144
2.64545000 0.04262726
2.64555000 0.04262303
2.64565000 0.04261881
2.64575000 0.04261458
2.64585000 0.04261036
2.64595000 0.04260613
2.64605000 0.04260190
2.64615000 0.04259766
2.64625000 0.04259343
2.64635000 0.04255930
2.64645000 0.04255507
2.64655000 0.04255084
2.64665000 0.04254661
2.64675000 0.04254238
2.64685000 0.04253815
2.64695000 0.04253391
2.64705000 0.04252967
2.64715000 0.04249559
2.64725000 0.04249136
2.64735000 0.04248713
2.64745000 0.04248289
2.64755000 0.04247866
2.64765000 0.04247442
2.64775000 0.04247018
2.64785000 0.04246594
2.64795000 0.04243191
2.64805000 0.04242768
2.64815000 0.04242344
2.64825000 0.04241920
2.64835000 0.04241496
2.64845000 0.04241072
2.64855000 0.04240648
2.64865000 0.04240224
2.64875000 0.04236825
2.64885000 0.04236402
2.64895000 0.04235978
2.64905000 0.04235554
2.64915000 0.04235129
2.64925000 0.04234705
2.64935000 0.04234280
2.64945000 0.04233855
2.64955000 0.04230462
2.64965000 0.04230038
2.64975000 0.04229614
2.64985000 0.04229189
2.64995000 0.04228765
2.65005000 0.04228340
2.65015000 0.04227915
2.65025000 0.04227490
2.65035000 0.04224102
2.65045000 0.04223677
2.65055000 0.04223253
2.65065000 0.04222828
2.65075000 0.04222403
2.65085000 0.04221978
2.65095000 0.04221553
2.65105000 0.04221127
2.65115000 0.04217744
2.65125000 0.04217319
2.65135000 0.04216894
2.65145000 0.04216469
2.65155000 0.04216044
2.65165000 0.04215618
2.65175000 0.04215193
2.65185000 0.04214767
2.65195000 0.04211388
2.65205000 0.04210963
2.65215000 0.04210538
2.65225000 0.04210112
2.65235000 0.04209687
2.65245000 0.04209261
2.65255000 0.04208835
2.65265000 0.04208409
2.65275000 0.04205035
2.65285000 0.04204610
2.65295000 0.04204184
2.65305000 0.04203758
2.65315000 0.04203333
2.65325000 0.04202906
2.65335000 0.04202480
2.65345000 0.04202054
2.65355000 0.04201627
2.65365000 0.04198259
2.65375000 0.04197833
2.65385000 0.04197407
2.65395000 0.04196981
2.65405000 0.04196554
2.65415000 0.04196128
2.65425000 0.04195701
2.65435000 0.04195274
2.65445000 0.04191911
2.65455000 0.04191485
2.65465000 0.04191058
2.65475000 0.04190632
2.65485000 0.04190205
2.65495000 0.04189778
2.65505000 0.04189351
2.65515000 0.04188924
2.65525000 0.04185566
2.65535000 0.04185139
2.65545000 0.04184712
2.65555000 0.04184285
2.65565000 0.04183858
2.65575000 0.04183431
2.65585000 0.04183004
2.65595000 0.04182576
2.65605000 0.04179223
2.65615000 0.04178796
2.65625000 0.04178369
2.65635000 0.04177941
2.65645000 0.04177514
2.65655000 0.04177086
2.65665000 0.04176659
2.65675000 0.04176231
2.65685000 0.04172882
2.65695000 0.04172455
2.65705000 0.04172028
2.65715000 0.04171600
2.65725000 0.04171172
2.65735000 0.04170744
2.65745000 0.04170316
2.65755000 0.04169888
2.65765000 0.04166545
2.65775000 0.04166117
2.65785000 0.04165689
2.65795000 0.04165261
2.65805000 0.04164833
2.65815000 0.04164405
2.65825000 0.04163977
2.65835000 0.04163548
2.65845000 0.04160209
2.65855000 0.04159781
2.65865000 0.04159353
2.65875000 0.04158925
2.65885000 0.04158497
2.65895000 0.04158068
2.65905000 0.04157639
2.65915000 0.04157210
2.65925000 0.04153877
2.65935000 0.04153448
2.65945000 0.04153020
2.65955000 0.04152591
2.65965000 0.04152163
2.65975000 0.04151734
2.65985000 0.04151305
2.65995000 0.04150876
2.66005000 0.04147547
2.66015000 0.04147118
2.66025000 0.04146689
2.66035000 0.04146260
2.66045000 0.04145831
2.66055000 0.04145402
2.66065000 0.04144973
2.66075000 0.04144543
2.66085000 0.04141219
2.66095000 0.04140790
2.66105000 0.04140361
2.66115000 0.04139932
2.66125000 0.04139503
2.66135000 0.04139073
2.66145000 0.04138643
2.66155000 0.04138214
2.66165000 0.04134894
2.66175000 0.04134465
2.66185000 0.04134036
2.66195000 0.04133606
2.66205000 0.04133176
2.66215000 0.04132747
2.66225000 0.04132317
2.66235000 0.04131886
2.66245000 0.04128572
2.66255000 0.04128143
2.66265000 0.04127713
2.66275000 0.04127283
2.66285000 0.04126853
2.66295000 0.04126423
2.66305000 0.04125992
2.66315000 0.04125562
2.66325000 0.04122253
2.66335000 0.04121823
2.66345000 0.04121393
2.66355000 0.04120962
2.66365000 0.04120532
2.66375000 0.04120101
2.66385000 0.04119671
2.66395000 0.04119240
2.66405000 0.04118809
2.66415000 0.04115505
2.66425000 0.04115075
2.66435000 0.04114644
2.66445000 0.04114214
2.66455000 0.04113783
2.66465000 0.04113352
2.66475000 0.04112921
2.66485000 0.04112489
2.66495000 0.04109190
2.66505000 0.04108760
2.66515000 0.04108329
2.66525000 0.04107898
2.66535000 0.04107467
2.66545000 0.04107035
2.66555000 0.04106604
2.66565000 0.04106172
2.66575000 0.04102878
2.66585000 0.04102447
2.66595000 0.04102016
2.66605000 0.04101585
2.66615000 0.04101153
2.66625000 0.04100722
2.66635000 0.04100290
2.66645000 0.04099858
2.66655000 0.04096569
2.66665000 0.04096137
2.66675000 0.04095706
2.66685000 0.04095274
2.66695000 0.04094843
2.66705000 0.04094411
2.66715000 0.04093978
2.66725000 0.04093546
2.66735000 0.04090262
2.66745000 0.04089830
2.66755000 0.04089398
2.66765000 0.04088966
2.66775000 0.04088534
2.66785000 0.04088102
2.66795000 0.04087670
2.66805000 0.04087237
2.66815000 0.04083958
2.66825000 0.04083526
2.66835000 0.04083093
2.66845000 0.04082661
2.66855000 0.04082229
2.66865000 0.04081796
2.66875000 0.04081363
2.66885000 0.04080930
2.66895000 0.04077656
2.66905000 0.04077224
2.66915000 0.04076791
2.66925000 0.04076358
2.66935000 0.04075926
2.66945000 0.04075493
2.66955000 0.04075060
2.66965000 0.04074627
2.66975000 0.04071357
2.66985000 0.04070924
2.66995000 0.04070491
2.67005000 0.04070058
2.67015000 0.04069625
2.67025000 0.04069192
2.67035000 0.04068759
2.67045000 0.04068325
2.67055000 0.04065060
2.67065000 0.04064627
2.67075000 0.04064194
2.67085000 0.04063761
2.67095000 0.04063328
2.67105000 0.04062894
2.67115000 0.04062460
2.67125000 0.04062027
2.67135000 0.04058766
2.67145000 0.04058333
2.67155000 0.04057900
2.67165000 0.04057466
2.67175000 0.04057033
2.67185000 0.04056599
2.67195000 0.04056165
2.67205000 0.04055731
2.67215000 0.04052475
2.67225000 0.04052042
2.67235000 0.04051608
2.67245000 0.04051174
2.67255000 0.04050740
2.67265000 0.04050306
2.67275000 0.04049872
2.67285000 0.04049437
2.67295000 0.04046187
2.67305000 0.04045753
2.67315000 0.04045319
2.67325000 0.04044885
2.67335000 0.04044450
2.67345000 0.04044016
2.67355000 0.04043581
2.67365000 0.04043146
2.67375000 0.04039901
2.67385000 0.04039467
2.67395000 0.04039032
2.67405000 0.04038598
2.67415000 0.04038163
2.67425000 0.04037728
2.67435000 0.04037293
2.67445000 0.04036858
2.67455000 0.04033618
2.67465000 0.04033183
2.67475000 0.04032748
2.67485000 0.04032314
2.67495000 0.04031879
2.67505000 0.04031444
2.67515000 0.04031008
2.67525000 0.04030573
2.67535000 0.04027337
2.67545000 0.04026902
2.67555000 0.04026467
2.67565000 0.04026032
2.67575000 0.04025597
2.67585000 0.04025161
2.67595000 0.04024726
2.67605000 0.04024290
2.67615000 0.04021059
2.67625000 0.04020624
2.67635000 0.04020189
2.67645000 0.04019753
2.67655000 0.04019318
2.67665000 0.04018882
2.67675000 0.04018446
2.67685000 0.04018010
2.67695000 0.04014784
2.67705000 0.04014348
2.67715000 0.04013913
2.67725000 0.04013477
2.67735000 0.04013041
2.67745000 0.04012605
2.67755000 0.04012169
2.67765000 0.04011732
2.67775000 0.04008511
2.67785000 0.04008075
2.67795000 0.04007639
2.67805000 0.04007203
2.67815000 0.04006767
2.67825000 0.04006331
2.67835000 0.04005894
2.67845000 0.04005457
2.67855000 0.04002241
2.67865000 0.04001805
2.67875000 0.04001369
2.67885000 0.04000932
2.67895000 0.04000496
2.67905000 0.04000059
2.67915000 0.03999622
2.67925000 0.03999185
2.67935000 0.03995973
2.67945000 0.03995537
2.67955000 0.03995101
2.67965000 0.03994664
2.67975000 0.03994227
2.67985000 0.03993790
2.67995000 0.03993353
2.68005000 0.03992916
2.68015000 0.03989709
2.68025000 0.03989272
2.68035000 0.03988835
2.68045000 0.03988398
2.68055000 0.03987961
2.68065000 0.03987524
2.68075000 0.03987086
2.68085000 0.03986649
2.68095000 0.03983447
2.68105000 0.03983010
2.68115000 0.03982573
2.68125000 0.03982135
2.68135000 0.03981698
2.68145000 0.03981260
2.68155000 0.03980823
2.68165000 0.03980385
2.68175000 0.03977187
2.68185000 0.03976750
2.68195000 0.03976313
2.68205000 0.03975875
2.68215000 0.03975437
2.68225000 0.03974999
2.68235000 0.03974561
2.68245000 0.03974123
2.68255000 0.03970931
2.68265000 0.03970493
2.68275000 0.03970055
2.68285000 0.03969617
2.68295000 0.03969179
2.68305000 0.03968741
2.68315000 0.03968303
2.68325000 0.03967864
2.68335000 0.03964677
2.68345000 0.03964239
2.68355000 0.03963801
2.68365000 0.03963362
2.68375000 0.03962924
2.68385000 0.03962486
2.68395000 0.03962047
2.68405000 0.03961608
2.68415000 0.03958425
2.68425000 0.03957987
2.68435000 0.03957549
2.68445000 0.03957110
2.68455000 0.03956672
2.68465000 0.03956233
2.68475000 0.03955794
2.68485000 0.03955355
2.68495000 0.03952177
2.68505000 0.03951738
2.68515000 0.03951299
2.68525000 0.03950861
2.68535000 0.03950422
2.68545000 0.03949983
2.68555000 0.03949543
2.68565000 0.03949104
2.68575000 0.03945931
2.68585000 0.03945492
2.68595000 0.03945053
2.68605000 0.03944614
2.68615000 0.03944174
2.68625000 0.03943735
2.68635000 0.03943295
2.68645000 0.03942856
2.68655000 0.03939687
2.68665000 0.03939248
2.68675000 0.03938809
2.68685000 0.03938369
2.68695000 0.03937930
2.68705000 0.03937490
2.68715000 0.03937050
2.68725000 0.03936610
2.68735000 0.03933447
2.68745000 0.03933007
2.68755000 0.03932568
2.68765000 0.03932128
2.68775000 0.03931688
2.68785000 0.03931248
2.68795000 0.03930808
2.68805000 0.03930368
2.68815000 0.03927209
2.68825000 0.03926769
2.68835000 0.03926329
2.68845000 0.03925889
2.68855000 0.03925449
2.68865000 0.03925009
2.68875000 0.03924568
2.68885000 0.03924128
2.68895000 0.03920973
2.68905000 0.03920533
2.68915000 0.03920093
2.68925000 0.03919653
2.68935000 0.03919213
2.68945000 0.03918772
2.68955000 0.03918331
2.68965000 0.03917890
2.68975000 0.03914741
2.68985000 0.03914301
2.68995000 0.03913860
2.69005000 0.03913420
2.69015000 0.03912979
2.69025000 0.03912538
2.69035000 0.03912097
2.69045000 0.03911656
2.69055000 0.03908511
2.69065000 0.03908070
2.69075000 0.03907630
2.69085000 0.03907189
2.69095000 0.03906748
2.69105000 0.03906307
2.69115000 0.03905865
2.69125000 0.03905424
2.69135000 0.03902284
2.69145000 0.03901843
2.69155000 0.03901402
2.69165000 0.03900961
2.69175000 0.03900519
2.69185000 0.03900078
2.69195000 0.03899636
2.69205000 0.03899195
2.69215000 0.03896059
2.69225000 0.03895618
2.69235000 0.03895177
2.69245000 0.03894735
2.69255000 0.03894294
2.69265000 0.03893852
2.69275000 0.03893410
2.69285000 0.03892968
2.69295000 0.03889838
2.69305000 0.03889396
2.69315000 0.03888955
2.69325000 0.03888513
2.69335000 0.03888071
2.69345000 0.03887629
2.69355000 0.03887187
2.69365000 0.03886744
2.69375000 0.03883619
2.69385000 0.03883177
2.69395000 0.03882735
2.69405000 0.03882293
2.69415000 0.03881851
2.69425000 0.03881408
2.69435000 0.03880966
2.69445000 0.03880523
2.69455000 0.03877402
2.69465000 0.03876960
2.69475000 0.03876518
2.69485000 0.03876076
2.69495000 0.03875633
2.69505000 0.03875191
2.69515000 0.03874748
2.69525000 0.03874305
2.69535000 0.03871189
2.69545000 0.03870746
2.69555000 0.03870304
2.69565000 0.03869861
2.69575000 0.03869419
2.69585000 0.03868976
2.69595000 0.03868532
2.69605000 0.03868089
2.69615000 0.03864978
2.69625000 0.03864535
2.69635000 0.03864093
2.69645000 0.03863650
2.69655000 0.03863206
2.69665000 0.03862763
2.69675000 0.03862320
2.69685000 0.03861876
2.69695000 0.03858770
2.69705000 0.03858327
2.69715000 0.03857884
2.69725000 0.03857441
2.69735000 0.03856997
2.69745000 0.03856554
2.69755000 0.03856110
2.69765000 0.03855666
2.69775000 0.03852564
2.69785000 0.03852121
2.69795000 0.03851678
2.69805000 0.03851234
2.69815000 0.03850791
2.69825000 0.03850347
2.69835000 0.03849903
2.69845000 0.03849459
2.69855000 0.03846362
2.69865000 0.03845918
2.69875000 0.03845475
2.69885000 0.03845031
2.69895000 0.03844587
2.69905000 0.03844143
2.69915000 0.03843698
2.69925000 0.03843254
2.69935000 0.03840162
2.69945000 0.03839718
2.69955000 0.03839274
2.69965000 0.03838830
2.69975000 0.03838386
2.69985000 0.03837941
2.69995000 0.03837497
2.70005000 0.03837052
2.70015000 0.03833965
2.70025000 0.03833521
2.70035000 0.03833076
2.70045000 0.03832632
2.70055000 0.03832187
2.70065000 0.03831743
2.70075000 0.03831298
2.70085000 0.03830853
2.70095000 0.03827770
2.70105000 0.03827326
2.70115000 0.03826881
2.70125000 0.03826437
2.70135000 0.03825992
2.70145000 0.03825547
2.70155000 0.03825102
2.70165000 0.03824657
2.70175000 0.03821578
2.70185000 0.03821134
2.70195000 0.03820689
2.70205000 0.03820244
2.70215000 0.03819799
2.70225000 0.03819354
2.70235000 0.03818908
2.70245000 0.03818463
2.70255000 0.03815390
2.70265000 0.03814945
2.70275000 0.03814499
2.70285000 0.03814054
2.70295000 0.03813609
2.70305000 0.03813163
2.70315000 0.03812718
2.70325000 0.03812272
2.70335000 0.03809203
2.70345000 0.03808758
2.70355000 0.03808313
2.70365000 0.03807867
2.70375000 0.03807422
2.70385000 0.03806976
2.70395000 0.03806530
2.70405000 0.03806084
2.70415000 0.03803020
2.70425000 0.03802574
2.70435000 0.03802129
2.70445000 0.03801683
2.70455000 0.03801237
2.70465000 0.03800791
2.70475000 0.03800345
2.70485000 0.03797285
2.70495000 0.03796839
2.70505000 0.03796393
2.70515000 0.03795947
2.70525000 0.03795501
2.70535000 0.03795055
2.70545000 0.03794609
2.70555000 0.03794162
2.70565000 0.03791107
2.70575000 0.03790661
2.70585000 0.03790215
2.70595000 0.03789769
2.70605000 0.03789323
2.70615000 0.03788876
2.70625000 0.03788429
2.70635000 0.03787983
2.70645000 0.03784932
2.70655000 0.03784486
2.70665000 0.03784040
2.70675000 0.03783593
2.70685000 0.03783147
2.70695000 0.03782700
2.70705000 0.03782253
2.70715000 0.03781806
2.70725000 0.03778760
2.70735000 0.03778314
2.70745000 0.03777867
2.70755000 0.03777420
2.70765000 0.03776973
2.70775000 0.03776526
2.70785000 0.03776079
2.70795000 0.03775632
2.70805000 0.03772591
2.70815000 0.03772144
2.70825000 0.03771697
2.70835000 0.03771250
2.70845000 0.03770803
2.70855000 0.03770356
2.70865000 0.03769908
2.70875000 0.03769460
2.70885000 0.03766424
2.70895000 0.03765977
2.70905000 0.03765530
2.70915000 0.03765083
2.70925000 0.03764635
2.70935000 0.03764188
2.70945000 0.03763740
2.70955000 0.03763292
2.70965000 0.03760260
2.70975000 0.03759813
2.70985000 0.03759366
2.70995000 0.03758918
2.71005000 0.03758470
2.71015000 0.03758022
2.71025000 0.03757574
2.71035000 0.03757126
2.71045000 0.03754099
2.71055000 0.03753652
2.71065000 0.03753204
2.71075000 0.03752756
2.71085000 0.03752308
2.71095000 0.03751860
2.71105000 0.03751412
2.71115000 0.03750963
2.71125000 0.03747941
2.71135000 0.03747493
2.71145000 0.03747045
2.71155000 0.03746597
2.71165000 0.03746149
2.71175000 0.03745700
2.71185000 0.03745252
2.71195000 0.03744803
2.71205000 0.03741786
2.71215000 0.03741338
2.71225000 0.03740889
2.71235000 0.03740441
2.71245000 0.03739992
2.71255000 0.03739544
2.71265000 0.03739095
2.71275000 0.03738646
2.71285000 0.03735633
2.71295000 0.03735185
2.71305000 0.03734736
2.71315000 0.03734287
2.71325000 0.03733839
2.71335000 0.03733390
2.71345000 0.03732941
2.71355000 0.03732491
2.71365000 0.03729483
2.71375000 0.03729035
2.71385000 0.03728586
2.71395000 0.03728137
2.71405000 0.03727688
2.71415000 0.03727238
2.71425000 0.03726789
2.71435000 0.03726340
2.71445000 0.03723336
2.71455000 0.03722887
2.71465000 0.03722438
2.71475000 0.03721989
2.71485000 0.03721540
2.71495000 0.03721090
2.71505000 0.03720640
2.71515000 0.03720191
2.71525000 0.03717192
2.71535000 0.03716743
2.71545000 0.03716293
2.71555000 0.03715844
2.71565000 0.03715394
2.71575000 0.03714944
2.71585000 0.03714494
2.71595000 0.03711500
2.71605000 0.03711050
2.71615000 0.03710601
2.71625000 0.03710151
2.71635000 0.03709702
2.71645000 0.03709252
2.71655000 0.03708802
2.71665000 0.03708351
2.71675000 0.03705361
2.71685000 0.03704912
2.71695000 0.03704462
2.71705000 0.03704012
2.71715000 0.03703562
2.71725000 0.03703112
2.71735000 0.03702662
2.71745000 0.03702211
2.71755000 0.03699226
2.71765000 0.03698776
2.71775000 0.03698326
2.71785000 0.03697876
2.71795000 0.03697425
2.71805000 0.03696975
2.71815000 0.03696524
2.71825000 0.03696074
2.71835000 0.03693093
2.71845000 0.03692643
2.71855000 0.03692193
2.71865000 0.03691742
2.71875000 0.03691292
2.71885000 0.03690841
2.71895000 0.03690390
2.71905000 0.03689939
2.71915000 0.03686963
2.71925000 0.03686513
2.71935000 0.03686062
2.71945000 0.03685612
2.71955000 0.03685161
2.71965000 0.03684710
2.71975000 0.03684259
2.71985000 0.03683807
2.71995000 0.03680836
2.72005000 0.03680385
2.72015000 0.03679935
2.72025000 0.03679484
2.72035000 0.03679033
2.72045000 0.03678581
2.72055000 0.03678130
2.72065000 0.03677678
2.72075000 0.03674712
2.72085000 0.03674261
2.72095000 0.03673810
2.72105000 0.03673359
2.72115000 0.03672907
2.72125000 0.03672456
2.72135000 0.03672004
2.72145000 0.03671552
2.72155000 0.03668590
2.72165000 0.03668139
2.72175000 0.03667688
2.72185000 0.03667236
2.72195000 0.03666785
2.72205000 0.03666333
2.72215000 0.03665881
2.72225000 0.03665429
2.72235000 0.03662472
2.72245000 0.03662020
2.72255000 0.03661569
2.72265000 0.03661117
2.72275000 0.03660665
2.72285000 0.03660213
2.72295000 0.03659761
2.72305000 0.03656807
2.72315000 0.03656356
2.72325000 0.03655904
2.72335000 0.03655452
2.72345000 0.03655000
2.72355000 0.03654548
2.72365000 0.03654096
2.72375000 0.03653643
2.72385000 0.03650695
2.72395000 0.03650243
2.72405000 0.03649791
2.72415000 0.03649339
2.72425000 0.03648887
2.72435000 0.03648434
2.72445000 0.03647982
2.72455000 0.03647529
2.72465000 0.03644585
2.72475000 0.03644133
2.72485000 0.03643681
2.72495000 0.03643228
2.72505000 0.03642776
2.72515000 0.03642323
2.72525000 0.03641870
2.72535000 0.03641417
2.72545000 0.03638478
2.72555000 0.03638026
2.72565000 0.03637573
2.72575000 0.03637120
2.72585000 0.03636668
2.72595000 0.03636215
2.72605000 0.03635762
2.72615000 0.03635308
2.72625000 0.03632374
2.72635000 0.03631921
2.72645000 0.03631468
2.72655000 0.03631015
2.72665000 0.03630562
2.72675000 0.03630109
2.72685000 0.03629656
2.72695000 0.03629202
2.72705000 0.03626272
2.72715000 0.03625820
2.72725000 0.03625367
2.72735000 0.03624913
2.72745000 0.03624460
2.72755000 0.03624007
2.72765000 0.03623553
2.72775000 0.03623099
2.72785000 0.03620174
2.72795000 0.03619721
2.72805000 0.03619268
2.72815000 0.03618814
2.72825000 0.03618361
2.72835000 0.03617907
2.72845000 0.03617453
2.72855000 0.03616999
2.72865000 0.03614078
2.72875000 0.03613625
2.72885000 0.03613171
2.72895000 0.03612718
2.72905000 0.03612264
2.72915000 0.03611810
2.72925000 0.03611356
2.72935000 0.03608439
2.72945000 0.03607986
2.72955000 0.03607532
2.72965000 0.03607078
2.72975000 0.03606624
2.72985000 0.03606170
2.72995000 0.03605716
2.73005000 0.03605262
2.73015000 0.03602350
2.73025000 0.03601896
2.73035000 0.03601442
2.73045000 0.03600988
2.73055000 0.03600534
2.73065000 0.03600079
2.73075000 0.03599625
2.73085000 0.03599170
2.73095000 0.03596263
2.73105000 0.03595809
2.73115000 0.03595355
2.73125000 0.03594900
2.73135000 0.03594446
2.73145000 0.03593991
2.73155000 0.03593537
2.73165000 0.03593082
2.73175000 0.03590179
2.73185000 0.03589725
2.73195000 0.03589270
2.73205000 0.03588816
2.73215000 0.03588361
2.73225000 0.03587906
2.73235000 0.03587451
2.73245000 0.03586996
2.73255000 0.03584098
2.73265000 0.03583643
2.73275000 0.03583189
2.73285000 0.03582734
2.73295000 0.03582279
2.73305000 0.03581824
2.73315000 0.03581369
2.73325000 0.03580913
2.73335000 0.03578020
2.73345000 0.03577565
2.73355000 0.03577110
2.73365000 0.03576655
2.73375000 0.03576200
2.73385000 0.03575745
2.73395000 0.03575289
2.73405000 0.03574834
2.73415000 0.03571945
2.73425000 0.03571490
2.73435000 0.03571034
2.73445000 0.03570579
2.73455000 0.03570124
2.73465000 0.03569668
2.73475000 0.03569212
2.73485000 0.03568757
2.73495000 0.03565872
2.73505000 0.03565417
2.73515000 0.03564962
2.73525000 0.03564506
2.73535000 0.03564050
2.73545000 0.03563595
2.73555000 0.03563139
2.73565000 0.03560258
2.73575000 0.03559803
2.73585000 0.03559347
2.73595000 0.03558892
2.73605000 0.03558436
2.73615000 0.03557980
2.73625000 0.03557524
2.73635000 0.03557068
2.73645000 0.03554192
2.73655000 0.03553736
2.73665000 0.03553280
2.73675000 0.03552825
2.73685000 0.03552369
2.73695000 0.03551912
2.73705000 0.03551456
2.73715000 0.03551000
2.73725000 0.03548128
2.73735000 0.03547673
2.73745000 0.03547217
2.73755000 0.03546760
2.73765000 0.03546304
2.73775000 0.03545848
2.73785000 0.03545391
2.73795000 0.03544934
2.73805000 0.03542068
2.73815000 0.03541612
2.73825000 0.03541155
2.73835000 0.03540699
2.73845000 0.03540243
2.73855000 0.03539786
2.73865000 0.03539329
2.73875000 0.03538872
2.73885000 0.03536010
2.73895000 0.03535554
2.73905000 0.03535097
2.73915000 0.03534641
2.73925000 0.03534184
2.73935000 0.03533727
2.73945000 0.03533270
2.73955000 0.03532813
2.73965000 0.03529956
2.73975000 0.03529499
2.73985000 0.03529042
2.73995000 0.03528585
2.74005000 0.03528128
2.74015000 0.03527671
2.74025000 0.03527214
2.74035000 0.03524360
2.74045000 0.03523904
2.74055000 0.03523447
2.74065000 0.03522990
2.74075000 0.03522533
2.74085000 0.03522076
2.74095000 0.03521618
2.74105000 0.03521161
2.74115000 0.03518312
2.74125000 0.03517855
2.74135000 0.03517398
2.74145000 0.03516941
2.74155000 0.03516483
2.74165000 0.03516026
2.74175000 0.03515568
2.74185000 0.03515110
2.74195000 0.03512266
2.74205000 0.03511809
2.74215000 0.03511352
2.74225000 0.03510894
2.74235000 0.03510437
2.74245000 0.03509979
2.74255000 0.03509521
2.74265000 0.03509063
2.74275000 0.03506223
2.74285000 0.03505766
2.74295000 0.03505308
2.74305000 0.03504851
2.74315000 0.03504393
2.74325000 0.03503935
2.74335000 0.03503477
2.74345000 0.03503019
2.74355000 0.03500183
2.74365000 0.03499726
2.74375000 0.03499268
2.74385000 0.03498810
2.74395000 0.03498352
2.74405000 0.03497894
2.74415000 0.03497435
2.74425000 0.03496977
2.74435000 0.03494146
2.74445000 0.03493689
2.74455000 0.03493231
2.74465000 0.03492772
2.74475000 0.03492314
2.74485000 0.03491856
2.74495000 0.03491397
2.74505000 0.03488570
2.74515000 0.03488112
2.74525000 0.03487654
2.74535000 0.03487196
2.74545000 0.03486738
2.74555000 0.03486279
2.74565000 0.03485820
2.74575000 0.03485362
2.74585000 0.03482540
2.74595000 0.03482081
2.74605000 0.03481623
2.74615000 0.03481164
2.74625000 0.03480706
2.74635000 0.03480247
2.74645000 0.03479788
2.74655000 0.03479329
2.74665000 0.03476512
2.74675000 0.03476053
2.74685000 0.03475595
2.74695000 0.03475136
2.74705000 0.03474677
2.74715000 0.03474218
2.74725000 0.03473759
2.74735000 0.03473300
2.74745000 0.03470487
2.74755000 0.03470028
2.74765000 0.03469569
2.74775000 0.03469110
2.74785000 0.03468651
2.74795000 0.03468192
2.74805000 0.03467733
2.74815000 0.03467273
2.74825000 0.03464465
2.74835000 0.03464006
2.74845000 0.03463547
2.74855000 0.03463088
2.74865000 0.03462628
2.74875000 0.03462169
2.74885000 0.03461709
2.74895000 0.03458905
2.74905000 0.03458446
2.74915000 0.03457986
2.74925000 0.03457527
2.74935000 0.03457068
2.74945000 0.03456608
2.74955000 0.03456149
2.74965000 0.03455689
2.74975000 0.03452889
2.74985000 0.03452430
2.74995000 0.03451970
2.75005000 0.03451511
2.75015000 0.03451051
2.75025000 0.03450591
2.75035000 0.03450131
2.75045000 0.03449671
2.75055000 0.03446876
2.75065000 0.03446416
2.75075000 0.03445957
2.75085000 0.03445497
2.75095000 0.03445037
2.75105000 0.03444577
2.75115000 0.03444117
2.75125000 0.03443657
2.75135000 0.03440866
2.75145000 0.03440406
2.75155000 0.03439946
2.75165000 0.03439486
2.75175000 0.03439026
2.75185000 0.03438566
2.75195000 0.03438106
2.75205000 0.03437645
2.75215000 0.03434859
2.75225000 0.03434399
2.75235000 0.03433939
2.75245000 0.03433479
2.75255000 0.03433018
2.75265000 0.03432558
2.75275000 0.03432097
2.75285000 0.03431637
2.75295000 0.03428855
2.75305000 0.03428395
2.75315000 0.03427934
2.75325000 0.03427474
2.75335000 0.03427013
2.75345000 0.03426553
2.75355000 0.03426092
2.75365000 0.03423314
2.75375000 0.03422854
2.75385000 0.03422393
2.75395000 0.03421933
2.75405000 0.03421472
2.75415000 0.03421011
2.75425000 0.03420551
2.75435000 0.03420090
2.75445000 0.03417316
2.75455000 0.03416856
2.75465000 0.03416395
2.75475000 0.03415934
2.75485000 0.03415474
2.75495000 0.03415013
2.75505000 0.03414551
2.75515000 0.03414090
2.75525000 0.03411321
2.75535000 0.03410861
2.75545000 0.03410400
2.75555000 0.03409939
2.75565000 0.03409478
2.75575000 0.03409017
2.75585000 0.03408555
2.75595000 0.03408094
2.75605000 0.03405330
2.75615000 0.03404869
2.75625000 0.03404408
2.75635000 0.03403946
2.75645000 0.03403485
2.75655000 0.03403024
2.75665000 0.03402562
2.75675000 0.03399802
2.75685000 0.03399341
2.75695000 0.03398879
2.75705000 0.03398418
2.75715000 0.03397957
2.75725000 0.03397495
2.75735000 0.03397034
2.75745000 0.03396572
2.75755000 0.03393816
2.75765000 0.03393355
2.75775000 0.03392893
2.75785000 0.03392432
2.75795000 0.03391970
2.75805000 0.03391508
2.75815000 0.03391047
2.75825000 0.03390585
2.75835000 0.03387833
2.75845000 0.03387372
2.75855000 0.03386910
2.75865000 0.03386449
2.75875000 0.03385987
2.75885000 0.03385525
2.75895000 0.03385063
2.75905000 0.03384600
2.75915000 0.03381854
2.75925000 0.03381392
2.75935000 0.03380930
2.75945000 0.03380468
2.75955000 0.03380006
2.75965000 0.03379544
2.75975000 0.03379082
2.75985000 0.03378619
2.75995000 0.03375877
2.76005000 0.03375415
2.76015000 0.03374953
2.76025000 0.03374491
2.76035000 0.03374029
2.76045000 0.03373566
2.76055000 0.03373104
2.76065000 0.03370365
2.76075000 0.03369903
2.76085000 0.03369441
2.76095000 0.03368979
2.76105000 0.03368517
2.76115000 0.03368054
2.76125000 0.03367591
2.76135000 0.03367129
2.76145000 0.03364395
2.76155000 0.03363933
2.76165000 0.03363470
2.76175000 0.03363008
2.76185000 0.03362545
2.76195000 0.03362082
2.76205000 0.03361620
2.76215000 0.03361157
2.76225000 0.03358427
2.76235000 0.03357965
2.76245000 0.03357502
2.76255000 0.03357040
2.76265000 0.03356577
2.76275000 0.03356114
2.76285000 0.03355651
2.76295000 0.03355188
2.76305000 0.03352463
2.76315000 0.03352000
2.76325000 0.03351538
2.76335000 0.03351075
2.76345000 0.03350612
2.76355000 0.03350148
2.76365000 0.03349685
2.76375000 0.03349222
2.76385000 0.03346502
2.76395000 0.03346039
2.76405000 0.03345576
2.76415000 0.03345113
2.76425000 0.03344649
2.76435000 0.03344186
2.76445000 0.03343723
2.76455000 0.03341006
2.76465000 0.03340543
2.76475000 0.03340080
2.76485000 0.03339617
2.76495000 0.03339154
2.76505000 0.03338690
2.76515000 0.03338227
2.76525000 0.03337763
2.76535000 0.03335051
2.76545000 0.03334588
2.76555000 0.03334125
2.76565000 0.03333661
2.76575000 0.03333198
2.76585000 0.03332734
2.76595000 0.03332270
2.76605000 0.03331806
2.76615000 0.03329099
2.76625000 0.03328636
2.76635000 0.03328172
2.76645000 0.03327708
2.76655000 0.03327245
2.76665000 0.03326781
2.76675000 0.03326317
2.76685000 0.03325853
2.76695000 0.03323150
2.76705000 0.03322686
2.76715000 0.03322223
2.76725000 0.03321759
2.76735000 0.03321295
2.76745000 0.03320831
2.76755000 0.03320367
2.76765000 0.03317668
2.76775000 0.03317204
2.76785000 0.03316740
2.76795000 0.03316276
2.76805000 0.03315812
2.76815000 0.03315348
2.76825000 0.03314884
2.76835000 0.03314419
2.76845000 0.03311725
2.76855000 0.03311261
2.76865000 0.03310797
2.76875000 0.03310333
2.76885000 0.03309869
2.76895000 0.03309404
2.76905000 0.03308940
2.76915000 0.03308475
2.76925000 0.03305785
2.76935000 0.03305321
2.76945000 0.03304857
2.76955000 0.03304392
2.76965000 0.03303928
2.76975000 0.03303463
2.76985000 0.03302999
2.76995000 0.03302534
2.77005000 0.03299848
2.77015000 0.03299384
2.77025000 0.03298920
2.77035000 0.03298455
2.77045000 0.03297991
2.77055000 0.03297526
2.77065000 0.03297061
2.77075000 0.03294379
2.77085000 0.03293915
2.77095000 0.03293450
2.77105000 0.03292986
2.77115000 0.03292521
2.77125000 0.03292056
2.77135000 0.03291591
2.77145000 0.03291126
2.77155000 0.03288449
2.77165000 0.03287984
2.77175000 0.03287520
2.77185000 0.03287055
2.77195000 0.03286590
2.77205000 0.03286125
2.77215000 0.03285660
2.77225000 0.03285194
2.77235000 0.03282522
2.77245000 0.03282057
2.77255000 0.03281592
2.77265000 0.03281127
2.77275000 0.03280662
2.77285000 0.03280196
2.77295000 0.03279731
2.77305000 0.03279266
2.77315000 0.03276597
2.77325000 0.03276132
2.77335000 0.03275667
2.77345000 0.03275202
2.77355000 0.03274737
2.77365000 0.03274271
2.77375000 0.03273806
2.77385000 0.03271141
2.77395000 0.03270676
2.77405000 0.03270211
2.77415000 0.03269746
2.77425000 0.03269280
2.77435000 0.03268815
2.77445000 0.03268349
2.77455000 0.03267883
2.77465000 0.03265223
2.77475000 0.03264758
2.77485000 0.03264293
2.77495000 0.03263827
2.77505000 0.03263362
2.77515000 0.03262896
2.77525000 0.03262430
2.77535000 0.03261964
2.77545000 0.03259309
2.77555000 0.03258843
2.77565000 0.03258378
2.77575000 0.03257912
2.77585000 0.03257446
2.77595000 0.03256980
2.77605000 0.03256514
2.77615000 0.03256048
2.77625000 0.03253397
2.77635000 0.03252931
2.77645000 0.03252465
2.77655000 0.03252000
2.77665000 0.03251534
2.77675000 0.03251067
2.77685000 0.03250601
2.77695000 0.03247954
2.77705000 0.03247488
2.77715000 0.03247022
2.77725000 0.03246556
2.77735000 0.03246090
2.77745000 0.03245624
2.77755000 0.03245158
2.77765000 0.03244691
2.77775000 0.03242049
2.77785000 0.03241583
2.77795000 0.03241117
2.77805000 0.03240651
2.77815000 0.03240184
2.77825000 0.03239718
2.77835000 0.03239251
2.77845000 0.03238785
2.77855000 0.03236146
2.77865000 0.03235680
2.77875000 0.03235214
2.77885000 0.03234748
2.77895000 0.03234281
2.77905000 0.03233815
2.77915000 0.03233348
2.77925000 0.03230713
2.77935000 0.03230247
2.77945000 0.03229781
2.77955000 0.03229315
2.77965000 0.03228848
2.77975000 0.03228381
2.77985000 0.03227915
2.77995000 0.03227448
2.78005000 0.03224818
2.78015000 0.03224351
2.78025000 0.03223885
2.78035000 0.03223418
2.78045000 0.03222951
2.78055000 0.03222485
2.78065000 0.03222018
2.78075000 0.03221550
2.78085000 0.03218925
2.78095000 0.03218458
2.78105000 0.03217992
2.78115000 0.03217525
2.78125000 0.03217058
2.78135000 0.03216591
2.78145000 0.03216124
2.78155000 0.03215656
2.78165000 0.03213035
2.78175000 0.03212568
2.78185000 0.03212102
2.78195000 0.03211635
2.78205000 0.03211167
2.78215000 0.03210700
2.78225000 0.03210233
2.78235000 0.03207616
2.78245000 0.03207149
2.78255000 0.03206682
2.78265000 0.03206215
2.78275000 0.03205748
2.78285000 0.03205280
2.78295000 0.03204813
2.78305000 0.03204345
2.78315000 0.03201732
2.78325000 0.03201265
2.78335000 0.03200798
2.78345000 0.03200331
2.78355000 0.03199864
2.78365000 0.03199396
2.78375000 0.03198928
2.78385000 0.03198461
2.78395000 0.03195852
2.78405000 0.03195385
2.78415000 0.03194918
2.78425000 0.03194450
2.78435000 0.03193983
2.78445000 0.03193515
2.78455000 0.03193047
2.78465000 0.03192579
2.78475000 0.03189975
2.78485000 0.03189508
2.78495000 0.03189040
2.78505000 0.03188573
2.78515000 0.03188105
2.78525000 0.03187637
2.78535000 0.03187169
2.78545000 0.03184569
2.78555000 0.03184101
2.78565000 0.03183634
2.78575000 0.03183166
2.78585000 0.03182698
2.78595000 0.03182230
2.78605000 0.03181762
2.78615000 0.03181294
2.78625000 0.03178698
2.78635000 0.03178231
2.78645000 0.03177763
2.78655000 0.03177295
2.78665000 0.03176827
2.78675000 0.03176359
2.78685000 0.03175891
2.78695000 0.03175422
2.78705000 0.03172831
2.78715000 0.03172363
2.78725000 0.03171895
2.78735000 0.03171427
2.78745000 0.03170959
2.78755000 0.03170491
2.78765000 0.03170022
2.78775000 0.03167435
2.78785000 0.03166967
2.78795000 0.03166499
2.78805000 0.03166031
2.78815000 0.03165562
2.78825000 0.03165094
2.78835000 0.03164626
2.78845000 0.03164157
2.78855000 0.03161574
2.78865000 0.03161106
2.78875000 0.03160638
2.78885000 0.03160169
2.78895000 0.03159701
2.78905000 0.03159232
2.78915000 0.03158764
2.78925000 0.03158295
2.78935000 0.03155716
2.78945000 0.03155248
2.78955000 0.03154779
2.78965000 0.03154311
2.78975000 0.03153842
2.78985000 0.03153374
2.78995000 0.03152905
2.79005000 0.03150330
2.79015000 0.03149862
2.79025000 0.03149393
2.79035000 0.03148925
2.79045000 0.03148456
2.79055000 0.03147987
2.79065000 0.03147518
2.79075000 0.03147049
2.79085000 0.03144479
2.79095000 0.03144010
2.79105000 0.03143541
2.79115000 0.03143073
2.79125000 0.03142604
2.79135000 0.03142135
2.79145000 0.03141666
2.79155000 0.03141197
2.79165000 0.03138631
2.79175000 0.03138162
2.79185000 0.03137693
2.79195000 0.03137224
2.79205000 0.03136755
2.79215000 0.03136286
2.79225000 0.03135817
2.79235000 0.03135347
2.79245000 0.03132786
2.79255000 0.03132317
2.79265000 0.03131848
2.79275000 0.03131379
2.79285000 0.03130909
2.79295000 0.03130440
2.79305000 0.03129971
2.79315000 0.03127413
2.79325000 0.03126944
2.79335000 0.03126475
2.79345000 0.03126006
2.79355000 0.03125536
2.79365000 0.03125067
2.79375000 0.03124598
2.79385000 0.03124128
2.79395000 0.03121574
2.79405000 0.03121105
2.79415000 0.03120636
2.79425000 0.03120167
2.79435000 0.03119697
2.79445000 0.03119228
2.79455000 0.03118758
2.79465000 0.03118288
2.79475000 0.03115739
2.79485000 0.03115270
2.79495000 0.03114800
2.79505000 0.03114331
2.79515000 0.03113861
2.79525000 0.03113392
2.79535000 0.03112922
2.79545000 0.03110376
2.79555000 0.03109907
2.79565000 0.03109438
2.79575000 0.03108968
2.79585000 0.03108498
2.79595000 0.03108029
2.79605000 0.03107559
2.79615000 0.03107089
2.79625000 0.03104548
2.79635000 0.03104078
2.79645000 0.03103609
2.79655000 0.03103139
2.79665000 0.03102669
2.79675000 0.03102199
2.79685000 0.03101729
2.79695000 0.03101259
2.79705000 0.03098722
2.79715000 0.03098253
2.79725000 0.03097783
2.79735000 0.03097313
2.79745000 0.03096843
2.79755000 0.03096373
2.79765000 0.03095903
2.79775000 0.03093370
2.79785000 0.03092900
2.79795000 0.03092430
2.79805000 0.03091960
2.79815000 0.03091490
2.79825000 0.03091020
2.79835000 0.03090550
2.79845000 0.03090079
2.79855000 0.03087551
2.79865000 0.03087081
2.79875000 0.03086611
2.79885000 0.03086141
2.79895000 0.03085671
2.79905000 0.03085200
2.79915000 0.03084730
2.79925000 0.03084259
2.79935000 0.03081735
2.79945000 0.03081265
2.79955000 0.03080795
2.79965000 0.03080325
2.79975000 0.03079854
2.79985000 0.03079384
2.79995000 0.03078913
2.80005000 0.03076393
2.80015000 0.03075922
2.80025000 0.03075452
2.80035000 0.03074982
2.80045000 0.03074511
2.80055000 0.03074041
2.80065000 0.03073570
2.80075000 0.03073099
2.80085000 0.03070583
2.80095000 0.03070113
2.80105000 0.03069643
2.80115000 0.03069172
2.80125000 0.03068702
2.80135000 0.03068231
2.80145000 0.03067760
2.80155000 0.03067289
2.80165000 0.03064778
2.80175000 0.03064307
2.80185000 0.03063837
2.80195000 0.03063366
2.80205000 0.03062895
2.80215000 0.03062424
2.80225000 0.03061953
2.80235000 0.03059445
2.80245000 0.03058975
2.80255000 0.03058504
2.80265000 0.03058034
2.80275000 0.03057563
2.80285000 0.03057092
2.80295000 0.03056621
2.80305000 0.03056150
2.80315000 0.03053646
2.80325000 0.03053175
2.80335000 0.03052705
2.80345000 0.03052234
2.80355000 0.03051763
2.80365000 0.03051292
2.80375000 0.03050820
2.80385000 0.03050349
2.80395000 0.03047850
2.80405000 0.03047379
2.80415000 0.03046908
2.80425000 0.03046437
2.80435000 0.03045966
2.80445000 0.03045495
2.80455000 0.03045023
2.80465000 0.03042528
2.80475000 0.03042057
2.80485000 0.03041586
2.80495000 0.03041115
2.80505000 0.03040644
2.80515000 0.03040172
2.80525000 0.03039701
2.80535000 0.03039230
2.80545000 0.03036738
2.80555000 0.03036267
2.80565000 0.03035796
2.80575000 0.03035325
2.80585000 0.03034854
2.80595000 0.03034382
2.80605000 0.03033911
2.80615000 0.03033439
2.80625000 0.03030952
2.80635000 0.03030481
2.80645000 0.03030010
2.80655000 0.03029538
2.80665000 0.03029067
2.80675000 0.03028595
2.80685000 0.03028123
2.80695000 0.03025640
2.80705000 0.03025169
2.80715000 0.03024698
2.80725000 0.03024226
2.80735000 0.03023755
2.80745000 0.03023283
2.80755000 0.03022811
2.80765000 0.03022340
2.80775000 0.03019861
2.80785000 0.03019390
2.80795000 0.03018918
2.80805000 0.03018446
2.80815000 0.03017975
2.80825000 0.03017503
2.80835000 0.03017031
2.80845000 0.03016559
2.80855000 0.03014085
2.80865000 0.03013613
2.80875000 0.03013141
2.80885000 0.03012670
2.80895000 0.03012198
2.80905000 0.03011726
2.80915000 0.03011254
2.80925000 0.03008783
2.80935000 0.03008312
2.80945000 0.03007840
2.80955000 0.03007368
2.80965000 0.03006896
2.80975000 0.03006424
2.80985000 0.03005952
2.80995000 0.03005480
2.81005000 0.03003014
2.81015000 0.03002542
2.81025000 0.03002070
2.81035000 0.03001598
2.81045000 0.03001126
2.81055000 0.03000654
2.81065000 0.03000181
2.81075000 0.02997719
2.81085000 0.02997247
2.81095000 0.02996775
2.81105000 0.02996303
2.81115000 0.02995831
2.81125000 0.02995359
2.81135000 0.02994887
2.81145000 0.02994414
2.81155000 0.02991956
2.81165000 0.02991484
2.81175000 0.02991012
2.81185000 0.02990540
2.81195000 0.02990068
2.81205000 0.02989595
2.81215000 0.02989123
2.81225000 0.02988650
2.81235000 0.02986196
2.81245000 0.02985724
2.81255000 0.02985252
2.81265000 0.02984780
2.81275000 0.02984307
2.81285000 0.02983835
2.81295000 0.02983362
2.81305000 0.02980912
2.81315000 0.02980440
2.81325000 0.02979968
2.81335000 0.02979495
2.81345000 0.02979023
2.81355000 0.02978550
2.81365000 0.02978078
2.81375000 0.02977605
2.81385000 0.02975159
2.81395000 0.02974687
2.81405000 0.02974214
2.81415000 0.02973742
2.81425000 0.02973269
2.81435000 0.02972797
2.81445000 0.02972324
2.81455000 0.02971851
2.81465000 0.02969409
2.81475000 0.02968937
2.81485000 0.02968464
2.81495000 0.02967992
2.81505000 0.02967519
2.81515000 0.02967046
2.81525000 0.02966573
2.81535000 0.02964135
2.81545000 0.02963663
2.81555000 0.02963190
2.81565000 0.02962718
2.81575000 0.02962245
2.81585000 0.02961772
2.81595000 0.02961299
2.81605000 0.02960826
2.81615000 0.02958392
2.81625000 0.02957920
2.81635000 0.02957447
2.81645000 0.02956974
2.81655000 0.02956501
2.81665000 0.02956028
2.81675000 0.02955555
2.81685000 0.02955082
2.81695000 0.02952653
2.81705000 0.02952180
2.81715000 0.02951707
2.81725000 0.02951234
2.81735000 0.02950761
2.81745000 0.02950288
2.81755000 0.02949815
2.81765000 0.02947389
2.81775000 0.02946916
2.81785000 0.02946444
2.81795000 0.02945971
2.81805000 0.02945497
2.81815000 0.02945024
2.81825000 0.02944551
2.81835000 0.02944077
2.81845000 0.02941656
2.81855000 0.02941183
2.81865000 0.02940710
2.81875000 0.02940237
2.81885000 0.02939764
2.81895000 0.02939291
2.81905000 0.02938817
2.81915000 0.02936400
2.81925000 0.02935927
2.81935000 0.02935454
2.81945000 0.02934981
2.81955000 0.02934507
2.81965000 0.02934034
2.81975000 0.02933560
2.81985000 0.02933087
2.81995000 0.02930674
2.82005000 0.02930200
2.82015000 0.02929727
2.82025000 0.02929254
2.82035000 0.02928781
2.82045000 0.02928307
2.82055000 0.02927833
2.82065000 0.02927360
2.82075000 0.02924951
2.82085000 0.02924478
2.82095000 0.02924004
2.82105000 0.02923531
2.82115000 0.02923057
2.82125000 0.02922584
2.82135000 0.02922110
2.82145000 0.02919705
2.82155000 0.02919231
2.82165000 0.02918758
2.82175000 0.02918284
2.82185000 0.02917811
2.82195000 0.02917337
2.82205000 0.02916863
2.82215000 0.02916389
2.82225000 0.02913989
2.82235000 0.02913515
2.82245000 0.02913042
2.82255000 0.02912568
2.82265000 0.02912094
2.82275000 0.02911620
2.82285000 0.02911147
2.82295000 0.02908749
2.82305000 0.02908276
2.82315000 0.02907802
2.82325000 0.02907329
2.82335000 0.02906855
2.82345000 0.02906381
2.82355000 0.02905907
2.82365000 0.02905433
2.82375000 0.02903040
2.82385000 0.02902566
2.82395000 0.02902093
2.82405000 0.02901619
2.82415000 0.02901145
2.82425000 0.02900671
2.82435000 0.02900197
2.82445000 0.02899723
2.82455000 0.02897334
2.82465000 0.02896860
2.82475000 0.02896387
2.82485000 0.02895913
2.82495000 0.02895439
2.82505000 0.02894965
2.82515000 0.02894490
2.82525000 0.02892105
2.82535000 0.02891632
2.82545000 0.02891158
2.82555000 0.02890684
2.82565000 0.02890210
2.82575000 0.02889736
2.82585000 0.02889261
2.82595000 0.02888787
2.82605000 0.02886406
2.82615000 0.02885933
2.82625000 0.02885459
2.82635000 0.02884984
2.82645000 0.02884510
2.82655000 0.02884036
2.82665000 0.02883562
2.82675000 0.02881185
2.82685000 0.02880711
2.82695000 0.02880237
2.82705000 0.02879763
2.82715000 0.02879288
2.82725000 0.02878814
2.82735000 0.02878340
2.82745000 0.02877865
2.82755000 0.02875492
2.82765000 0.02875018
2.82775000 0.02874544
2.82785000 0.02874070
2.82795000 0.02873596
2.82805000 0.02873121
2.82815000 0.02872647
2.82825000 0.02872172
2.82835000 0.02869804
2.82845000 0.02869329
2.82855000 0.02868855
2.82865000 0.02868381
2.82875000 0.02867906
2.82885000 0.02867432
2.82895000 0.02866957
2.82905000 0.02864592
2.82915000 0.02864118
2.82925000 0.02863644
2.82935000 0.02863169
2.82945000 0.02862695
2.82955000 0.02862220
2.82965000 0.02861746
2.82975000 0.02861271
2.82985000 0.02858910
2.82995000 0.02858436
2.83005000 0.02857962
2.83015000 0.02857487
2.83025000 0.02857013
2.83035000 0.02856538
2.83045000 0.02856063
2.83055000 0.02853706
2.83065000 0.02853232
2.83075000 0.02852757
2.83085000 0.02852283
2.83095000 0.02851808
2.83105000 0.02851333
2.83115000 0.02850859
2.83125000 0.02850384
2.83135000 0.02848031
2.83145000 0.02847557
2.83155000 0.02847082
2.83165000 0.02846607
2.83175000 0.02846133
2.83185000 0.02845658
2.83195000 0.02845183
2.83205000 0.02844708
2.83215000 0.02842359
2.83225000 0.02841885
2.83235000 0.02841410
2.83245000 0.02840935
2.83255000 0.02840460
2.83265000 0.02839985
2.83275000 0.02839510
2.83285000 0.02837166
2.83295000 0.02836691
2.83305000 0.02836216
2.83315000 0.02835742
2.83325000 0.02835267
2.83335000 0.02834792
2.83345000 0.02834317
2.83355000 0.02833841
2.83365000 0.02831501
2.83375000 0.02831026
2.83385000 0.02830551
2.83395000 0.02830076
2.83405000 0.02829601
2.83415000 0.02829126
2.83425000 0.02828651
2.83435000 0.02826314
2.83445000 0.02825839
2.83455000 0.02825365
2.83465000 0.02824890
2.83475000 0.02824415
2.83485000 0.02823940
2.83495000 0.02823464
2.83505000 0.02822989
2.83515000 0.02820656
2.83525000 0.02820181
2.83535000 0.02819706
2.83545000 0.02819231
2.83555000 0.02818756
2.83565000 0.02818281
2.83575000 0.02817806
2.83585000 0.02815477
2.83595000 0.02815002
2.83605000 0.02814527
2.83615000 0.02814052
2.83625000 0.02813577
2.83635000 0.02813101
2.83645000 0.02812626
2.83655000 0.02812151
2.83665000 0.02809826
2.83675000 0.02809351
2.83685000 0.02808876
2.83695000 0.02808401
2.83705000 0.02807925
2.83715000 0.02807450
2.83725000 0.02806974
2.83735000 0.02806499
2.83745000 0.02804178
2.83755000 0.02803703
2.83765000 0.02803228
2.83775000 0.02802753
2.83785000 0.02802277
2.83795000 0.02801802
2.83805000 0.02801326
2.83815000 0.02799009
2.83825000 0.02798534
2.83835000 0.02798059
2.83845000 0.02797584
2.83855000 0.02797108
2.83865000 0.02796633
2.83875000 0.02796157
2.83885000 0.02795681
2.83895000 0.02793369
2.83905000 0.02792894
2.83915000 0.02792418
2.83925000 0.02791943
2.83935000 0.02791467
2.83945000 0.02790992
2.83955000 0.02790516
2.83965000 0.02788207
2.83975000 0.02787732
2.83985000 0.02787256
2.83995000 0.02786781
2.84005000 0.02786305
2.84015000 0.02785830
2.84025000 0.02785354
2.84035000 0.02784878
2.84045000 0.02782573
2.84055000 0.02782098
2.84065000 0.02781623
2.84075000 0.02781147
2.84085000 0.02780671
2.84095000 0.02780196
2.84105000 0.02779720
2.84115000 0.02777419
2.84125000 0.02776943
2.84135000 0.02776468
2.84145000 0.02775992
2.84155000 0.02775517
2.84165000 0.02775041
2.84175000 0.02774565
2.84185000 0.02774089
2.84195000 0.02771792
2.84205000 0.02771317
2.84215000 0.02770841
2.84225000 0.02770365
2.84235000 0.02769890
2.84245000 0.02769414
2.84255000 0.02768938
2.84265000 0.02768462
2.84275000 0.02766169
2.84285000 0.02765693
2.84295000 0.02765218
2.84305000 0.02764742
2.84315000 0.02764266
2.84325000 0.02763790
2.84335000 0.02763314
2.84345000 0.02761025
2.84355000 0.02760549
2.84365000 0.02760074
2.84375000 0.02759598
2.84385000 0.02759122
2.84395000 0.02758646
2.84405000 0.02758170
2.84415000 0.02757694
2.84425000 0.02755409
2.84435000 0.02754933
2.84445000 0.02754457
2.84455000 0.02753981
2.84465000 0.02753505
2.84475000 0.02753029
2.84485000 0.02752553
2.84495000 0.02750272
2.84505000 0.02749796
2.84515000 0.02749320
2.84525000 0.02748844
2.84535000 0.02748368
2.84545000 0.02747892
2.84555000 0.02747416
2.84565000 0.02746940
2.84575000 0.02744663
2.84585000 0.02744187
2.84595000 0.02743711
2.84605000 0.02743235
2.84615000 0.02742759
2.84625000 0.02742283
2.84635000 0.02741806
2.84645000 0.02739533
2.84655000 0.02739057
2.84665000 0.02738581
2.84675000 0.02738105
2.84685000 0.02737629
2.84695000 0.02737153
2.84705000 0.02736677
2.84715000 0.02736200
2.84725000 0.02733931
2.84735000 0.02733455
2.84745000 0.02732979
2.84755000 0.02732503
2.84765000 0.02732027
2.84775000 0.02731550
2.84785000 0.02731074
2.84795000 0.02728808
2.84805000 0.02728332
2.84815000 0.02727856
2.84825000 0.02727380
2.84835000 0.02726904
2.84845000 0.02726428
2.84855000 0.02725951
2.84865000 0.02725475
2.84875000 0.02723213
2.84885000 0.02722737
2.84895000 0.02722261
2.84905000 0.02721785
2.84915000 0.02721309
2.84925000 0.02720832
2.84935000 0.02720356
2.84945000 0.02718098
2.84955000 0.02717622
2.84965000 0.02717146
2.84975000 0.02716670
2.84985000 0.02716193
2.84995000 0.02715717
2.85005000 0.02715240
2.85015000 0.02714764
2.85025000 0.02712510
2.85035000 0.02712034
2.85045000 0.02711558
2.85055000 0.02711081
2.85065000 0.02710605
2.85075000 0.02710128
2.85085000 0.02709652
2.85095000 0.02709175
2.85105000 0.02706926
2.85115000 0.02706449
2.85125000 0.02705973
2.85135000 0.02705497
2.85145000 0.02705020
2.85155000 0.02704544
2.85165000 0.02704067
2.85175000 0.02701821
2.85185000 0.02701345
2.85195000 0.02700868
2.85205000 0.02700392
2.85215000 0.02699916
2.85225000 0.02699439
2.85235000 0.02698962
2.85245000 0.02698486
2.85255000 0.02696244
2.85265000 0.02695767
2.85275000 0.02695291
2.85285000 0.02694814
2.85295000 0.02694338
2.85305000 0.02693861
2.85315000 0.02693384
2.85325000 0.02691146
2.85335000 0.02690670
2.85345000 0.02690193
2.85355000 0.02689717
2.85365000 0.02689240
2.85375000 0.02688764
2.85385000 0.02688287
2.85395000 0.02687810
2.85405000 0.02685576
2.85415000 0.02685100
2.85425000 0.02684623
2.85435000 0.02684147
2.85445000 0.02683670
2.85455000 0.02683193
2.85465000 0.02682716
2.85475000 0.02680486
2.85485000 0.02680009
2.85495000 0.02679533
2.85505000 0.02679056
2.85515000 0.02678580
2.85525000 0.02678103
2.85535000 0.02677626
2.85545000 0.02677149
2.85555000 0.02674923
2.85565000 0.02674446
2.85575000 0.02673970
2.85585000 0.02673493
2.85595000 0.02673016
2.85605000 0.02672540
2.85615000 0.02672063
2.85625000 0.02669840
2.85635000 0.02669363
2.85645000 0.02668887
2.85655000 0.02668410
2.85665000 0.02667933
2.85675000 0.02667457
2.85685000 0.02666980
2.85695000 0.02666503
2.85705000 0.02664284
2.85715000 0.02663807
2.85725000 0.02663331
2.85735000 0.02662854
2.85745000 0.02662377
2.85755000 0.02661900
2.85765000 0.02661423
2.85775000 0.02659208
2.85785000 0.02658732
2.85795000 0.02658255
2.85805000 0.02657778
2.85815000 0.02657301
2.85825000 0.02656825
2.85835000 0.02656348
2.85845000 0.02655870
2.85855000 0.02653659
2.85865000 0.02653183
2.85875000 0.02652706
2.85885000 0.02652229
2.85895000 0.02651752
2.85905000 0.02651275
2.85915000 0.02650798
2.85925000 0.02648591
2.85935000 0.02648114
2.85945000 0.02647638
2.85955000 0.02647161
2.85965000 0.02646684
2.85975000 0.02646207
2.85985000 0.02645730
2.85995000 0.02645253
2.86005000 0.02643049
2.86015000 0.02642573
2.86025000 0.02642096
2.86035000 0.02641619
2.86045000 0.02641142
2.86055000 0.02640665
2.86065000 0.02640188
2.86075000 0.02637988
2.86085000 0.02637512
2.86095000 0.02637035
2.86105000 0.02636558
2.86115000 0.02636081
2.86125000 0.02635604
2.86135000 0.02635127
2.86145000 0.02634649
2.86155000 0.02632454
2.86165000 0.02631977
2.86175000 0.02631500
2.86185000 0.02631023
2.86195000 0.02630546
2.86205000 0.02630069
2.86215000 0.02629592
2.86225000 0.02627400
2.86235000 0.02626923
2.86245000 0.02626446
2.86255000 0.02625969
2.86265000 0.02625492
2.86275000 0.02625015
2.86285000 0.02624538
2.86295000 0.02624061
2.86305000 0.02621873
2.86315000 0.02621396
2.86325000 0.02620919
2.86335000 0.02620442
2.86345000 0.02619965
2.86355000 0.02619488
2.86365000 0.02619011
2.86375000 0.02616826
2.86385000 0.02616349
2.86395000 0.02615873
2.86405000 0.02615396
2.86415000 0.02614918
2.86425000 0.02614441
2.86435000 0.02613964
2.86445000 0.02613487
2.86455000 0.02611306
2.86465000 0.02610829
2.86475000 0.02610353
2.86485000 0.02609875
2.86495000 0.02609398
2.86505000 0.02608921
2.86515000 0.02608444
2.86525000 0.02606267
2.86535000 0.02605790
2.86545000 0.02605313
2.86555000 0.02604836
2.86565000 0.02604359
2.86575000 0.02603882
2.86585000 0.02603404
2.86595000 0.02602927
2.86605000 0.02600754
2.86615000 0.02600278
2.86625000 0.02599800
2.86635000 0.02599323
2.86645000 0.02598846
2.86655000 0.02598369
2.86665000 0.02597891
2.86675000 0.02595722
2.86685000 0.02595245
2.86695000 0.02594768
2.86705000 0.02594291
2.86715000 0.02593814
2.86725000 0.02593337
2.86735000 0.02592859
2.86745000 0.02592382
2.86755000 0.02590217
2.86765000 0.02589740
2.86775000 0.02589263
2.86785000 0.02588786
2.86795000 0.02588309
2.86805000 0.02587831
2.86815000 0.02587354
2.86825000 0.02585192
2.86835000 0.02584715
2.86845000 0.02584238
2.86855000 0.02583761
2.86865000 0.02583284
2.86875000 0.02582807
2.86885000 0.02582329
2.86895000 0.02581852
2.86905000 0.02579694
2.86915000 0.02579217
2.86925000 0.02578740
2.86935000 0.02578263
2.86945000 0.02577786
2.86955000 0.02577308
2.86965000 0.02576831
2.86975000 0.02574677
2.86985000 0.02574200
2.86995000 0.02573723
2.87005000 0.02573246
2.87015000 0.02572768
2.87025000 0.02572291
2.87035000 0.02571813
2.87045000 0.02571336
2.87055000 0.02569186
2.87065000 0.02568709
2.87075000 0.02568232
2.87085000 0.02567755
2.87095000 0.02567277
2.87105000 0.02566800
2.87115000 0.02566322
2.87125000 0.02564176
2.87135000 0.02563699
2.87145000 0.02563222
2.87155000 0.02562745
2.87165000 0.02562267
2.87175000 0.02561790
2.87185000 0.02561313
2.87195000 0.02560835
2.87205000 0.02558693
2.87215000 0.02558216
2.87225000 0.02557739
2.87235000 0.02557261
2.87245000 0.02556784
2.87255000 0.02556306
2.87265000 0.02555829
2.87275000 0.02553690
2.87285000 0.02553213
2.87295000 0.02552736
2.87305000 0.02552259
2.87315000 0.02551781
2.87325000 0.02551304
2.87335000 0.02550826
2.87345000 0.02550349
2.87355000 0.02548214
2.87365000 0.02547737
2.87375000 0.02547260
2.87385000 0.02546782
2.87395000 0.02546305
2.87405000 0.02545827
2.87415000 0.02545350
2.87425000 0.02543219
2.87435000 0.02542742
2.87445000 0.02542265
2.87455000 0.02541787
2.87465000 0.02541310
2.87475000 0.02540832
2.87485000 0.02540355
2.87495000 0.02539877
2.87505000 0.02537750
2.87515000 0.02537273
2.87525000 0.02536796
2.87535000 0.02536318
2.87545000 0.02535841
2.87555000 0.02535363
2.87565000 0.02534886
2.87575000 0.02532762
2.87585000 0.02532285
2.87595000 0.02531808
2.87605000 0.02531331
2.87615000 0.02530853
2.87625000 0.02530376
2.87635000 0.02529898
2.87645000 0.02529420
2.87655000 0.02527301
2.87665000 0.02526824
2.87675000 0.02526347
2.87685000 0.02525869
2.87695000 0.02525392
2.87705000 0.02524914
2.87715000 0.02524436
2.87725000 0.02522321
2.87735000 0.02521843
2.87745000 0.02521366
2.87755000 0.02520889
2.87765000 0.02520411
2.87775000 0.02519934
2.87785000 0.02519456
2.87795000 0.02517344
2.87805000 0.02516867
2.87815000 0.02516389
2.87825000 0.02515912
2.87835000 0.02515435
2.87845000 0.02514957
2.87855000 0.02514479
2.87865000 0.02514002
2.87875000 0.02511894
2.87885000 0.02511416
2.87895000 0.02510939
2.87905000 0.02510462
2.87915000 0.02509984
2.87925000 0.02509507
2.87935000 0.02509029
2.87945000 0.02506924
2.87955000 0.02506447
2.87965000 0.02505970
2.87975000 0.02505492
2.87985000 0.02505015
2.87995000 0.02504537
2.88005000 0.02504060
2.88015000 0.02503582
2.88025000 0.02501482
2.88035000 0.02501004
2.88045000 0.02500527
2.88055000 0.02500050
2.88065000 0.02499572
2.88075000 0.02499094
2.88085000 0.02498617
2.88095000 0.02496520
2.88105000 0.02496042
2.88115000 0.02495565
2.88125000 0.02495088
2.88135000 0.02494610
2.88145000 0.02494133
2.88155000 0.02493655
2.88165000 0.02493177
2.88175000 0.02491084
2.88185000 0.02490607
2.88195000 0.02490130
2.88205000 0.02489652
2.88215000 0.02489175
2.88225000 0.02488697
2.88235000 0.02488219
2.88245000 0.02486130
2.88255000 0.02485653
2.88265000 0.02485175
2.88275000 0.02484698
2.88285000 0.02484220
2.88295000 0.02483743
2.88305000 0.02483265
2.88315000 0.02482787
2.88325000 0.02480702
2.88335000 0.02480225
2.88345000 0.02479747
2.88355000 0.02479270
2.88365000 0.02478792
2.88375000 0.02478315
2.88385000 0.02477837
2.88395000 0.02475755
2.88405000 0.02475278
2.88415000 0.02474800
2.88425000 0.02474323
2.88435000 0.02473846
2.88445000 0.02473368
2.88455000 0.02472890
2.88465000 0.02472413
2.88475000 0.02470335
2.88485000 0.02469857
2.88495000 0.02469380
2.88505000 0.02468902
2.88515000 0.02468425
2.88525000 0.02467947
2.88535000 0.02467470
2.88545000 0.02465395
2.88555000 0.02464918
2.88565000 0.02464440
2.88575000 0.02463963
2.88585000 0.02463486
2.88595000 0.02463008
2.88605000 0.02462530
2.88615000 0.02460459
2.88625000 0.02459982
2.88635000 0.02459505
2.88645000 0.02459027
2.88655000 0.02458550
2.88665000 0.02458072
2.88675000 0.02457595
2.88685000 0.02457117
2.88695000 0.02455050
2.88705000 0.02454573
2.88715000 0.02454096
2.88725000 0.02453618
2.88735000 0.02453141
2.88745000 0.02452663
2.88755000 0.02452185
2.88765000 0.02450122
2.88775000 0.02449645
2.88785000 0.02449167
2.88795000 0.02448690
2.88805000 0.02448213
2.88815000 0.02447735
2.88825000 0.02447257
2.88835000 0.02446780
2.88845000 0.02444720
2.88855000 0.02444243
2.88865000 0.02443766
2.88875000 0.02443288
2.88885000 0.02442811
2.88895000 0.02442333
2.88905000 0.02441855
2.88915000 0.02439799
2.88925000 0.02439322
2.88935000 0.02438845
2.88945000 0.02438368
2.88955000 0.02437890
2.88965000 0.02437413
2.88975000 0.02436935
2.88985000 0.02436457
2.88995000 0.02434405
2.89005000 0.02433928
2.89015000 0.02433451
2.89025000 0.02432973
2.89035000 0.02432496
2.89045000 0.02432018
2.89055000 0.02431541
2.89065000 0.02429492
2.89075000 0.02429015
2.89085000 0.02428538
2.89095000 0.02428060
2.89105000 0.02427583
2.89115000 0.02427105
2.89125000 0.02426628
2.89135000 0.02424583
2.89145000 0.02424105
2.89155000 0.02423628
2.89165000 0.02423151
2.89175000 0.02422674
2.89185000 0.02422196
2.89195000 0.02421719
2.89205000 0.02421241
2.89215000 0.02419200
2.89225000 0.02418723
2.89235000 0.02418245
2.89245000 0.02417768
2.89255000 0.02417291
2.89265000 0.02416813
2.89275000 0.02416335
2.89285000 0.02414298
2.89295000 0.02413821
2.89305000 0.02413344
2.89315000 0.02412866
2.89325000 0.02412389
2.89335000 0.02411911
2.89345000 0.02411434
2.89355000 0.02410956
2.89365000 0.02408923
2.89375000 0.02408445
2.89385000 0.02407968
2.89395000 0.02407491
2.89405000 0.02407014
2.89415000 0.02406536
2.89425000 0.02406058
2.89435000 0.02404028
2.89445000 0.02403551
2.89455000 0.02403074
2.89465000 0.02402597
2.89475000 0.02402119
2.89485000 0.02401642
2.89495000 0.02401164
2.89505000 0.02400687
2.89515000 0.02398661
2.89525000 0.02398184
2.89535000 0.02397706
2.89545000 0.02397229
2.89555000 0.02396752
2.89565000 0.02396274
2.89575000 0.02395797
2.89585000 0.02393774
2.89595000 0.02393297
2.89605000 0.02392820
2.89615000 0.02392342
2.89625000 0.02391865
2.89635000 0.02391388
2.89645000 0.02390910
2.89655000 0.02388891
2.89665000 0.02388414
2.89675000 0.02387937
2.89685000 0.02387460
2.89695000 0.02386982
2.89705000 0.02386505
2.89715000 0.02386027
2.89725000 0.02385550
2.89735000 0.02383535
2.89745000 0.02383058
2.89755000 0.02382580
2.89765000 0.02382103
2.89775000 0.02381626
2.89785000 0.02381149
2.89795000 0.02380671
2.89805000 0.02378659
2.89815000 0.02378182
2.89825000 0.02377705
2.89835000 0.02377228
2.89845000 0.02376751
2.89855000 0.02376273
2.89865000 0.02375796
2.89875000 0.02375318
2.89885000 0.02373311
2.89895000 0.02372834
2.89905000 0.02372356
2.89915000 0.02371879
2.89925000 0.02371402
2.89935000 0.02370925
2.89945000 0.02370447
2.89955000 0.02368443
2.89965000 0.02367966
2.89975000 0.02367489
2.89985000 0.02367012
2.89995000 0.02366534
2.90005000 0.02366057
2.90015000 0.02365580
2.90025000 0.02363579
2.90035000 0.02363102
2.90045000 0.02362625
2.90055000 0.02362148
2.90065000 0.02361671
2.90075000 0.02361193
2.90085000 0.02360716
2.90095000 0.02360239
2.90105000 0.02358242
2.90115000 0.02357765
2.90125000 0.02357288
2.90135000 0.02356811
2.90145000 0.02356333
2.90155000 0.02355856
2.90165000 0.02355379
2.90175000 0.02353385
2.90185000 0.02352908
2.90195000 0.02352431
2.90205000 0.02351954
2.90215000 0.02351477
2.90225000 0.02351000
2.90235000 0.02350523
2.90245000 0.02350046
2.90255000 0.02348056
2.90265000 0.02347579
2.90275000 0.02347102
2.90285000 0.02346625
2.90295000 0.02346148
2.90305000 0.02345671
2.90315000 0.02345193
2.90325000 0.02343207
2.90335000 0.02342730
2.90345000 0.02342253
2.90355000 0.02341776
2.90365000 0.02341299
2.90375000 0.02340822
2.90385000 0.02340345
2.90395000 0.02338362
2.90405000 0.02337885
2.90415000 0.02337409
2.90425000 0.02336932
2.90435000 0.02336455
2.90445000 0.02335978
2.90455000 0.02335500
2.90465000 0.02335023
2.90475000 0.02333044
2.90485000 0.02332568
2.90495000 0.02332091
2.90505000 0.02331614
2.90515000 0.02331137
2.90525000 0.02330660
2.90535000 0.02330182
2.90545000 0.02328207
2.90555000 0.02327730
2.90565000 0.02327254
2.90575000 0.02326777
2.90585000 0.02326300
2.90595000 0.02325823
2.90605000 0.02325346
2.90615000 0.02324868
2.90625000 0.02322897
2.90635000 0.02322420
2.90645000 0.02321943
2.90655000 0.02321466
2.90665000 0.02320990
2.90675000 0.02320512
2.90685000 0.02320035
2.90695000 0.02318067
2.90705000 0.02317591
2.90715000 0.02317114
2.90725000 0.02316637
2.90735000 0.02316160
2.90745000 0.02315683
2.90755000 0.02315206
2.90765000 0.02313241
2.90775000 0.02312765
2.90785000 0.02312288
2.90795000 0.02311811
2.90805000 0.02311335
2.90815000 0.02310858
2.90825000 0.02310381
2.90835000 0.02309904
2.90845000 0.02307943
2.90855000 0.02307466
2.90865000 0.02306990
2.90875000 0.02306513
2.90885000 0.02306036
2.90895000 0.02305559
2.90905000 0.02305082
2.90915000 0.02303125
2.90925000 0.02302648
2.90935000 0.02302172
2.90945000 0.02301695
2.90955000 0.02301218
2.90965000 0.02300741
2.90975000 0.02300265
2.90985000 0.02299787
2.90995000 0.02297834
2.91005000 0.02297358
2.91015000 0.02296881
2.91025000 0.02296404
2.91035000 0.02295928
2.91045000 0.02295451
2.91055000 0.02294974
2.91065000 0.02293024
2.91075000 0.02292547
2.91085000 0.02292071
2.91095000 0.02291594
2.91105000 0.02291117
2.91115000 0.02290641
2.91125000 0.02290164
2.91135000 0.02288217
2.91145000 0.02287741
2.91155000 0.02287264
2.91165000 0.02286788
2.91175000 0.02286311
2.91185000 0.02285834
2.91195000 0.02285358
2.91205000 0.02284881
2.91215000 0.02282938
2.91225000 0.02282462
2.91235000 0.02281985
2.91245000 0.02281509
2.91255000 0.02281032
2.91265000 0.02280555
2.91275000 0.02280079
2.91285000 0.02278139
2.91295000 0.02277663
2.91305000 0.02277187
2.91315000 0.02276710
2.91325000 0.02276234
2.91335000 0.02275757
2.91345000 0.02275280
2.91355000 0.02273344
2.91365000 0.02272868
2.91375000 0.02272392
2.91385000 0.02271915
2.91395000 0.02271439
2.91405000 0.02270962
2.91415000 0.02270486
2.91425000 0.02270009
2.91435000 0.02268077
2.91445000 0.02267601
2.91455000 0.02267124
2.91465000 0.02266648
2.91475000 0.02266172
2.91485000 0.02265695
2.91495000 0.02265218
2.91505000 0.02263290
2.91515000 0.02262814
2.91525000 0.02262337
2.91535000 0.02261861
2.91545000 0.02261385
2.91555000 0.02260908
2.91565000 0.02260432
2.91575000 0.02258506
2.91585000 0.02258030
2.91595000 0.02257554
2.91605000 0.02257078
2.91615000 0.02256602
2.91625000 0.02256125
2.91635000 0.02255649
2.91645000 0.02255172
2.91655000 0.02253251
2.91665000 0.02252775
2.91675000 0.02252299
2.91685000 0.02251822
2.91695000 0.02251346
2.91705000 0.02250870
2.91715000 0.02250393
2.91725000 0.02248475
2.91735000 0.02247999
2.91745000 0.02247523
2.91755000 0.02247047
2.91765000 0.02246571
2.91775000 0.02246094
2.91785000 0.02245618
2.91795000 0.02245141
2.91805000 0.02243227
2.91815000 0.02242751
2.91825000 0.02242275
2.91835000 0.02241799
2.91845000 0.02241323
2.91855000 0.02240847
2.91865000 0.02240370
2.91875000 0.02238460
2.91885000 0.02237984
2.91895000 0.02237508
2.91905000 0.02237032
2.91915000 0.02236555
2.91925000 0.02236079
2.91935000 0.02235603
2.91945000 0.02233696
2.91955000 0.02233220
2.91965000 0.02232744
2.91975000 0.02232268
2.91985000 0.02231792
2.91995000 0.02231316
2.92005000 0.02230839
2.92015000 0.02230363
2.92025000 0.02228460
2.92035000 0.02227984
2.92045000 0.02227508
2.92055000 0.02227032
2.92065000 0.02226556
2.92075000 0.02226080
2.92085000 0.02225604
2.92095000 0.02223704
2.92105000 0.02223228
2.92115000 0.02222752
2.92125000 0.02222276
2.92135000 0.02221800
2.92145000 0.02221324
2.92155000 0.02220848
2.92165000 0.02218951
2.92175000 0.02218476
2.92185000 0.02218000
2.92195000 0.02217524
2.92205000 0.02217048
2.92215000 0.02216572
2.92225000 0.02216096
2.92235000 0.02215620
2.92245000 0.02213727
2.92255000 0.02213252
2.92265000 0.02212776
2.92275000 0.02212300
2.92285000 0.02211824
2.92295000 0.02211348
2.92305000 0.02210872
2.92315000 0.02208983
2.92325000 0.02208507
2.92335000 0.02208032
2.92345000 0.02207556
2.92355000 0.02207080
2.92365000 0.02206604
2.92375000 0.02206128
2.92385000 0.02204242
2.92395000 0.02203767
2.92405000 0.02203291
2.92415000 0.02202816
2.92425000 0.02202340
2.92435000 0.02201864
2.92445000 0.02201388
2.92455000 0.02200912
2.92465000 0.02199030
2.92475000 0.02198555
2.92485000 0.02198079
2.92495000 0.02197604
2.92505000 0.02197128
2.92515000 0.02196652
2.92525000 0.02196176
2.92535000 0.02194298
2.92545000 0.02193822
2.92555000 0.02193347
2.92565000 0.02192871
2.92575000 0.02192396
2.92585000 0.02191920
2.92595000 0.02191444
2.92605000 0.02189569
2.92615000 0.02189094
2.92625000 0.02188618
2.92635000 0.02188143
2.92645000 0.02187667
2.92655000 0.02187192
2.92665000 0.02186716
2.92675000 0.02186240
2.92685000 0.02184369
2.92695000 0.02183893
2.92705000 0.02183418
2.92715000 0.02182943
2.92725000 0.02182467
2.92735000 0.02181992
2.92745000 0.02181516
2.92755000 0.02179648
2.92765000 0.02179173
2.92775000 0.02178697
2.92785000 0.02178222
2.92795000 0.02177747
2.92805000 0.02177271
2.92815000 0.02176796
2.92825000 0.02174931
2.92835000 0.02174456
2.92845000 0.02173980
2.92855000 0.02173505
2.92865000 0.02173030
2.92875000 0.02172555
2.92885000 0.02172079
2.92895000 0.02171604
2.92905000 0.02169743
2.92915000 0.02169267
2.92925000 0.02168792
2.92935000 0.02168317
2.92945000 0.02167842
2.92955000 0.02167367
2.92965000 0.02166891
2.92975000 0.02165033
2.92985000 0.02164558
2.92995000 0.02164083
2.93005000 0.02163608
2.93015000 0.02163133
2.93025000 0.02162658
2.93035000 0.02162183
2.93045000 0.02160328
2.93055000 0.02159853
2.93065000 0.02159378
2.93075000 0.02158903
2.93085000 0.02158428
2.93095000 0.02157953
2.93105000 0.02157478
2.93115000 0.02157003
2.93125000 0.02155152
2.93135000 0.02154677
2.93145000 0.02154202
2.93155000 0.02153727
2.93165000 0.02153252
2.93175000 0.02152777
2.93185000 0.02152302
2.93195000 0.02150455
2.93205000 0.02149980
2.93215000 0.02149505
2.93225000 0.02149030
2.93235000 0.02148555
2.93245000 0.02148080
2.93255000 0.02147605
2.93265000 0.02145761
2.93275000 0.02145287
2.93285000 0.02144812
2.93295000 0.02144337
2.93305000 0.02143862
2.93315000 0.02143387
2.93325000 0.02142912
2.93335000 0.02142437
2.93345000 0.02140597
2.93355000 0.02140123
2.93365000 0.02139648
2.93375000 0.02139173
2.93385000 0.02138698
2.93395000 0.02138224
2.93405000 0.02137749
2.93415000 0.02135912
2.93425000 0.02135437
2.93435000 0.02134963
2.93445000 0.02134488
2.93455000 0.02134013
2.93465000 0.02133539
2.93475000 0.02133064
2.93485000 0.02131230
2.93495000 0.02130756
2.93505000 0.02130281
2.93515000 0.02129807
2.93525000 0.02129332
2.93535000 0.02128858
2.93545000 0.02128383
2.93555000 0.02127908
2.93565000 0.02126078
2.93575000 0.02125604
2.93585000 0.02125130
2.93595000 0.02124655
2.93605000 0.02124180
2.93615000 0.02123706
2.93625000 0.02123231
2.93635000 0.02121405
2.93645000 0.02120931
2.93655000 0.02120456
2.93665000 0.02119982
2.93675000 0.02119507
2.93685000 0.02119033
2.93695000 0.02118558
2.93705000 0.02116735
2.93715000 0.02116261
2.93725000 0.02115787
2.93735000 0.02115312
2.93745000 0.02114838
2.93755000 0.02114364
2.93765000 0.02113889
2.93775000 0.02113415
2.93785000 0.02111595
2.93795000 0.02111121
2.93805000 0.02110647
2.93815000 0.02110173
2.93825000 0.02109698
2.93835000 0.02109224
2.93845000 0.02108750
2.93855000 0.02106934
2.93865000 0.02106460
2.93875000 0.02105986
2.93885000 0.02105511
2.93895000 0.02105037
2.93905000 0.02104563
2.93915000 0.02104089
2.93925000 0.02102276
2.93935000 0.02101802
2.93945000 0.02101328
2.93955000 0.02100854
2.93965000 0.02100380
2.93975000 0.02099906
2.93985000 0.02099432
2.93995000 0.02098957
2.94005000 0.02097148
2.94015000 0.02096675
2.94025000 0.02096201
2.94035000 0.02095727
2.94045000 0.02095253
2.94055000 0.02094778
2.94065000 0.02094304
2.94075000 0.02092499
2.94085000 0.02092025
2.94095000 0.02091551
2.94105000 0.02091077
2.94115000 0.02090603
2.94125000 0.02090129
2.94135000 0.02089655
2.94145000 0.02087853
2.94155000 0.02087379
2.94165000 0.02086906
2.94175000 0.02086432
2.94185000 0.02085958
2.94195000 0.02085484
2.94205000 0.02085010
2.94215000 0.02083211
2.94225000 0.02082738
2.94235000 0.02082264
2.94245000 0.02081790
2.94255000 0.02081317
2.94265000 0.02080843
2.94275000 0.02080369
2.94285000 0.02079895
2.94295000 0.02078100
2.94305000 0.02077627
2.94315000 0.02077153
2.94325000 0.02076679
2.94335000 0.02076206
2.94345000 0.02075732
2.94355000 0.02075258
2.94365000 0.02073466
2.94375000 0.02072993
2.94385000 0.02072519
2.94395000 0.02072046
2.94405000 0.02071572
2.94415000 0.02071099
2.94425000 0.02070625
2.94435000 0.02068836
2.94445000 0.02068363
2.94455000 0.02067890
2.94465000 0.02067417
2.94475000 0.02066943
2.94485000 0.02066470
2.94495000 0.02065996
2.94505000 0.02065522
2.94515000 0.02063738
2.94525000 0.02063264
2.94535000 0.02062791
2.94545000 0.02062318
2.94555000 0.02061844
2.94565000 0.02061371
2.94575000 0.02060897
2.94585000 0.02059116
2.94595000 0.02058643
2.94605000 0.02058170
2.94615000 0.02057696
2.94625000 0.02057223
2.94635000 0.02056750
2.94645000 0.02056276
2.94655000 0.02054498
2.94665000 0.02054025
2.94675000 0.02053552
2.94685000 0.02053079
2.94695000 0.02052606
2.94705000 0.02052133
2.94715000 0.02051659
2.94725000 0.02049884
2.94735000 0.02049411
2.94745000 0.02048939
2.94755000 0.02048466
2.94765000 0.02047992
2.94775000 0.02047519
2.94785000 0.02047046
2.94795000 0.02046573
2.94805000 0.02044802
2.94815000 0.02044329
2.94825000 0.02043856
2.94835000 0.02043383
2.94845000 0.02042910
2.94855000 0.02042437
2.94865000 0.02041964
2.94875000 0.02040196
2.94885000 0.02039723
2.94895000 0.02039251
2.94905000 0.02038778
2.94915000 0.02038305
2.94925000 0.02037832
2.94935000 0.02037359
2.94945000 0.02035594
2.94955000 0.02035122
2.94965000 0.02034649
2.94975000 0.02034177
2.94985000 0.02033704
2.94995000 0.02033231
2.95005000 0.02032758
2.95015000 0.02032285
2.95025000 0.02030524
2.95035000 0.02030052
2.95045000 0.02029579
2.95055000 0.02029107
2.95065000 0.02028634
2.95075000 0.02028161
2.95085000 0.02027688
2.95095000 0.02025931
2.95105000 0.02025458
2.95115000 0.02024986
2.95125000 0.02024513
2.95135000 0.02024041
2.95145000 0.02023568
2.95155000 0.02023096
2.95165000 0.02021341
2.95175000 0.02020869
2.95185000 0.02020397
2.95195000 0.02019924
2.95205000 0.02019452
2.95215000 0.02018979
2.95225000 0.02018507
2.95235000 0.02016756
2.95245000 0.02016284
2.95255000 0.02015811
2.95265000 0.02015339
2.95275000 0.02014867
2.95285000 0.02014394
2.95295000 0.02013922
2.95305000 0.02013449
2.95315000 0.02011702
2.95325000 0.02011230
2.95335000 0.02010758
2.95345000 0.02010286
2.95355000 0.02009813
2.95365000 0.02009341
2.95375000 0.02008869
2.95385000 0.02007125
2.95395000 0.02006653
2.95405000 0.02006181
2.95415000 0.02005709
2.95425000 0.02005237
2.95435000 0.02004764
2.95445000 0.02004292
2.95455000 0.02002551
2.95465000 0.02002080
2.95475000 0.02001608
2.95485000 0.02001136
2.95495000 0.02000664
2.95505000 0.02000192
2.95515000 0.01999719
2.95525000 0.01999247
2.95535000 0.01997510
2.95545000 0.01997039
2.95555000 0.01996567
2.95565000 0.01996095
2.95575000 0.01995623
2.95585000 0.01995151
2.95595000 0.01994679
2.95605000 0.01992945
2.95615000 0.01992473
2.95625000 0.01992002
2.95635000 0.01991530
2.95645000 0.01991058
2.95655000 0.01990586
2.95665000 0.01990114
2.95675000 0.01988384
2.95685000 0.01987912
2.95695000 0.01987441
2.95705000 0.01986969
2.95715000 0.01986498
2.95725000 0.01986026
2.95735000 0.01985554
2.95745000 0.01983827
2.95755000 0.01983355
2.95765000 0.01982884
2.95775000 0.01982412
2.95785000 0.01981941
2.95795000 0.01981469
2.95805000 0.01980998
2.95815000 0.01980526
2.95825000 0.01978802
2.95835000 0.01978331
2.95845000 0.01977860
2.95855000 0.01977388
2.95865000 0.01976917
2.95875000 0.01976445
2.95885000 0.01975974
2.95895000 0.01974253
2.95905000 0.01973782
2.95915000 0.01973311
2.95925000 0.01972840
2.95935000 0.01972368
2.95945000 0.01971897
2.95955000 0.01971425
2.95965000 0.01969708
2.95975000 0.01969237
2.95985000 0.01968766
2.95995000 0.01968295
2.96005000 0.01967824
2.96015000 0.01967353
2.96025000 0.01966881
2.96035000 0.01965167
2.96045000 0.01964697
2.96055000 0.01964226
2.96065000 0.01963755
2.96075000 0.01963284
2.96085000 0.01962812
2.96095000 0.01962341
2.96105000 0.01961870
2.96115000 0.01960160
2.96125000 0.01959689
2.96135000 0.01959218
2.96145000 0.01958747
2.96155000 0.01958276
2.96165000 0.01957805
2.96175000 0.01957334
2.96185000 0.01955627
2.96195000 0.01955157
2.96205000 0.01954686
2.96215000 0.01954215
2.96225000 0.01953744
2.96235000 0.01953273
2.96245000 0.01952802
2.96255000 0.01951099
2.96265000 0.01950628
2.96275000 0.01950157
2.96285000 0.01949687
2.96295000 0.01949216
2.96305000 0.01948745
2.96315000 0.01948275
2.96325000 0.01946574
2.96335000 0.01946104
2.96345000 0.01945633
2.96355000 0.01945163
2.96365000 0.01944692
2.96375000 0.01944221
2.96385000 0.01943751
2.96395000 0.01943280
2.96405000 0.01941583
2.96415000 0.01941113
2.96425000 0.01940643
2.96435000 0.01940172
2.96445000 0.01939702
2.96455000 0.01939231
2.96465000 0.01938761
2.96475000 0.01937067
2.96485000 0.01936597
2.96495000 0.01936127
2.96505000 0.01935656
2.96515000 0.01935186
2.96525000 0.01934716
2.96535000 0.01934245
2.96545000 0.01932555
2.96555000 0.01932085
2.96565000 0.01931615
2.96575000 0.01931144
2.96585000 0.01930674
2.96595000 0.01930204
2.96605000 0.01929734
2.96615000 0.01928047
2.96625000 0.01927577
2.96635000 0.01927107
2.96645000 0.01926637
2.96655000 0.01926167
2.96665000 0.01925697
2.96675000 0.01925226
2.96685000 0.01924756
2.96695000 0.01923073
2.96705000 0.01922603
2.96715000 0.01922133
2.96725000 0.01921663
2.96735000 0.01921193
2.96745000 0.01920723
2.96755000 0.01920253
2.96765000 0.01918573
2.96775000 0.01918103
2.96785000 0.01917633
2.96795000 0.01917164
2.96805000 0.01916694
2.96815000 0.01916224
2.96825000 0.01915754
2.96835000 0.01914077
2.96845000 0.01913608
2.96855000 0.01913138
2.96865000 0.01912668
2.96875000 0.01912199
2.96885000 0.01911729
2.96895000 0.01911259
2.96905000 0.01909585
2.96915000 0.01909116
2.96925000 0.01908647
2.96935000 0.01908177
2.96945000 0.01907708
2.96955000 0.01907238
2.96965000 0.01906768
2.96975000 0.01906299
2.96985000 0.01904628
2.96995000 0.01904159
2.97005000 0.01903690
2.97015000 0.01903221
2.97025000 0.01902751
2.97035000 0.01902282
2.97045000 0.01901812
2.97055000 0.01900145
2.97065000 0.01899676
2.97075000 0.01899207
2.97085000 0.01898738
2.97095000 0.01898268
2.97105000 0.01897799
2.97115000 0.01897330
2.97125000 0.01895666
2.97135000 0.01895197
2.97145000 0.01894728
2.97155000 0.01894259
2.97165000 0.01893790
2.97175000 0.01893320
2.97185000 0.01892851
2.97195000 0.01891191
2.97205000 0.01890722
2.97215000 0.01890253
2.97225000 0.01889784
2.97235000 0.01889315
2.97245000 0.01888846
2.97255000 0.01888377
2.97265000 0.01886719
2.97275000 0.01886251
2.97285000 0.01885782
2.97295000 0.01885313
2.97305000 0.01884844
2.97315000 0.01884376
2.97325000 0.01883907
2.97335000 0.01883438
2.97345000 0.01881784
2.97355000 0.01881315
2.97365000 0.01880847
2.97375000 0.01880378
2.97385000 0.01879909
2.97395000 0.01879441
2.97405000 0.01878972
2.97415000 0.01877321
2.97425000 0.01876853
2.97435000 0.01876384
2.97445000 0.01875916
2.97455000 0.01875447
2.97465000 0.01874979
2.97475000 0.01874510
2.97485000 0.01872863
2.97495000 0.01872394
2.97505000 0.01871926
2.97515000 0.01871458
2.97525000 0.01870989
2.97535000 0.01870521
2.97545000 0.01870052
2.97555000 0.01868408
2.97565000 0.01867940
2.97575000 0.01867472
2.97585000 0.01867004
2.97595000 0.01866535
2.97605000 0.01866067
2.97615000 0.01865599
2.97625000 0.01865130
2.97635000 0.01863490
2.97645000 0.01863022
2.97655000 0.01862554
2.97665000 0.01862086
2.97675000 0.01861617
2.97685000 0.01861149
2.97695000 0.01860681
2.97705000 0.01859044
2.97715000 0.01858576
2.97725000 0.01858108
2.97735000 0.01857640
2.97745000 0.01857172
2.97755000 0.01856704
2.97765000 0.01856236
2.97775000 0.01854602
2.97785000 0.01854134
2.97795000 0.01853666
2.97805000 0.01853198
2.97815000 0.01852731
2.97825000 0.01852263
2.97835000 0.01851795
2.97845000 0.01850164
2.97855000 0.01849696
2.97865000 0.01849229
2.97875000 0.01848761
2.97885000 0.01848293
2.97895000 0.01847826
2.97905000 0.01847358
2.97915000 0.01845730
2.97925000 0.01845263
2.97935000 0.01844795
2.97945000 0.01844328
2.97955000 0.01843860
2.97965000 0.01843393
2.97975000 0.01842925
2.97985000 0.01842457
2.97995000 0.01840833
2.98005000 0.01840366
2.98015000 0.01839899
2.98025000 0.01839431
2.98035000 0.01838964
2.98045000 0.01838496
2.98055000 0.01838029
2.98065000 0.01836408
2.98075000 0.01835941
2.98085000 0.01835474
2.98095000 0.01835006
2.98105000 0.01834539
2.98115000 0.01834072
2.98125000 0.01833604
2.98135000 0.01831987
2.98145000 0.01831520
2.98155000 0.01831053
2.98165000 0.01830586
2.98175000 0.01830119
2.98185000 0.01829651
2.98195000 0.01829184
2.98205000 0.01827570
2.98215000 0.01827103
2.98225000 0.01826636
2.98235000 0.01826169
2.98245000 0.01825702
2.98255000 0.01825235
2.98265000 0.01824768
2.98275000 0.01823157
2.98285000 0.01822690
2.98295000 0.01822223
2.98305000 0.01821757
2.98315000 0.01821290
2.98325000 0.01820823
2.98335000 0.01820356
2.98345000 0.01819889
2.98355000 0.01818281
2.98365000 0.01817815
2.98375000 0.01817349
2.98385000 0.01816882
2.98395000 0.01816415
2.98405000 0.01815949
2.98415000 0.01815482
2.98425000 0.01813877
2.98435000 0.01813411
2.98445000 0.01812944
2.98455000 0.01812478
2.98465000 0.01812012
2.98475000 0.01811545
2.98485000 0.01811079
2.98495000 0.01809477
2.98505000 0.01809011
2.98515000 0.01808545
2.98525000 0.01808078
2.98535000 0.01807612
2.98545000 0.01807146
2.98555000 0.01806679
2.98565000 0.01805081
2.98575000 0.01804615
2.98585000 0.01804149
2.98595000 0.01803683
2.98605000 0.01803217
2.98615000 0.01802750
2.98625000 0.01802284
2.98635000 0.01800689
2.98645000 0.01800223
2.98655000 0.01799757
2.98665000 0.01799291
2.98675000 0.01798825
2.98685000 0.01798359
2.98695000 0.01797893
2.98705000 0.01797427
2.98715000 0.01795835
2.98725000 0.01795370
2.98735000 0.01794904
2.98745000 0.01794438
2.98755000 0.01793972
2.98765000 0.01793507
2.98775000 0.01793041
2.98785000 0.01791452
2.98795000 0.01790987
2.98805000 0.01790521
2.98815000 0.01790055
2.98825000 0.01789590
2.98835000 0.01789124
2.98845000 0.01788658
2.98855000 0.01787073
2.98865000 0.01786607
2.98875000 0.01786142
2.98885000 0.01785677
2.98895000 0.01785211
2.98905000 0.01784746
2.98915000 0.01784280
2.98925000 0.01782698
2.98935000 0.01782233
2.98945000 0.01781767
2.98955000 0.01781302
2.98965000 0.01780837
2.98975000 0.01780372
2.98985000 0.01779906
2.98995000 0.01778327
2.99005000 0.01777862
2.99015000 0.01777397
2.99025000 0.01776932
2.99035000 0.01776467
2.99045000 0.01776002
2.99055000 0.01775536
2.99065000 0.01773960
2.99075000 0.01773495
2.99085000 0.01773031
2.99095000 0.01772566
2.99105000 0.01772101
2.99115000 0.01771636
2.99125000 0.01771171
2.99135000 0.01770706
2.99145000 0.01769133
2.99155000 0.01768668
2.99165000 0.01768204
2.99175000 0.01767739
2.99185000 0.01767274
2.99195000 0.01766809
2.99205000 0.01766344
2.99215000 0.01764775
2.99225000 0.01764310
2.99235000 0.01763846
2.99245000 0.01763381
2.99255000 0.01762917
2.99265000 0.01762452
2.99275000 0.01761987
2.99285000 0.01760421
2.99295000 0.01759957
2.99305000 0.01759492
2.99315000 0.01759028
2.99325000 0.01758563
2.99335000 0.01758099
2.99345000 0.01757634
2.99355000 0.01756071
2.99365000 0.01755607
2.99375000 0.01755143
2.99385000 0.01754679
2.99395000 0.01754214
2.99405000 0.01753750
2.99415000 0.01753286
2.99425000 0.01751726
2.99435000 0.01751262
2.99445000 0.01750798
2.99455000 0.01750334
2.99465000 0.01749870
2.99475000 0.01749406
2.99485000 0.01748941
2.99495000 0.01748477
2.99505000 0.01746921
2.99515000 0.01746457
2.99525000 0.01745993
2.99535000 0.01745529
2.99545000 0.01745065
2.99555000 0.01744601
2.99565000 0.01744137
2.99575000 0.01742584
2.99585000 0.01742120
2.99595000 0.01741656
2.99605000 0.01741193
2.99615000 0.01740729
2.99625000 0.01740265
2.99635000 0.01739801
2.99645000 0.01738251
2.99655000 0.01737788
2.99665000 0.01737324
2.99675000 0.01736861
2.99685000 0.01736397
2.99695000 0.01735933
2.99705000 0.01735470
2.99715000 0.01733922
2.99725000 0.01733459
2.99735000 0.01732996
2.99745000 0.01732533
2.99755000 0.01732069
2.99765000 0.01731606
2.99775000 0.01731142
2.99785000 0.01729598
2.99795000 0.01729135
2.99805000 0.01728672
2.99815000 0.01728209
2.99825000 0.01727746
2.99835000 0.01727283
2.99845000 0.01726819
2.99855000 0.01725278
2.99865000 0.01724815
2.99875000 0.01724352
2.99885000 0.01723889
2.99895000 0.01723426
2.99905000 0.01722963
2.99915000 0.01722500
2.99925000 0.01722037
2.99935000 0.01720500
2.99945000 0.01720037
2.99955000 0.01719574
2.99965000 0.01719111
2.99975000 0.01718649
2.99985000 0.01718186
2.99995000 0.01717723
3.00005000 0.01716188
3.00015000 0.01715726
3.00025000 0.01715263
3.00035000 0.01714801
3.00045000 0.01714338
3.00055000 0.01713875
3.00065000 0.01713412
3.00075000 0.01711881
3.00085000 0.01711419
3.00095000 0.01710956
3.00105000 0.01710494
3.00115000 0.01710032
3.00125000 0.01709569
3.00135000 0.01709106
3.00145000 0.01707578
3.00155000 0.01707116
3.00165000 0.01706654
3.00175000 0.01706192
3.00185000 0.01705729
3.00195000 0.01705267
3.00205000 0.01704805
3.00215000 0.01703280
3.00225000 0.01702818
3.00235000 0.01702356
3.00245000 0.01701894
3.00255000 0.01701432
3.00265000 0.01700969
3.00275000 0.01700507
3.00285000 0.01698985
3.00295000 0.01698523
3.00305000 0.01698062
3.00315000 0.01697600
3.00325000 0.01697138
3.00335000 0.01696676
3.00345000 0.01696214
3.00355000 0.01694695
3.00365000 0.01694233
3.00375000 0.01693772
3.00385000 0.01693310
3.00395000 0.01692848
3.00405000 0.01692387
3.00415000 0.01691925
3.00425000 0.01691463
3.00435000 0.01689948
3.00445000 0.01689486
3.00455000 0.01689025
3.00465000 0.01688563
3.00475000 0.01688102
3.00485000 0.01687640
3.00495000 0.01687179
3.00505000 0.01685666
3.00515000 0.01685205
3.00525000 0.01684744
3.00535000 0.01684283
3.00545000 0.01683821
3.00555000 0.01683360
3.00565000 0.01682898
3.00575000 0.01681389
3.00585000 0.01680928
3.00595000 0.01680467
3.00605000 0.01680006
3.00615000 0.01679545
3.00625000 0.01679084
3.00635000 0.01678622
3.00645000 0.01677116
3.00655000 0.01676655
3.00665000 0.01676194
3.00675000 0.01675734
3.00685000 0.01675273
3.00695000 0.01674812
3.00705000 0.01674351
3.00715000 0.01672847
3.00725000 0.01672387
3.00735000 0.01671926
3.00745000 0.01671466
3.00755000 0.01671005
3.00765000 0.01670544
3.00775000 0.01670083
3.00785000 0.01668583
3.00795000 0.01668123
3.00805000 0.01667662
3.00815000 0.01667202
3.00825000 0.01666741
3.00835000 0.01666281
3.00845000 0.01665820
3.00855000 0.01664323
3.00865000 0.01663863
3.00875000 0.01663403
3.00885000 0.01662942
3.00895000 0.01662482
3.00905000 0.01662022
3.00915000 0.01661561
3.00925000 0.01661101
3.00935000 0.01659607
3.00945000 0.01659147
3.00955000 0.01658687
3.00965000 0.01658227
3.00975000 0.01657767
3.00985000 0.01657307
3.00995000 0.01656846
3.01005000 0.01655356
3.01015000 0.01654896
3.01025000 0.01654436
3.01035000 0.01653976
3.01045000 0.01653516
3.01055000 0.01653056
3.01065000 0.01652596
3.01075000 0.01651109
3.01085000 0.01650649
3.01095000 0.01650189
3.01105000 0.01649730
3.01115000 0.01649270
3.01125000 0.01648810
3.01135000 0.01648350
3.01145000 0.01646866
3.01155000 0.01646407
3.01165000 0.01645947
3.01175000 0.01645488
3.01185000 0.01645028
3.01195000 0.01644568
3.01205000 0.01644109
3.01215000 0.01642627
3.01225000 0.01642168
3.01235000 0.01641709
3.01245000 0.01641250
3.01255000 0.01640790
3.01265000 0.01640331
3.01275000 0.01639872
3.01285000 0.01638393
3.01295000 0.01637934
3.01305000 0.01637475
3.01315000 0.01637016
3.01325000 0.01636557
3.01335000 0.01636098
3.01345000 0.01635639
3.01355000 0.01634163
3.01365000 0.01633705
3.01375000 0.01633246
3.01385000 0.01632787
3.01395000 0.01632328
3.01405000 0.01631869
3.01415000 0.01631410
3.01425000 0.01629938
3.01435000 0.01629479
3.01445000 0.01629021
3.01455000 0.01628562
3.01465000 0.01628103
3.01475000 0.01627645
3.01485000 0.01627186
3.01495000 0.01626727
3.01505000 0.01625258
3.01515000 0.01624800
3.01525000 0.01624341
3.01535000 0.01623883
3.01545000 0.01623424
3.01555000 0.01622966
3.01565000 0.01622507
3.01575000 0.01621042
3.01585000 0.01620583
3.01595000 0.01620125
3.01605000 0.01619667
3.01615000 0.01619209
3.01625000 0.01618750
3.01635000 0.01618292
3.01645000 0.01616829
3.01655000 0.01616371
3.01665000 0.01615913
3.01675000 0.01615455
3.01685000 0.01614997
3.01695000 0.01614539
3.01705000 0.01614081
3.01715000 0.01612621
3.01725000 0.01612163
3.01735000 0.01611706
3.01745000 0.01611248
3.01755000 0.01610790
3.01765000 0.01610332
3.01775000 0.01609874
3.01785000 0.01608417
3.01795000 0.01607960
3.01805000 0.01607502
3.01815000 0.01607045
3.01825000 0.01606587
3.01835000 0.01606129
3.01845000 0.01605671
3.01855000 0.01604218
3.01865000 0.01603761
3.01875000 0.01603303
3.01885000 0.01602846
3.01895000 0.01602388
3.01905000 0.01601931
3.01915000 0.01601473
3.01925000 0.01600023
3.01935000 0.01599566
3.01945000 0.01599109
3.01955000 0.01598651
3.01965000 0.01598194
3.01975000 0.01597737
3.01985000 0.01597280
3.01995000 0.01595832
3.02005000 0.01595375
3.02015000 0.01594918
3.02025000 0.01594461
3.02035000 0.01594004
3.02045000 0.01593547
3.02055000 0.01593090
3.02065000 0.01592633
3.02075000 0.01591189
3.02085000 0.01590732
3.02095000 0.01590276
3.02105000 0.01589819
3.02115000 0.01589362
3.02125000 0.01588905
3.02135000 0.01588448
3.02145000 0.01587007
3.02155000 0.01586551
3.02165000 0.01586094
3.02175000 0.01585638
3.02185000 0.01585181
3.02195000 0.01584724
3.02205000 0.01584268
3.02215000 0.01582830
3.02225000 0.01582373
3.02235000 0.01581917
3.02245000 0.01581461
3.02255000 0.01581004
3.02265000 0.01580548
3.02275000 0.01580091
3.02285000 0.01578656
3.02295000 0.01578200
3.02305000 0.01577744
3.02315000 0.01577288
3.02325000 0.01576832
3.02335000 0.01576376
3.02345000 0.01575920
3.02355000 0.01574488
3.02365000 0.01574032
3.02375000 0.01573576
3.02385000 0.01573120
3.02395000 0.01572664
3.02405000 0.01572208
3.02415000 0.01571752
3.02425000 0.01570323
3.02435000 0.01569868
3.02445000 0.01569412
3.02455000 0.01568956
3.02465000 0.01568501
3.02475000 0.01568045
3.02485000 0.01567589
3.02495000 0.01566163
3.02505000 0.01565708
3.02515000 0.01565252
3.02525000 0.01564797
3.02535000 0.01564341
3.02545000 0.01563886
3.02555000 0.01563430
3.02565000 0.01562007
3.02575000 0.01561552
3.02585000 0.01561097
3.02595000 0.01560642
3.02605000 0.01560187
3.02615000 0.01559731
3.02625000 0.01559276
3.02635000 0.01557856
3.02645000 0.01557401
3.02655000 0.01556946
3.02665000 0.01556491
3.02675000 0.01556036
3.02685000 0.01555581
3.02695000 0.01555126
3.02705000 0.01553709
3.02715000 0.01553254
3.02725000 0.01552800
3.02735000 0.01552345
3.02745000 0.01551890
3.02755000 0.01551435
3.02765000 0.01550981
3.02775000 0.01550526
3.02785000 0.01549112
3.02795000 0.01548658
3.02805000 0.01548203
3.02815000 0.01547749
3.02825000 0.01547294
3.02835000 0.01546839
3.02845000 0.01546385
3.02855000 0.01544974
3.02865000 0.01544520
3.02875000 0.01544066
3.02885000 0.01543611
3.02895000 0.01543157
3.02905000 0.01542703
3.02915000 0.01542248
3.02925000 0.01540840
3.02935000 0.01540386
3.02945000 0.01539932
3.02955000 0.01539478
3.02965000 0.01539024
3.02975000 0.01538570
3.02985000 0.01538116
3.02995000 0.01536711
3.03005000 0.01536258
3.03015000 0.01535804
3.03025000 0.01535350
3.03035000 0.01534896
3.03045000 0.01534442
3.03055000 0.01533988
3.03065000 0.01532586
3.03075000 0.01532133
3.03085000 0.01531679
3.03095000 0.01531226
3.03105000 0.01530772
3.03115000 0.01530318
3.03125000 0.01529865
3.03135000 0.01528466
3.03145000 0.01528013
3.03155000 0.01527559
3.03165000 0.01527106
3.03175000 0.01526653
3.03185000 0.01526199
3.03195000 0.01525746
3.03205000 0.01524350
3.03215000 0.01523897
3.03225000 0.01523444
3.03235000 0.01522991
3.03245000 0.01522538
3.03255000 0.01522084
3.03265000 0.01521631
3.03275000 0.01520238
3.03285000 0.01519786
3.03295000 0.01519333
3.03305000 0.01518880
3.03315000 0.01518427
3.03325000 0.01517974
3.03335000 0.01517521
3.03345000 0.01516131
3.03355000 0.01515679
3.03365000 0.01515226
3.03375000 0.01514773
3.03385000 0.01514321
3.03395000 0.01513868
3.03405000 0.01513415
3.03415000 0.01512028
3.03425000 0.01511576
3.03435000 0.01511124
3.03445000 0.01510671
3.03455000 0.01510219
3.03465000 0.01509766
3.03475000 0.01509314
3.03485000 0.01507930
3.03495000 0.01507478
3.03505000 0.01507026
3.03515000 0.01506574
3.03525000 0.01506122
3.03535000 0.01505669
3.03545000 0.01505217
3.03555000 0.01503836
3.03565000 0.01503384
3.03575000 0.01502932
3.03585000 0.01502481
3.03595000 0.01502029
3.03605000 0.01501577
3.03615000 0.01501125
3.03625000 0.01500673
3.03635000 0.01499295
3.03645000 0.01498843
3.03655000 0.01498392
3.03665000 0.01497940
3.03675000 0.01497488
3.03685000 0.01497037
3.03695000 0.01496585
3.03705000 0.01495210
3.03715000 0.01494759
3.03725000 0.01494307
3.03735000 0.01493856
3.03745000 0.01493404
3.03755000 0.01492953
3.03765000 0.01492501
3.03775000 0.01491130
3.03785000 0.01490679
3.03795000 0.01490227
3.03805000 0.01489776
3.03815000 0.01489325
3.03825000 0.01488874
3.03835000 0.01488422
3.03845000 0.01487054
3.03855000 0.01486603
3.03865000 0.01486152
3.03875000 0.01485701
3.03885000 0.01485250
3.03895000 0.01484799
3.03905000 0.01484348
3.03915000 0.01482982
3.03925000 0.01482532
3.03935000 0.01482081
3.03945000 0.01481630
3.03955000 0.01481179
3.03965000 0.01480729
3.03975000 0.01480278
3.03985000 0.01478915
3.03995000 0.01478465
3.04005000 0.01478014
3.04015000 0.01477564
3.04025000 0.01477113
3.04035000 0.01476663
3.04045000 0.01476212
3.04055000 0.01474852
3.04065000 0.01474402
3.04075000 0.01473952
3.04085000 0.01473502
3.04095000 0.01473052
3.04105000 0.01472601
3.04115000 0.01472151
3.04125000 0.01470794
3.04135000 0.01470344
3.04145000 0.01469894
3.04155000 0.01469444
3.04165000 0.01468995
3.04175000 0.01468544
3.04185000 0.01468094
3.04195000 0.01466740
3.04205000 0.01466291
3.04215000 0.01465841
3.04225000 0.01465391
3.04235000 0.01464942
3.04245000 0.01464492
3.04255000 0.01464042
3.04265000 0.01462691
3.04275000 0.01462242
3.04285000 0.01461792
3.04295000 0.01461343
3.04305000 0.01460894
3.04315000 0.01460444
3.04325000 0.01459994
3.04335000 0.01458646
3.04345000 0.01458197
3.04355000 0.01457748
3.04365000 0.01457299
3.04375000 0.01456850
3.04385000 0.01456400
3.04395000 0.01455951
3.04405000 0.01454606
3.04415000 0.01454157
3.04425000 0.01453708
3.04435000 0.01453259
3.04445000 0.01452810
3.04455000 0.01452361
3.04465000 0.01451912
3.04475000 0.01450570
3.04485000 0.01450122
3.04495000 0.01449673
3.04505000 0.01449224
3.04515000 0.01448776
3.04525000 0.01448327
3.04535000 0.01447878
3.04545000 0.01446539
3.04555000 0.01446090
3.04565000 0.01445642
3.04575000 0.01445194
3.04585000 0.01444745
3.04595000 0.01444297
3.04605000 0.01443848
3.04615000 0.01442512
3.04625000 0.01442064
3.04635000 0.01441616
3.04645000 0.01441167
3.04655000 0.01440719
3.04665000 0.01440271
3.04675000 0.01439823
3.04685000 0.01438489
3.04695000 0.01438041
3.04705000 0.01437594
3.04715000 0.01437146
3.04725000 0.01436698
3.04735000 0.01436250
3.04745000 0.01435802
3.04755000 0.01435354
3.04765000 0.01434024
3.04775000 0.01433576
3.04785000 0.01433129
3.04795000 0.01432681
3.04805000 0.01432233
3.04815000 0.01431785
3.04825000 0.01431338
3.04835000 0.01430011
3.04845000 0.01429563
3.04855000 0.01429116
3.04865000 0.01428668
3.04875000 0.01428221
3.04885000 0.01427774
3.04895000 0.01427326
3.04905000 0.01426002
3.04915000 0.01425555
3.04925000 0.01425108
3.04935000 0.01424661
3.04945000 0.01424213
3.04955000 0.01423766
3.04965000 0.01423319
3.04975000 0.01421998
3.04985000 0.01421551
3.04995000 0.01421104
3.05005000 0.01420657
3.05015000 0.01420210
3.05025000 0.01419763
3.05035000 0.01419316
3.05045000 0.01417998
3.05055000 0.01417551
3.05065000 0.01417105
3.05075000 0.01416658
3.05085000 0.01416212
3.05095000 0.01415765
3.05105000 0.01415318
3.05115000 0.01414003
3.05125000 0.01413556
3.05135000 0.01413110
3.05145000 0.01412664
3.05155000 0.01412217
3.05165000 0.01411771
3.05175000 0.01411325
3.05185000 0.01410012
3.05195000 0.01409566
3.05205000 0.01409120
3.05215000 0.01408674
3.05225000 0.01408228
3.05235000 0.01407782
3.05245000 0.01407336
3.05255000 0.01406026
3.05265000 0.01405580
3.05275000 0.01405134
3.05285000 0.01404688
3.05295000 0.01404243
3.05305000 0.01403797
3.05315000 0.01403351
3.05325000 0.01402044
3.05335000 0.01401599
3.05345000 0.01401153
3.05355000 0.01400708
3.05365000 0.01400262
3.05375000 0.01399817
3.05385000 0.01399371
3.05395000 0.01398067
3.05405000 0.01397622
3.05415000 0.01397177
3.05425000 0.01396731
3.05435000 0.01396286
3.05445000 0.01395841
3.05455000 0.01395395
3.05465000 0.01394094
3.05475000 0.01393649
3.05485000 0.01393204
3.05495000 0.01392759
3.05505000 0.01392314
3.05515000 0.01391869
3.05525000 0.01391424
3.05535000 0.01390126
3.05545000 0.01389682
3.05555000 0.01389237
3.05565000 0.01388792
3.05575000 0.01388347
3.05585000 0.01387903
3.05595000 0.01387458
3.05605000 0.01386163
3.05615000 0.01385718
3.05625000 0.01385274
3.05635000 0.01384829
3.05645000 0.01384385
3.05655000 0.01383941
3.05665000 0.01383496
3.05675000 0.01382204
3.05685000 0.01381760
3.05695000 0.01381315
3.05705000 0.01380871
3.05715000 0.01380427
3.05725000 0.01379983
3.05735000 0.01379539
3.05745000 0.01378249
3.05755000 0.01377805
3.05765000 0.01377361
3.05775000 0.01376918
3.05785000 0.01376474
3.05795000 0.01376030
3.05805000 0.01375586
3.05815000 0.01374299
3.05825000 0.01373856
3.05835000 0.01373412
3.05845000 0.01372969
3.05855000 0.01372525
3.05865000 0.01372081
3.05875000 0.01371638
3.05885000 0.01370354
3.05895000 0.01369911
3.05905000 0.01369467
3.05915000 0.01369024
3.05925000 0.01368581
3.05935000 0.01368137
3.05945000 0.01367694
3.05955000 0.01366413
3.05965000 0.01365970
3.05975000 0.01365527
3.05985000 0.01365084
3.05995000 0.01364641
3.06005000 0.01364198
3.06015000 0.01363755
3.06025000 0.01362477
3.06035000 0.01362034
3.06045000 0.01361591
3.06055000 0.01361149
3.06065000 0.01360706
3.06075000 0.01360263
3.06085000 0.01359820
3.06095000 0.01358545
3.06105000 0.01358103
3.06115000 0.01357660
3.06125000 0.01357218
3.06135000 0.01356775
3.06145000 0.01356333
3.06155000 0.01355890
3.06165000 0.01354618
3.06175000 0.01354176
3.06185000 0.01353734
3.06195000 0.01353291
3.06205000 0.01352849
3.06215000 0.01352407
3.06225000 0.01351965
3.06235000 0.01350695
3.06245000 0.01350253
3.06255000 0.01349812
3.06265000 0.01349370
3.06275000 0.01348928
3.06285000 0.01348486
3.06295000 0.01348044
3.06305000 0.01346777
3.06315000 0.01346336
3.06325000 0.01345894
3.06335000 0.01345453
3.06345000 0.01345011
3.06355000 0.01344569
3.06365000 0.01344128
3.06375000 0.01342864
3.06385000 0.01342423
3.06395000 0.01341981
3.06405000 0.01341540
3.06415000 0.01341099
3.06425000 0.01340657
3.06435000 0.01340216
3.06445000 0.01338955
3.06455000 0.01338514
3.06465000 0.01338073
3.06475000 0.01337632
3.06485000 0.01337191
3.06495000 0.01336750
3.06505000 0.01336309
3.06515000 0.01335051
3.06525000 0.01334610
3.06535000 0.01334169
3.06545000 0.01333729
3.06555000 0.01333288
3.06565000 0.01332847
3.06575000 0.01332406
3.06585000 0.01331151
3.06595000 0.01330711
3.06605000 0.01330270
3.06615000 0.01329830
3.06625000 0.01329389
3.06635000 0.01328949
3.06645000 0.01328508
3.06655000 0.01327256
3.06665000 0.01326816
3.06675000 0.01326376
3.06685000 0.01325936
3.06695000 0.01325495
3.06705000 0.01325055
3.06715000 0.01324615
3.06725000 0.01323366
3.06735000 0.01322926
3.06745000 0.01322486
3.06755000 0.01322046
3.06765000 0.01321606
3.06775000 0.01321166
3.06785000 0.01320726
3.06795000 0.01319480
3.06805000 0.01319040
3.06815000 0.01318601
3.06825000 0.01318161
3.06835000 0.01317721
3.06845000 0.01317282
3.06855000 0.01316842
3.06865000 0.01315598
3.06875000 0.01315159
3.06885000 0.01314720
3.06895000 0.01314281
3.06905000 0.01313841
3.06915000 0.01313402
3.06925000 0.01312963
3.06935000 0.01311722
3.06945000 0.01311283
3.06955000 0.01310844
3.06965000 0.01310405
3.06975000 0.01309966
3.06985000 0.01309527
3.06995000 0.01309088
3.07005000 0.01307850
3.07015000 0.01307411
3.07025000 0.01306972
3.07035000 0.01306534
3.07045000 0.01306095
3.07055000 0.01305656
3.07065000 0.01305218
3.07075000 0.01303982
3.07085000 0.01303544
3.07095000 0.01303106
3.07105000 0.01302667
3.07115000 0.01302229
3.07125000 0.01301790
3.07135000 0.01301352
3.07145000 0.01300119
3.07155000 0.01299681
3.07165000 0.01299243
3.07175000 0.01298805
3.07185000 0.01298367
3.07195000 0.01297929
3.07205000 0.01297491
3.07215000 0.01296261
3.07225000 0.01295824
3.07235000 0.01295386
3.07245000 0.01294948
3.07255000 0.01294510
3.07265000 0.01294072
3.07275000 0.01293635
3.07285000 0.01292408
3.07295000 0.01291970
3.07305000 0.01291533
3.07315000 0.01291095
3.07325000 0.01290658
3.07335000 0.01290220
3.07345000 0.01289783
3.07355000 0.01288559
3.07365000 0.01288122
3.07375000 0.01287685
3.07385000 0.01287247
3.07395000 0.01286810
3.07405000 0.01286373
3.07415000 0.01285936
3.07425000 0.01284715
3.07435000 0.01284278
3.07445000 0.01283841
3.07455000 0.01283404
3.07465000 0.01282967
3.07475000 0.01282530
3.07485000 0.01282093
3.07495000 0.01280875
3.07505000 0.01280438
3.07515000 0.01280002
3.07525000 0.01279565
3.07535000 0.01279129
3.07545000 0.01278692
3.07555000 0.01278255
3.07565000 0.01277040
3.07575000 0.01276604
3.07585000 0.01276168
3.07595000 0.01275731
3.07605000 0.01275295
3.07615000 0.01274859
3.07625000 0.01274422
3.07635000 0.01273210
3.07645000 0.01272774
3.07655000 0.01272338
3.07665000 0.01271902
3.07675000 0.01271466
3.07685000 0.01271030
3.07695000 0.01270594
3.07705000 0.01269384
3.07715000 0.01268948
3.07725000 0.01268513
3.07735000 0.01268077
3.07745000 0.01267641
3.07755000 0.01267206
3.07765000 0.01266770
3.07775000 0.01265563
3.07785000 0.01265128
3.07795000 0.01264692
3.07805000 0.01264257
3.07815000 0.01263822
3.07825000 0.01263386
3.07835000 0.01262951
3.07845000 0.01261747
3.07855000 0.01261312
3.07865000 0.01260877
3.07875000 0.01260442
3.07885000 0.01260007
3.07895000 0.01259571
3.07905000 0.01259136
3.07915000 0.01257935
3.07925000 0.01257500
3.07935000 0.01257066
3.07945000 0.01256631
3.07955000 0.01256196
3.07965000 0.01255761
3.07975000 0.01255327
3.07985000 0.01254128
3.07995000 0.01253694
3.08005000 0.01253259
3.08015000 0.01252825
3.08025000 0.01252390
3.08035000 0.01251956
3.08045000 0.01251521
3.08055000 0.01250326
3.08065000 0.01249892
3.08075000 0.01249457
3.08085000 0.01249023
3.08095000 0.01248589
3.08105000 0.01248155
3.08115000 0.01247721
3.08125000 0.01246528
3.08135000 0.01246094
3.08145000 0.01245660
3.08155000 0.01245227
3.08165000 0.01244793
3.08175000 0.01244359
3.08185000 0.01243925
3.08195000 0.01242735
3.08205000 0.01242302
3.08215000 0.01241868
3.08225000 0.01241435
3.08235000 0.01241001
3.08245000 0.01240568
3.08255000 0.01240134
3.08265000 0.01238947
3.08275000 0.01238514
3.08285000 0.01238080
3.08295000 0.01237647
3.08305000 0.01237214
3.08315000 0.01236781
3.08325000 0.01236348
3.08335000 0.01235163
3.08345000 0.01234730
3.08355000 0.01234298
3.08365000 0.01233865
3.08375000 0.01233432
3.08385000 0.01232999
3.08395000 0.01232566
3.08405000 0.01231384
3.08415000 0.01230952
3.08425000 0.01230519
3.08435000 0.01230087
3.08445000 0.01229654
3.08455000 0.01229222
3.08465000 0.01228789
3.08475000 0.01227610
3.08485000 0.01227178
3.08495000 0.01226746
3.08505000 0.01226314
3.08515000 0.01225881
3.08525000 0.01225449
3.08535000 0.01225017
3.08545000 0.01223841
3.08555000 0.01223409
3.08565000 0.01222977
3.08575000 0.01222545
3.08585000 0.01222113
3.08595000 0.01221681
3.08605000 0.01221249
3.08615000 0.01220076
3.08625000 0.01219644
3.08635000 0.01219213
3.08645000 0.01218781
3.08655000 0.01218350
3.08665000 0.01217918
3.08675000 0.01217487
3.08685000 0.01216316
3.08695000 0.01215885
3.08705000 0.01215453
3.08715000 0.01215022
3.08725000 0.01214591
3.08735000 0.01214160
3.08745000 0.01213728
3.08755000 0.01212560
3.08765000 0.01212130
3.08775000 0.01211699
3.08785000 0.01211268
3.08795000 0.01210837
3.08805000 0.01210406
3.08815000 0.01209240
3.08825000 0.01208810
3.08835000 0.01208379
3.08845000 0.01207949
3.08855000 0.01207518
3.08865000 0.01207088
3.08875000 0.01206657
3.08885000 0.01205494
3.08895000 0.01205064
3.08905000 0.01204634
3.08915000 0.01204203
3.08925000 0.01203773
3.08935000 0.01203343
3.08945000 0.01202913
3.08955000 0.01201753
3.08965000 0.01201323
3.08975000 0.01200893
3.08985000 0.01200463
3.08995000 0.01200033
3.09005000 0.01199603
3.09015000 0.01199173
3.09025000 0.01198016
3.09035000 0.01197586
3.09045000 0.01197157
3.09055000 0.01196727
3.09065000 0.01196298
3.09075000 0.01195868
3.09085000 0.01195438
3.09095000 0.01194284
3.09105000 0.01193855
3.09115000 0.01193425
3.09125000 0.01192996
3.09135000 0.01192567
3.09145000 0.01192138
3.09155000 0.01191708
3.09165000 0.01190557
3.09175000 0.01190128
3.09185000 0.01189699
3.09195000 0.01189270
3.09205000 0.01188841
3.09215000 0.01188412
3.09225000 0.01187983
3.09235000 0.01186834
3.09245000 0.01186406
3.09255000 0.01185977
3.09265000 0.01185548
3.09275000 0.01185120
3.09285000 0.01184691
3.09295000 0.01184263
3.09305000 0.01183116
3.09315000 0.01182688
3.09325000 0.01182260
3.09335000 0.01181832
3.09345000 0.01181403
3.09355000 0.01180975
3.09365000 0.01180547
3.09375000 0.01179403
3.09385000 0.01178975
3.09395000 0.01178548
3.09405000 0.01178120
3.09415000 0.01177692
3.09425000 0.01177264
3.09435000 0.01176836
3.09445000 0.01175695
3.09455000 0.01175267
3.09465000 0.01174840
3.09475000 0.01174412
3.09485000 0.01173985
3.09495000 0.01173557
3.09505000 0.01173130
3.09515000 0.01171992
3.09525000 0.01171564
3.09535000 0.01171137
3.09545000 0.01170710
3.09555000 0.01170283
3.09565000 0.01169855
3.09575000 0.01169428
3.09585000 0.01168293
3.09595000 0.01167866
3.09605000 0.01167439
3.09615000 0.01167012
3.09625000 0.01166585
3.09635000 0.01166158
3.09645000 0.01165731
3.09655000 0.01164599
3.09665000 0.01164172
3.09675000 0.01163746
3.09685000 0.01163319
3.09695000 0.01162893
3.09705000 0.01162466
3.09715000 0.01162040
3.09725000 0.01160910
3.09735000 0.01160484
3.09745000 0.01160057
3.09755000 0.01159631
3.09765000 0.01159205
3.09775000 0.01158779
3.09785000 0.01158352
3.09795000 0.01157225
3.09805000 0.01156799
3.09815000 0.01156374
3.09825000 0.01155948
3.09835000 0.01155522
3.09845000 0.01155096
3.09855000 0.01154670
3.09865000 0.01153546
3.09875000 0.01153120
3.09885000 0.01152695
3.09895000 0.01152269
3.09905000 0.01151844
3.09915000 0.01151418
3.09925000 0.01150993
3.09935000 0.01149871
3.09945000 0.01149446
3.09955000 0.01149021
3.09965000 0.01148595
3.09975000 0.01148170
3.09985000 0.01147745
3.09995000 0.01146626
3.10005000 0.01146201
3.10015000 0.01145776
3.10025000 0.01145351
3.10035000 0.01144926
3.10045000 0.01144502
3.10055000 0.01144077
3.10065000 0.01142960
3.10075000 0.01142536
3.10085000 0.01142111
3.10095000 0.01141687
3.10105000 0.01141262
3.10115000 0.01140838
3.10125000 0.01140413
3.10135000 0.01139299
3.10145000 0.01138875
3.10155000 0.01138451
3.10165000 0.01138027
3.10175000 0.01137603
3.10185000 0.01137179
3.10195000 0.01136755
3.10205000 0.01135643
3.10215000 0.01135220
3.10225000 0.01134796
3.10235000 0.01134372
3.10245000 0.01133948
3.10255000 0.01133525
3.10265000 0.01133101
3.10275000 0.01131992
3.10285000 0.01131569
3.10295000 0.01131145
3.10305000 0.01130722
3.10315000 0.01130299
3.10325000 0.01129875
3.10335000 0.01129452
3.10345000 0.01128346
3.10355000 0.01127923
3.10365000 0.01127500
3.10375000 0.01127077
3.10385000 0.01126654
3.10395000 0.01126231
3.10405000 0.01125807
3.10415000 0.01124704
3.10425000 0.01124282
3.10435000 0.01123859
3.10445000 0.01123436
3.10455000 0.01123014
3.10465000 0.01122591
3.10475000 0.01122168
3.10485000 0.01121068
3.10495000 0.01120645
3.10505000 0.01120223
3.10515000 0.01119801
3.10525000 0.01119378
3.10535000 0.01118956
3.10545000 0.01118534
3.10555000 0.01117436
3.10565000 0.01117014
3.10575000 0.01116592
3.10585000 0.01116170
3.10595000 0.01115748
3.10605000 0.01115326
3.10615000 0.01114904
3.10625000 0.01113809
3.10635000 0.01113387
3.10645000 0.01112966
3.10655000 0.01112544
3.10665000 0.01112122
3.10675000 0.01111701
3.10685000 0.01111279
3.10695000 0.01110187
3.10705000 0.01109765
3.10715000 0.01109344
3.10725000 0.01108923
3.10735000 0.01108501
3.10745000 0.01108080
3.10755000 0.01107659
3.10765000 0.01106569
3.10775000 0.01106148
3.10785000 0.01105727
3.10795000 0.01105307
3.10805000 0.01104886
3.10815000 0.01104465
3.10825000 0.01104044
3.10835000 0.01102957
3.10845000 0.01102536
3.10855000 0.01102116
3.10865000 0.01101695
3.10875000 0.01101275
3.10885000 0.01100854
3.10895000 0.01099769
3.10905000 0.01099349
3.10915000 0.01098929
3.10925000 0.01098509
3.10935000 0.01098089
3.10945000 0.01097668
3.10955000 0.01097248
3.10965000 0.01096166
3.10975000 0.01095746
3.10985000 0.01095327
3.10995000 0.01094907
3.11005000 0.01094487
3.11015000 0.01094067
3.11025000 0.01093647
3.11035000 0.01092568
3.11045000 0.01092148
3.11055000 0.01091729
3.11065000 0.01091309
3.11075000 0.01090890
3.11085000 0.01090471
3.11095000 0.01090051
3.11105000 0.01088974
3.11115000 0.01088555
3.11125000 0.01088136
3.11135000 0.01087717
3.11145000 0.01087298
3.11155000 0.01086879
3.11165000 0.01086460
3.11175000 0.01085386
3.11185000 0.01084967
3.11195000 0.01084548
3.11205000 0.01084130
3.11215000 0.01083711
3.11225000 0.01083292
3.11235000 0.01082873
3.11245000 0.01081802
3.11255000 0.01081384
3.11265000 0.01080965
3.11275000 0.01080547
3.11285000 0.01080129
3.11295000 0.01079710
3.11305000 0.01079292
3.11315000 0.01078223
3.11325000 0.01077805
3.11335000 0.01077387
3.11345000 0.01076969
3.11355000 0.01076551
3.11365000 0.01076133
3.11375000 0.01075715
3.11385000 0.01074649
3.11395000 0.01074232
3.11405000 0.01073814
3.11415000 0.01073397
3.11425000 0.01072979
3.11435000 0.01072561
3.11445000 0.01072144
3.11455000 0.01071080
3.11465000 0.01070663
3.11475000 0.01070246
3.11485000 0.01069829
3.11495000 0.01069411
3.11505000 0.01068994
3.11515000 0.01068577
3.11525000 0.01067516
3.11535000 0.01067099
3.11545000 0.01066682
3.11555000 0.01066266
3.11565000 0.01065849
3.11575000 0.01065432
3.11585000 0.01064374
3.11595000 0.01063957
3.11605000 0.01063540
3.11615000 0.01063124
3.11625000 0.01062707
3.11635000 0.01062291
3.11645000 0.01061874
3.11655000 0.01060819
3.11665000 0.01060403
3.11675000 0.01059986
3.11685000 0.01059570
3.11695000 0.01059154
3.11705000 0.01058738
3.11715000 0.01058322
3.11725000 0.01057269
3.11735000 0.01056853
3.11745000 0.01056437
3.11755000 0.01056022
3.11765000 0.01055606
3.11775000 0.01055190
3.11785000 0.01054774
3.11795000 0.01053724
3.11805000 0.01053309
3.11815000 0.01052893
3.11825000 0.01052478
3.11835000 0.01052062
3.11845000 0.01051647
3.11855000 0.01051232
3.11865000 0.01050184
3.11875000 0.01049769
3.11885000 0.01049354
3.11895000 0.01048939
3.11905000 0.01048524
3.11915000 0.01048109
3.11925000 0.01047694
3.11935000 0.01046649
3.11945000 0.01046234
3.11955000 0.01045820
3.11965000 0.01045405
3.11975000 0.01044990
3.11985000 0.01044576
3.11995000 0.01044161
3.12005000 0.01043119
3.12015000 0.01042704
3.12025000 0.01042290
3.12035000 0.01041876
3.12045000 0.01041462
3.12055000 0.01041047
3.12065000 0.01040633
3.12075000 0.01039593
3.12085000 0.01039180
3.12095000 0.01038766
3.12105000 0.01038352
3.12115000 0.01037938
3.12125000 0.01037524
3.12135000 0.01036487
3.12145000 0.01036073
3.12155000 0.01035660
3.12165000 0.01035246
3.12175000 0.01034833
3.12185000 0.01034419
3.12195000 0.01034006
3.12205000 0.01032971
3.12215000 0.01032558
3.12225000 0.01032145
3.12235000 0.01031731
3.12245000 0.01031318
3.12255000 0.01030905
3.12265000 0.01030492
3.12275000 0.01029460
3.12285000 0.01029047
3.12295000 0.01028635
3.12305000 0.01028222
3.12315000 0.01027809
3.12325000 0.01027396
3.12335000 0.01026984
3.12345000 0.01025954
3.12355000 0.01025542
3.12365000 0.01025129
3.12375000 0.01024717
3.12385000 0.01024305
3.12395000 0.01023892
3.12405000 0.01023480
3.12415000 0.01022453
3.12425000 0.01022041
3.12435000 0.01021629
3.12445000 0.01021217
3.12455000 0.01020805
3.12465000 0.01020393
3.12475000 0.01019981
3.12485000 0.01018957
3.12495000 0.01018546
3.12505000 0.01018134
3.12515000 0.01017722
3.12525000 0.01017311
3.12535000 0.01016899
3.12545000 0.01016488
3.12555000 0.01015466
3.12565000 0.01015055
3.12575000 0.01014644
3.12585000 0.01014233
3.12595000 0.01013821
3.12605000 0.01013410
3.12615000 0.01012999
3.12625000 0.01011980
3.12635000 0.01011569
3.12645000 0.01011158
3.12655000 0.01010748
3.12665000 0.01010337
3.12675000 0.01009926
3.12685000 0.01008909
3.12695000 0.01008499
3.12705000 0.01008089
3.12715000 0.01007678
3.12725000 0.01007268
3.12735000 0.01006857
3.12745000 0.01006447
3.12755000 0.01005433
3.12765000 0.01005023
3.12775000 0.01004613
3.12785000 0.01004203
3.12795000 0.01003793
3.12805000 0.01003383
3.12815000 0.01002973
3.12825000 0.01001961
3.12835000 0.01001552
3.12845000 0.01001142
3.12855000 0.01000732
3.12865000 0.01000323
3.12875000 0.00999913
3.12885000 0.00999503
3.12895000 0.00998495
3.12905000 0.00998085
3.12915000 0.00997676
3.12925000 0.00997267
3.12935000 0.00996858
3.12945000 0.00996448
3.12955000 0.00996039
3.12965000 0.00995033
3.12975000 0.00994624
3.12985000 0.00994215
3.12995000 0.00993807
3.13005000 0.00993398
3.13015000 0.00992989
3.13025000 0.00992580
3.13035000 0.00991576
3.13045000 0.00991168
3.13055000 0.00990760
3.13065000 0.00990351
3.13075000 0.00989943
3.13085000 0.00989534
3.13095000 0.00989126
3.13105000 0.00988125
3.13115000 0.00987717
3.13125000 0.00987309
3.13135000 0.00986901
3.13145000 0.00986493
3.13155000 0.00986085
3.13165000 0.00985677
3.13175000 0.00984678
3.13185000 0.00984271
3.13195000 0.00983863
3.13205000 0.00983455
3.13215000 0.00983048
3.13225000 0.00982640
3.13235000 0.00981644
3.13245000 0.00981237
3.13255000 0.00980829
3.13265000 0.00980422
3.13275000 0.00980015
3.13285000 0.00979608
3.13295000 0.00979200
3.13305000 0.00978207
3.13315000 0.00977800
3.13325000 0.00977393
3.13335000 0.00976986
3.13345000 0.00976579
3.13355000 0.00976173
3.13365000 0.00975766
3.13375000 0.00974775
3.13385000 0.00974368
3.13395000 0.00973962
3.13405000 0.00973555
3.13415000 0.00973149
3.13425000 0.00972743
3.13435000 0.00972336
3.13445000 0.00971348
3.13455000 0.00970942
3.13465000 0.00970536
3.13475000 0.00970130
3.13485000 0.00969724
3.13495000 0.00969318
3.13505000 0.00968912
3.13515000 0.00967926
3.13525000 0.00967520
3.13535000 0.00967114
3.13545000 0.00966709
3.13555000 0.00966303
3.13565000 0.00965898
3.13575000 0.00965492
3.13585000 0.00964509
3.13595000 0.00964104
3.13605000 0.00963698
3.13615000 0.00963293
3.13625000 0.00962888
3.13635000 0.00962483
3.13645000 0.00961502
3.13655000 0.00961097
3.13665000 0.00960692
3.13675000 0.00960287
3.13685000 0.00959882
3.13695000 0.00959478
3.13705000 0.00959073
3.13715000 0.00958094
3.13725000 0.00957690
3.13735000 0.00957286
3.13745000 0.00956881
3.13755000 0.00956477
3.13765000 0.00956072
3.13775000 0.00955668
3.13785000 0.00954692
3.13795000 0.00954288
3.13805000 0.00953884
3.13815000 0.00953480
3.13825000 0.00953076
3.13835000 0.00952672
3.13845000 0.00952268
3.13855000 0.00951295
3.13865000 0.00950891
3.13875000 0.00950488
3.13885000 0.00950084
3.13895000 0.00949681
3.13905000 0.00949277
3.13915000 0.00948873
3.13925000 0.00947903
3.13935000 0.00947500
3.13945000 0.00947096
3.13955000 0.00946693
3.13965000 0.00946290
3.13975000 0.00945887
3.13985000 0.00945484
3.13995000 0.00944516
3.14005000 0.00944113
3.14015000 0.00943710
3.14025000 0.00943307
3.14035000 0.00942904
3.14045000 0.00942502
3.14055000 0.00942099
3.14065000 0.00941134
3.14075000 0.00940731
3.14085000 0.00940329
3.14095000 0.00939926
3.14105000 0.00939524
3.14115000 0.00939122
3.14125000 0.00938158
3.14135000 0.00937756
3.14145000 0.00937355
3.14155000 0.00936953
3.14165000 0.00936551
3.14175000 0.00936149
3.14185000 0.00935747
3.14195000 0.00934786
3.14205000 0.00934385
3.14215000 0.00933983
3.14225000 0.00933581
3.14235000 0.00933180
3.14245000 0.00932778
3.14255000 0.00932377
3.14265000 0.00931419
3.14275000 0.00931018
3.14285000 0.00930617
3.14295000 0.00930215
3.14305000 0.00929814
3.14315000 0.00929413
3.14325000 0.00929012
3.14335000 0.00928057
3.14345000 0.00927656
3.14355000 0.00927255
3.14365000 0.00926854
3.14375000 0.00926454
3.14385000 0.00926053
3.14395000 0.00925652
3.14405000 0.00924699
3.14415000 0.00924299
3.14425000 0.00923899
3.14435000 0.00923499
3.14445000 0.00923098
3.14455000 0.00922698
3.14465000 0.00922298
3.14475000 0.00921347
3.14485000 0.00920947
3.14495000 0.00920548
3.14505000 0.00920148
3.14515000 0.00919748
3.14525000 0.00919348
3.14535000 0.00918400
3.14545000 0.00918000
3.14555000 0.00917601
3.14565000 0.00917201
3.14575000 0.00916802
3.14585000 0.00916403
3.14595000 0.00916003
3.14605000 0.00915057
3.14615000 0.00914658
3.14625000 0.00914259
3.14635000 0.00913860
3.14645000 0.00913461
3.14655000 0.00913062
3.14665000 0.00912663
3.14675000 0.00911720
3.14685000 0.00911322
3.14695000 0.00910923
3.14705000 0.00910524
3.14715000 0.00910126
3.14725000 0.00909727
3.14735000 0.00909329
3.14745000 0.00908388
3.14755000 0.00907990
3.14765000 0.00907592
3.14775000 0.00907194
3.14785000 0.00906795
3.14795000 0.00906397
3.14805000 0.00905999
3.14815000 0.00905061
3.14825000 0.00904663
3.14835000 0.00904266
3.14845000 0.00903868
3.14855000 0.00903470
3.14865000 0.00903072
3.14875000 0.00902136
3.14885000 0.00901739
3.14895000 0.00901342
3.14905000 0.00900945
3.14915000 0.00900547
3.14925000 0.00900150
3.14935000 0.00899753
3.14945000 0.00898819
3.14955000 0.00898422
3.14965000 0.00898025
3.14975000 0.00897629
3.14985000 0.00897232
3.14995000 0.00896835
3.15005000 0.00896438
3.15015000 0.00895507
3.15025000 0.00895111
3.15035000 0.00894714
3.15045000 0.00894318
3.15055000 0.00893921
3.15065000 0.00893525
3.15075000 0.00893128
3.15085000 0.00892200
3.15095000 0.00891804
3.15105000 0.00891408
3.15115000 0.00891012
3.15125000 0.00890616
3.15135000 0.00890220
3.15145000 0.00889824
3.15155000 0.00888898
3.15165000 0.00888503
3.15175000 0.00888107
3.15185000 0.00887712
3.15195000 0.00887316
3.15205000 0.00886920
3.15215000 0.00886525
3.15225000 0.00885602
3.15235000 0.00885206
3.15245000 0.00884811
3.15255000 0.00884416
3.15265000 0.00884021
3.15275000 0.00883626
3.15285000 0.00882705
3.15295000 0.00882310
3.15305000 0.00881915
3.15315000 0.00881521
3.15325000 0.00881126
3.15335000 0.00880731
3.15345000 0.00880336
3.15355000 0.00879418
3.15365000 0.00879024
3.15375000 0.00878629
3.15385000 0.00878235
3.15395000 0.00877841
3.15405000 0.00877446
3.15415000 0.00877052
3.15425000 0.00876136
3.15435000 0.00875742
3.15445000 0.00875348
3.15455000 0.00874955
3.15465000 0.00874561
3.15475000 0.00874167
3.15485000 0.00873773
3.15495000 0.00872860
3.15505000 0.00872466
3.15515000 0.00872073
3.15525000 0.00871679
3.15535000 0.00871286
3.15545000 0.00870892
3.15555000 0.00870499
3.15565000 0.00869588
3.15575000 0.00869195
3.15585000 0.00868802
3.15595000 0.00868409
3.15605000 0.00868016
3.15615000 0.00867623
3.15625000 0.00866714
3.15635000 0.00866322
3.15645000 0.00865929
3.15655000 0.00865537
3.15665000 0.00865144
3.15675000 0.00864752
3.15685000 0.00864359
3.15695000 0.00863453
3.15705000 0.00863061
3.15715000 0.00862669
3.15725000 0.00862277
3.15735000 0.00861884
3.15745000 0.00861492
3.15755000 0.00861100
3.15765000 0.00860197
3.15775000 0.00859805
3.15785000 0.00859413
3.15795000 0.00859021
3.15805000 0.00858630
3.15815000 0.00858238
3.15825000 0.00857847
3.15835000 0.00856945
3.15845000 0.00856554
3.15855000 0.00856163
3.15865000 0.00855772
3.15875000 0.00855380
3.15885000 0.00854989
3.15895000 0.00854598
3.15905000 0.00853699
3.15915000 0.00853308
3.15925000 0.00852918
3.15935000 0.00852527
3.15945000 0.00852136
3.15955000 0.00851745
3.15965000 0.00850849
3.15975000 0.00850458
3.15985000 0.00850068
3.15995000 0.00849678
3.16005000 0.00849287
3.16015000 0.00848897
3.16025000 0.00848507
3.16035000 0.00847613
3.16045000 0.00847223
3.16055000 0.00846833
3.16065000 0.00846443
3.16075000 0.00846053
3.16085000 0.00845663
3.16095000 0.00845273
3.16105000 0.00844382
3.16115000 0.00843992
3.16125000 0.00843603
3.16135000 0.00843213
3.16145000 0.00842824
3.16155000 0.00842435
3.16165000 0.00842045
3.16175000 0.00841156
3.16185000 0.00840767
3.16195000 0.00840378
3.16205000 0.00839989
3.16215000 0.00839600
3.16225000 0.00839211
3.16235000 0.00838822
3.16245000 0.00837936
3.16255000 0.00837547
3.16265000 0.00837158
3.16275000 0.00836770
3.16285000 0.00836381
3.16295000 0.00835993
3.16305000 0.00835108
3.16315000 0.00834720
3.16325000 0.00834332
3.16335000 0.00833944
3.16345000 0.00833556
3.16355000 0.00833168
3.16365000 0.00832780
3.16375000 0.00831898
3.16385000 0.00831510
3.16395000 0.00831123
3.16405000 0.00830735
3.16415000 0.00830347
3.16425000 0.00829960
3.16435000 0.00829572
3.16445000 0.00828693
3.16455000 0.00828305
3.16465000 0.00827918
3.16475000 0.00827531
3.16485000 0.00827144
3.16495000 0.00826757
3.16505000 0.00826370
3.16515000 0.00825492
3.16525000 0.00825106
3.16535000 0.00824719
3.16545000 0.00824332
3.16555000 0.00823946
3.16565000 0.00823559
3.16575000 0.00823172
3.16585000 0.00822298
3.16595000 0.00821911
3.16605000 0.00821525
3.16615000 0.00821139
3.16625000 0.00820752
3.16635000 0.00820366
3.16645000 0.00819494
3.16655000 0.00819108
3.16665000 0.00818722
3.16675000 0.00818336
3.16685000 0.00817950
3.16695000 0.00817565
3.16705000 0.00817179
3.16715000 0.00816309
3.16725000 0.00815923
3.16735000 0.00815538
3.16745000 0.00815153
3.16755000 0.00814767
3.16765000 0.00814382
3.16775000 0.00813997
3.16785000 0.00813129
3.16795000 0.00812744
3.16805000 0.00812359
3.16815000 0.00811974
3.16825000 0.00811590
3.16835000 0.00811205
3.16845000 0.00810820
3.16855000 0.00809955
3.16865000 0.00809570
3.16875000 0.00809186
3.16885000 0.00808801
3.16895000 0.00808417
3.16905000 0.00808033
3.16915000 0.00807170
3.16925000 0.00806786
3.16935000 0.00806402
3.16945000 0.00806018
3.16955000 0.00805634
3.16965000 0.00805250
3.16975000 0.00804866
3.16985000 0.00804005
3.16995000 0.00803622
3.17005000 0.00803238
3.17015000 0.00802855
3.17025000 0.00802471
3.17035000 0.00802088
3.17045000 0.00801704
3.17055000 0.00800846
3.17065000 0.00800463
3.17075000 0.00800080
3.17085000 0.00799697
3.17095000 0.00799314
3.17105000 0.00798931
3.17115000 0.00798548
3.17125000 0.00797692
3.17135000 0.00797310
3.17145000 0.00796927
3.17155000 0.00796545
3.17165000 0.00796162
3.17175000 0.00795780
3.17185000 0.00795397
3.17195000 0.00794544
3.17205000 0.00794162
3.17215000 0.00793780
3.17225000 0.00793397
3.17235000 0.00793015
3.17245000 0.00792633
3.17255000 0.00791782
3.17265000 0.00791401
3.17275000 0.00791019
3.17285000 0.00790637
3.17295000 0.00790256
3.17305000 0.00789874
3.17315000 0.00789492
3.17325000 0.00788644
3.17335000 0.00788263
3.17345000 0.00787881
3.17355000 0.00787500
3.17365000 0.00787119
3.17375000 0.00786738
3.17385000 0.00786357
3.17395000 0.00785511
3.17405000 0.00785130
3.17415000 0.00784749
3.17425000 0.00784368
3.17435000 0.00783988
3.17445000 0.00783607
3.17455000 0.00783226
3.17465000 0.00782383
3.17475000 0.00782002
3.17485000 0.00781622
3.17495000 0.00781242
3.17505000 0.00780862
3.17515000 0.00780482
3.17525000 0.00779640
3.17535000 0.00779260
3.17545000 0.00778880
3.17555000 0.00778500
3.17565000 0.00778121
3.17575000 0.00777741
3.17585000 0.00777361
3.17595000 0.00776522
3.17605000 0.00776143
3.17615000 0.00775763
3.17625000 0.00775384
3.17635000 0.00775005
3.17645000 0.00774626
3.17655000 0.00774246
3.17665000 0.00773410
3.17675000 0.00773031
3.17685000 0.00772652
3.17695000 0.00772273
3.17705000 0.00771894
3.17715000 0.00771515
3.17725000 0.00771137
3.17735000 0.00770302
3.17745000 0.00769924
3.17755000 0.00769546
3.17765000 0.00769167
3.17775000 0.00768789
3.17785000 0.00768411
3.17795000 0.00767578
3.17805000 0.00767201
3.17815000 0.00766823
3.17825000 0.00766445
3.17835000 0.00766067
3.17845000 0.00765689
3.17855000 0.00765311
3.17865000 0.00764481
3.17875000 0.00764104
3.17885000 0.00763727
3.17895000 0.00763349
3.17905000 0.00762972
3.17915000 0.00762594
3.17925000 0.00762217
3.17935000 0.00761390
3.17945000 0.00761013
3.17955000 0.00760636
3.17965000 0.00760259
3.17975000 0.00759882
3.17985000 0.00759505
3.17995000 0.00759128
3.18005000 0.00758303
3.18015000 0.00757927
3.18025000 0.00757550
3.18035000 0.00757174
3.18045000 0.00756797
3.18055000 0.00756421
3.18065000 0.00755598
3.18075000 0.00755222
3.18085000 0.00754846
3.18095000 0.00754470
3.18105000 0.00754094
3.18115000 0.00753718
3.18125000 0.00753342
3.18135000 0.00752522
3.18145000 0.00752146
3.18155000 0.00751771
3.18165000 0.00751395
3.18175000 0.00751020
3.18185000 0.00750645
3.18195000 0.00750269
3.18205000 0.00749451
3.18215000 0.00749076
3.18225000 0.00748701
3.18235000 0.00748326
3.18245000 0.00747951
3.18255000 0.00747576
3.18265000 0.00747201
3.18275000 0.00746386
3.18285000 0.00746011
3.18295000 0.00745637
3.18305000 0.00745262
3.18315000 0.00744888
3.18325000 0.00744513
3.18335000 0.00743700
3.18345000 0.00743325
3.18355000 0.00742951
3.18365000 0.00742577
3.18375000 0.00742203
3.18385000 0.00741829
3.18395000 0.00741455
3.18405000 0.00740644
3.18415000 0.00740271
3.18425000 0.00739897
3.18435000 0.00739523
3.18445000 0.00739150
3.18455000 0.00738776
3.18465000 0.00738403
3.18475000 0.00737594
3.18485000 0.00737221
3.18495000 0.00736848
3.18505000 0.00736475
3.18515000 0.00736102
3.18525000 0.00735729
3.18535000 0.00735356
3.18545000 0.00734550
3.18555000 0.00734177
3.18565000 0.00733804
3.18575000 0.00733432
3.18585000 0.00733059
3.18595000 0.00732687
3.18605000 0.00731883
3.18615000 0.00731510
3.18625000 0.00731138
3.18635000 0.00730766
3.18645000 0.00730394
3.18655000 0.00730022
3.18665000 0.00729650
3.18675000 0.00728848
3.18685000 0.00728477
3.18695000 0.00728105
3.18705000 0.00727733
3.18715000 0.00727362
3.18725000 0.00726990
3.18735000 0.00726619
3.18745000 0.00725819
3.18755000 0.00725448
3.18765000 0.00725077
3.18775000 0.00724706
3.18785000 0.00724335
3.18795000 0.00723964
3.18805000 0.00723593
3.18815000 0.00722796
3.18825000 0.00722425
3.18835000 0.00722054
3.18845000 0.00721684
3.18855000 0.00721313
3.18865000 0.00720943
3.18875000 0.00720148
3.18885000 0.00719777
3.18895000 0.00719407
3.18905000 0.00719037
3.18915000 0.00718667
3.18925000 0.00718297
3.18935000 0.00717927
3.18945000 0.00717134
3.18955000 0.00716765
3.18965000 0.00716395
3.18975000 0.00716025
3.18985000 0.00715656
3.18995000 0.00715286
3.19005000 0.00714917
3.19015000 0.00714126
3.19025000 0.00713757
3.19035000 0.00713388
3.19045000 0.00713019
3.19055000 0.00712650
3.19065000 0.00712281
3.19075000 0.00711912
3.19085000 0.00711124
3.19095000 0.00710755
3.19105000 0.00710387
3.19115000 0.00710018
3.19125000 0.00709649
3.19135000 0.00709281
3.19145000 0.00708495
3.19155000 0.00708127
3.19165000 0.00707759
3.19175000 0.00707390
3.19185000 0.00707022
3.19195000 0.00706654
3.19205000 0.00706286
3.19215000 0.00705503
3.19225000 0.00705135
3.19235000 0.00704767
3.19245000 0.00704400
3.19255000 0.00704032
3.19265000 0.00703665
3.19275000 0.00703297
3.19285000 0.00702516
3.19295000 0.00702149
3.19305000 0.00701782
3.19315000 0.00701415
3.19325000 0.00701047
3.19335000 0.00700680
3.19345000 0.00699901
3.19355000 0.00699535
3.19365000 0.00699168
3.19375000 0.00698801
3.19385000 0.00698435
3.19395000 0.00698068
3.19405000 0.00697702
3.19415000 0.00696925
3.19425000 0.00696559
3.19435000 0.00696193
3.19445000 0.00695826
3.19455000 0.00695460
3.19465000 0.00695094
3.19475000 0.00694728
3.19485000 0.00693954
3.19495000 0.00693588
3.19505000 0.00693223
3.19515000 0.00692857
3.19525000 0.00692491
3.19535000 0.00692126
3.19545000 0.00691760
3.19555000 0.00690988
3.19565000 0.00690623
3.19575000 0.00690258
3.19585000 0.00689893
3.19595000 0.00689528
3.19605000 0.00689163
3.19615000 0.00688393
3.19625000 0.00688028
3.19635000 0.00687664
3.19645000 0.00687299
3.19655000 0.00686934
3.19665000 0.00686570
3.19675000 0.00686205
3.19685000 0.00685438
3.19695000 0.00685074
3.19705000 0.00684709
3.19715000 0.00684345
3.19725000 0.00683981
3.19735000 0.00683617
3.19745000 0.00683253
3.19755000 0.00682488
3.19765000 0.00682124
3.19775000 0.00681761
3.19785000 0.00681397
3.19795000 0.00681034
3.19805000 0.00680670
3.19815000 0.00679907
3.19825000 0.00679544
3.19835000 0.00679181
3.19845000 0.00678817
3.19855000 0.00678454
3.19865000 0.00678091
3.19875000 0.00677728
3.19885000 0.00676967
3.19895000 0.00676605
3.19905000 0.00676242
3.19915000 0.00675880
3.19925000 0.00675517
3.19935000 0.00675155
3.19945000 0.00674792
3.19955000 0.00674034
3.19965000 0.00673671
3.19975000 0.00673309
3.19985000 0.00672947
3.19995000 0.00672585
3.20005000 0.00672223
3.20015000 0.00671861
3.20025000 0.00671105
3.20035000 0.00670744
3.20045000 0.00670382
3.20055000 0.00670020
3.20065000 0.00669659
3.20075000 0.00669297
3.20085000 0.00668543
3.20095000 0.00668182
3.20105000 0.00667821
3.20115000 0.00667460
3.20125000 0.00667099
3.20135000 0.00666738
3.20145000 0.00666377
3.20155000 0.00665625
3.20165000 0.00665265
3.20175000 0.00664904
3.20185000 0.00664544
3.20195000 0.00664183
3.20205000 0.00663823
3.20215000 0.00663462
3.20225000 0.00662713
3.20235000 0.00662353
3.20245000 0.00661993
3.20255000 0.00661633
3.20265000 0.00661273
3.20275000 0.00660913
3.20285000 0.00660165
3.20295000 0.00659806
3.20305000 0.00659446
3.20315000 0.00659087
3.20325000 0.00658727
3.20335000 0.00658368
3.20345000 0.00658009
3.20355000 0.00657263
3.20365000 0.00656904
3.20375000 0.00656545
3.20385000 0.00656186
3.20395000 0.00655828
3.20405000 0.00655469
3.20415000 0.00655110
3.20425000 0.00654367
3.20435000 0.00654008
3.20445000 0.00653650
3.20455000 0.00653292
3.20465000 0.00652933
3.20475000 0.00652575
3.20485000 0.00652216
3.20495000 0.00651476
3.20505000 0.00651118
3.20515000 0.00650760
3.20525000 0.00650402
3.20535000 0.00650044
3.20545000 0.00649686
3.20555000 0.00648948
3.20565000 0.00648590
3.20575000 0.00648233
3.20585000 0.00647876
3.20595000 0.00647518
3.20605000 0.00647161
3.20615000 0.00646804
3.20625000 0.00646067
3.20635000 0.00645710
3.20645000 0.00645354
3.20655000 0.00644997
3.20665000 0.00644640
3.20675000 0.00644283
3.20685000 0.00643926
3.20695000 0.00643192
3.20705000 0.00642836
3.20715000 0.00642480
3.20725000 0.00642123
3.20735000 0.00641767
3.20745000 0.00641411
3.20755000 0.00640679
3.20765000 0.00640323
3.20775000 0.00639967
3.20785000 0.00639611
3.20795000 0.00639255
3.20805000 0.00638900
3.20815000 0.00638544
3.20825000 0.00637814
3.20835000 0.00637459
3.20845000 0.00637104
3.20855000 0.00636748
3.20865000 0.00636393
3.20875000 0.00636038
3.20885000 0.00635683
3.20895000 0.00634955
3.20905000 0.00634601
3.20915000 0.00634246
3.20925000 0.00633891
3.20935000 0.00633536
3.20945000 0.00633182
3.20955000 0.00632456
3.20965000 0.00632102
3.20975000 0.00631748
3.20985000 0.00631393
3.20995000 0.00631039
3.21005000 0.00630685
3.21015000 0.00630331
3.21025000 0.00629608
3.21035000 0.00629254
3.21045000 0.00628900
3.21055000 0.00628547
3.21065000 0.00628193
3.21075000 0.00627839
3.21085000 0.00627486
3.21095000 0.00626765
3.21105000 0.00626412
3.21115000 0.00626059
3.21125000 0.00625705
3.21135000 0.00625352
3.21145000 0.00624999
3.21155000 0.00624281
3.21165000 0.00623928
3.21175000 0.00623575
3.21185000 0.00623222
3.21195000 0.00622870
3.21205000 0.00622517
3.21215000 0.00622165
3.21225000 0.00621448
3.21235000 0.00621096
3.21245000 0.00620744
3.21255000 0.00620392
3.21265000 0.00620040
3.21275000 0.00619688
3.21285000 0.00619336
3.21295000 0.00618622
3.21305000 0.00618270
3.21315000 0.00617918
3.21325000 0.00617567
3.21335000 0.00617215
3.21345000 0.00616864
3.21355000 0.00616512
3.21365000 0.00615800
3.21375000 0.00615449
3.21385000 0.00615098
3.21395000 0.00614747
3.21405000 0.00614396
3.21415000 0.00614045
3.21425000 0.00613335
3.21435000 0.00612985
3.21445000 0.00612634
3.21455000 0.00612284
3.21465000 0.00611933
3.21475000 0.00611583
3.21485000 0.00611232
3.21495000 0.00610525
3.21505000 0.00610175
3.21515000 0.00609825
3.21525000 0.00609475
3.21535000 0.00609125
3.21545000 0.00608775
3.21555000 0.00608425
3.21565000 0.00607720
3.21575000 0.00607371
3.21585000 0.00607021
3.21595000 0.00606672
3.21605000 0.00606322
3.21615000 0.00605973
3.21625000 0.00605270
3.21635000 0.00604921
3.21645000 0.00604572
3.21655000 0.00604223
3.21665000 0.00603874
3.21675000 0.00603525
3.21685000 0.00603176
3.21695000 0.00602475
3.21705000 0.00602127
3.21715000 0.00601779
3.21725000 0.00601430
3.21735000 0.00601082
3.21745000 0.00600734
3.21755000 0.00600385
3.21765000 0.00599687
3.21775000 0.00599339
3.21785000 0.00598991
3.21795000 0.00598643
3.21805000 0.00598295
3.21815000 0.00597948
3.21825000 0.00597251
3.21835000 0.00596904
3.21845000 0.00596556
3.21855000 0.00596209
3.21865000 0.00595862
3.21875000 0.00595514
3.21885000 0.00595167
3.21895000 0.00594473
3.21905000 0.00594126
3.21915000 0.00593779
3.21925000 0.00593433
3.21935000 0.00593086
3.21945000 0.00592739
3.21955000 0.00592393
3.21965000 0.00591700
3.21975000 0.00591354
3.21985000 0.00591008
3.21995000 0.00590662
3.22005000 0.00590316
3.22015000 0.00589970
3.22025000 0.00589279
3.22035000 0.00588934
3.22045000 0.00588588
3.22055000 0.00588242
3.22065000 0.00587897
3.22075000 0.00587551
3.22085000 0.00587206
3.22095000 0.00586518
3.22105000 0.00586172
3.22115000 0.00585827
3.22125000 0.00585482
3.22135000 0.00585137
3.22145000 0.00584792
3.22155000 0.00584447
3.22165000 0.00583762
3.22175000 0.00583417
3.22185000 0.00583072
3.22195000 0.00582728
3.22205000 0.00582383
3.22215000 0.00582039
3.22225000 0.00581355
3.22235000 0.00581011
3.22245000 0.00580667
3.22255000 0.00580323
3.22265000 0.00579979
3.22275000 0.00579635
3.22285000 0.00579291
3.22295000 0.00578610
3.22305000 0.00578266
3.22315000 0.00577923
3.22325000 0.00577579
3.22335000 0.00577236
3.22345000 0.00576893
3.22355000 0.00576549
3.22365000 0.00575870
3.22375000 0.00575527
3.22385000 0.00575184
3.22395000 0.00574841
3.22405000 0.00574498
3.22415000 0.00574156
3.22425000 0.00573478
3.22435000 0.00573136
3.22445000 0.00572794
3.22455000 0.00572451
3.22465000 0.00572109
3.22475000 0.00571767
3.22485000 0.00571424
3.22495000 0.00570749
3.22505000 0.00570407
3.22515000 0.00570066
3.22525000 0.00569724
3.22535000 0.00569382
3.22545000 0.00569040
3.22555000 0.00568699
3.22565000 0.00568026
3.22575000 0.00567685
3.22585000 0.00567343
3.22595000 0.00567002
3.22605000 0.00566661
3.22615000 0.00566320
3.22625000 0.00565649
3.22635000 0.00565308
3.22645000 0.00564968
3.22655000 0.00564627
3.22665000 0.00564286
3.22675000 0.00563946
3.22685000 0.00563605
3.22695000 0.00562937
3.22705000 0.00562596
3.22715000 0.00562256
3.22725000 0.00561916
3.22735000 0.00561576
3.22745000 0.00561236
3.22755000 0.00560896
3.22765000 0.00560230
3.22775000 0.00559890
3.22785000 0.00559550
3.22795000 0.00559211
3.22805000 0.00558871
3.22815000 0.00558532
3.22825000 0.00557868
3.22835000 0.00557528
3.22845000 0.00557189
3.22855000 0.00556850
3.22865000 0.00556511
3.22875000 0.00556173
3.22885000 0.00555834
3.22895000 0.00555171
3.22905000 0.00554833
3.22915000 0.00554494
3.22925000 0.00554156
3.22935000 0.00553818
3.22945000 0.00553479
3.22955000 0.00553141
3.22965000 0.00552481
3.22975000 0.00552143
3.22985000 0.00551805
3.22995000 0.00551467
3.23005000 0.00551130
3.23015000 0.00550792
3.23025000 0.00550134
3.23035000 0.00549796
3.23045000 0.00549459
3.23055000 0.00549122
3.23065000 0.00548784
3.23075000 0.00548447
3.23085000 0.00548110
3.23095000 0.00547454
3.23105000 0.00547117
3.23115000 0.00546781
3.23125000 0.00546444
3.23135000 0.00546107
3.23145000 0.00545770
3.23155000 0.00545117
3.23165000 0.00544780
3.23175000 0.00544444
3.23185000 0.00544108
3.23195000 0.00543772
3.23205000 0.00543436
3.23215000 0.00543099
3.23225000 0.00542448
3.23235000 0.00542112
3.23245000 0.00541776
3.23255000 0.00541441
3.23265000 0.00541105
3.23275000 0.00540770
3.23285000 0.00540434
3.23295000 0.00539785
3.23305000 0.00539450
3.23315000 0.00539115
3.23325000 0.00538780
3.23335000 0.00538445
3.23345000 0.00538110
3.23355000 0.00537462
3.23365000 0.00537127
3.23375000 0.00536793
3.23385000 0.00536458
3.23395000 0.00536124
3.23405000 0.00535790
3.23415000 0.00535455
3.23425000 0.00534810
3.23435000 0.00534476
3.23445000 0.00534142
3.23455000 0.00533808
3.23465000 0.00533474
3.23475000 0.00533140
3.23485000 0.00532807
3.23495000 0.00532163
3.23505000 0.00531830
3.23515000 0.00531497
3.23525000 0.00531163
3.23535000 0.00530830
3.23545000 0.00530497
3.23555000 0.00529856
3.23565000 0.00529523
3.23575000 0.00529190
3.23585000 0.00528857
3.23595000 0.00528524
3.23605000 0.00528192
3.23615000 0.00527859
3.23625000 0.00527220
3.23635000 0.00526888
3.23645000 0.00526556
3.23655000 0.00526223
3.23665000 0.00525891
3.23675000 0.00525559
3.23685000 0.00525227
3.23695000 0.00524590
3.23705000 0.00524259
3.23715000 0.00523927
3.23725000 0.00523595
3.23735000 0.00523264
3.23745000 0.00522932
3.23755000 0.00522297
3.23765000 0.00521966
3.23775000 0.00521635
3.23785000 0.00521304
3.23795000 0.00520973
3.23805000 0.00520642
3.23815000 0.00520311
3.23825000 0.00519679
3.23835000 0.00519348
3.23845000 0.00519017
3.23855000 0.00518687
3.23865000 0.00518357
3.23875000 0.00518026
3.23885000 0.00517395
3.23895000 0.00517065
3.23905000 0.00516735
3.23915000 0.00516406
3.23925000 0.00516076
3.23935000 0.00515746
3.23945000 0.00515416
3.23955000 0.00514788
3.23965000 0.00514458
3.23975000 0.00514129
3.23985000 0.00513799
3.23995000 0.00513470
3.24005000 0.00513141
3.24015000 0.00512812
3.24025000 0.00512185
3.24035000 0.00511857
3.24045000 0.00511528
3.24055000 0.00511199
3.24065000 0.00510870
3.24075000 0.00510542
3.24085000 0.00509917
3.24095000 0.00509589
3.24105000 0.00509261
3.24115000 0.00508933
3.24125000 0.00508605
3.24135000 0.00508276
3.24145000 0.00507948
3.24155000 0.00507326
3.24165000 0.00506998
3.24175000 0.00506671
3.24185000 0.00506343
3.24195000 0.00506016
3.24205000 0.00505688
3.24215000 0.00505361
3.24225000 0.00504741
3.24235000 0.00504414
3.24245000 0.00504087
3.24255000 0.00503760
3.24265000 0.00503433
3.24275000 0.00503106
3.24285000 0.00502488
3.24295000 0.00502161
3.24305000 0.00501835
3.24315000 0.00501508
3.24325000 0.00501182
3.24335000 0.00500856
3.24345000 0.00500529
3.24355000 0.00499913
3.24365000 0.00499587
3.24375000 0.00499261
3.24385000 0.00498936
3.24395000 0.00498610
3.24405000 0.00498284
3.24415000 0.00497670
3.24425000 0.00497345
3.24435000 0.00497019
3.24445000 0.00496694
3.24455000 0.00496369
3.24465000 0.00496044
3.24475000 0.00495719
3.24485000 0.00495107
3.24495000 0.00494782
3.24505000 0.00494457
3.24515000 0.00494132
3.24525000 0.00493808
3.24535000 0.00493483
3.24545000 0.00493159
3.24555000 0.00492549
3.24565000 0.00492225
3.24575000 0.00491901
3.24585000 0.00491577
3.24595000 0.00491253
3.24605000 0.00490929
3.24615000 0.00490321
3.24625000 0.00489997
3.24635000 0.00489674
3.24645000 0.00489350
3.24655000 0.00489027
3.24665000 0.00488703
3.24675000 0.00488380
3.24685000 0.00487774
3.24695000 0.00487451
3.24705000 0.00487128
3.24715000 0.00486806
3.24725000 0.00486483
3.24735000 0.00486160
3.24745000 0.00485837
3.24755000 0.00485234
3.24765000 0.00484911
3.24775000 0.00484589
3.24785000 0.00484267
3.24795000 0.00483944
3.24805000 0.00483622
3.24815000 0.00483020
3.24825000 0.00482699
3.24835000 0.00482377
3.24845000 0.00482055
3.24855000 0.00481734
3.24865000 0.00481412
3.24875000 0.00481091
3.24885000 0.00480491
3.24895000 0.00480170
3.24905000 0.00479849
3.24915000 0.00479527
3.24925000 0.00479206
3.24935000 0.00478885
3.24945000 0.00478288
3.24955000 0.00477967
3.24965000 0.00477646
3.24975000 0.00477326
3.24985000 0.00477006
3.24995000 0.00476685
3.25005000 0.00476365
3.25015000 0.00475769
3.25025000 0.00475449
3.25035000 0.00475129
3.25045000 0.00474809
3.25055000 0.00474489
3.25065000 0.00474170
3.25075000 0.00473850
3.25085000 0.00473256
3.25095000 0.00472937
3.25105000 0.00472618
3.25115000 0.00472298
3.25125000 0.00471979
3.25135000 0.00471660
3.25145000 0.00471068
3.25155000 0.00470750
3.25165000 0.00470431
3.25175000 0.00470112
3.25185000 0.00469793
3.25195000 0.00469475
3.25205000 0.00469156
3.25215000 0.00468567
3.25225000 0.00468249
3.25235000 0.00467930
3.25245000 0.00467612
3.25255000 0.00467294
3.25265000 0.00466976
3.25275000 0.00466389
3.25285000 0.00466071
3.25295000 0.00465754
3.25305000 0.00465436
3.25315000 0.00465119
3.25325000 0.00464801
3.25335000 0.00464484
3.25345000 0.00463898
3.25355000 0.00463581
3.25365000 0.00463264
3.25375000 0.00462947
3.25385000 0.00462631
3.25395000 0.00462314
3.25405000 0.00461997
3.25415000 0.00461414
3.25425000 0.00461097
3.25435000 0.00460781
3.25445000 0.00460465
3.25455000 0.00460149
3.25465000 0.00459832
3.25475000 0.00459251
3.25485000 0.00458935
3.25495000 0.00458619
3.25505000 0.00458304
3.25515000 0.00457988
3.25525000 0.00457672
3.25535000 0.00457357
3.25545000 0.00456777
3.25555000 0.00456462
3.25565000 0.00456147
3.25575000 0.00455832
3.25585000 0.00455517
3.25595000 0.00455202
3.25605000 0.00454624
3.25615000 0.00454310
3.25625000 0.00453995
3.25635000 0.00453681
3.25645000 0.00453366
3.25655000 0.00453052
3.25665000 0.00452738
3.25675000 0.00452162
3.25685000 0.00451848
3.25695000 0.00451534
3.25705000 0.00451221
3.25715000 0.00450907
3.25725000 0.00450593
3.25735000 0.00450279
3.25745000 0.00449706
3.25755000 0.00449393
3.25765000 0.00449079
3.25775000 0.00448766
3.25785000 0.00448453
3.25795000 0.00448140
3.25805000 0.00447568
3.25815000 0.00447256
3.25825000 0.00446943
3.25835000 0.00446630
3.25845000 0.00446318
3.25855000 0.00446005
3.25865000 0.00445693
3.25875000 0.00445123
3.25885000 0.00444811
3.25895000 0.00444499
3.25905000 0.00444187
3.25915000 0.00443875
3.25925000 0.00443563
3.25935000 0.00442996
3.25945000 0.00442684
3.25955000 0.00442373
3.25965000 0.00442061
3.25975000 0.00441750
3.25985000 0.00441438
3.25995000 0.00441127
3.26005000 0.00440562
3.26015000 0.00440251
3.26025000 0.00439940
3.26035000 0.00439629
3.26045000 0.00439318
3.26055000 0.00439008
3.26065000 0.00438697
3.26075000 0.00438134
3.26085000 0.00437823
3.26095000 0.00437513
3.26105000 0.00437203
3.26115000 0.00436893
3.26125000 0.00436583
3.26135000 0.00436021
3.26145000 0.00435712
3.26155000 0.00435402
3.26165000 0.00435093
3.26175000 0.00434783
3.26185000 0.00434474
3.26195000 0.00434164
3.26205000 0.00433605
3.26215000 0.00433296
3.26225000 0.00432987
3.26235000 0.00432678
3.26245000 0.00432369
3.26255000 0.00432060
3.26265000 0.00431502
3.26275000 0.00431194
3.26285000 0.00430886
3.26295000 0.00430577
3.26305000 0.00430269
3.26315000 0.00429961
3.26325000 0.00429653
3.26335000 0.00429097
3.26345000 0.00428789
3.26355000 0.00428481
3.26365000 0.00428174
3.26375000 0.00427866
3.26385000 0.00427559
3.26395000 0.00427005
3.26405000 0.00426698
3.26415000 0.00426390
3.26425000 0.00426083
3.26435000 0.00425776
3.26445000 0.00425469
3.26455000 0.00425162
3.26465000 0.00424611
3.26475000 0.00424304
3.26485000 0.00423998
3.26495000 0.00423691
3.26505000 0.00423385
3.26515000 0.00423078
3.26525000 0.00422772
3.26535000 0.00422222
3.26545000 0.00421917
3.26555000 0.00421611
3.26565000 0.00421305
3.26575000 0.00420999
3.26585000 0.00420693
3.26595000 0.00420146
3.26605000 0.00419840
3.26615000 0.00419535
3.26625000 0.00419230
3.26635000 0.00418925
3.26645000 0.00418620
3.26655000 0.00418314
3.26665000 0.00417769
3.26675000 0.00417464
3.26685000 0.00417159
3.26695000 0.00416855
3.26705000 0.00416550
3.26715000 0.00416246
3.26725000 0.00415702
3.26735000 0.00415398
3.26745000 0.00415094
3.26755000 0.00414790
3.26765000 0.00414486
3.26775000 0.00414182
3.26785000 0.00413878
3.26795000 0.00413337
3.26805000 0.00413033
3.26815000 0.00412730
3.26825000 0.00412426
3.26835000 0.00412123
3.26845000 0.00411820
3.26855000 0.00411280
3.26865000 0.00410977
3.26875000 0.00410674
3.26885000 0.00410372
3.26895000 0.00410069
3.26905000 0.00409766
3.26915000 0.00409464
3.26925000 0.00408926
3.26935000 0.00408624
3.26945000 0.00408321
3.26955000 0.00408019
3.26965000 0.00407717
3.26975000 0.00407415
3.26985000 0.00407113
3.26995000 0.00406578
3.27005000 0.00406276
3.27015000 0.00405975
3.27025000 0.00405673
3.27035000 0.00405372
3.27045000 0.00405071
3.27055000 0.00404536
3.27065000 0.00404235
3.27075000 0.00403935
3.27085000 0.00403634
3.27095000 0.00403333
3.27105000 0.00403032
3.27115000 0.00402732
3.27125000 0.00402200
3.27135000 0.00401899
3.27145000 0.00401599
3.27155000 0.00401299
3.27165000 0.00400999
3.27175000 0.00400699
3.27185000 0.00400169
3.27195000 0.00399869
3.27205000 0.00399569
3.27215000 0.00399270
3.27225000 0.00398970
3.27235000 0.00398671
3.27245000 0.00398371
3.27255000 0.00397843
3.27265000 0.00397544
3.27275000 0.00397245
3.27285000 0.00396946
3.27295000 0.00396648
3.27305000 0.00396349
3.27315000 0.00395822
3.27325000 0.00395524
3.27335000 0.00395226
3.27345000 0.00394927
3.27355000 0.00394629
3.27365000 0.00394331
3.27375000 0.00394033
3.27385000 0.00393509
3.27395000 0.00393211
3.27405000 0.00392913
3.27415000 0.00392615
3.27425000 0.00392318
3.27435000 0.00392020
3.27445000 0.00391723
3.27455000 0.00391201
3.27465000 0.00390904
3.27475000 0.00390606
3.27485000 0.00390310
3.27495000 0.00390013
3.27505000 0.00389716
3.27515000 0.00389195
3.27525000 0.00388899
3.27535000 0.00388602
3.27545000 0.00388306
3.27555000 0.00388010
3.27565000 0.00387713
3.27575000 0.00387417
3.27585000 0.00386899
3.27595000 0.00386603
3.27605000 0.00386307
3.27615000 0.00386012
3.27625000 0.00385716
3.27635000 0.00385420
3.27645000 0.00384904
3.27655000 0.00384609
3.27665000 0.00384313
3.27675000 0.00384018
3.27685000 0.00383723
3.27695000 0.00383428
3.27705000 0.00383133
3.27715000 0.00382619
3.27725000 0.00382324
3.27735000 0.00382030
3.27745000 0.00381735
3.27755000 0.00381441
3.27765000 0.00381147
3.27775000 0.00380634
3.27785000 0.00380340
3.27795000 0.00380046
3.27805000 0.00379752
3.27815000 0.00379458
3.27825000 0.00379165
3.27835000 0.00378871
3.27845000 0.00378360
3.27855000 0.00378067
3.27865000 0.00377774
3.27875000 0.00377481
3.27885000 0.00377188
3.27895000 0.00376895
3.27905000 0.00376386
3.27915000 0.00376093
3.27925000 0.00375800
3.27935000 0.00375508
3.27945000 0.00375215
3.27955000 0.00374923
3.27965000 0.00374631
3.27975000 0.00374124
3.27985000 0.00373832
3.27995000 0.00373540
3.28005000 0.00373248
3.28015000 0.00372956
3.28025000 0.00372664
3.28035000 0.00372373
3.28045000 0.00371868
3.28055000 0.00371576
3.28065000 0.00371285
3.28075000 0.00370994
3.28085000 0.00370703
3.28095000 0.00370412
3.28105000 0.00369909
3.28115000 0.00369618
3.28125000 0.00369327
3.28135000 0.00369037
3.28145000 0.00368746
3.28155000 0.00368456
3.28165000 0.00368166
3.28175000 0.00367664
3.28185000 0.00367374
3.28195000 0.00367084
3.28205000 0.00366795
3.28215000 0.00366505
3.28225000 0.00366215
3.28235000 0.00365716
3.28245000 0.00365426
3.28255000 0.00365137
3.28265000 0.00364848
3.28275000 0.00364558
3.28285000 0.00364269
3.28295000 0.00363980
3.28305000 0.00363483
3.28315000 0.00363194
3.28325000 0.00362905
3.28335000 0.00362617
3.28345000 0.00362328
3.28355000 0.00362040
3.28365000 0.00361544
3.28375000 0.00361256
3.28385000 0.00360968
3.28395000 0.00360680
3.28405000 0.00360392
3.28415000 0.00360104
3.28425000 0.00359817
3.28435000 0.00359323
3.28445000 0.00359036
3.28455000 0.00358748
3.28465000 0.00358461
3.28475000 0.00358174
3.28485000 0.00357887
3.28495000 0.00357395
3.28505000 0.00357108
3.28515000 0.00356821
3.28525000 0.00356535
3.28535000 0.00356248
3.28545000 0.00355962
3.28555000 0.00355675
3.28565000 0.00355185
3.28575000 0.00354899
3.28585000 0.00354613
3.28595000 0.00354327
3.28605000 0.00354041
3.28615000 0.00353755
3.28625000 0.00353267
3.28635000 0.00352982
3.28645000 0.00352696
3.28655000 0.00352411
3.28665000 0.00352126
3.28675000 0.00351841
3.28685000 0.00351555
3.28695000 0.00351069
3.28705000 0.00350784
3.28715000 0.00350500
3.28725000 0.00350215
3.28735000 0.00349930
3.28745000 0.00349646
3.28755000 0.00349162
3.28765000 0.00348877
3.28775000 0.00348593
3.28785000 0.00348309
3.28795000 0.00348025
3.28805000 0.00347741
3.28815000 0.00347458
3.28825000 0.00346975
3.28835000 0.00346692
3.28845000 0.00346408
3.28855000 0.00346125
3.28865000 0.00345842
3.28875000 0.00345559
3.28885000 0.00345275
3.28895000 0.00344795
3.28905000 0.00344512
3.28915000 0.00344230
3.28925000 0.00343947
3.28935000 0.00343664
3.28945000 0.00343382
3.28955000 0.00342903
3.28965000 0.00342621
3.28975000 0.00342339
3.28985000 0.00342057
3.28995000 0.00341775
3.29005000 0.00341493
3.29015000 0.00341211
3.29025000 0.00340735
3.29035000 0.00340453
3.29045000 0.00340172
3.29055000 0.00339890
3.29065000 0.00339609
3.29075000 0.00339328
3.29085000 0.00338853
3.29095000 0.00338572
3.29105000 0.00338291
3.29115000 0.00338011
3.29125000 0.00337730
3.29135000 0.00337450
3.29145000 0.00337169
3.29155000 0.00336696
3.29165000 0.00336416
3.29175000 0.00336136
3.29185000 0.00335856
3.29195000 0.00335576
3.29205000 0.00335296
3.29215000 0.00334825
3.29225000 0.00334546
3.29235000 0.00334266
3.29245000 0.00333987
3.29255000 0.00333708
3.29265000 0.00333428
3.29275000 0.00333149
3.29285000 0.00332680
3.29295000 0.00332401
3.29305000 0.00332122
3.29315000 0.00331844
3.29325000 0.00331565
3.29335000 0.00331287
3.29345000 0.00330819
3.29355000 0.00330541
3.29365000 0.00330263
3.29375000 0.00329985
3.29385000 0.00329707
3.29395000 0.00329429
3.29405000 0.00329151
3.29415000 0.00328686
3.29425000 0.00328408
3.29435000 0.00328131
3.29445000 0.00327854
3.29455000 0.00327576
3.29465000 0.00327299
3.29475000 0.00326835
3.29485000 0.00326558
3.29495000 0.00326282
3.29505000 0.00326005
3.29515000 0.00325728
3.29525000 0.00325452
3.29535000 0.00325176
3.29545000 0.00324714
3.29555000 0.00324438
3.29565000 0.00324161
3.29575000 0.00323886
3.29585000 0.00323610
3.29595000 0.00323334
3.29605000 0.00322874
3.29615000 0.00322598
3.29625000 0.00322323
3.29635000 0.00322047
3.29645000 0.00321772
3.29655000 0.00321497
3.29665000 0.00321222
3.29675000 0.00320764
3.29685000 0.00320489
3.29695000 0.00320214
3.29705000 0.00319940
3.29715000 0.00319665
3.29725000 0.00319391
3.29735000 0.00318934
3.29745000 0.00318660
3.29755000 0.00318386
3.29765000 0.00318112
3.29775000 0.00317838
3.29785000 0.00317564
3.29795000 0.00317291
3.29805000 0.00316836
3.29815000 0.00316563
3.29825000 0.00316289
3.29835000 0.00316016
3.29845000 0.00315743
3.29855000 0.00315470
3.29865000 0.00315017
3.29875000 0.00314744
3.29885000 0.00314471
3.29895000 0.00314199
3.29905000 0.00313926
3.29915000 0.00313654
3.29925000 0.00313381
3.29935000 0.00312930
3.29945000 0.00312658
3.29955000 0.00312386
3.29965000 0.00312115
3.29975000 0.00311843
3.29985000 0.00311571
3.29995000 0.00311122
3.30005000 0.00310850
3.30015000 0.00310579
3.30025000 0.00310308
3.30035000 0.00310037
3.30045000 0.00309766
3.30055000 0.00309494
3.30065000 0.00309047
3.30075000 0.00308777
3.30085000 0.00308506
3.30095000 0.00308235
3.30105000 0.00307965
3.30115000 0.00307695
3.30125000 0.00307249
3.30135000 0.00306979
3.30145000 0.00306709
3.30155000 0.00306439
3.30165000 0.00306169
3.30175000 0.00305900
3.30185000 0.00305630
3.30195000 0.00305186
3.30205000 0.00304917
3.30215000 0.00304648
3.30225000 0.00304379
3.30235000 0.00304109
3.30245000 0.00303840
3.30255000 0.00303399
3.30265000 0.00303130
3.30275000 0.00302861
3.30285000 0.00302593
3.30295000 0.00302324
3.30305000 0.00302056
3.30315000 0.00301788
3.30325000 0.00301348
3.30335000 0.00301080
3.30345000 0.00300812
3.30355000 0.00300544
3.30365000 0.00300276
3.30375000 0.00300009
3.30385000 0.00299570
3.30395000 0.00299303
3.30405000 0.00299036
3.30415000 0.00298769
3.30425000 0.00298502
3.30435000 0.00298235
3.30445000 0.00297968
3.30455000 0.00297531
3.30465000 0.00297265
3.30475000 0.00296998
3.30485000 0.00296732
3.30495000 0.00296466
3.30505000 0.00296199
3.30515000 0.00295765
3.30525000 0.00295499
3.30535000 0.00295233
3.30545000 0.00294967
3.30555000 0.00294702
3.30565000 0.00294436
3.30575000 0.00294170
3.30585000 0.00293738
3.30595000 0.00293472
3.30605000 0.00293207
3.30615000 0.00292942
3.30625000 0.00292677
3.30635000 0.00292412
3.30645000 0.00291981
3.30655000 0.00291717
3.30665000 0.00291452
3.30675000 0.00291188
3.30685000 0.00290924
3.30695000 0.00290660
3.30705000 0.00290395
3.30715000 0.00289966
3.30725000 0.00289702
3.30735000 0.00289439
3.30745000 0.00289175
3.30755000 0.00288911
3.30765000 0.00288648
3.30775000 0.00288220
3.30785000 0.00287957
3.30795000 0.00287694
3.30805000 0.00287431
3.30815000 0.00287168
3.30825000 0.00286906
3.30835000 0.00286643
3.30845000 0.00286217
3.30855000 0.00285955
3.30865000 0.00285693
3.30875000 0.00285430
3.30885000 0.00285168
3.30895000 0.00284906
3.30905000 0.00284482
3.30915000 0.00284220
3.30925000 0.00283959
3.30935000 0.00283697
3.30945000 0.00283436
3.30955000 0.00283174
3.30965000 0.00282913
3.30975000 0.00282491
3.30985000 0.00282230
3.30995000 0.00281969
3.31005000 0.00281708
3.31015000 0.00281447
3.31025000 0.00281187
3.31035000 0.00280766
3.31045000 0.00280506
3.31055000 0.00280246
3.31065000 0.00279985
3.31075000 0.00279725
3.31085000 0.00279465
3.31095000 0.00279205
3.31105000 0.00278787
3.31115000 0.00278527
3.31125000 0.00278268
3.31135000 0.00278008
3.31145000 0.00277749
3.31155000 0.00277490
3.31165000 0.00277073
3.31175000 0.00276814
3.31185000 0.00276555
3.31195000 0.00276296
3.31205000 0.00276038
3.31215000 0.00275779
3.31225000 0.00275521
3.31235000 0.00275106
3.31245000 0.00274847
3.31255000 0.00274589
3.31265000 0.00274331
3.31275000 0.00274073
3.31285000 0.00273815
3.31295000 0.00273402
3.31305000 0.00273145
3.31315000 0.00272887
3.31325000 0.00272630
3.31335000 0.00272373
3.31345000 0.00272115
3.31355000 0.00271858
3.31365000 0.00271447
3.31375000 0.00271190
3.31385000 0.00270933
3.31395000 0.00270677
3.31405000 0.00270420
3.31415000 0.00270164
3.31425000 0.00269754
3.31435000 0.00269498
3.31445000 0.00269242
3.31455000 0.00268986
3.31465000 0.00268730
3.31475000 0.00268474
3.31485000 0.00268219
3.31495000 0.00267811
3.31505000 0.00267556
3.31515000 0.00267300
3.31525000 0.00267045
3.31535000 0.00266790
3.31545000 0.00266535
3.31555000 0.00266129
3.31565000 0.00265874
3.31575000 0.00265619
3.31585000 0.00265365
3.31595000 0.00265110
3.31605000 0.00264856
3.31615000 0.00264602
3.31625000 0.00264198
3.31635000 0.00263944
3.31645000 0.00263690
3.31655000 0.00263436
3.31665000 0.00263182
3.31675000 0.00262929
3.31685000 0.00262526
3.31695000 0.00262273
3.31705000 0.00262020
3.31715000 0.00261766
3.31725000 0.00261513
3.31735000 0.00261260
3.31745000 0.00261008
3.31755000 0.00260607
3.31765000 0.00260354
3.31775000 0.00260102
3.31785000 0.00259850
3.31795000 0.00259597
3.31805000 0.00259345
3.31815000 0.00258946
3.31825000 0.00258694
3.31835000 0.00258442
3.31845000 0.00258191
3.31855000 0.00257939
3.31865000 0.00257688
3.31875000 0.00257436
3.31885000 0.00257039
3.31895000 0.00256788
3.31905000 0.00256537
3.31915000 0.00256286
3.31925000 0.00256035
3.31935000 0.00255784
3.31945000 0.00255389
3.31955000 0.00255138
3.31965000 0.00254888
3.31975000 0.00254638
3.31985000 0.00254388
3.31995000 0.00254138
3.32005000 0.00253744
3.32015000 0.00253494
3.32025000 0.00253244
3.32035000 0.00252995
3.32045000 0.00252745
3.32055000 0.00252496
3.32065000 0.00252246
3.32075000 0.00251854
3.32085000 0.00251605
3.32095000 0.00251357
3.32105000 0.00251108
3.32115000 0.00250859
3.32125000 0.00250610
3.32135000 0.00250220
3.32145000 0.00249972
3.32155000 0.00249723
3.32165000 0.00249475
3.32175000 0.00249227
3.32185000 0.00248979
3.32195000 0.00248731
3.32205000 0.00248343
3.32215000 0.00248095
3.32225000 0.00247848
3.32235000 0.00247600
3.32245000 0.00247353
3.32255000 0.00247106
3.32265000 0.00246719
3.32275000 0.00246472
3.32285000 0.00246225
3.32295000 0.00245979
3.32305000 0.00245732
3.32315000 0.00245486
3.32325000 0.00245239
3.32335000 0.00244854
3.32345000 0.00244608
3.32355000 0.00244362
3.32365000 0.00244116
3.32375000 0.00243870
3.32385000 0.00243625
3.32395000 0.00243241
3.32405000 0.00242996
3.32415000 0.00242750
3.32425000 0.00242505
3.32435000 0.00242260
3.32445000 0.00242015
3.32455000 0.00241770
3.32465000 0.00241388
3.32475000 0.00241144
3.32485000 0.00240899
3.32495000 0.00240655
3.32505000 0.00240410
3.32515000 0.00240166
3.32525000 0.00239786
3.32535000 0.00239542
3.32545000 0.00239298
3.32555000 0.00239054
3.32565000 0.00238811
3.32575000 0.00238567
3.32585000 0.00238324
3.32595000 0.00237945
3.32605000 0.00237702
3.32615000 0.00237459
3.32625000 0.00237216
3.32635000 0.00236973
3.32645000 0.00236730
3.32655000 0.00236354
3.32665000 0.00236111
3.32675000 0.00235869
3.32685000 0.00235627
3.32695000 0.00235384
3.32705000 0.00235142
3.32715000 0.00234900
3.32725000 0.00234526
3.32735000 0.00234284
3.32745000 0.00234042
3.32755000 0.00233801
3.32765000 0.00233559
3.32775000 0.00233318
3.32785000 0.00232945
3.32795000 0.00232704
3.32805000 0.00232463
3.32815000 0.00232222
3.32825000 0.00231981
3.32835000 0.00231741
3.32845000 0.00231369
3.32855000 0.00231129
3.32865000 0.00230888
3.32875000 0.00230648
3.32885000 0.00230408
3.32895000 0.00230168
3.32905000 0.00229928
3.32915000 0.00229559
3.32925000 0.00229319
3.32935000 0.00229080
3.32945000 0.00228840
3.32955000 0.00228601
3.32965000 0.00228362
3.32975000 0.00227994
3.32985000 0.00227755
3.32995000 0.00227516
3.33005000 0.00227277
3.33015000 0.00227039
3.33025000 0.00226800
3.33035000 0.00226562
3.33045000 0.00226196
3.33055000 0.00225958
3.33065000 0.00225720
3.33075000 0.00225482
3.33085000 0.00225244
3.33095000 0.00225006
3.33105000 0.00224642
3.33115000 0.00224404
3.33125000 0.00224167
3.33135000 0.00223930
3.33145000 0.00223693
3.33155000 0.00223456
3.33165000 0.00223219
3.33175000 0.00222856
3.33185000 0.00222619
3.33195000 0.00222383
3.33205000 0.00222146
3.33215000 0.00221910
3.33225000 0.00221674
3.33235000 0.00221312
3.33245000 0.00221077
3.33255000 0.00220841
3.33265000 0.00220605
3.33275000 0.00220369
3.33285000 0.00220134
3.33295000 0.00219898
3.33305000 0.00219539
3.33315000 0.00219304
3.33325000 0.00219069
3.33335000 0.00218834
3.33345000 0.00218599
3.33355000 0.00218364
3.33365000 0.00218007
3.33375000 0.00217772
3.33385000 0.00217538
3.33395000 0.00217304
3.33405000 0.00217069
3.33415000 0.00216835
3.33425000 0.00216479
3.33435000 0.00216245
3.33445000 0.00216012
3.33455000 0.00215778
3.33465000 0.00215545
3.33475000 0.00215312
3.33485000 0.00215078
3.33495000 0.00214724
3.33505000 0.00214491
3.33515000 0.00214258
3.33525000 0.00214025
3.33535000 0.00213793
3.33545000 0.00213560
3.33555000 0.00213207
3.33565000 0.00212975
3.33575000 0.00212743
3.33585000 0.00212511
3.33595000 0.00212279
3.33605000 0.00212047
3.33615000 0.00211815
3.33625000 0.00211464
3.33635000 0.00211233
3.33645000 0.00211002
3.33655000 0.00210770
3.33665000 0.00210539
3.33675000 0.00210308
3.33685000 0.00209959
3.33695000 0.00209728
3.33705000 0.00209497
3.33715000 0.00209267
3.33725000 0.00209036
3.33735000 0.00208806
3.33745000 0.00208576
3.33755000 0.00208228
3.33765000 0.00207998
3.33775000 0.00207768
3.33785000 0.00207539
3.33795000 0.00207309
3.33805000 0.00207079
3.33815000 0.00206733
3.33825000 0.00206504
3.33835000 0.00206275
3.33845000 0.00206046
3.33855000 0.00205817
3.33865000 0.00205588
3.33875000 0.00205360
3.33885000 0.00205015
3.33895000 0.00204787
3.33905000 0.00204558
3.33915000 0.00204330
3.33925000 0.00204102
3.33935000 0.00203874
3.33945000 0.00203531
3.33955000 0.00203304
3.33965000 0.00203076
3.33975000 0.00202849
3.33985000 0.00202621
3.33995000 0.00202394
3.34005000 0.00202053
3.34015000 0.00201826
3.34025000 0.00201599
3.34035000 0.00201372
3.34045000 0.00201145
3.34055000 0.00200919
3.34065000 0.00200692
3.34075000 0.00200353
3.34085000 0.00200126
3.34095000 0.00199900
3.34105000 0.00199674
3.34115000 0.00199449
3.34125000 0.00199223
3.34135000 0.00198885
3.34145000 0.00198659
3.34155000 0.00198434
3.34165000 0.00198209
3.34175000 0.00197984
3.34185000 0.00197758
3.34195000 0.00197533
3.34205000 0.00197197
3.34215000 0.00196973
3.34225000 0.00196748
3.34235000 0.00196524
3.34245000 0.00196299
3.34255000 0.00196075
3.34265000 0.00195741
3.34275000 0.00195517
3.34285000 0.00195293
3.34295000 0.00195069
3.34305000 0.00194845
3.34315000 0.00194622
3.34325000 0.00194289
3.34335000 0.00194066
3.34345000 0.00193842
3.34355000 0.00193619
3.34365000 0.00193396
3.34375000 0.00193174
3.34385000 0.00192951
3.34395000 0.00192620
3.34405000 0.00192397
3.34415000 0.00192175
3.34425000 0.00191953
3.34435000 0.00191731
3.34445000 0.00191509
3.34455000 0.00191179
3.34465000 0.00190957
3.34475000 0.00190736
3.34485000 0.00190514
3.34495000 0.00190293
3.34505000 0.00190071
3.34515000 0.00189850
3.34525000 0.00189522
3.34535000 0.00189301
3.34545000 0.00189081
3.34555000 0.00188860
3.34565000 0.00188639
3.34575000 0.00188419
3.34585000 0.00188092
3.34595000 0.00187872
3.34605000 0.00187652
3.34615000 0.00187432
3.34625000 0.00187212
3.34635000 0.00186993
3.34645000 0.00186773
3.34655000 0.00186448
3.34665000 0.00186229
3.34675000 0.00186010
3.34685000 0.00185791
3.34695000 0.00185572
3.34705000 0.00185353
3.34715000 0.00185030
3.34725000 0.00184811
3.34735000 0.00184592
3.34745000 0.00184374
3.34755000 0.00184156
3.34765000 0.00183937
3.34775000 0.00183616
3.34785000 0.00183398
3.34795000 0.00183180
3.34805000 0.00182963
3.34815000 0.00182745
3.34825000 0.00182527
3.34835000 0.00182310
3.34845000 0.00181990
3.34855000 0.00181773
3.34865000 0.00181556
3.34875000 0.00181339
3.34885000 0.00181123
3.34895000 0.00180906
3.34905000 0.00180588
3.34915000 0.00180371
3.34925000 0.00180155
3.34935000 0.00179939
3.34945000 0.00179723
3.34955000 0.00179507
3.34965000 0.00179291
3.34975000 0.00178975
3.34985000 0.00178759
3.34995000 0.00178544
3.35005000 0.00178328
3.35015000 0.00178113
3.35025000 0.00177898
3.35035000 0.00177583
3.35045000 0.00177368
3.35055000 0.00177154
3.35065000 0.00176939
3.35075000 0.00176724
3.35085000 0.00176510
3.35095000 0.00176197
3.35105000 0.00175983
3.35115000 0.00175769
3.35125000 0.00175555
3.35135000 0.00175341
3.35145000 0.00175127
3.35155000 0.00174914
3.35165000 0.00174602
3.35175000 0.00174389
3.35185000 0.00174176
3.35195000 0.00173963
3.35205000 0.00173750
3.35215000 0.00173537
3.35225000 0.00173227
3.35235000 0.00173014
3.35245000 0.00172802
3.35255000 0.00172590
3.35265000 0.00172377
3.35275000 0.00172165
3.35285000 0.00171953
3.35295000 0.00171645
3.35305000 0.00171433
3.35315000 0.00171222
3.35325000 0.00171010
3.35335000 0.00170799
3.35345000 0.00170587
3.35355000 0.00170281
3.35365000 0.00170070
3.35375000 0.00169859
3.35385000 0.00169648
3.35395000 0.00169437
3.35405000 0.00169227
3.35415000 0.00169016
3.35425000 0.00168711
3.35435000 0.00168501
3.35445000 0.00168291
3.35455000 0.00168081
3.35465000 0.00167871
3.35475000 0.00167662
3.35485000 0.00167358
3.35495000 0.00167149
3.35505000 0.00166939
3.35515000 0.00166730
3.35525000 0.00166521
3.35535000 0.00166312
3.35545000 0.00166010
3.35555000 0.00165801
3.35565000 0.00165593
3.35575000 0.00165385
3.35585000 0.00165176
3.35595000 0.00164968
3.35605000 0.00164760
3.35615000 0.00164459
3.35625000 0.00164252
3.35635000 0.00164044
3.35645000 0.00163836
3.35655000 0.00163629
3.35665000 0.00163421
3.35675000 0.00163123
3.35685000 0.00162916
3.35695000 0.00162709
3.35705000 0.00162502
3.35715000 0.00162295
3.35725000 0.00162088
3.35735000 0.00161882
3.35745000 0.00161585
3.35755000 0.00161378
3.35765000 0.00161172
3.35775000 0.00160966
3.35785000 0.00160760
3.35795000 0.00160555
3.35805000 0.00160259
3.35815000 0.00160053
3.35825000 0.00159848
3.35835000 0.00159643
3.35845000 0.00159438
3.35855000 0.00159233
3.35865000 0.00158938
3.35875000 0.00158734
3.35885000 0.00158529
3.35895000 0.00158325
3.35905000 0.00158120
3.35915000 0.00157916
3.35925000 0.00157712
3.35935000 0.00157419
3.35945000 0.00157215
3.35955000 0.00157011
3.35965000 0.00156808
3.35975000 0.00156604
3.35985000 0.00156401
3.35995000 0.00156110
3.36005000 0.00155907
3.36015000 0.00155704
3.36025000 0.00155501
3.36035000 0.00155298
3.36045000 0.00155095
3.36055000 0.00154806
3.36065000 0.00154603
3.36075000 0.00154401
3.36085000 0.00154199
3.36095000 0.00153997
3.36105000 0.00153795
3.36115000 0.00153593
3.36125000 0.00153305
3.36135000 0.00153104
3.36145000 0.00152902
3.36155000 0.00152701
3.36165000 0.00152500
3.36175000 0.00152298
3.36185000 0.00152012
3.36195000 0.00151811
3.36205000 0.00151611
3.36215000 0.00151410
3.36225000 0.00151210
3.36235000 0.00151009
3.36245000 0.00150809
3.36255000 0.00150524
3.36265000 0.00150324
3.36275000 0.00150125
3.36285000 0.00149925
3.36295000 0.00149725
3.36305000 0.00149526
3.36315000 0.00149243
3.36325000 0.00149043
3.36335000 0.00148844
3.36345000 0.00148645
3.36355000 0.00148446
3.36365000 0.00148248
3.36375000 0.00147966
3.36385000 0.00147768
3.36395000 0.00147569
3.36405000 0.00147371
3.36415000 0.00147173
3.36425000 0.00146975
3.36435000 0.00146777
3.36445000 0.00146497
3.36455000 0.00146300
3.36465000 0.00146102
3.36475000 0.00145905
3.36485000 0.00145707
3.36495000 0.00145510
3.36505000 0.00145232
3.36515000 0.00145035
3.36525000 0.00144838
3.36535000 0.00144642
3.36545000 0.00144445
3.36555000 0.00144249
3.36565000 0.00144052
3.36575000 0.00143776
3.36585000 0.00143580
3.36595000 0.00143384
3.36605000 0.00143188
3.36615000 0.00142992
3.36625000 0.00142797
3.36635000 0.00142522
3.36645000 0.00142326
3.36655000 0.00142131
3.36665000 0.00141936
3.36675000 0.00141741
3.36685000 0.00141547
3.36695000 0.00141273
3.36705000 0.00141078
3.36715000 0.00140884
3.36725000 0.00140690
3.36735000 0.00140496
3.36745000 0.00140302
3.36755000 0.00140108
3.36765000 0.00139836
3.36775000 0.00139642
3.36785000 0.00139449
3.36795000 0.00139255
3.36805000 0.00139062
3.36815000 0.00138869
3.36825000 0.00138598
3.36835000 0.00138405
3.36845000 0.00138213
3.36855000 0.00138020
3.36865000 0.00137827
3.36875000 0.00137635
3.36885000 0.00137366
3.36895000 0.00137174
3.36905000 0.00136982
3.36915000 0.00136790
3.36925000 0.00136598
3.36935000 0.00136406
3.36945000 0.00136215
3.36955000 0.00135947
3.36965000 0.00135756
3.36975000 0.00135565
3.36985000 0.00135374
3.36995000 0.00135183
3.37005000 0.00134993
3.37015000 0.00134726
3.37025000 0.00134536
3.37035000 0.00134346
3.37045000 0.00134155
3.37055000 0.00133965
3.37065000 0.00133775
3.37075000 0.00133585
3.37085000 0.00133321
3.37095000 0.00133132
3.37105000 0.00132942
3.37115000 0.00132753
3.37125000 0.00132563
3.37135000 0.00132374
3.37145000 0.00132111
3.37155000 0.00131923
3.37165000 0.00131734
3.37175000 0.00131545
3.37185000 0.00131357
3.37195000 0.00131168
3.37205000 0.00130907
3.37215000 0.00130719
3.37225000 0.00130531
3.37235000 0.00130343
3.37245000 0.00130155
3.37255000 0.00129968
3.37265000 0.00129780
3.37275000 0.00129521
3.37285000 0.00129333
3.37295000 0.00129146
3.37305000 0.00128959
3.37315000 0.00128773
3.37325000 0.00128586
3.37335000 0.00128328
3.37345000 0.00128141
3.37355000 0.00127955
3.37365000 0.00127769
3.37375000 0.00127583
3.37385000 0.00127397
3.37395000 0.00127140
3.37405000 0.00126954
3.37415000 0.00126769
3.37425000 0.00126583
3.37435000 0.00126398
3.37445000 0.00126213
3.37455000 0.00126028
3.37465000 0.00125772
3.37475000 0.00125588
3.37485000 0.00125403
3.37495000 0.00125218
3.37505000 0.00125034
3.37515000 0.00124850
3.37525000 0.00124596
3.37535000 0.00124412
3.37545000 0.00124228
3.37555000 0.00124044
3.37565000 0.00123861
3.37575000 0.00123677
3.37585000 0.00123425
3.37595000 0.00123242
3.37605000 0.00123059
3.37615000 0.00122876
3.37625000 0.00122693
3.37635000 0.00122510
3.37645000 0.00122327
3.37655000 0.00122077
3.37665000 0.00121894
3.37675000 0.00121712
3.37685000 0.00121530
3.37695000 0.00121348
3.37705000 0.00121166
3.37715000 0.00120917
3.37725000 0.00120735
3.37735000 0.00120554
3.37745000 0.00120372
3.37755000 0.00120191
3.37765000 0.00120010
3.37775000 0.00119829
3.37785000 0.00119582
3.37795000 0.00119401
3.37805000 0.00119220
3.37815000 0.00119040
3.37825000 0.00118860
3.37835000 0.00118679
3.37845000 0.00118433
3.37855000 0.00118253
3.37865000 0.00118074
3.37875000 0.00117894
3.37885000 0.00117714
3.37895000 0.00117535
3.37905000 0.00117290
3.37915000 0.00117111
3.37925000 0.00116932
3.37935000 0.00116753
3.37945000 0.00116574
3.37955000 0.00116396
3.37965000 0.00116217
3.37975000 0.00115974
3.37985000 0.00115796
3.37995000 0.00115618
3.38005000 0.00115440
3.38015000 0.00115262
3.38025000 0.00115084
3.38035000 0.00114842
3.38045000 0.00114665
3.38055000 0.00114488
3.38065000 0.00114311
3.38075000 0.00114133
3.38085000 0.00113956
3.38095000 0.00113716
3.38105000 0.00113540
3.38115000 0.00113363
3.38125000 0.00113187
3.38135000 0.00113010
3.38145000 0.00112834
3.38155000 0.00112658
3.38165000 0.00112419
3.38175000 0.00112244
3.38185000 0.00112068
3.38195000 0.00111892
3.38205000 0.00111717
3.38215000 0.00111542
3.38225000 0.00111304
3.38235000 0.00111130
3.38245000 0.00110955
3.38255000 0.00110780
3.38265000 0.00110605
3.38275000 0.00110431
3.38285000 0.00110195
3.38295000 0.00110021
3.38305000 0.00109847
3.38315000 0.00109673
3.38325000 0.00109499
3.38335000 0.00109325
3.38345000 0.00109152
3.38355000 0.00108917
3.38365000 0.00108744
3.38375000 0.00108571
3.38385000 0.00108398
3.38395000 0.00108225
3.38405000 0.00108052
3.38415000 0.00107819
3.38425000 0.00107647
3.38435000 0.00107474
3.38445000 0.00107302
3.38455000 0.00107130
3.38465000 0.00106958
3.38475000 0.00106727
3.38485000 0.00106555
3.38495000 0.00106383
3.38505000 0.00106212
3.38515000 0.00106040
3.38525000 0.00105869
3.38535000 0.00105698
3.38545000 0.00105468
3.38555000 0.00105298
3.38565000 0.00105127
3.38575000 0.00104956
3.38585000 0.00104786
3.38595000 0.00104615
3.38605000 0.00104387
3.38615000 0.00104217
3.38625000 0.00104047
3.38635000 0.00103877
3.38645000 0.00103708
3.38655000 0.00103538
3.38665000 0.00103311
3.38675000 0.00103142
3.38685000 0.00102973
3.38695000 0.00102804
3.38705000 0.00102635
3.38715000 0.00102466
3.38725000 0.00102298
3.38735000 0.00102072
3.38745000 0.00101904
3.38755000 0.00101736
3.38765000 0.00101568
3.38775000 0.00101400
3.38785000 0.00101232
3.38795000 0.00101008
3.38805000 0.00100840
3.38815000 0.00100673
3.38825000 0.00100506
3.38835000 0.00100339
3.38845000 0.00100172
3.38855000 0.00099949
3.38865000 0.00099782
3.38875000 0.00099616
3.38885000 0.00099449
3.38895000 0.00099283
3.38905000 0.00099117
3.38915000 0.00098950
3.38925000 0.00098730
3.38935000 0.00098564
3.38945000 0.00098398
3.38955000 0.00098232
3.38965000 0.00098067
3.38975000 0.00097902
3.38985000 0.00097682
3.38995000 0.00097517
3.39005000 0.00097352
3.39015000 0.00097187
3.39025000 0.00097023
3.39035000 0.00096858
3.39045000 0.00096640
3.39055000 0.00096476
3.39065000 0.00096312
3.39075000 0.00096148
3.39085000 0.00095984
3.39095000 0.00095820
3.39105000 0.00095657
3.39115000 0.00095440
3.39125000 0.00095277
3.39135000 0.00095113
3.39145000 0.00094950
3.39155000 0.00094787
3.39165000 0.00094625
3.39175000 0.00094409
3.39185000 0.00094247
3.39195000 0.00094085
3.39205000 0.00093922
3.39215000 0.00093760
3.39225000 0.00093598
3.39235000 0.00093384
3.39245000 0.00093223
3.39255000 0.00093061
3.39265000 0.00092900
3.39275000 0.00092738
3.39285000 0.00092577
3.39295000 0.00092416
3.39305000 0.00092204
3.39315000 0.00092043
3.39325000 0.00091882
3.39335000 0.00091722
3.39345000 0.00091561
3.39355000 0.00091401
3.39365000 0.00091190
3.39375000 0.00091030
3.39385000 0.00090870
3.39395000 0.00090711
3.39405000 0.00090551
3.39415000 0.00090392
3.39425000 0.00090182
3.39435000 0.00090023
3.39445000 0.00089864
3.39455000 0.00089705
3.39465000 0.00089546
3.39475000 0.00089388
3.39485000 0.00089229
3.39495000 0.00089021
3.39505000 0.00088863
3.39515000 0.00088705
3.39525000 0.00088547
3.39535000 0.00088389
3.39545000 0.00088231
3.39555000 0.00088025
3.39565000 0.00087867
3.39575000 0.00087710
3.39585000 0.00087553
3.39595000 0.00087396
3.39605000 0.00087239
3.39615000 0.00087034
3.39625000 0.00086877
3.39635000 0.00086720
3.39645000 0.00086564
3.39655000 0.00086408
3.39665000 0.00086252
3.39675000 0.00086096
3.39685000 0.00085892
3.39695000 0.00085736
3.39705000 0.00085581
3.39715000 0.00085425
3.39725000 0.00085270
3.39735000 0.00085115
3.39745000 0.00084913
3.39755000 0.00084758
3.39765000 0.00084603
3.39775000 0.00084448
3.39785000 0.00084294
3.39795000 0.00084140
3.39805000 0.00083939
3.39815000 0.00083785
3.39825000 0.00083631
3.39835000 0.00083477
3.39845000 0.00083323
3.39855000 0.00083170
3.39865000 0.00083016
3.39875000 0.00082817
3.39885000 0.00082664
3.39895000 0.00082511
3.39905000 0.00082358
3.39915000 0.00082205
3.39925000 0.00082052
3.39935000 0.00081854
3.39945000 0.00081702
3.39955000 0.00081550
3.39965000 0.00081398
3.39975000 0.00081246
3.39985000 0.00081094
3.39995000 0.00080898
3.40005000 0.00080746
3.40015000 0.00080595
3.40025000 0.00080443
3.40035000 0.00080292
3.40045000 0.00080141
3.40055000 0.00079990
3.40065000 0.00079795
3.40075000 0.00079645
3.40085000 0.00079494
3.40095000 0.00079344
3.40105000 0.00079194
3.40115000 0.00079044
3.40125000 0.00078850
3.40135000 0.00078700
3.40145000 0.00078551
3.40155000 0.00078401
3.40165000 0.00078252
3.40175000 0.00078103
3.40185000 0.00077910
3.40195000 0.00077761
3.40205000 0.00077613
3.40215000 0.00077464
3.40225000 0.00077315
3.40235000 0.00077167
3.40245000 0.00077019
3.40255000 0.00076828
3.40265000 0.00076680
3.40275000 0.00076532
3.40285000 0.00076384
3.40295000 0.00076237
3.40305000 0.00076089
3.40315000 0.00075900
3.40325000 0.00075753
3.40335000 0.00075606
3.40345000 0.00075459
3.40355000 0.00075312
3.40365000 0.00075165
3.40375000 0.00074977
3.40385000 0.00074831
3.40395000 0.00074685
3.40405000 0.00074539
3.40415000 0.00074393
3.40425000 0.00074247
3.40435000 0.00074101
3.40445000 0.00073915
3.40455000 0.00073769
3.40465000 0.00073624
3.40475000 0.00073479
3.40485000 0.00073334
3.40495000 0.00073189
3.40505000 0.00073004
3.40515000 0.00072859
3.40525000 0.00072715
3.40535000 0.00072571
3.40545000 0.00072426
3.40555000 0.00072282
3.40565000 0.00072098
3.40575000 0.00071955
3.40585000 0.00071811
3.40595000 0.00071668
3.40605000 0.00071524
3.40615000 0.00071381
3.40625000 0.00071198
3.40635000 0.00071056
3.40645000 0.00070913
3.40655000 0.00070770
3.40665000 0.00070628
3.40675000 0.00070485
3.40685000 0.00070343
3.40695000 0.00070162
3.40705000 0.00070020
3.40715000 0.00069878
3.40725000 0.00069736
3.40735000 0.00069595
3.40745000 0.00069453
3.40755000 0.00069274
3.40765000 0.00069133
3.40775000 0.00068992
3.40785000 0.00068851
3.40795000 0.00068710
3.40805000 0.00068569
3.40815000 0.00068391
3.40825000 0.00068251
3.40835000 0.00068111
3.40845000 0.00067971
3.40855000 0.00067831
3.40865000 0.00067691
3.40875000 0.00067551
3.40885000 0.00067374
3.40895000 0.00067235
3.40905000 0.00067096
3.40915000 0.00066957
3.40925000 0.00066818
3.40935000 0.00066679
3.40945000 0.00066504
3.40955000 0.00066365
3.40965000 0.00066227
3.40975000 0.00066089
3.40985000 0.00065950
3.40995000 0.00065812
3.41005000 0.00065638
3.41015000 0.00065501
3.41025000 0.00065363
3.41035000 0.00065226
3.41045000 0.00065088
3.41055000 0.00064951
3.41065000 0.00064814
3.41075000 0.00064642
3.41085000 0.00064505
3.41095000 0.00064368
3.41105000 0.00064232
3.41115000 0.00064096
3.41125000 0.00063959
3.41135000 0.00063788
3.41145000 0.00063652
3.41155000 0.00063516
3.41165000 0.00063381
3.41175000 0.00063245
3.41185000 0.00063110
3.41195000 0.00062940
3.41205000 0.00062805
3.41215000 0.00062670
3.41225000 0.00062535
3.41235000 0.00062401
3.41245000 0.00062266
3.41255000 0.00062097
3.41265000 0.00061963
3.41275000 0.00061829
3.41285000 0.00061695
3.41295000 0.00061561
3.41305000 0.00061428
3.41315000 0.00061294
3.41325000 0.00061127
3.41335000 0.00060994
3.41345000 0.00060861
3.41355000 0.00060728
3.41365000 0.00060595
3.41375000 0.00060462
3.41385000 0.00060296
3.41395000 0.00060164
3.41405000 0.00060032
3.41415000 0.00059900
3.41425000 0.00059768
3.41435000 0.00059636
3.41445000 0.00059471
3.41455000 0.00059340
3.41465000 0.00059208
3.41475000 0.00059077
3.41485000 0.00058946
3.41495000 0.00058815
3.41505000 0.00058684
3.41515000 0.00058521
3.41525000 0.00058390
3.41535000 0.00058260
3.41545000 0.00058130
3.41555000 0.00057999
3.41565000 0.00057869
3.41575000 0.00057708
3.41585000 0.00057578
3.41595000 0.00057448
3.41605000 0.00057319
3.41615000 0.00057189
3.41625000 0.00057060
3.41635000 0.00056900
3.41645000 0.00056771
3.41655000 0.00056642
3.41665000 0.00056514
3.41675000 0.00056385
3.41685000 0.00056257
3.41695000 0.00056098
3.41705000 0.00055970
3.41715000 0.00055842
3.41725000 0.00055714
3.41735000 0.00055586
3.41745000 0.00055459
3.41755000 0.00055331
3.41765000 0.00055174
3.41775000 0.00055047
3.41785000 0.00054920
3.41795000 0.00054793
3.41805000 0.00054666
3.41815000 0.00054540
3.41825000 0.00054383
3.41835000 0.00054257
3.41845000 0.00054131
3.41855000 0.00054005
3.41865000 0.00053879
3.41875000 0.00053754
3.41885000 0.00053599
3.41895000 0.00053473
3.41905000 0.00053348
3.41915000 0.00053223
3.41925000 0.00053098
3.41935000 0.00052973
3.41945000 0.00052849
3.41955000 0.00052695
3.41965000 0.00052571
3.41975000 0.00052446
3.41985000 0.00052322
3.41995000 0.00052198
3.42005000 0.00052074
3.42015000 0.00051922
3.42025000 0.00051799
3.42035000 0.00051675
3.42045000 0.00051552
3.42055000 0.00051429
3.42065000 0.00051306
3.42075000 0.00051155
3.42085000 0.00051032
3.42095000 0.00050910
3.42105000 0.00050787
3.42115000 0.00050665
3.42125000 0.00050543
3.42135000 0.00050393
3.42145000 0.00050271
3.42155000 0.00050150
3.42165000 0.00050028
3.42175000 0.00049907
3.42185000 0.00049785
3.42195000 0.00049664
3.42205000 0.00049516
3.42215000 0.00049395
3.42225000 0.00049275
3.42235000 0.00049154
3.42245000 0.00049034
3.42255000 0.00048913
3.42265000 0.00048766
3.42275000 0.00048646
3.42285000 0.00048527
3.42295000 0.00048407
3.42305000 0.00048287
3.42315000 0.00048168
3.42325000 0.00048022
3.42335000 0.00047903
3.42345000 0.00047784
3.42355000 0.00047665
3.42365000 0.00047547
3.42375000 0.00047428
3.42385000 0.00047310
3.42395000 0.00047165
3.42405000 0.00047047
3.42415000 0.00046929
3.42425000 0.00046811
3.42435000 0.00046694
3.42445000 0.00046576
3.42455000 0.00046433
3.42465000 0.00046316
3.42475000 0.00046199
3.42485000 0.00046082
3.42495000 0.00045965
3.42505000 0.00045848
3.42515000 0.00045707
3.42525000 0.00045590
3.42535000 0.00045474
3.42545000 0.00045358
3.42555000 0.00045242
3.42565000 0.00045126
3.42575000 0.00044986
3.42585000 0.00044870
3.42595000 0.00044755
3.42605000 0.00044640
3.42615000 0.00044524
3.42625000 0.00044409
3.42635000 0.00044295
3.42645000 0.00044156
3.42655000 0.00044041
3.42665000 0.00043927
3.42675000 0.00043812
3.42685000 0.00043698
3.42695000 0.00043584
3.42705000 0.00043447
3.42715000 0.00043333
3.42725000 0.00043220
3.42735000 0.00043106
3.42745000 0.00042993
3.42755000 0.00042880
3.42765000 0.00042743
3.42775000 0.00042631
3.42785000 0.00042518
3.42795000 0.00042405
3.42805000 0.00042293
3.42815000 0.00042181
3.42825000 0.00042046
3.42835000 0.00041934
3.42845000 0.00041822
3.42855000 0.00041710
3.42865000 0.00041599
3.42875000 0.00041487
3.42885000 0.00041376
3.42895000 0.00041242
3.42905000 0.00041131
3.42915000 0.00041021
3.42925000 0.00040910
3.42935000 0.00040800
3.42945000 0.00040689
3.42955000 0.00040557
3.42965000 0.00040447
3.42975000 0.00040337
3.42985000 0.00040227
3.42995000 0.00040117
3.43005000 0.00040008
3.43015000 0.00039877
3.43025000 0.00039767
3.43035000 0.00039658
3.43045000 0.00039550
3.43055000 0.00039441
3.43065000 0.00039332
3.43075000 0.00039202
3.43085000 0.00039094
3.43095000 0.00038986
3.43105000 0.00038878
3.43115000 0.00038770
3.43125000 0.00038662
3.43135000 0.00038554
3.43145000 0.00038426
3.43155000 0.00038319
3.43165000 0.00038211
3.43175000 0.00038104
3.43185000 0.00037998
3.43195000 0.00037891
3.43205000 0.00037764
3.43215000 0.00037657
3.43225000 0.00037551
3.43235000 0.00037445
3.43245000 0.00037339
3.43255000 0.00037233
3.43265000 0.00037107
3.43275000 0.00037001
3.43285000 0.00036896
3.43295000 0.00036791
3.43305000 0.00036686
3.43315000 0.00036581
3.43325000 0.00036456
3.43335000 0.00036351
3.43345000 0.00036247
3.43355000 0.00036142
3.43365000 0.00036038
3.43375000 0.00035934
3.43385000 0.00035830
3.43395000 0.00035706
3.43405000 0.00035603
3.43415000 0.00035499
3.43425000 0.00035396
3.43435000 0.00035293
3.43445000 0.00035190
3.43455000 0.00035068
3.43465000 0.00034965
3.43475000 0.00034862
3.43485000 0.00034760
3.43495000 0.00034657
3.43505000 0.00034555
3.43515000 0.00034434
3.43525000 0.00034332
3.43535000 0.00034231
3.43545000 0.00034129
3.43555000 0.00034028
3.43565000 0.00033926
3.43575000 0.00033807
3.43585000 0.00033706
3.43595000 0.00033605
3.43605000 0.00033504
3.43615000 0.00033403
3.43625000 0.00033303
3.43635000 0.00033203
3.43645000 0.00033084
3.43655000 0.00032984
3.43665000 0.00032885
3.43675000 0.00032785
3.43685000 0.00032685
3.43695000 0.00032586
3.43705000 0.00032469
3.43715000 0.00032370
3.43725000 0.00032271
3.43735000 0.00032172
3.43745000 0.00032073
3.43755000 0.00031975
3.43765000 0.00031859
3.43775000 0.00031761
3.43785000 0.00031663
3.43795000 0.00031565
3.43805000 0.00031467
3.43815000 0.00031370
3.43825000 0.00031255
3.43835000 0.00031158
3.43845000 0.00031060
3.43855000 0.00030963
3.43865000 0.00030867
3.43875000 0.00030770
3.43885000 0.00030673
3.43895000 0.00030560
3.43905000 0.00030464
3.43915000 0.00030368
3.43925000 0.00030272
3.43935000 0.00030176
3.43945000 0.00030080
3.43955000 0.00029968
3.43965000 0.00029873
3.43975000 0.00029777
3.43985000 0.00029682
3.43995000 0.00029587
3.44005000 0.00029493
3.44015000 0.00029382
3.44025000 0.00029287
3.44035000 0.00029193
3.44045000 0.00029099
3.44055000 0.00029005
3.44065000 0.00028911
3.44075000 0.00028801
3.44085000 0.00028708
3.44095000 0.00028614
3.44105000 0.00028521
3.44115000 0.00028428
3.44125000 0.00028335
3.44135000 0.00028242
3.44145000 0.00028133
3.44155000 0.00028041
3.44165000 0.00027948
3.44175000 0.00027856
3.44185000 0.00027764
3.44195000 0.00027672
3.44205000 0.00027565
3.44215000 0.00027473
3.44225000 0.00027382
3.44235000 0.00027291
3.44245000 0.00027199
3.44255000 0.00027108
3.44265000 0.00027002
3.44275000 0.00026912
3.44285000 0.00026821
3.44295000 0.00026731
3.44305000 0.00026640
3.44315000 0.00026550
3.44325000 0.00026445
3.44335000 0.00026356
3.44345000 0.00026266
3.44355000 0.00026176
3.44365000 0.00026087
3.44375000 0.00025997
3.44385000 0.00025908
3.44395000 0.00025805
3.44405000 0.00025716
3.44415000 0.00025628
3.44425000 0.00025539
3.44435000 0.00025451
3.44445000 0.00025362
3.44455000 0.00025260
3.44465000 0.00025172
3.44475000 0.00025085
3.44485000 0.00024997
3.44495000 0.00024910
3.44505000 0.00024822
3.44515000 0.00024721
3.44525000 0.00024634
3.44535000 0.00024547
3.44545000 0.00024461
3.44555000 0.00024374
3.44565000 0.00024288
3.44575000 0.00024188
3.44585000 0.00024102
3.44595000 0.00024016
3.44605000 0.00023930
3.44615000 0.00023844
3.44625000 0.00023759
3.44635000 0.00023673
3.44645000 0.00023575
3.44655000 0.00023490
3.44665000 0.00023405
3.44675000 0.00023320
3.44685000 0.00023236
3.44695000 0.00023151
3.44705000 0.00023054
3.44715000 0.00022970
3.44725000 0.00022886
3.44735000 0.00022802
3.44745000 0.00022718
3.44755000 0.00022635
3.44765000 0.00022539
3.44775000 0.00022456
3.44785000 0.00022373
3.44795000 0.00022290
3.44805000 0.00022207
3.44815000 0.00022124
3.44825000 0.00022029
3.44835000 0.00021947
3.44845000 0.00021865
3.44855000 0.00021783
3.44865000 0.00021701
3.44875000 0.00021619
3.44885000 0.00021537
3.44895000 0.00021444
3.44905000 0.00021363
3.44915000 0.00021282
3.44925000 0.00021201
3.44935000 0.00021120
3.44945000 0.00021039
3.44955000 0.00020947
3.44965000 0.00020866
3.44975000 0.00020786
3.44985000 0.00020706
3.44995000 0.00020626
3.45005000 0.00020546
3.45015000 0.00020455
3.45025000 0.00020376
3.45035000 0.00020297
3.45045000 0.00020217
3.45055000 0.00020138
3.45065000 0.00020059
3.45075000 0.00019970
3.45085000 0.00019891
3.45095000 0.00019813
3.45105000 0.00019734
3.45115000 0.00019656
3.45125000 0.00019578
3.45135000 0.00019490
3.45145000 0.00019412
3.45155000 0.00019334
3.45165000 0.00019257
3.45175000 0.00019180
3.45185000 0.00019103
3.45195000 0.00019026
3.45205000 0.00018939
3.45215000 0.00018862
3.45225000 0.00018786
3.45235000 0.00018709
3.45245000 0.00018633
3.45255000 0.00018557
3.45265000 0.00018471
3.45275000 0.00018395
3.45285000 0.00018320
3.45295000 0.00018244
3.45305000 0.00018169
3.45315000 0.00018094
3.45325000 0.00018009
3.45335000 0.00017934
3.45345000 0.00017860
3.45355000 0.00017785
3.45365000 0.00017711
3.45375000 0.00017637
3.45385000 0.00017553
3.45395000 0.00017479
3.45405000 0.00017406
3.45415000 0.00017332
3.45425000 0.00017259
3.45435000 0.00017185
3.45445000 0.00017103
3.45455000 0.00017030
3.45465000 0.00016957
3.45475000 0.00016884
3.45485000 0.00016812
3.45495000 0.00016739
3.45505000 0.00016667
3.45515000 0.00016586
3.45525000 0.00016514
3.45535000 0.00016443
3.45545000 0.00016371
3.45555000 0.00016299
3.45565000 0.00016228
3.45575000 0.00016148
3.45585000 0.00016077
3.45595000 0.00016006
3.45605000 0.00015936
3.45615000 0.00015865
3.45625000 0.00015795
3.45635000 0.00015716
3.45645000 0.00015646
3.45655000 0.00015576
3.45665000 0.00015506
3.45675000 0.00015437
3.45685000 0.00015367
3.45695000 0.00015290
3.45705000 0.00015221
3.45715000 0.00015152
3.45725000 0.00015083
3.45735000 0.00015014
3.45745000 0.00014946
3.45755000 0.00014877
3.45765000 0.00014801
3.45775000 0.00014733
3.45785000 0.00014665
3.45795000 0.00014597
3.45805000 0.00014530
3.45815000 0.00014462
3.45825000 0.00014387
3.45835000 0.00014320
3.45845000 0.00014253
3.45855000 0.00014186
3.45865000 0.00014120
3.45875000 0.00014053
3.45885000 0.00013979
3.45895000 0.00013913
3.45905000 0.00013847
3.45915000 0.00013781
3.45925000 0.00013715
3.45935000 0.00013650
3.45945000 0.00013577
3.45955000 0.00013511
3.45965000 0.00013446
3.45975000 0.00013381
3.45985000 0.00013317
3.45995000 0.00013252
3.46005000 0.00013180
3.46015000 0.00013116
3.46025000 0.00013052
3.46035000 0.00012988
3.46045000 0.00012924
3.46055000 0.00012860
3.46065000 0.00012796
3.46075000 0.00012726
3.46085000 0.00012663
3.46095000 0.00012600
3.46105000 0.00012537
3.46115000 0.00012474
3.46125000 0.00012411
3.46135000 0.00012342
3.46145000 0.00012280
3.46155000 0.00012218
3.46165000 0.00012156
3.46175000 0.00012094
3.46185000 0.00012032
3.46195000 0.00011964
3.46205000 0.00011903
3.46215000 0.00011841
3.46225000 0.00011780
3.46235000 0.00011719
3.46245000 0.00011658
3.46255000 0.00011592
3.46265000 0.00011531
3.46275000 0.00011471
3.46285000 0.00011411
3.46295000 0.00011351
3.46305000 0.00011291
3.46315000 0.00011225
3.46325000 0.00011165
3.46335000 0.00011106
3.46345000 0.00011047
3.46355000 0.00010988
3.46365000 0.00010929
3.46375000 0.00010870
3.46385000 0.00010806
3.46395000 0.00010747
3.46405000 0.00010689
3.46415000 0.00010631
3.46425000 0.00010573
3.46435000 0.00010515
3.46445000 0.00010452
3.46455000 0.00010394
3.46465000 0.00010337
3.46475000 0.00010280
3.46485000 0.00010223
3.46495000 0.00010166
3.46505000 0.00010103
3.46515000 0.00010047
3.46525000 0.00009990
3.46535000 0.00009934
3.46545000 0.00009878
3.46555000 0.00009822
3.46565000 0.00009761
3.46575000 0.00009705
3.46585000 0.00009650
3.46595000 0.00009595
3.46605000 0.00009540
3.46615000 0.00009485
3.46625000 0.00009425
3.46635000 0.00009370
3.46645000 0.00009315
3.46655000 0.00009261
3.46665000 0.00009207
3.46675000 0.00009153
3.46685000 0.00009099
3.46695000 0.00009040
3.46705000 0.00008987
3.46715000 0.00008933
3.46725000 0.00008880
3.46735000 0.00008827
3.46745000 0.00008774
3.46755000 0.00008716
3.46765000 0.00008664
3.46775000 0.00008611
3.46785000 0.00008559
3.46795000 0.00008507
3.46805000 0.00008455
3.46815000 0.00008398
3.46825000 0.00008347
3.46835000 0.00008295
3.46845000 0.00008244
3.46855000 0.00008192
3.46865000 0.00008141
3.46875000 0.00008086
3.46885000 0.00008035
3.46895000 0.00007985
3.46905000 0.00007934
3.46915000 0.00007884
3.46925000 0.00007834
3.46935000 0.00007780
3.46945000 0.00007730
3.46955000 0.00007680
3.46965000 0.00007631
3.46975000 0.00007581
3.46985000 0.00007532
3.46995000 0.00007483
3.47005000 0.00007430
3.47015000 0.00007382
3.47025000 0.00007333
3.47035000 0.00007285
3.47045000 0.00007236
3.47055000 0.00007188
3.47065000 0.00007137
3.47075000 0.00007089
3.47085000 0.00007041
3.47095000 0.00006994
3.47105000 0.00006947
3.47115000 0.00006899
3.47125000 0.00006849
3.47135000 0.00006802
3.47145000 0.00006755
3.47155000 0.00006709
3.47165000 0.00006663
3.47175000 0.00006616
3.47185000 0.00006567
3.47195000 0.00006521
3.47205000 0.00006475
3.47215000 0.00006430
3.47225000 0.00006384
3.47235000 0.00006339
3.47245000 0.00006291
3.47255000 0.00006246
3.47265000 0.00006201
3.47275000 0.00006156
3.47285000 0.00006112
3.47295000 0.00006068
3.47305000 0.00006020
3.47315000 0.00005977
3.47325000 0.00005933
3.47335000 0.00005889
3.47345000 0.00005846
3.47355000 0.00005802
3.47365000 0.00005759
3.47375000 0.00005713
3.47385000 0.00005670
3.47395000 0.00005628
3.47405000 0.00005585
3.47415000 0.00005543
3.47425000 0.00005501
3.47435000 0.00005456
3.47445000 0.00005414
3.47455000 0.00005372
3.47465000 0.00005331
3.47475000 0.00005289
3.47485000 0.00005248
3.47495000 0.00005204
3.47505000 0.00005163
3.47515000 0.00005122
3.47525000 0.00005082
3.47535000 0.00005041
3.47545000 0.00005001
3.47555000 0.00004958
3.47565000 0.00004918
3.47575000 0.00004879
3.47585000 0.00004839
3.47595000 0.00004799
3.47605000 0.00004760
3.47615000 0.00004718
3.47625000 0.00004679
3.47635000 0.00004641
3.47645000 0.00004602
3.47655000 0.00004563
3.47665000 0.00004525
3.47675000 0.00004487
3.47685000 0.00004446
3.47695000 0.00004409
3.47705000 0.00004371
3.47715000 0.00004333
3.47725000 0.00004296
3.47735000 0.00004259
3.47745000 0.00004219
3.47755000 0.00004182
3.47765000 0.00004146
3.47775000 0.00004109
3.47785000 0.00004073
3.47795000 0.00004036
3.47805000 0.00003998
3.47815000 0.00003962
3.47825000 0.00003926
3.47835000 0.00003891
3.47845000 0.00003855
3.47855000 0.00003820
3.47865000 0.00003783
3.47875000 0.00003748
3.47885000 0.00003713
3.47895000 0.00003678
3.47905000 0.00003644
3.47915000 0.00003610
3.47925000 0.00003574
3.47935000 0.00003540
3.47945000 0.00003506
3.47955000 0.00003472
3.47965000 0.00003438
3.47975000 0.00003405
3.47985000 0.00003370
3.47995000 0.00003337
3.48005000 0.00003304
3.48015000 0.00003271
3.48025000 0.00003239
3.48035000 0.00003207
3.48045000 0.00003174
3.48055000 0.00003140
3.48065000 0.00003109
3.48075000 0.00003077
3.48085000 0.00003045
3.48095000 0.00003014
3.48105000 0.00002983
3.48115000 0.00002950
3.48125000 0.00002919
3.48135000 0.00002888
3.48145000 0.00002858
3.48155000 0.00002827
3.48165000 0.00002797
3.48175000 0.00002765
3.48185000 0.00002735
3.48195000 0.00002705
3.48205000 0.00002676
3.48215000 0.00002646
3.48225000 0.00002617
3.48235000 0.00002586
3.48245000 0.00002557
3.48255000 0.00002529
3.48265000 0.00002500
3.48275000 0.00002471
3.48285000 0.00002443
3.48295000 0.00002414
3.48305000 0.00002386
3.48315000 0.00002358
3.48325000 0.00002330
3.48335000 0.00002303
3.48345000 0.00002275
3.48355000 0.00002247
3.48365000 0.00002220
3.48375000 0.00002193
3.48385000 0.00002166
3.48395000 0.00002140
3.48405000 0.00002113
3.48415000 0.00002087
3.48425000 0.00002060
3.48435000 0.00002034
3.48445000 0.00002008
3.48455000 0.00001982
3.48465000 0.00001957
3.48475000 0.00001932
3.48485000 0.00001906
3.48495000 0.00001881
3.48505000 0.00001856
3.48515000 0.00001831
3.48525000 0.00001807
3.48535000 0.00001783
3.48545000 0.00001758
3.48555000 0.00001734
3.48565000 0.00001710
3.48575000 0.00001686
3.48585000 0.00001663
3.48595000 0.00001640
3.48605000 0.00001616
3.48615000 0.00001593
3.48625000 0.00001570
3.48635000 0.00001547
3.48645000 0.00001525
3.48655000 0.00001502
3.48665000 0.00001479
3.48675000 0.00001457
3.48685000 0.00001436
3.48695000 0.00001414
3.48705000 0.00001392
3.48715000 0.00001371
3.48725000 0.00001349
3.48735000 0.00001328
3.48745000 0.00001307
3.48755000 0.00001287
3.48765000 0.00001266
3.48775000 0.00001246
3.48785000 0.00001226
3.48795000 0.00001205
3.48805000 0.00001185
3.48815000 0.00001165
3.48825000 0.00001146
3.48835000 0.00001127
3.48845000 0.00001107
3.48855000 0.00001088
3.48865000 0.00001069
3.48875000 0.00001050
3.48885000 0.00001032
3.48895000 0.00001013
3.48905000 0.00000995
3.48915000 0.00000976
3.48925000 0.00000959
3.48935000 0.00000941
3.48945000 0.00000923
3.48955000 0.00000906
3.48965000 0.00000889
3.48975000 0.00000871
3.48985000 0.00000854
3.48995000 0.00000838
3.49005000 0.00000821
3.49015000 0.00000805
3.49025000 0.00000788
3.49035000 0.00000772
3.49045000 0.00000756
3.49055000 0.00000740
3.49065000 0.00000725
3.49075000 0.00000709
3.49085000 0.00000694
3.49095000 0.00000679
3.49105000 0.00000664
3.49115000 0.00000649
3.49125000 0.00000634
3.49135000 0.00000620
3.49145000 0.00000606
3.49155000 0.00000591
3.49165000 0.00000577
3.49175000 0.00000564
3.49185000 0.00000550
3.49195000 0.00000537
3.49205000 0.00000523
3.49215000 0.00000510
3.49225000 0.00000497
3.49235000 0.00000484
3.49245000 0.00000472
3.49255000 0.00000459
3.49265000 0.00000447
3.49275000 0.00000435
3.49285000 0.00000423
3.49295000 0.00000411
3.49305000 0.00000399
3.49315000 0.00000388
3.49325000 0.00000377
3.49335000 0.00000365
3.49345000 0.00000354
3.49355000 0.00000343
3.49365000 0.00000333
3.49375000 0.00000322
3.49385000 0.00000312
3.49395000 0.00000302
3.49405000 0.00000292
3.49415000 0.00000282
3.49425000 0.00000273
3.49435000 0.00000263
3.49445000 0.00000254
3.49455000 0.00000245
3.49465000 0.00000236
3.49475000 0.00000227
3.49485000 0.00000218
3.49495000 0.00000210
3.49505000 0.00000202
3.49515000 0.00000193
3.49525000 0.00000185
3.49535000 0.00000178
3.49545000 0.00000170
3.49555000 0.00000163
3.49565000 0.00000155
3.49575000 0.00000148
3.49585000 0.00000141
3.49595000 0.00000134
3.49605000 0.00000128
3.49615000 0.00000121
3.49625000 0.00000115
3.49635000 0.00000109
3.49645000 0.00000103
3.49655000 0.00000097
3.49665000 0.00000091
3.49675000 0.00000086
3.49685000 0.00000081
3.49695000 0.00000076
3.49705000 0.00000071
3.49715000 0.00000066
3.49725000 0.00000061
3.49735000 0.00000057
3.49745000 0.00000053
3.49755000 0.00000048
3.49765000 0.00000044
3.49775000 0.00000041
3.49785000 0.00000037
3.49795000 0.00000034
3.49805000 0.00000030
3.49815000 0.00000027
3.49825000 0.00000024
3.49835000 0.00000022
3.49845000 0.00000019
3.49855000 0.00000016
3.49865000 0.00000014
3.49875000 0.00000012
3.49885000 0.00000010
3.49895000 0.00000008
3.49905000 0.00000007
3.49915000 0.00000005
3.49925000 0.00000004
3.49935000 0.00000003
3.49945000 0.00000002
3.49955000 0.00000001
3.49965000 0.00000001
3.49975000 0.00000000
3.49985000 0.00000000
3.49995000 0.00000000
